scene_id,camera_id,split,interval_id,vehicle_count,n_frames,interval_start_sec,elapsed_time_sec,relative_position,vehicle_count_smoothed,lag_1,lag_2,lag_3,lag_4,rate_of_change,peak_density,rolling_mean,rolling_std,density_category
S01,c001,train,0,2.2,15,0,0,0.0,2.2,,,,,,2.2,2.2,0.0,low
S01,c001,train,1,1.1333333333333333,15,15,15,0.07692307692307693,1.6666666666666667,2.2,,,,-0.5333333333333334,2.2,1.9333333333333336,0.3771236166328255,low
S01,c001,train,2,1.6,15,30,30,0.15384615384615385,1.6444444444444446,1.6666666666666667,2.2,,,-0.022222222222222143,2.2,1.837037037037037,0.31453146289721706,low
S01,c001,train,3,3.4,15,45,45,0.23076923076923078,2.0444444444444443,1.6444444444444446,1.6666666666666667,2.2,,0.3999999999999997,2.0444444444444443,1.7851851851851854,0.2247998652665706,low
S01,c001,train,4,3.3333333333333335,15,60,60,0.3076923076923077,2.777777777777778,2.0444444444444443,1.6444444444444446,1.6666666666666667,2.2,0.7333333333333338,2.777777777777778,2.1555555555555554,0.5747785402834472,moderate
S01,c001,train,5,1.1333333333333333,15,75,75,0.38461538461538464,2.6222222222222222,2.777777777777778,2.0444444444444443,1.6444444444444446,1.6666666666666667,-0.1555555555555559,2.777777777777778,2.4814814814814814,0.38639411424429526,moderate
S01,c001,train,6,3.3333333333333335,15,90,90,0.46153846153846156,2.6,2.6222222222222222,2.777777777777778,2.0444444444444443,1.6444444444444446,-0.022222222222222143,2.777777777777778,2.6666666666666665,0.09686442096756778,moderate
S01,c001,train,7,3.2666666666666666,15,105,105,0.5384615384615384,2.577777777777778,2.6,2.6222222222222222,2.777777777777778,2.0444444444444443,-0.022222222222222143,2.6222222222222222,2.6,0.022222222222210583,moderate
S01,c001,train,8,3.1333333333333333,15,120,120,0.6153846153846154,3.244444444444444,2.577777777777778,2.6,2.6222222222222222,2.777777777777778,0.6666666666666661,3.244444444444444,2.8074074074074074,0.3786482346409486,moderate
S01,c001,train,9,2.2,15,135,135,0.6923076923076923,2.8666666666666667,3.244444444444444,2.577777777777778,2.6,2.6222222222222222,-0.3777777777777773,3.244444444444444,2.896296296296296,0.3343195287821246,moderate
S01,c001,train,10,4.333333333333333,15,150,150,0.7692307692307693,3.2222222222222228,2.8666666666666667,3.244444444444444,2.577777777777778,2.6,0.35555555555555607,3.244444444444444,3.111111111111111,0.21198648920376367,moderate
S01,c001,train,11,3.6666666666666665,15,165,165,0.8461538461538461,3.4000000000000004,3.2222222222222228,2.8666666666666667,3.244444444444444,2.577777777777778,0.1777777777777776,3.4000000000000004,3.1629629629629634,0.2715600411825669,moderate
S01,c001,train,12,2.533333333333333,15,180,180,0.9230769230769231,3.511111111111111,3.4000000000000004,3.2222222222222228,2.8666666666666667,3.244444444444444,0.11111111111111072,3.511111111111111,3.3777777777777778,0.1457208560955964,high
S01,c001,train,13,5.0,1,195,195,1.0,3.733333333333334,3.511111111111111,3.4000000000000004,3.2222222222222228,2.8666666666666667,0.22222222222222276,3.733333333333334,3.5481481481481487,0.16972502573910245,high
S01,c002,train,0,5.333333333333333,15,0,0,0.0,5.333333333333333,,,,,,5.333333333333333,5.333333333333333,0.0,high
S01,c002,train,1,1.8666666666666667,15,15,15,0.07142857142857142,3.5999999999999996,5.333333333333333,,,,-1.7333333333333334,5.333333333333333,4.466666666666667,1.2256517540566827,high
S01,c002,train,2,1.6,15,30,30,0.14285714285714285,2.9333333333333336,3.5999999999999996,5.333333333333333,,,-0.6666666666666661,5.333333333333333,3.9555555555555557,1.238876432423676,moderate
S01,c002,train,3,1.8666666666666667,15,45,45,0.21428571428571427,1.777777777777778,2.9333333333333336,3.5999999999999996,5.333333333333333,,-1.1555555555555557,3.5999999999999996,2.7703703703703706,0.9219767634075036,low
S01,c002,train,4,2.6666666666666665,15,60,60,0.2857142857142857,2.0444444444444443,1.777777777777778,2.9333333333333336,3.5999999999999996,5.333333333333333,0.2666666666666664,2.9333333333333336,2.251851851851852,0.605054158715917,low
S01,c002,train,5,2.066666666666667,15,75,75,0.35714285714285715,2.2,2.0444444444444443,1.777777777777778,2.9333333333333336,3.5999999999999996,0.1555555555555559,2.2,2.0074074074074075,0.21353385637629485,low
S01,c002,train,6,2.3333333333333335,15,90,90,0.42857142857142855,2.3555555555555556,2.2,2.0444444444444443,1.777777777777778,2.9333333333333336,0.15555555555555545,2.3555555555555556,2.1999999999999997,0.15555555555556225,low
S01,c002,train,7,2.3333333333333335,15,105,105,0.5,2.244444444444445,2.3555555555555556,2.2,2.0444444444444443,1.777777777777778,-0.11111111111111072,2.3555555555555556,2.266666666666667,0.08012336167699004,low
S01,c002,train,8,1.2,15,120,120,0.5714285714285714,1.9555555555555557,2.244444444444445,2.3555555555555556,2.2,2.0444444444444443,-0.2888888888888892,2.3555555555555556,2.1851851851851856,0.20647940540395102,low
S01,c002,train,9,1.6,15,135,135,0.6428571428571429,1.7111111111111112,1.9555555555555557,2.244444444444445,2.3555555555555556,2.2,-0.24444444444444446,2.244444444444445,1.9703703703703708,0.2669751302361539,low
S01,c002,train,10,2.533333333333333,15,150,150,0.7142857142857143,1.777777777777778,1.7111111111111112,1.9555555555555557,2.244444444444445,2.3555555555555556,0.06666666666666665,1.9555555555555557,1.8148148148148149,0.12636090451283835,low
S01,c002,train,11,4.0,15,165,165,0.7857142857142857,2.711111111111111,1.777777777777778,1.7111111111111112,1.9555555555555557,2.244444444444445,0.9333333333333329,2.711111111111111,2.066666666666667,0.5590998055737404,moderate
S01,c002,train,12,2.2666666666666666,15,180,180,0.8571428571428571,2.9333333333333336,2.711111111111111,1.777777777777778,1.7111111111111112,1.9555555555555557,0.22222222222222276,2.9333333333333336,2.4740740740740743,0.6131615433059238,moderate
S01,c002,train,13,5.0,15,195,195,0.9285714285714286,3.755555555555556,2.9333333333333336,2.711111111111111,1.777777777777778,1.7111111111111112,0.8222222222222224,3.755555555555556,3.1333333333333333,0.5501963734728882,high
S01,c002,train,14,6.0,1,210,210,1.0,4.4222222222222225,3.755555555555556,2.9333333333333336,2.711111111111111,1.777777777777778,0.6666666666666665,4.4222222222222225,3.7037037037037037,0.7457975541455929,high
S01,c003,train,0,5.333333333333333,15,0,0,0.0,5.333333333333333,,,,,,5.333333333333333,5.333333333333333,0.0,high
S01,c003,train,1,3.2666666666666666,15,15,15,0.07692307692307693,4.3,5.333333333333333,,,,-1.0333333333333332,5.333333333333333,4.816666666666666,0.730677007226099,high
S01,c003,train,2,4.4,15,30,30,0.15384615384615385,4.333333333333333,4.3,5.333333333333333,,,0.033333333333333215,5.333333333333333,4.655555555555555,0.5872093449655026,high
S01,c003,train,3,4.133333333333334,15,45,45,0.23076923076923078,3.9333333333333336,4.333333333333333,4.3,5.333333333333333,,-0.39999999999999947,4.333333333333333,4.188888888888889,0.2219442706159791,high
S01,c003,train,4,6.2,15,60,60,0.3076923076923077,4.911111111111111,3.9333333333333336,4.333333333333333,4.3,5.333333333333333,0.9777777777777779,4.911111111111111,4.392592592592592,0.49157511179369023,high
S01,c003,train,5,3.6666666666666665,15,75,75,0.38461538461538464,4.666666666666667,4.911111111111111,3.9333333333333336,4.333333333333333,4.3,-0.24444444444444446,4.911111111111111,4.503703703703704,0.5088516887583874,high
S01,c003,train,6,3.8666666666666667,15,90,90,0.46153846153846156,4.577777777777778,4.666666666666667,4.911111111111111,3.9333333333333336,4.333333333333333,-0.08888888888888857,4.911111111111111,4.718518518518519,0.17261007700341927,high
S01,c003,train,7,2.466666666666667,15,105,105,0.5384615384615384,3.3333333333333335,4.577777777777778,4.666666666666667,4.911111111111111,3.9333333333333336,-1.244444444444445,4.666666666666667,4.192592592592593,0.7454664074316524,moderate
S01,c003,train,8,2.6,15,120,120,0.6153846153846154,2.977777777777778,3.3333333333333335,4.577777777777778,4.666666666666667,4.911111111111111,-0.3555555555555556,4.577777777777778,3.6296296296296298,0.8401450002226877,moderate
S01,c003,train,9,3.066666666666667,15,135,135,0.6923076923076923,2.711111111111111,2.977777777777778,3.3333333333333335,4.577777777777778,4.666666666666667,-0.26666666666666705,3.3333333333333335,3.0074074074074075,0.3121675186030521,moderate
S01,c003,train,10,2.8,15,150,150,0.7692307692307693,2.8222222222222224,2.711111111111111,2.977777777777778,3.3333333333333335,4.577777777777778,0.1111111111111116,2.977777777777778,2.837037037037037,0.13394919496317023,moderate
S01,c003,train,11,4.066666666666666,15,165,165,0.8461538461538461,3.3111111111111113,2.8222222222222224,2.711111111111111,2.977777777777778,3.3333333333333335,0.48888888888888893,3.3111111111111113,2.948148148148148,0.3192068359469006,moderate
S01,c003,train,12,3.8666666666666667,15,180,180,0.9230769230769231,3.5777777777777775,3.3111111111111113,2.8222222222222224,2.711111111111111,2.977777777777778,0.26666666666666616,3.5777777777777775,3.2370370370370374,0.3831856935223026,high
S01,c003,train,13,2.2,5,195,195,1.0,3.3777777777777778,3.5777777777777775,3.3111111111111113,2.8222222222222224,2.711111111111111,-0.19999999999999973,3.5777777777777775,3.422222222222222,0.1387777332977514,moderate
S01,c004,train,0,4.466666666666667,15,0,0,0.0,4.466666666666667,,,,,,4.466666666666667,4.466666666666667,0.0,high
S01,c004,train,1,3.8666666666666667,15,15,15,0.07142857142857142,4.166666666666667,4.466666666666667,,,,-0.2999999999999998,4.466666666666667,4.316666666666666,0.2121320343559638,high
S01,c004,train,2,4.4,15,30,30,0.14285714285714285,4.2444444444444445,4.166666666666667,4.466666666666667,,,0.0777777777777775,4.466666666666667,4.292592592592593,0.15568777449617527,high
S01,c004,train,3,1.9333333333333333,15,45,45,0.21428571428571427,3.4000000000000004,4.2444444444444445,4.166666666666667,4.466666666666667,,-0.8444444444444441,4.2444444444444445,3.937037037037037,0.46671075629467984,moderate
S01,c004,train,4,3.533333333333333,15,60,60,0.2857142857142857,3.288888888888889,3.4000000000000004,4.2444444444444445,4.166666666666667,4.466666666666667,-0.11111111111111116,4.2444444444444445,3.6444444444444444,0.5225767118357705,moderate
S01,c004,train,5,1.6,15,75,75,0.35714285714285715,2.3555555555555556,3.288888888888889,3.4000000000000004,4.2444444444444445,4.166666666666667,-0.9333333333333336,3.4000000000000004,3.0148148148148146,0.5736318487866464,low
S01,c004,train,6,2.3333333333333335,15,90,90,0.42857142857142855,2.488888888888889,2.3555555555555556,3.288888888888889,3.4000000000000004,4.2444444444444445,0.1333333333333333,3.288888888888889,2.711111111111111,0.504791852960023,moderate
S01,c004,train,7,2.7333333333333334,15,105,105,0.5,2.2222222222222223,2.488888888888889,2.3555555555555556,3.288888888888889,3.4000000000000004,-0.2666666666666666,2.488888888888889,2.3555555555555556,0.133333333333326,low
S01,c004,train,8,2.2,15,120,120,0.5714285714285714,2.422222222222222,2.2222222222222223,2.488888888888889,2.3555555555555556,3.288888888888889,0.19999999999999973,2.488888888888889,2.3777777777777778,0.1387777332977352,low
S01,c004,train,9,1.6666666666666667,15,135,135,0.6428571428571429,2.2,2.422222222222222,2.2222222222222223,2.488888888888889,2.3555555555555556,-0.22222222222222188,2.422222222222222,2.2814814814814817,0.12239045660634931,low
S01,c004,train,10,2.7333333333333334,15,150,150,0.7142857142857143,2.2,2.2,2.422222222222222,2.2222222222222223,2.488888888888889,0.0,2.422222222222222,2.274074074074074,0.12830005981990872,low
S01,c004,train,11,3.533333333333333,15,165,165,0.7857142857142857,2.6444444444444444,2.2,2.2,2.422222222222222,2.2222222222222223,0.4444444444444442,2.6444444444444444,2.348148148148148,0.2566001196398336,moderate
S01,c004,train,12,4.266666666666667,15,180,180,0.8571428571428571,3.511111111111111,2.6444444444444444,2.2,2.2,2.422222222222222,0.8666666666666667,3.511111111111111,2.785185185185185,0.6667901120277222,high
S01,c004,train,13,5.866666666666666,15,195,195,0.9285714285714286,4.555555555555555,3.511111111111111,2.6444444444444444,2.2,2.2,1.0444444444444443,4.555555555555555,3.57037037037037,0.9569326855160993,high
S01,c004,train,14,6.0,1,210,210,1.0,5.377777777777777,4.555555555555555,3.511111111111111,2.6444444444444444,2.2,0.822222222222222,5.377777777777777,4.481481481481481,0.9355353213260097,high
S01,c005,train,0,6.666666666666667,15,0,0,0.0,6.666666666666667,,,,,,6.666666666666667,6.666666666666667,0.0,high
S01,c005,train,1,4.533333333333333,15,15,15,0.07142857142857142,5.6,6.666666666666667,,,,-1.0666666666666673,6.666666666666667,6.133333333333333,0.7542472332656508,high
S01,c005,train,2,6.666666666666667,15,30,30,0.14285714285714285,5.955555555555556,5.6,6.666666666666667,,,0.35555555555555607,6.666666666666667,6.0740740740740735,0.5431200823651366,high
S01,c005,train,3,6.733333333333333,15,45,45,0.21428571428571427,5.977777777777778,5.955555555555556,5.6,6.666666666666667,,0.022222222222222143,5.977777777777778,5.844444444444444,0.21198648920376426,high
S01,c005,train,4,8.6,15,60,60,0.2857142857142857,7.333333333333333,5.977777777777778,5.955555555555556,5.6,6.666666666666667,1.3555555555555552,7.333333333333333,6.422222222222222,0.7891235957584305,high
S01,c005,train,5,6.466666666666667,15,75,75,0.35714285714285715,7.266666666666666,7.333333333333333,5.977777777777778,5.955555555555556,5.6,-0.06666666666666732,7.333333333333333,6.859259259259258,0.764112761807575,high
S01,c005,train,6,4.2,15,90,90,0.42857142857142855,6.422222222222222,7.266666666666666,7.333333333333333,5.977777777777778,5.955555555555556,-0.8444444444444441,7.333333333333333,7.007407407407407,0.5078802878939823,high
S01,c005,train,7,1.4,15,105,105,0.5,4.022222222222222,6.422222222222222,7.266666666666666,7.333333333333333,5.977777777777778,-2.3999999999999995,7.266666666666666,5.903703703703703,1.6832263747953162,high
S01,c005,train,8,1.1333333333333333,15,120,120,0.5714285714285714,2.2444444444444445,4.022222222222222,6.422222222222222,7.266666666666666,7.333333333333333,-1.7777777777777777,6.422222222222222,4.229629629629629,2.096597282410013,low
S01,c005,train,9,0.8666666666666667,15,135,135,0.6428571428571429,1.1333333333333333,2.2444444444444445,4.022222222222222,6.422222222222222,7.266666666666666,-1.1111111111111112,4.022222222222222,2.466666666666667,1.4572085609560006,low
S01,c005,train,10,3.2,15,150,150,0.7142857142857143,1.7333333333333334,1.1333333333333333,2.2444444444444445,4.022222222222222,6.422222222222222,0.6000000000000001,2.2444444444444445,1.7037037037037035,0.5561478324354375,low
S01,c005,train,11,5.4,15,165,165,0.7857142857142857,3.1555555555555554,1.7333333333333334,1.1333333333333333,2.2444444444444445,4.022222222222222,1.422222222222222,3.1555555555555554,2.0074074074074075,1.038596710745811,moderate
S01,c005,train,12,4.4,15,180,180,0.8571428571428571,4.333333333333334,3.1555555555555554,1.7333333333333334,1.1333333333333333,2.2444444444444445,1.1777777777777785,4.333333333333334,3.0740740740740744,1.3019137543894044,high
S01,c005,train,13,7.533333333333333,15,195,195,0.9285714285714286,5.777777777777779,4.333333333333334,3.1555555555555554,1.7333333333333334,1.1333333333333333,1.4444444444444446,5.777777777777779,4.4222222222222225,1.3133690538477523,high
S01,c005,train,14,8.0,1,210,210,1.0,6.644444444444445,5.777777777777779,4.333333333333334,3.1555555555555554,1.7333333333333334,0.8666666666666663,6.644444444444445,5.5851851851851855,1.1675305443612436,high
S02,c006,val,0,8.133333333333333,15,0,0,0.0,8.133333333333333,,,,,,8.133333333333333,8.133333333333333,0.0,high
S02,c006,val,1,6.4,15,15,15,0.07142857142857142,7.266666666666667,8.133333333333333,,,,-0.8666666666666663,8.133333333333333,7.699999999999999,0.6128258770283406,high
S02,c006,val,2,2.6,15,30,30,0.14285714285714285,5.711111111111111,7.266666666666667,8.133333333333333,,,-1.5555555555555554,8.133333333333333,7.037037037037037,1.227329396926379,high
S02,c006,val,3,2.466666666666667,15,45,45,0.21428571428571427,3.8222222222222224,5.711111111111111,7.266666666666667,8.133333333333333,,-1.8888888888888888,7.266666666666667,5.6000000000000005,1.724908299584446,high
S02,c006,val,4,3.4,15,60,60,0.2857142857142857,2.8222222222222224,3.8222222222222224,5.711111111111111,7.266666666666667,8.133333333333333,-1.0,5.711111111111111,4.11851851851852,1.4670594311361727,moderate
S02,c006,val,5,3.1333333333333333,15,75,75,0.35714285714285715,3.0,2.8222222222222224,3.8222222222222224,5.711111111111111,7.266666666666667,0.1777777777777776,3.8222222222222224,3.2148148148148152,0.5334876320009059,moderate
S02,c006,val,6,4.733333333333333,15,90,90,0.42857142857142855,3.755555555555556,3.0,2.8222222222222224,3.8222222222222224,5.711111111111111,0.755555555555556,3.755555555555556,3.1925925925925926,0.4955771461830354,high
S02,c006,val,7,6.533333333333333,15,105,105,0.5,4.8,3.755555555555556,3.0,2.8222222222222224,3.8222222222222224,1.0444444444444438,4.8,3.8518518518518525,0.9038554820933938,high
S02,c006,val,8,7.333333333333333,15,120,120,0.5714285714285714,6.2,4.8,3.755555555555556,3.0,2.8222222222222224,1.4000000000000004,6.2,4.9185185185185185,1.2265244147254846,high
S02,c006,val,9,4.333333333333333,15,135,135,0.6428571428571429,6.066666666666666,6.2,4.8,3.755555555555556,3.0,-0.13333333333333375,6.2,5.688888888888889,0.7726817178094983,high
S02,c006,val,10,3.0,15,150,150,0.7142857142857143,4.888888888888888,6.066666666666666,6.2,4.8,3.755555555555556,-1.177777777777778,6.2,5.718518518518518,0.7215666540341177,high
S02,c006,val,11,2.3333333333333335,15,165,165,0.7857142857142857,3.222222222222222,4.888888888888888,6.066666666666666,6.2,4.8,-1.6666666666666665,6.066666666666666,4.725925925925926,1.4292073834317962,moderate
S02,c006,val,12,1.9333333333333333,15,180,180,0.8571428571428571,2.422222222222222,3.222222222222222,4.888888888888888,6.066666666666666,6.2,-0.7999999999999998,4.888888888888888,3.5111111111111106,1.2584529008682404,low
S02,c006,val,13,4.866666666666666,15,195,195,0.9285714285714286,3.0444444444444443,2.422222222222222,3.222222222222222,4.888888888888888,6.066666666666666,0.6222222222222222,3.222222222222222,2.896296296296297,0.420072500111321,moderate
S02,c006,val,14,6.0,1,210,210,1.0,4.266666666666667,3.0444444444444443,2.422222222222222,3.222222222222222,4.888888888888888,1.2222222222222223,4.266666666666667,3.244444444444445,0.9383463258096543,high
S02,c007,val,0,2.2666666666666666,15,0,0,0.0,2.2666666666666666,,,,,,2.2666666666666666,2.2666666666666666,0.0,low
S02,c007,val,1,2.466666666666667,15,15,15,0.07692307692307693,2.3666666666666667,2.2666666666666666,,,,0.10000000000000009,2.3666666666666667,2.3166666666666664,0.07071067811865497,low
S02,c007,val,2,1.4666666666666666,15,30,30,0.15384615384615385,2.066666666666667,2.3666666666666667,2.2666666666666666,,,-0.2999999999999998,2.3666666666666667,2.2333333333333334,0.15275252316519453,low
S02,c007,val,3,1.5333333333333334,15,45,45,0.23076923076923078,1.8222222222222222,2.066666666666667,2.3666666666666667,2.2666666666666666,,-0.2444444444444447,2.3666666666666667,2.085185185185185,0.27269422421037,low
S02,c007,val,4,2.3333333333333335,15,60,60,0.3076923076923077,1.777777777777778,1.8222222222222222,2.066666666666667,2.3666666666666667,2.2666666666666666,-0.04444444444444429,2.066666666666667,1.888888888888889,0.15555555555555622,low
S02,c007,val,5,2.4,15,75,75,0.38461538461538464,2.088888888888889,1.777777777777778,1.8222222222222222,2.066666666666667,2.3666666666666667,0.3111111111111111,2.088888888888889,1.8962962962962964,0.16826395098667535,low
S02,c007,val,6,1.6666666666666667,15,90,90,0.46153846153846156,2.1333333333333333,2.088888888888889,1.777777777777778,1.8222222222222222,2.066666666666667,0.04444444444444429,2.1333333333333333,2.0,0.19372884193514125,low
S02,c007,val,7,1.9333333333333333,15,105,105,0.5384615384615384,2.0,2.1333333333333333,2.088888888888889,1.777777777777778,1.8222222222222222,-0.1333333333333333,2.1333333333333333,2.074074074074074,0.06789001029564226,low
S02,c007,val,8,2.6666666666666665,15,120,120,0.6153846153846154,2.088888888888889,2.0,2.1333333333333333,2.088888888888889,1.777777777777778,0.08888888888888902,2.1333333333333333,2.074074074074074,0.06789001029564226,low
S02,c007,val,9,3.4,15,135,135,0.6923076923076923,2.6666666666666665,2.088888888888889,2.0,2.1333333333333333,2.088888888888889,0.5777777777777775,2.6666666666666665,2.2518518518518515,0.3619790140109807,moderate
S02,c007,val,10,4.0,15,150,150,0.7692307692307693,3.3555555555555556,2.6666666666666665,2.088888888888889,2.0,2.1333333333333333,0.6888888888888891,3.3555555555555556,2.7037037037037037,0.6341450289133175,moderate
S02,c007,val,11,2.8666666666666667,15,165,165,0.8461538461538461,3.422222222222222,3.3555555555555556,2.6666666666666665,2.088888888888889,2.0,0.06666666666666643,3.422222222222222,3.1481481481481484,0.4183054193628276,moderate
S02,c007,val,12,1.5333333333333334,15,180,180,0.9230769230769231,2.8000000000000003,3.422222222222222,3.3555555555555556,2.6666666666666665,2.088888888888889,-0.6222222222222218,3.422222222222222,3.192592592592593,0.3416252609659292,moderate
S02,c007,val,13,4.0,2,195,195,1.0,2.7999999999999994,2.8000000000000003,3.422222222222222,3.3555555555555556,2.6666666666666665,-8.881784197001252e-16,3.422222222222222,3.0074074074074075,0.3592401674957653,moderate
S02,c008,val,0,4.666666666666667,15,0,0,0.0,4.666666666666667,,,,,,4.666666666666667,4.666666666666667,0.0,high
S02,c008,val,1,5.2,15,15,15,0.08333333333333333,4.933333333333334,4.666666666666667,,,,0.2666666666666666,4.933333333333334,4.800000000000001,0.1885618083164123,high
S02,c008,val,2,2.8,15,30,30,0.16666666666666666,4.222222222222222,4.933333333333334,4.666666666666667,,,-0.7111111111111112,4.933333333333334,4.607407407407408,0.35924016749576726,high
S02,c008,val,3,2.933333333333333,15,45,45,0.25,3.644444444444444,4.222222222222222,4.933333333333334,4.666666666666667,,-0.5777777777777784,4.933333333333334,4.266666666666667,0.6455928465037314,high
S02,c008,val,4,2.8,15,60,60,0.3333333333333333,2.8444444444444446,3.644444444444444,4.222222222222222,4.933333333333334,4.666666666666667,-0.7999999999999994,4.222222222222222,3.57037037037037,0.691869299486555,moderate
S02,c008,val,5,2.8,15,75,75,0.4166666666666667,2.8444444444444446,2.8444444444444446,3.644444444444444,4.222222222222222,4.933333333333334,0.0,3.644444444444444,3.1111111111111107,0.4618802153517004,moderate
S02,c008,val,6,3.8,15,90,90,0.5,3.133333333333333,2.8444444444444446,2.8444444444444446,3.644444444444444,4.222222222222222,0.2888888888888883,3.133333333333333,2.940740740740741,0.16679007776589155,moderate
S02,c008,val,7,3.6,15,105,105,0.5833333333333334,3.4,3.133333333333333,2.8444444444444446,2.8444444444444446,3.644444444444444,0.26666666666666705,3.4,3.1259259259259253,0.2778518419779413,moderate
S02,c008,val,8,2.533333333333333,15,120,120,0.6666666666666666,3.3111111111111113,3.4,3.133333333333333,2.8444444444444446,2.8444444444444446,-0.08888888888888857,3.4,3.2814814814814817,0.1357800205912841,moderate
S02,c008,val,9,2.3333333333333335,15,135,135,0.75,2.8222222222222224,3.3111111111111113,3.4,3.133333333333333,2.8444444444444446,-0.48888888888888893,3.4,3.1777777777777776,0.311111111111111,moderate
S02,c008,val,10,2.933333333333333,15,150,150,0.8333333333333334,2.6,2.8222222222222224,3.3111111111111113,3.4,3.133333333333333,-0.22222222222222232,3.3111111111111113,2.9111111111111114,0.36379345652766476,moderate
S02,c008,val,11,2.4,15,165,165,0.9166666666666666,2.5555555555555554,2.6,2.8222222222222224,3.3111111111111113,3.4,-0.04444444444444473,2.8222222222222224,2.6592592592592594,0.14286890016285952,moderate
S02,c008,val,12,4.230769230769231,13,180,180,1.0,3.188034188034188,2.5555555555555554,2.6,2.8222222222222224,3.3111111111111113,0.6324786324786325,3.188034188034188,2.7811965811965806,0.3530318058100535,moderate
S02,c009,val,0,7.866666666666666,15,0,0,0.0,7.866666666666666,,,,,,7.866666666666666,7.866666666666666,0.0,high
S02,c009,val,1,7.333333333333333,15,15,15,0.07142857142857142,7.6,7.866666666666666,,,,-0.2666666666666666,7.866666666666666,7.7333333333333325,0.1885618083164123,high
S02,c009,val,2,3.6,15,30,30,0.14285714285714285,6.266666666666667,7.6,7.866666666666666,,,-1.333333333333333,7.866666666666666,7.2444444444444445,0.8572134009771509,high
S02,c009,val,3,3.8666666666666667,15,45,45,0.21428571428571427,4.933333333333333,6.266666666666667,7.6,7.866666666666666,,-1.333333333333334,7.6,6.266666666666666,1.3333333333333324,high
S02,c009,val,4,4.933333333333334,15,60,60,0.2857142857142857,4.133333333333334,4.933333333333333,6.266666666666667,7.6,7.866666666666666,-0.7999999999999989,6.266666666666667,5.111111111111112,1.077720502487299,high
S02,c009,val,5,4.866666666666666,15,75,75,0.35714285714285715,4.555555555555556,4.133333333333334,4.933333333333333,6.266666666666667,7.6,0.4222222222222225,4.933333333333333,4.540740740740741,0.40020570842192155,high
S02,c009,val,6,2.933333333333333,15,90,90,0.42857142857142855,4.2444444444444445,4.555555555555556,4.133333333333334,4.933333333333333,6.266666666666667,-0.3111111111111118,4.555555555555556,4.311111111111111,0.2188635067065681,high
S02,c009,val,7,5.866666666666666,15,105,105,0.5,4.555555555555555,4.2444444444444445,4.555555555555556,4.133333333333334,4.933333333333333,0.3111111111111109,4.555555555555556,4.451851851851852,0.17962008374786878,high
S02,c009,val,8,6.066666666666666,15,120,120,0.5714285714285714,4.955555555555556,4.555555555555555,4.2444444444444445,4.555555555555556,4.133333333333334,0.40000000000000036,4.955555555555556,4.5851851851851855,0.35648027897824364,high
S02,c009,val,9,6.266666666666667,15,135,135,0.6428571428571429,6.066666666666666,4.955555555555556,4.555555555555555,4.2444444444444445,4.555555555555556,1.1111111111111107,6.066666666666666,5.192592592592592,0.7829457932873343,high
S02,c009,val,10,3.7333333333333334,15,150,150,0.7142857142857143,5.355555555555555,6.066666666666666,4.955555555555556,4.555555555555555,4.2444444444444445,-0.7111111111111112,6.066666666666666,5.459259259259259,0.5627679974288133,high
S02,c009,val,11,3.8666666666666667,15,165,165,0.7857142857142857,4.622222222222223,5.355555555555555,6.066666666666666,4.955555555555556,4.555555555555555,-0.7333333333333325,6.066666666666666,5.348148148148148,0.7222507116887978,high
S02,c009,val,12,7.066666666666666,15,180,180,0.8571428571428571,4.888888888888889,4.622222222222223,5.355555555555555,6.066666666666666,4.955555555555556,0.2666666666666666,5.355555555555555,4.955555555555556,0.37118429085532895,high
S02,c009,val,13,8.866666666666667,15,195,195,0.9285714285714286,6.6000000000000005,4.888888888888889,4.622222222222223,5.355555555555555,6.066666666666666,1.7111111111111112,6.6000000000000005,5.370370370370371,1.0732052680289539,high
S02,c009,val,14,8.0,1,210,210,1.0,7.977777777777779,6.6000000000000005,4.888888888888889,4.622222222222223,5.355555555555555,1.3777777777777782,7.977777777777779,6.48888888888889,1.5474391429825483,high
S03,c010,train,0,1.9333333333333333,15,0,0,0.0,1.9333333333333333,,,,,,1.9333333333333333,1.9333333333333333,0.0,low
S03,c010,train,1,2.6666666666666665,15,15,15,0.07142857142857142,2.3,1.9333333333333333,,,,0.3666666666666665,2.3,2.1166666666666667,0.25927248643506723,low
S03,c010,train,2,3.533333333333333,15,30,30,0.14285714285714285,2.711111111111111,2.3,1.9333333333333333,,,0.411111111111111,2.711111111111111,2.314814814814815,0.3891004715426753,moderate
S03,c010,train,3,4.6,15,45,45,0.21428571428571427,3.5999999999999996,2.711111111111111,2.3,1.9333333333333333,,0.8888888888888888,3.5999999999999996,2.8703703703703702,0.664471695217227,high
S03,c010,train,4,3.066666666666667,15,60,60,0.2857142857142857,3.733333333333333,3.5999999999999996,2.711111111111111,2.3,1.9333333333333333,0.1333333333333333,3.733333333333333,3.348148148148148,0.5557036839558823,high
S03,c010,train,5,3.533333333333333,15,75,75,0.35714285714285715,3.733333333333333,3.733333333333333,3.5999999999999996,2.711111111111111,2.3,0.0,3.733333333333333,3.6888888888888887,0.07698003589194322,high
S03,c010,train,6,2.4,15,90,90,0.42857142857142855,3.0,3.733333333333333,3.733333333333333,3.5999999999999996,2.711111111111111,-0.733333333333333,3.733333333333333,3.488888888888889,0.42339019740572525,moderate
S03,c010,train,7,3.2666666666666666,15,105,105,0.5,3.0666666666666664,3.0,3.733333333333333,3.733333333333333,3.5999999999999996,0.06666666666666643,3.733333333333333,3.266666666666666,0.40551750201988096,moderate
S03,c010,train,8,3.2,15,120,120,0.5714285714285714,2.9555555555555557,3.0666666666666664,3.0,3.733333333333333,3.733333333333333,-0.11111111111111072,3.0666666666666664,3.0074074074074075,0.05592469952052033,moderate
S03,c010,train,9,2.6666666666666665,15,135,135,0.6428571428571429,3.0444444444444443,2.9555555555555557,3.0666666666666664,3.0,3.733333333333333,0.08888888888888857,3.0666666666666664,3.022222222222222,0.05879447357920967,moderate
S03,c010,train,10,3.533333333333333,15,150,150,0.7142857142857143,3.1333333333333333,3.0444444444444443,2.9555555555555557,3.0666666666666664,3.0,0.08888888888888902,3.1333333333333333,3.0444444444444443,0.0888888888888869,moderate
S03,c010,train,11,4.466666666666667,15,165,165,0.7857142857142857,3.555555555555556,3.1333333333333333,3.0444444444444443,2.9555555555555557,3.0666666666666664,0.4222222222222225,3.555555555555556,3.244444444444445,0.2730712383876562,high
S03,c010,train,12,3.2,15,180,180,0.8571428571428571,3.733333333333334,3.555555555555556,3.1333333333333333,3.0444444444444443,2.9555555555555557,0.17777777777777803,3.733333333333334,3.4740740740740748,0.30818731944762695,high
S03,c010,train,13,2.933333333333333,15,195,195,0.9285714285714286,3.5333333333333337,3.733333333333334,3.555555555555556,3.1333333333333333,3.0444444444444443,-0.20000000000000018,3.733333333333334,3.6074074074074076,0.10961961916258837,high
S03,c010,train,14,2.8,5,210,210,1.0,2.977777777777778,3.5333333333333337,3.733333333333334,3.555555555555556,3.1333333333333333,-0.5555555555555558,3.733333333333334,3.414814814814815,0.3914728966436693,moderate
S03,c011,train,0,2.1333333333333333,15,0,0,0.0,2.1333333333333333,,,,,,2.1333333333333333,2.1333333333333333,0.0,low
S03,c011,train,1,2.8666666666666667,15,15,15,0.06666666666666667,2.5,2.1333333333333333,,,,0.3666666666666667,2.5,2.3166666666666664,0.2592724864350676,moderate
S03,c011,train,2,2.6666666666666665,15,30,30,0.13333333333333333,2.5555555555555554,2.5,2.1333333333333333,,,0.05555555555555536,2.5555555555555554,2.396296296296296,0.22942045431034946,moderate
S03,c011,train,3,2.4,15,45,45,0.2,2.6444444444444444,2.5555555555555554,2.5,2.1333333333333333,,0.08888888888888902,2.6444444444444444,2.566666666666667,0.07286042804780156,moderate
S03,c011,train,4,3.6,15,60,60,0.26666666666666666,2.888888888888889,2.6444444444444444,2.5555555555555554,2.5,2.1333333333333333,0.24444444444444446,2.888888888888889,2.696296296296296,0.1726100770034237,moderate
S03,c011,train,5,3.2,15,75,75,0.3333333333333333,3.066666666666667,2.888888888888889,2.6444444444444444,2.5555555555555554,2.5,0.17777777777777803,3.066666666666667,2.8666666666666667,0.21198648920376645,moderate
S03,c011,train,6,3.2,15,90,90,0.4,3.3333333333333335,3.066666666666667,2.888888888888889,2.6444444444444444,2.5555555555555554,0.2666666666666666,3.3333333333333335,3.0962962962962965,0.22369879808209692,moderate
S03,c011,train,7,4.0,15,105,105,0.4666666666666667,3.466666666666667,3.3333333333333335,3.066666666666667,2.888888888888889,2.6444444444444444,0.1333333333333333,3.466666666666667,3.288888888888889,0.20367003088692667,moderate
S03,c011,train,8,3.2666666666666666,15,120,120,0.5333333333333333,3.4888888888888885,3.466666666666667,3.3333333333333335,3.066666666666667,2.888888888888889,0.0222222222222217,3.4888888888888885,3.429629629629629,0.08413197549333803,high
S03,c011,train,9,2.6666666666666665,15,135,135,0.6,3.3111111111111113,3.4888888888888885,3.466666666666667,3.3333333333333335,3.066666666666667,-0.17777777777777715,3.4888888888888885,3.422222222222222,0.09686442096757115,moderate
S03,c011,train,10,2.2,15,150,150,0.6666666666666666,2.711111111111111,3.3111111111111113,3.4888888888888885,3.466666666666667,3.3333333333333335,-0.6000000000000005,3.4888888888888885,3.1703703703703696,0.4075420652882648,moderate
S03,c011,train,11,1.8,15,165,165,0.7333333333333333,2.2222222222222223,2.711111111111111,3.3111111111111113,3.4888888888888885,3.466666666666667,-0.4888888888888885,3.3111111111111113,2.748148148148148,0.5453884484207405,low
S03,c011,train,12,2.6666666666666665,15,180,180,0.8,2.222222222222222,2.2222222222222223,2.711111111111111,3.3111111111111113,3.4888888888888885,-4.440892098500626e-16,2.711111111111111,2.385185185185185,0.28226013160381874,low
S03,c011,train,13,2.7333333333333334,15,195,195,0.8666666666666667,2.4,2.222222222222222,2.2222222222222223,2.711111111111111,3.3111111111111113,0.17777777777777803,2.4,2.281481481481481,0.1026400478559333,low
S03,c011,train,14,1.8666666666666667,15,210,210,0.9333333333333333,2.422222222222222,2.4,2.222222222222222,2.2222222222222223,2.711111111111111,0.022222222222222143,2.422222222222222,2.348148148148148,0.10961961916258298,low
S03,c011,train,15,2.0,3,225,225,1.0,2.1999999999999997,2.422222222222222,2.4,2.222222222222222,2.2222222222222223,-0.22222222222222232,2.422222222222222,2.3407407407407406,0.12239045660635767,low
S03,c012,train,0,3.0,15,0,0,0.0,3.0,,,,,,3.0,3.0,0.0,moderate
S03,c012,train,1,3.066666666666667,15,15,15,0.0625,3.033333333333333,3.0,,,,0.033333333333333215,3.033333333333333,3.0166666666666666,0.0235702260395515,moderate
S03,c012,train,2,3.0,15,30,30,0.125,3.022222222222222,3.033333333333333,3.0,,,-0.011111111111111072,3.033333333333333,3.0185185185185186,0.016972502573910447,moderate
S03,c012,train,3,3.0,15,45,45,0.1875,3.022222222222222,3.022222222222222,3.033333333333333,3.0,,0.0,3.033333333333333,3.0259259259259257,0.006415002990995597,moderate
S03,c012,train,4,3.2666666666666666,15,60,60,0.25,3.088888888888889,3.022222222222222,3.022222222222222,3.033333333333333,3.0,0.06666666666666687,3.088888888888889,3.0444444444444443,0.03849001794597524,moderate
S03,c012,train,5,3.066666666666667,15,75,75,0.3125,3.111111111111111,3.088888888888889,3.022222222222222,3.022222222222222,3.033333333333333,0.022222222222222143,3.111111111111111,3.074074074074074,0.04625924443258101,moderate
S03,c012,train,6,3.1333333333333333,15,90,90,0.375,3.1555555555555554,3.111111111111111,3.088888888888889,3.022222222222222,3.022222222222222,0.04444444444444429,3.1555555555555554,3.1185185185185187,0.033945005147821686,moderate
S03,c012,train,7,3.2666666666666666,15,105,105,0.4375,3.1555555555555554,3.1555555555555554,3.111111111111111,3.088888888888889,3.022222222222222,0.0,3.1555555555555554,3.140740740740741,0.025660011963984677,moderate
S03,c012,train,8,3.2,15,120,120,0.5,3.1999999999999997,3.1555555555555554,3.1555555555555554,3.111111111111111,3.088888888888889,0.04444444444444429,3.1999999999999997,3.1703703703703705,0.02566001196398334,moderate
S03,c012,train,9,3.1333333333333333,15,135,135,0.5625,3.2000000000000006,3.1999999999999997,3.1555555555555554,3.1555555555555554,3.111111111111111,8.881784197001252e-16,3.2000000000000006,3.1851851851851856,0.025660011963983792,moderate
S03,c012,train,10,3.0,15,150,150,0.625,3.1111111111111107,3.2000000000000006,3.1999999999999997,3.1555555555555554,3.1555555555555554,-0.0888888888888899,3.2000000000000006,3.1703703703703705,0.05132002392796713,moderate
S03,c012,train,11,3.066666666666667,15,165,165,0.6875,3.066666666666667,3.1111111111111107,3.2000000000000006,3.1999999999999997,3.1555555555555554,-0.04444444444444384,3.2000000000000006,3.125925925925926,0.06789001029564257,moderate
S03,c012,train,12,3.2666666666666666,15,180,180,0.75,3.111111111111111,3.066666666666667,3.1111111111111107,3.2000000000000006,3.1999999999999997,0.04444444444444429,3.111111111111111,3.096296296296296,0.025660011963983886,moderate
S03,c012,train,13,3.0,15,195,195,0.8125,3.111111111111111,3.111111111111111,3.066666666666667,3.1111111111111107,3.2000000000000006,0.0,3.111111111111111,3.0962962962962965,0.025660011963984045,moderate
S03,c012,train,14,3.1333333333333333,15,210,210,0.875,3.1333333333333333,3.111111111111111,3.111111111111111,3.066666666666667,3.1111111111111107,0.022222222222222143,3.1333333333333333,3.1185185185185187,0.012830005981991575,moderate
S03,c012,train,15,3.2,15,225,225,0.9375,3.1111111111111107,3.1333333333333333,3.111111111111111,3.111111111111111,3.066666666666667,-0.022222222222222587,3.1333333333333333,3.1185185185185182,0.012830005981991733,moderate
S03,c012,train,16,3.0,3,240,240,1.0,3.1111111111111107,3.1111111111111107,3.1333333333333333,3.111111111111111,3.111111111111111,0.0,3.1333333333333333,3.1185185185185182,0.012830005981991894,moderate
S03,c013,train,0,0.0,15,0,0,0.0,0.0,,,,,,0.0,0.0,0.0,low
S03,c013,train,1,0.2,15,15,15,0.0625,0.1,0.0,,,,0.1,0.1,0.05,0.07071067811865477,low
S03,c013,train,2,0.0,15,30,30,0.125,0.06666666666666667,0.1,0.0,,,-0.03333333333333334,0.1,0.05555555555555556,0.05091750772173156,low
S03,c013,train,3,0.0,15,45,45,0.1875,0.06666666666666667,0.06666666666666667,0.1,0.0,,0.0,0.1,0.07777777777777778,0.01924500897298753,low
S03,c013,train,4,0.13333333333333333,15,60,60,0.25,0.044444444444444446,0.06666666666666667,0.06666666666666667,0.1,0.0,-0.02222222222222222,0.06666666666666667,0.05925925925925926,0.012830005981991683,low
S03,c013,train,5,1.1333333333333333,15,75,75,0.3125,0.4222222222222222,0.044444444444444446,0.06666666666666667,0.06666666666666667,0.1,0.37777777777777777,0.4222222222222222,0.17777777777777778,0.21198648920376567,low
S03,c013,train,6,0.6,15,90,90,0.375,0.6222222222222222,0.4222222222222222,0.044444444444444446,0.06666666666666667,0.06666666666666667,0.2,0.6222222222222222,0.362962962962963,0.29341188622723496,low
S03,c013,train,7,0.8,15,105,105,0.4375,0.8444444444444444,0.6222222222222222,0.4222222222222222,0.044444444444444446,0.06666666666666667,0.2222222222222222,0.8444444444444444,0.6296296296296297,0.21120855450938164,low
S03,c013,train,8,0.8,15,120,120,0.5,0.7333333333333334,0.8444444444444444,0.6222222222222222,0.4222222222222222,0.044444444444444446,-0.11111111111111105,0.8444444444444444,0.7333333333333334,0.11111111111111145,low
S03,c013,train,9,0.13333333333333333,15,135,135,0.5625,0.5777777777777778,0.7333333333333334,0.8444444444444444,0.6222222222222222,0.4222222222222222,-0.15555555555555556,0.8444444444444444,0.7185185185185187,0.1339491949631493,low
S03,c013,train,10,0.13333333333333333,15,150,150,0.625,0.35555555555555557,0.5777777777777778,0.7333333333333334,0.8444444444444444,0.6222222222222222,-0.22222222222222227,0.7333333333333334,0.5555555555555556,0.1898667498959452,low
S03,c013,train,11,0.2,15,165,165,0.6875,0.15555555555555556,0.35555555555555557,0.5777777777777778,0.7333333333333334,0.8444444444444444,-0.2,0.5777777777777778,0.362962962962963,0.2112085545093814,low
S03,c013,train,12,0.2,15,180,180,0.75,0.1777777777777778,0.15555555555555556,0.35555555555555557,0.5777777777777778,0.7333333333333334,0.022222222222222254,0.35555555555555557,0.22962962962962963,0.1096196191625828,low
S03,c013,train,13,0.0,15,195,195,0.8125,0.13333333333333333,0.1777777777777778,0.15555555555555556,0.35555555555555557,0.5777777777777778,-0.04444444444444448,0.1777777777777778,0.15555555555555556,0.022222222222219385,low
S03,c013,train,14,0.4,15,210,210,0.875,0.20000000000000004,0.13333333333333333,0.1777777777777778,0.15555555555555556,0.35555555555555557,0.06666666666666671,0.20000000000000004,0.1703703703703704,0.033945005147819264,low
S03,c013,train,15,0.6,15,225,225,0.9375,0.3333333333333333,0.20000000000000004,0.13333333333333333,0.1777777777777778,0.15555555555555556,0.13333333333333328,0.3333333333333333,0.22222222222222224,0.10183501544346259,low
S03,c013,train,16,2.0,2,240,240,1.0,1.0,0.3333333333333333,0.20000000000000004,0.13333333333333333,0.1777777777777778,0.6666666666666667,1.0,0.5111111111111112,0.4286067004885758,low
S03,c014,train,0,4.866666666666666,15,0,0,0.0,4.866666666666666,,,,,,4.866666666666666,4.866666666666666,0.0,high
S03,c014,train,1,4.666666666666667,15,15,15,0.06666666666666667,4.766666666666667,4.866666666666666,,,,-0.09999999999999964,4.866666666666666,4.816666666666666,0.0707106781186545,high
S03,c014,train,2,3.6,15,30,30,0.13333333333333333,4.377777777777777,4.766666666666667,4.866666666666666,,,-0.3888888888888893,4.866666666666666,4.67037037037037,0.2582785684683133,high
S03,c014,train,3,4.2,15,45,45,0.2,4.155555555555556,4.377777777777777,4.766666666666667,4.866666666666666,,-0.22222222222222143,4.766666666666667,4.433333333333333,0.3093202423794456,high
S03,c014,train,4,5.333333333333333,15,60,60,0.26666666666666666,4.377777777777777,4.155555555555556,4.377777777777777,4.766666666666667,4.866666666666666,0.22222222222222143,4.377777777777777,4.303703703703704,0.12830005981991735,high
S03,c014,train,5,4.866666666666666,15,75,75,0.3333333333333333,4.8,4.377777777777777,4.155555555555556,4.377777777777777,4.766666666666667,0.4222222222222225,4.8,4.444444444444445,0.327353774725694,high
S03,c014,train,6,5.0,15,90,90,0.4,5.066666666666666,4.8,4.377777777777777,4.155555555555556,4.377777777777777,0.2666666666666666,5.066666666666666,4.748148148148148,0.34735923222795145,high
S03,c014,train,7,6.0,15,105,105,0.4666666666666667,5.288888888888889,5.066666666666666,4.8,4.377777777777777,4.155555555555556,0.22222222222222232,5.288888888888889,5.051851851851851,0.24478091321271636,high
S03,c014,train,8,4.466666666666667,15,120,120,0.5333333333333333,5.155555555555556,5.288888888888889,5.066666666666666,4.8,4.377777777777777,-0.13333333333333286,5.288888888888889,5.17037037037037,0.11184939904105015,high
S03,c014,train,9,5.666666666666667,15,135,135,0.6,5.377777777777777,5.155555555555556,5.288888888888889,5.066666666666666,4.8,0.22222222222222143,5.377777777777777,5.274074074074075,0.11184939904105036,high
S03,c014,train,10,4.733333333333333,15,150,150,0.6666666666666666,4.955555555555556,5.377777777777777,5.155555555555556,5.288888888888889,5.066666666666666,-0.4222222222222216,5.377777777777777,5.162962962962964,0.21120855450938203,high
S03,c014,train,11,3.466666666666667,15,165,165,0.7333333333333333,4.622222222222223,4.955555555555556,5.377777777777777,5.155555555555556,5.288888888888889,-0.33333333333333304,5.377777777777777,4.985185185185185,0.3786482346409491,high
S03,c014,train,12,3.4,15,180,180,0.8,3.8666666666666667,4.622222222222223,4.955555555555556,5.377777777777777,5.155555555555556,-0.755555555555556,4.955555555555556,4.481481481481482,0.557920890597052,high
S03,c014,train,13,4.266666666666667,15,195,195,0.8666666666666667,3.711111111111111,3.8666666666666667,4.622222222222223,4.955555555555556,5.377777777777777,-0.1555555555555559,4.622222222222223,4.066666666666667,0.4873713822102492,high
S03,c014,train,14,6.066666666666666,15,210,210,0.9333333333333333,4.5777777777777775,3.711111111111111,3.8666666666666667,4.622222222222223,4.955555555555556,0.8666666666666667,4.5777777777777775,4.051851851851851,0.4620583755185364,high
S03,c014,train,15,6.222222222222222,9,225,225,1.0,5.518518518518518,4.5777777777777775,3.711111111111111,3.8666666666666667,4.622222222222223,0.9407407407407407,5.518518518518518,4.602469135802469,0.9039566535285952,high
S03,c015,train,0,2.3333333333333335,15,0,0,0.0,2.3333333333333335,,,,,,2.3333333333333335,2.3333333333333335,0.0,low
S03,c015,train,1,2.466666666666667,15,15,15,0.0625,2.4000000000000004,2.3333333333333335,,,,0.06666666666666687,2.4000000000000004,2.366666666666667,0.04714045207910316,low
S03,c015,train,2,2.7333333333333334,15,30,30,0.125,2.511111111111111,2.4000000000000004,2.3333333333333335,,,0.11111111111111072,2.511111111111111,2.414814814814815,0.08981004187394157,moderate
S03,c015,train,3,2.066666666666667,15,45,45,0.1875,2.422222222222222,2.511111111111111,2.4000000000000004,2.3333333333333335,,-0.08888888888888902,2.511111111111111,2.444444444444444,0.05879447357921287,low
S03,c015,train,4,2.0,15,60,60,0.25,2.266666666666667,2.422222222222222,2.511111111111111,2.4000000000000004,2.3333333333333335,-0.155555555555555,2.511111111111111,2.4000000000000004,0.12372809695177811,low
S03,c015,train,5,2.8,15,75,75,0.3125,2.2888888888888888,2.266666666666667,2.422222222222222,2.511111111111111,2.4000000000000004,0.0222222222222217,2.422222222222222,2.325925925925926,0.08413197549333773,low
S03,c015,train,6,3.3333333333333335,15,90,90,0.375,2.711111111111111,2.2888888888888888,2.266666666666667,2.422222222222222,2.511111111111111,0.42222222222222205,2.711111111111111,2.422222222222222,0.2504317259907696,moderate
S03,c015,train,7,3.2,15,105,105,0.4375,3.111111111111111,2.711111111111111,2.2888888888888888,2.266666666666667,2.422222222222222,0.40000000000000036,3.111111111111111,2.7037037037037037,0.41116115811490117,moderate
S03,c015,train,8,3.6666666666666665,15,120,120,0.5,3.4,3.111111111111111,2.711111111111111,2.2888888888888888,2.266666666666667,0.28888888888888875,3.4,3.074074074074074,0.345934649743277,moderate
S03,c015,train,9,3.0,15,135,135,0.5625,3.288888888888889,3.4,3.111111111111111,2.711111111111111,2.2888888888888888,-0.11111111111111072,3.4,3.266666666666667,0.14572085609559732,moderate
S03,c015,train,10,2.2,15,150,150,0.625,2.9555555555555557,3.288888888888889,3.4,3.111111111111111,2.711111111111111,-0.3333333333333335,3.4,3.2148148148148152,0.23129622216290216,moderate
S03,c015,train,11,1.9333333333333333,15,165,165,0.6875,2.3777777777777778,2.9555555555555557,3.288888888888889,3.4,3.111111111111111,-0.577777777777778,3.288888888888889,2.8740740740740747,0.4609883817037517,low
S03,c015,train,12,2.4,15,180,180,0.75,2.1777777777777776,2.3777777777777778,2.9555555555555557,3.288888888888889,3.4,-0.20000000000000018,2.9555555555555557,2.5037037037037035,0.4038905445989817,low
S03,c015,train,13,2.466666666666667,15,195,195,0.8125,2.2666666666666666,2.1777777777777776,2.3777777777777778,2.9555555555555557,3.288888888888889,0.08888888888888902,2.3777777777777778,2.2740740740740737,0.1002055500627384,low
S03,c015,train,14,2.0,15,210,210,0.875,2.2888888888888888,2.2666666666666666,2.1777777777777776,2.3777777777777778,2.9555555555555557,0.022222222222222143,2.2888888888888888,2.244444444444444,0.05879447357922616,low
S03,c015,train,15,2.6,15,225,225,0.9375,2.3555555555555556,2.2888888888888888,2.2666666666666666,2.1777777777777776,2.3777777777777778,0.06666666666666687,2.3555555555555556,2.303703703703704,0.04625924443259619,low
S03,c015,train,16,3.0,1,240,240,1.0,2.533333333333333,2.3555555555555556,2.2888888888888888,2.2666666666666666,2.1777777777777776,0.1777777777777776,2.533333333333333,2.3925925925925924,0.1263609045128347,moderate
S04,c016,train,0,2.7333333333333334,15,0,0,0.0,2.7333333333333334,,,,,,2.7333333333333334,2.7333333333333334,0.0,moderate
S04,c016,train,1,3.0,15,15,15,0.5,2.8666666666666667,2.7333333333333334,,,,0.1333333333333333,2.8666666666666667,2.8,0.09428090415820647,moderate
S04,c016,train,2,3.0,1,30,30,1.0,2.9111111111111114,2.8666666666666667,2.7333333333333334,,,0.04444444444444473,2.9111111111111114,2.837037037037037,0.09251848886516173,moderate
S04,c017,train,0,3.3333333333333335,15,0,0,0.0,3.3333333333333335,,,,,,3.3333333333333335,3.3333333333333335,0.0,moderate
S04,c017,train,1,4.428571428571429,14,15,15,1.0,3.8809523809523814,3.3333333333333335,,,,0.5476190476190479,3.8809523809523814,3.6071428571428577,0.38722514207834746,high
S04,c018,train,0,3.2666666666666666,15,0,0,0.0,3.2666666666666666,,,,,,3.2666666666666666,3.2666666666666666,0.0,moderate
S04,c018,train,1,3.066666666666667,15,15,15,0.5,3.166666666666667,3.2666666666666666,,,,-0.09999999999999964,3.2666666666666666,3.216666666666667,0.0707106781186545,moderate
S04,c018,train,2,2.9166666666666665,12,30,30,1.0,3.0833333333333335,3.166666666666667,3.2666666666666666,,,-0.08333333333333348,3.2666666666666666,3.1722222222222225,0.09179284245476832,moderate
S04,c019,train,0,1.3333333333333333,15,0,0,0.0,1.3333333333333333,,,,,,1.3333333333333333,1.3333333333333333,0.0,low
S04,c019,train,1,1.8666666666666667,15,15,15,0.3333333333333333,1.6,1.3333333333333333,,,,0.26666666666666683,1.6,1.4666666666666668,0.1885618083164127,low
S04,c019,train,2,2.0,15,30,30,0.6666666666666666,1.7333333333333334,1.6,1.3333333333333333,,,0.1333333333333333,1.7333333333333334,1.5555555555555556,0.20367003088692623,low
S04,c019,train,3,1.0,1,45,45,1.0,1.6222222222222225,1.7333333333333334,1.6,1.3333333333333333,,-0.11111111111111094,1.7333333333333334,1.651851851851852,0.07143445008142907,low
S04,c020,train,0,3.4,15,0,0,0.0,3.4,,,,,,3.4,3.4,0.0,moderate
S04,c020,train,1,4.2,15,15,15,0.3333333333333333,3.8,3.4,,,,0.3999999999999999,3.8,3.5999999999999996,0.2828427124746191,high
S04,c020,train,2,4.0,15,30,30,0.6666666666666666,3.866666666666667,3.8,3.4,,,0.06666666666666732,3.866666666666667,3.6888888888888887,0.2523959264800126,high
S04,c020,train,3,3.6666666666666665,3,45,45,1.0,3.9555555555555557,3.866666666666667,3.8,3.4,,0.08888888888888857,3.9555555555555557,3.874074074074074,0.07804187965076297,high
S04,c021,train,0,9.266666666666667,15,0,0,0.0,9.266666666666667,,,,,,9.266666666666667,9.266666666666667,0.0,high
S04,c021,train,1,8.6,15,15,15,0.5,8.933333333333334,9.266666666666667,,,,-0.3333333333333339,9.266666666666667,9.100000000000001,0.2357022603955169,high
S04,c021,train,2,10.0,1,30,30,1.0,9.28888888888889,8.933333333333334,9.266666666666667,,,0.35555555555555607,9.28888888888889,9.162962962962963,0.1991752542185003,high
S04,c022,train,0,4.933333333333334,15,0,0,0.0,4.933333333333334,,,,,,4.933333333333334,4.933333333333334,0.0,high
S04,c022,train,1,6.6,15,15,15,0.5,5.766666666666667,4.933333333333334,,,,0.833333333333333,5.766666666666667,5.35,0.5892556509887897,high
S04,c022,train,2,7.0,1,30,30,1.0,6.177777777777777,5.766666666666667,4.933333333333334,,,0.41111111111111054,6.177777777777777,5.625925925925926,0.6340476803090992,high
S04,c023,train,0,2.3333333333333335,15,0,0,0.0,2.3333333333333335,,,,,,2.3333333333333335,2.3333333333333335,0.0,low
S04,c023,train,1,2.6,15,15,15,0.25,2.466666666666667,2.3333333333333335,,,,0.1333333333333333,2.466666666666667,2.4000000000000004,0.09428090415820616,moderate
S04,c023,train,2,2.7333333333333334,15,30,30,0.5,2.555555555555556,2.466666666666667,2.3333333333333335,,,0.08888888888888902,2.555555555555556,2.451851851851852,0.11184939904104803,moderate
S04,c023,train,3,2.4,15,45,45,0.75,2.577777777777778,2.555555555555556,2.466666666666667,2.3333333333333335,,0.022222222222222143,2.577777777777778,2.533333333333333,0.058794473579212546,moderate
S04,c023,train,4,2.0,1,60,60,1.0,2.3777777777777778,2.577777777777778,2.555555555555556,2.466666666666667,2.3333333333333335,-0.20000000000000018,2.577777777777778,2.5037037037037035,0.10961961916258316,low
S04,c024,train,0,0.06666666666666667,15,0,0,0.0,0.06666666666666667,,,,,,0.06666666666666667,0.06666666666666667,0.0,low
S04,c024,train,1,0.13333333333333333,15,15,15,0.3333333333333333,0.1,0.06666666666666667,,,,0.03333333333333334,0.1,0.08333333333333334,0.023570226039551584,low
S04,c024,train,2,0.2,15,30,30,0.6666666666666666,0.13333333333333333,0.1,0.06666666666666667,,,0.033333333333333326,0.13333333333333333,0.09999999999999999,0.033333333333333326,low
S04,c024,train,3,0.2,10,45,45,1.0,0.17777777777777778,0.13333333333333333,0.1,0.06666666666666667,,0.04444444444444445,0.17777777777777778,0.13703703703703704,0.03902093982538051,low
S04,c025,train,0,4.466666666666667,15,0,0,0.0,4.466666666666667,,,,,,4.466666666666667,4.466666666666667,0.0,high
S04,c025,train,1,4.533333333333333,15,15,15,0.3333333333333333,4.5,4.466666666666667,,,,0.033333333333333215,4.5,4.483333333333333,0.0235702260395515,high
S04,c025,train,2,3.533333333333333,15,30,30,0.6666666666666666,4.177777777777778,4.5,4.466666666666667,,,-0.32222222222222197,4.5,4.381481481481482,0.1771981290948988,high
S04,c025,train,3,4.090909090909091,11,45,45,1.0,4.052525252525252,4.177777777777778,4.5,4.466666666666667,,-0.12525252525252561,4.5,4.243434343434344,0.23084951996323974,high
S04,c026,train,0,4.333333333333333,15,0,0,0.0,4.333333333333333,,,,,,4.333333333333333,4.333333333333333,0.0,high
S04,c026,train,1,6.2,15,15,15,0.25,5.266666666666667,4.333333333333333,,,,0.9333333333333336,5.266666666666667,4.8,0.6599663291074445,high
S04,c026,train,2,7.066666666666666,15,30,30,0.5,5.866666666666667,5.266666666666667,4.333333333333333,,,0.6000000000000005,5.866666666666667,5.155555555555556,0.7726817178094985,high
S04,c026,train,3,6.2,15,45,45,0.75,6.48888888888889,5.866666666666667,5.266666666666667,4.333333333333333,,0.6222222222222227,6.48888888888889,5.874074074074074,0.6111447802172828,high
S04,c026,train,4,3.909090909090909,11,60,60,1.0,5.725252525252525,6.48888888888889,5.866666666666667,5.266666666666667,4.333333333333333,-0.7636363636363646,6.48888888888889,6.026936026936028,0.40626324575058936,high
S04,c027,train,0,6.8,15,0,0,0.0,6.8,,,,,,6.8,6.8,0.0,high
S04,c027,train,1,7.333333333333333,15,15,15,0.5,7.066666666666666,6.8,,,,0.2666666666666666,7.066666666666666,6.933333333333334,0.1885618083164123,high
S04,c027,train,2,7.857142857142857,7,30,30,1.0,7.33015873015873,7.066666666666666,6.8,,,0.26349206349206344,7.33015873015873,7.065608465608466,0.26508094920795194,high
S04,c028,train,0,0.7333333333333333,15,0,0,0.0,0.7333333333333333,,,,,,0.7333333333333333,0.7333333333333333,0.0,low
S04,c028,train,1,1.8181818181818181,11,15,15,1.0,1.2757575757575756,0.7333333333333333,,,,0.5424242424242424,1.2757575757575756,1.0045454545454544,0.38355186009815756,low
S04,c029,train,0,6.333333333333333,15,0,0,0.0,6.333333333333333,,,,,,6.333333333333333,6.333333333333333,0.0,high
S04,c029,train,1,6.2727272727272725,11,15,15,1.0,6.303030303030303,6.333333333333333,,,,-0.030303030303030276,6.333333333333333,6.318181818181818,0.02142747821777446,high
S04,c030,train,0,4.4,15,0,0,0.0,4.4,,,,,,4.4,4.4,0.0,high
S04,c030,train,1,4.133333333333334,15,15,15,0.25,4.2666666666666675,4.4,,,,-0.13333333333333286,4.4,4.333333333333334,0.094280904158206,high
S04,c030,train,2,5.666666666666667,15,30,30,0.5,4.733333333333333,4.2666666666666675,4.4,,,0.4666666666666659,4.733333333333333,4.466666666666668,0.24037008503093238,high
S04,c030,train,3,5.8,15,45,45,0.75,5.2,4.733333333333333,4.2666666666666675,4.4,,0.4666666666666668,5.2,4.733333333333333,0.4666666666666667,high
S04,c030,train,4,3.75,4,60,60,1.0,5.072222222222223,5.2,4.733333333333333,4.2666666666666675,4.4,-0.12777777777777732,5.2,5.001851851851852,0.24116060253281882,high
S04,c031,train,0,8.333333333333334,15,0,0,0.0,8.333333333333334,,,,,,8.333333333333334,8.333333333333334,0.0,high
S04,c031,train,1,8.333333333333334,15,15,15,0.25,8.333333333333334,8.333333333333334,,,,0.0,8.333333333333334,8.333333333333334,0.0,high
S04,c031,train,2,8.4,15,30,30,0.5,8.355555555555556,8.333333333333334,8.333333333333334,,,0.022222222222222143,8.355555555555556,8.340740740740742,0.012830005981991383,high
S04,c031,train,3,8.2,15,45,45,0.75,8.31111111111111,8.355555555555556,8.333333333333334,8.333333333333334,,-0.04444444444444606,8.355555555555556,8.333333333333334,0.02222222222222303,high
S04,c031,train,4,7.5,6,60,60,1.0,8.033333333333333,8.31111111111111,8.355555555555556,8.333333333333334,8.333333333333334,-0.2777777777777768,8.355555555555556,8.233333333333333,0.1746248182833531,high
S04,c032,train,0,1.8666666666666667,15,0,0,0.0,1.8666666666666667,,,,,,1.8666666666666667,1.8666666666666667,0.0,low
S04,c032,train,1,2.066666666666667,15,15,15,0.25,1.9666666666666668,1.8666666666666667,,,,0.10000000000000009,1.9666666666666668,1.9166666666666667,0.07071067811865482,low
S04,c032,train,2,2.1333333333333333,15,30,30,0.5,2.022222222222222,1.9666666666666668,1.8666666666666667,,,0.05555555555555536,2.022222222222222,1.951851851851852,0.0788288764955287,low
S04,c032,train,3,1.4,15,45,45,0.75,1.8666666666666665,2.022222222222222,1.9666666666666668,1.8666666666666667,,-0.15555555555555567,2.022222222222222,1.9518518518518517,0.07882887649552875,low
S04,c032,train,4,0.6666666666666666,3,60,60,1.0,1.4000000000000001,1.8666666666666665,2.022222222222222,1.9666666666666668,1.8666666666666667,-0.46666666666666634,2.022222222222222,1.7629629629629628,0.32381471102806486,low
S04,c033,train,0,10.666666666666666,15,0,0,0.0,10.666666666666666,,,,,,10.666666666666666,10.666666666666666,0.0,high
S04,c033,train,1,9.333333333333334,15,15,15,0.5,10.0,10.666666666666666,,,,-0.6666666666666661,10.666666666666666,10.333333333333332,0.4714045207910306,high
S04,c033,train,2,12.0,5,30,30,1.0,10.666666666666666,10.0,10.666666666666666,,,0.6666666666666661,10.666666666666666,10.444444444444445,0.3849001794597502,high
S04,c034,train,0,10.066666666666666,15,0,0,0.0,10.066666666666666,,,,,,10.066666666666666,10.066666666666666,0.0,high
S04,c034,train,1,7.4,15,15,15,0.5,8.733333333333334,10.066666666666666,,,,-1.3333333333333321,10.066666666666666,9.4,0.9428090415820625,high
S04,c034,train,2,4.818181818181818,11,30,30,1.0,7.428282828282828,8.733333333333334,10.066666666666666,,,-1.305050505050506,10.066666666666666,8.742760942760944,1.3192171843657505,high
S04,c035,train,0,1.9333333333333333,15,0,0,0.0,1.9333333333333333,,,,,,1.9333333333333333,1.9333333333333333,0.0,low
S04,c035,train,1,3.3333333333333335,6,15,15,1.0,2.6333333333333333,1.9333333333333333,,,,0.7,2.6333333333333333,2.283333333333333,0.49497474683058335,moderate
S04,c036,train,0,9.066666666666666,15,0,0,0.0,9.066666666666666,,,,,,9.066666666666666,9.066666666666666,0.0,high
S04,c036,train,1,6.8,15,15,15,0.5,7.933333333333334,9.066666666666666,,,,-1.1333333333333329,9.066666666666666,8.5,0.8013876853447536,high
S04,c036,train,2,7.166666666666667,6,30,30,1.0,7.677777777777777,7.933333333333334,9.066666666666666,,,-0.2555555555555564,9.066666666666666,8.225925925925926,0.7392299407828355,high
S04,c037,train,0,4.533333333333333,15,0,0,0.0,4.533333333333333,,,,,,4.533333333333333,4.533333333333333,0.0,high
S04,c037,train,1,5.533333333333333,15,15,15,1.0,5.033333333333333,4.533333333333333,,,,0.5,5.033333333333333,4.783333333333333,0.3535533905932738,high
S04,c038,train,0,3.466666666666667,15,0,0,0.0,3.466666666666667,,,,,,3.466666666666667,3.466666666666667,0.0,moderate
S04,c038,train,1,2.466666666666667,15,15,15,0.3333333333333333,2.966666666666667,3.466666666666667,,,,-0.5,3.466666666666667,3.216666666666667,0.3535533905932738,moderate
S04,c038,train,2,0.6666666666666666,15,30,30,0.6666666666666666,2.2,2.966666666666667,3.466666666666667,,,-0.7666666666666666,3.466666666666667,2.8777777777777778,0.6379945431091374,low
S04,c038,train,3,3.0,1,45,45,1.0,2.0444444444444443,2.2,2.966666666666667,3.466666666666667,,-0.1555555555555559,2.966666666666667,2.403703703703704,0.49370523186115606,low
S04,c039,train,0,1.7333333333333334,15,0,0,0.0,1.7333333333333334,,,,,,1.7333333333333334,1.7333333333333334,0.0,low
S04,c039,train,1,1.9333333333333333,15,15,15,0.3333333333333333,1.8333333333333335,1.7333333333333334,,,,0.10000000000000009,1.8333333333333335,1.7833333333333334,0.07071067811865482,low
S04,c039,train,2,0.06666666666666667,15,30,30,0.6666666666666666,1.2444444444444445,1.8333333333333335,1.7333333333333334,,,-0.588888888888889,1.8333333333333335,1.6037037037037039,0.31511967809490066,low
S04,c039,train,3,1.0,1,45,45,1.0,1.0,1.2444444444444445,1.8333333333333335,1.7333333333333334,,-0.24444444444444446,1.8333333333333335,1.3592592592592592,0.42836659812225253,low
S04,c040,train,0,4.4,15,0,0,0.0,4.4,,,,,,4.4,4.4,0.0,high
S04,c040,train,1,4.2,15,15,15,0.3333333333333333,4.300000000000001,4.4,,,,-0.09999999999999964,4.4,4.3500000000000005,0.0707106781186545,high
S04,c040,train,2,3.466666666666667,15,30,30,0.6666666666666666,4.022222222222222,4.300000000000001,4.4,,,-0.27777777777777857,4.4,4.240740740740741,0.19573644832183465,high
S04,c040,train,3,3.0,1,45,45,1.0,3.555555555555556,4.022222222222222,4.300000000000001,4.4,,-0.46666666666666634,4.300000000000001,3.9592592592592593,0.3761949411473475,high
S05,c010,test,0,6.4,15,0,0,0.0,6.4,,,,,,6.4,6.4,0.0,high
S05,c010,test,1,6.333333333333333,15,15,15,0.037037037037037035,6.366666666666667,6.4,,,,-0.033333333333333215,6.4,6.383333333333334,0.0235702260395515,high
S05,c010,test,2,5.6,15,30,30,0.07407407407407407,6.111111111111111,6.366666666666667,6.4,,,-0.2555555555555564,6.4,6.292592592592594,0.15804880217297726,high
S05,c010,test,3,5.2,15,45,45,0.1111111111111111,5.711111111111111,6.111111111111111,6.366666666666667,6.4,,-0.39999999999999947,6.366666666666667,6.062962962962963,0.3304193619213475,high
S05,c010,test,4,5.466666666666667,15,60,60,0.14814814814814814,5.422222222222222,5.711111111111111,6.111111111111111,6.366666666666667,6.4,-0.28888888888888964,6.111111111111111,5.748148148148148,0.3459346497432782,high
S05,c010,test,5,5.4,15,75,75,0.18518518518518517,5.355555555555555,5.422222222222222,5.711111111111111,6.111111111111111,6.366666666666667,-0.06666666666666643,5.711111111111111,5.496296296296296,0.1889977899581223,high
S05,c010,test,6,4.866666666666666,15,90,90,0.2222222222222222,5.2444444444444445,5.355555555555555,5.422222222222222,5.711111111111111,6.111111111111111,-0.11111111111111072,5.422222222222222,5.340740740740739,0.0898100418739482,high
S05,c010,test,7,4.8,15,105,105,0.25925925925925924,5.022222222222222,5.2444444444444445,5.355555555555555,5.422222222222222,5.711111111111111,-0.22222222222222232,5.355555555555555,5.207407407407407,0.16972502573910947,high
S05,c010,test,8,5.733333333333333,15,120,120,0.2962962962962963,5.133333333333333,5.022222222222222,5.2444444444444445,5.355555555555555,5.422222222222222,0.11111111111111072,5.2444444444444445,5.133333333333333,0.11111111111111875,high
S05,c010,test,9,4.733333333333333,15,135,135,0.3333333333333333,5.088888888888889,5.133333333333333,5.022222222222222,5.2444444444444445,5.355555555555555,-0.04444444444444429,5.133333333333333,5.0814814814814815,0.055924699520539814,high
S05,c010,test,10,6.4,15,150,150,0.37037037037037035,5.622222222222223,5.088888888888889,5.133333333333333,5.022222222222222,5.2444444444444445,0.5333333333333341,5.622222222222223,5.281481481481482,0.29592569415464304,high
S05,c010,test,11,6.4,15,165,165,0.4074074074074074,5.844444444444444,5.622222222222223,5.088888888888889,5.133333333333333,5.022222222222222,0.22222222222222143,5.844444444444444,5.518518518518519,0.3883064421357399,high
S05,c010,test,12,5.4,15,180,180,0.4444444444444444,6.066666666666667,5.844444444444444,5.622222222222223,5.088888888888889,5.133333333333333,0.2222222222222232,6.066666666666667,5.844444444444445,0.22222222222222432,high
S05,c010,test,13,4.866666666666666,15,195,195,0.48148148148148145,5.555555555555556,6.066666666666667,5.844444444444444,5.622222222222223,5.088888888888889,-0.5111111111111111,6.066666666666667,5.822222222222223,0.2562791687704638,high
S05,c010,test,14,6.8,15,210,210,0.5185185185185185,5.688888888888889,5.555555555555556,6.066666666666667,5.844444444444444,5.622222222222223,0.13333333333333286,6.066666666666667,5.7703703703703715,0.2651189654544207,high
S05,c010,test,15,5.133333333333334,15,225,225,0.5555555555555556,5.6000000000000005,5.688888888888889,5.555555555555556,6.066666666666667,5.844444444444444,-0.08888888888888857,5.688888888888889,5.6148148148148165,0.06789001029564688,high
S05,c010,test,16,5.133333333333334,15,240,240,0.5925925925925926,5.688888888888889,5.6000000000000005,5.688888888888889,5.555555555555556,6.066666666666667,0.08888888888888857,5.688888888888889,5.659259259259259,0.051320023927974,high
S05,c010,test,17,6.466666666666667,15,255,255,0.6296296296296297,5.577777777777778,5.688888888888889,5.6000000000000005,5.688888888888889,5.555555555555556,-0.11111111111111072,5.688888888888889,5.622222222222223,0.05879447357921877,high
S05,c010,test,18,5.466666666666667,15,270,270,0.6666666666666666,5.68888888888889,5.577777777777778,5.688888888888889,5.6000000000000005,5.688888888888889,0.1111111111111116,5.68888888888889,5.651851851851852,0.06415002990996427,high
S05,c010,test,19,3.8,15,285,285,0.7037037037037037,5.2444444444444445,5.68888888888889,5.577777777777778,5.688888888888889,5.6000000000000005,-0.44444444444444553,5.68888888888889,5.503703703703704,0.23129622216290482,high
S05,c010,test,20,4.533333333333333,15,300,300,0.7407407407407407,4.6000000000000005,5.2444444444444445,5.68888888888889,5.577777777777778,5.688888888888889,-0.6444444444444439,5.68888888888889,5.177777777777778,0.5474971108779957,high
S05,c010,test,21,5.866666666666666,15,315,315,0.7777777777777778,4.733333333333333,4.6000000000000005,5.2444444444444445,5.68888888888889,5.577777777777778,0.13333333333333286,5.2444444444444445,4.85925925925926,0.34017666676162733,high
S05,c010,test,22,5.2,15,330,330,0.8148148148148148,5.199999999999999,4.733333333333333,4.6000000000000005,5.2444444444444445,5.68888888888889,0.4666666666666659,5.199999999999999,4.844444444444445,0.31505437508350315,high
S05,c010,test,23,3.3333333333333335,15,345,345,0.8518518518518519,4.8,5.199999999999999,4.733333333333333,4.6000000000000005,5.2444444444444445,-0.39999999999999947,5.199999999999999,4.9111111111111105,0.25239592648000786,high
S05,c010,test,24,3.3333333333333335,15,360,360,0.8888888888888888,3.9555555555555557,4.8,5.199999999999999,4.733333333333333,4.6000000000000005,-0.8444444444444441,5.199999999999999,4.651851851851852,0.6353120486634515,high
S05,c010,test,25,4.466666666666667,15,375,375,0.9259259259259259,3.711111111111111,3.9555555555555557,4.8,5.199999999999999,4.733333333333333,-0.2444444444444449,4.8,4.155555555555556,0.5713315614303276,high
S05,c010,test,26,5.8,15,390,390,0.9629629629629629,4.533333333333333,3.711111111111111,3.9555555555555557,4.8,5.199999999999999,0.8222222222222224,4.533333333333333,4.066666666666666,0.42222222222221784,high
S05,c010,test,27,5.666666666666667,3,405,405,1.0,5.311111111111111,4.533333333333333,3.711111111111111,3.9555555555555557,4.8,0.7777777777777777,5.311111111111111,4.518518518518518,0.8001028740440159,high
S05,c016,test,0,0.6,15,0,0,0.0,0.6,,,,,,0.6,0.6,0.0,low
S05,c016,test,1,0.7333333333333333,15,15,15,0.038461538461538464,0.6666666666666666,0.6,,,,0.06666666666666665,0.6666666666666666,0.6333333333333333,0.04714045207910316,low
S05,c016,test,2,1.3333333333333333,15,30,30,0.07692307692307693,0.8888888888888888,0.6666666666666666,0.6,,,0.2222222222222222,0.8888888888888888,0.7185185185185184,0.1512635396789788,low
S05,c016,test,3,2.7333333333333334,15,45,45,0.11538461538461539,1.5999999999999999,0.8888888888888888,0.6666666666666666,0.6,,0.711111111111111,1.5999999999999999,1.0518518518518516,0.4875402273156839,low
S05,c016,test,4,2.6,15,60,60,0.15384615384615385,2.222222222222222,1.5999999999999999,0.8888888888888888,0.6666666666666666,0.6,0.622222222222222,2.222222222222222,1.5703703703703702,0.6671603110635673,low
S05,c016,test,5,3.7333333333333334,15,75,75,0.19230769230769232,3.022222222222222,2.222222222222222,1.5999999999999999,0.8888888888888888,0.6666666666666666,0.8000000000000003,3.022222222222222,2.281481481481481,0.7129605579565016,moderate
S05,c016,test,6,3.533333333333333,15,90,90,0.23076923076923078,3.288888888888889,3.022222222222222,2.222222222222222,1.5999999999999999,0.8888888888888888,0.26666666666666705,3.288888888888889,2.8444444444444446,0.5551109331909692,moderate
S05,c016,test,7,0.6666666666666666,15,105,105,0.2692307692307692,2.6444444444444444,3.288888888888889,3.022222222222222,2.222222222222222,1.5999999999999999,-0.6444444444444448,3.288888888888889,2.9851851851851854,0.32381471102806564,moderate
S05,c016,test,8,0.8,15,120,120,0.3076923076923077,1.6666666666666663,2.6444444444444444,3.288888888888889,3.022222222222222,2.222222222222222,-0.9777777777777781,3.288888888888889,2.533333333333333,0.8167989310884051,low
S05,c016,test,9,0.6666666666666666,15,135,135,0.34615384615384615,0.7111111111111111,1.6666666666666663,2.6444444444444444,3.288888888888889,3.022222222222222,-0.9555555555555552,2.6444444444444444,1.6740740740740738,0.9666879520857898,low
S05,c016,test,10,0.5333333333333333,15,150,150,0.38461538461538464,0.6666666666666666,0.7111111111111111,1.6666666666666663,2.6444444444444444,3.288888888888889,-0.04444444444444451,1.6666666666666663,1.0148148148148148,0.5649574804642464,low
S05,c016,test,11,1.7333333333333334,15,165,165,0.4230769230769231,0.9777777777777777,0.6666666666666666,0.7111111111111111,1.6666666666666663,2.6444444444444444,0.3111111111111111,0.9777777777777777,0.7851851851851852,0.1682639509866727,low
S05,c016,test,12,0.9333333333333333,15,180,180,0.46153846153846156,1.0666666666666667,0.9777777777777777,0.6666666666666666,0.7111111111111111,1.6666666666666663,0.0888888888888889,1.0666666666666667,0.9037037037037036,0.21003625005566995,low
S05,c016,test,13,0.6,15,195,195,0.5,1.0888888888888888,1.0666666666666667,0.9777777777777777,0.6666666666666666,0.7111111111111111,0.022222222222222143,1.0888888888888888,1.0444444444444443,0.05879447357920783,low
S05,c016,test,14,1.8,15,210,210,0.5384615384615384,1.1111111111111112,1.0888888888888888,1.0666666666666667,0.9777777777777777,0.6666666666666666,0.022222222222222365,1.1111111111111112,1.0888888888888888,0.022222222222208668,low
S05,c016,test,15,2.066666666666667,15,225,225,0.5769230769230769,1.488888888888889,1.1111111111111112,1.0888888888888888,1.0666666666666667,0.9777777777777777,0.37777777777777777,1.488888888888889,1.2296296296296296,0.22479986526656937,low
S05,c016,test,16,0.2,15,240,240,0.6153846153846154,1.3555555555555558,1.488888888888889,1.1111111111111112,1.0888888888888888,1.0666666666666667,-0.13333333333333308,1.488888888888889,1.3185185185185186,0.19159284676114754,low
S05,c016,test,17,0.8,15,255,255,0.6538461538461539,1.0222222222222224,1.3555555555555558,1.488888888888889,1.1111111111111112,1.0888888888888888,-0.3333333333333335,1.488888888888889,1.288888888888889,0.24037008503093144,low
S05,c016,test,18,1.2666666666666666,15,270,270,0.6923076923076923,0.7555555555555555,1.0222222222222224,1.3555555555555558,1.488888888888889,1.1111111111111112,-0.26666666666666683,1.3555555555555558,1.0444444444444445,0.3006166501881924,low
S05,c016,test,19,2.466666666666667,15,285,285,0.7307692307692307,1.511111111111111,0.7555555555555555,1.0222222222222224,1.3555555555555558,1.488888888888889,0.7555555555555555,1.511111111111111,1.0962962962962963,0.3831856935222975,low
S05,c016,test,20,2.7333333333333334,15,300,300,0.7692307692307693,2.1555555555555554,1.511111111111111,0.7555555555555555,1.0222222222222224,1.3555555555555558,0.6444444444444444,2.1555555555555554,1.474074074074074,0.7007344765204302,low
S05,c016,test,21,3.1333333333333333,15,315,315,0.8076923076923077,2.777777777777778,2.1555555555555554,1.511111111111111,0.7555555555555555,1.0222222222222224,0.6222222222222227,2.777777777777778,2.1481481481481484,0.6333658211290569,moderate
S05,c016,test,22,2.2,15,330,330,0.8461538461538461,2.6888888888888887,2.777777777777778,2.1555555555555554,1.511111111111111,0.7555555555555555,-0.08888888888888946,2.777777777777778,2.5407407407407407,0.33652790197334764,moderate
S05,c016,test,23,4.133333333333334,15,345,345,0.8846153846153846,3.1555555555555563,2.6888888888888887,2.777777777777778,2.1555555555555554,1.511111111111111,0.4666666666666677,3.1555555555555563,2.8740740740740747,0.24778857309151972,moderate
S05,c016,test,24,4.266666666666667,15,360,360,0.9230769230769231,3.5333333333333337,3.1555555555555563,2.6888888888888887,2.777777777777778,2.1555555555555554,0.3777777777777773,3.5333333333333337,3.125925925925926,0.42300123067464274,high
S05,c016,test,25,4.133333333333334,15,375,375,0.9615384615384616,4.177777777777778,3.5333333333333337,3.1555555555555563,2.6888888888888887,2.777777777777778,0.6444444444444444,4.177777777777778,3.6222222222222222,0.5168757044272432,high
S05,c016,test,26,4.0,4,390,390,1.0,4.133333333333334,4.177777777777778,3.5333333333333337,3.1555555555555563,2.6888888888888887,-0.04444444444444429,4.177777777777778,3.948148148148148,0.35992683298537104,high
S05,c017,test,0,2.3333333333333335,15,0,0,0.0,2.3333333333333335,,,,,,2.3333333333333335,2.3333333333333335,0.0,low
S05,c017,test,1,2.1333333333333333,15,15,15,0.04,2.2333333333333334,2.3333333333333335,,,,-0.10000000000000009,2.3333333333333335,2.283333333333333,0.07071067811865465,low
S05,c017,test,2,2.4,15,30,30,0.08,2.288888888888889,2.2333333333333334,2.3333333333333335,,,0.0555555555555558,2.3333333333333335,2.285185185185185,0.05010277503136544,low
S05,c017,test,3,3.8666666666666667,15,45,45,0.12,2.7999999999999994,2.288888888888889,2.2333333333333334,2.3333333333333335,,0.5111111111111102,2.7999999999999994,2.44074074074074,0.3123651972626033,moderate
S05,c017,test,4,3.4,15,60,60,0.16,3.222222222222222,2.7999999999999994,2.288888888888889,2.2333333333333334,2.3333333333333335,0.4222222222222225,3.222222222222222,2.77037037037037,0.46737160161029173,moderate
S05,c017,test,5,1.5333333333333334,15,75,75,0.2,2.933333333333333,3.222222222222222,2.7999999999999994,2.288888888888889,2.2333333333333334,-0.28888888888888875,3.222222222222222,2.9851851851851845,0.21583410791605148,moderate
S05,c017,test,6,1.5333333333333334,15,90,90,0.24,2.1555555555555554,2.933333333333333,3.222222222222222,2.7999999999999994,2.288888888888889,-0.7777777777777777,3.222222222222222,2.77037037037037,0.5516902572256422,low
S05,c017,test,7,3.2,15,105,105,0.28,2.088888888888889,2.1555555555555554,2.933333333333333,3.222222222222222,2.7999999999999994,-0.06666666666666643,2.933333333333333,2.3925925925925924,0.4694800556293576,low
S05,c017,test,8,2.933333333333333,15,120,120,0.32,2.555555555555556,2.088888888888889,2.1555555555555554,2.933333333333333,3.222222222222222,0.4666666666666668,2.555555555555556,2.2666666666666666,0.2523959264800121,moderate
S05,c017,test,9,2.466666666666667,15,135,135,0.36,2.8666666666666667,2.555555555555556,2.088888888888889,2.1555555555555554,2.933333333333333,0.3111111111111109,2.8666666666666667,2.5037037037037035,0.3914728966436686,moderate
S05,c017,test,10,1.9333333333333333,15,150,150,0.4,2.4444444444444446,2.8666666666666667,2.555555555555556,2.088888888888889,2.1555555555555554,-0.42222222222222205,2.8666666666666667,2.6222222222222222,0.21886350670658047,moderate
S05,c017,test,11,2.2,15,165,165,0.44,2.2,2.4444444444444446,2.8666666666666667,2.555555555555556,2.088888888888889,-0.24444444444444446,2.8666666666666667,2.5037037037037035,0.3372608129728063,low
S05,c017,test,12,2.4,15,180,180,0.48,2.1777777777777776,2.2,2.4444444444444446,2.8666666666666667,2.555555555555556,-0.022222222222222587,2.4444444444444446,2.274074074074074,0.14796284707731963,low
S05,c017,test,13,1.0666666666666667,15,195,195,0.52,1.888888888888889,2.1777777777777776,2.2,2.4444444444444446,2.8666666666666667,-0.28888888888888853,2.2,2.088888888888889,0.1735611039090357,low
S05,c017,test,14,1.0,15,210,210,0.56,1.488888888888889,1.888888888888889,2.1777777777777776,2.2,2.4444444444444446,-0.40000000000000013,2.1777777777777776,1.8518518518518519,0.34593464974327653,low
S05,c017,test,15,3.533333333333333,15,225,225,0.6,1.8666666666666665,1.488888888888889,1.888888888888889,2.1777777777777776,2.2,0.37777777777777755,1.888888888888889,1.7481481481481482,0.22479986526656895,low
S05,c017,test,16,3.6,15,240,240,0.64,2.711111111111111,1.8666666666666665,1.488888888888889,1.888888888888889,2.1777777777777776,0.8444444444444443,2.711111111111111,2.022222222222222,0.6257834595701652,moderate
S05,c017,test,17,2.7333333333333334,15,255,255,0.68,3.288888888888889,2.711111111111111,1.8666666666666665,1.488888888888889,1.888888888888889,0.5777777777777784,3.288888888888889,2.6222222222222222,0.7152656417524937,moderate
S05,c017,test,18,2.3333333333333335,15,270,270,0.72,2.8888888888888893,3.288888888888889,2.711111111111111,1.8666666666666665,1.488888888888889,-0.3999999999999999,3.288888888888889,2.9629629629629632,0.2959256941546438,moderate
S05,c017,test,19,3.6,15,285,285,0.76,2.8888888888888893,2.8888888888888893,3.288888888888889,2.711111111111111,1.8666666666666665,0.0,3.288888888888889,3.0222222222222226,0.2309401076758555,moderate
S05,c017,test,20,3.7333333333333334,15,300,300,0.8,3.2222222222222228,2.8888888888888893,2.8888888888888893,3.288888888888889,2.711111111111111,0.3333333333333335,3.2222222222222228,3.0000000000000004,0.19245008972987535,moderate
S05,c017,test,21,2.2,15,315,315,0.84,3.1777777777777785,3.2222222222222228,2.8888888888888893,2.8888888888888893,3.288888888888889,-0.04444444444444429,3.2222222222222228,3.096296296296297,0.18098950700549066,moderate
S05,c017,test,22,2.8,15,330,330,0.88,2.9111111111111114,3.1777777777777785,3.2222222222222228,2.8888888888888893,2.8888888888888893,-0.26666666666666705,3.2222222222222228,3.1037037037037045,0.1682639509866749,moderate
S05,c017,test,23,3.066666666666667,15,345,345,0.92,2.6888888888888887,2.9111111111111114,3.1777777777777785,3.2222222222222228,2.8888888888888893,-0.22222222222222276,3.1777777777777785,2.925925925925926,0.24478091321271633,moderate
S05,c017,test,24,4.6,15,360,360,0.96,3.488888888888889,2.6888888888888887,2.9111111111111114,3.1777777777777785,3.2222222222222228,0.8000000000000003,3.488888888888889,3.0296296296296297,0.412958810807892,high
S05,c017,test,25,2.6153846153846154,13,375,375,1.0,3.427350427350427,3.488888888888889,2.6888888888888887,2.9111111111111114,3.1777777777777785,-0.061538461538461764,3.488888888888889,3.2017094017094014,0.4451801931120143,moderate
S05,c018,test,0,0.9333333333333333,15,0,0,0.0,0.9333333333333333,,,,,,0.9333333333333333,0.9333333333333333,0.0,low
S05,c018,test,1,1.1333333333333333,15,15,15,0.04,1.0333333333333332,0.9333333333333333,,,,0.09999999999999987,1.0333333333333332,0.9833333333333333,0.07071067811865465,low
S05,c018,test,2,0.26666666666666666,15,30,30,0.08,0.7777777777777778,1.0333333333333332,0.9333333333333333,,,-0.2555555555555554,1.0333333333333332,0.9148148148148149,0.12878028630158297,low
S05,c018,test,3,0.6666666666666666,15,45,45,0.12,0.6888888888888888,0.7777777777777778,1.0333333333333332,0.9333333333333333,,-0.08888888888888902,1.0333333333333332,0.8333333333333334,0.17881641043812307,low
S05,c018,test,4,0.6666666666666666,15,60,60,0.16,0.5333333333333333,0.6888888888888888,0.7777777777777778,1.0333333333333332,0.9333333333333333,-0.15555555555555545,0.7777777777777778,0.6666666666666666,0.12372809695177824,low
S05,c018,test,5,0.2,15,75,75,0.2,0.5111111111111112,0.5333333333333333,0.6888888888888888,0.7777777777777778,1.0333333333333332,-0.022222222222222143,0.6888888888888888,0.5777777777777778,0.09686442096757039,low
S05,c018,test,6,0.0,15,90,90,0.24,0.2888888888888889,0.5111111111111112,0.5333333333333333,0.6888888888888888,0.7777777777777778,-0.22222222222222227,0.5333333333333333,0.4444444444444445,0.13517250067329364,low
S05,c018,test,7,0.6666666666666666,15,105,105,0.28,0.28888888888888886,0.2888888888888889,0.5111111111111112,0.5333333333333333,0.6888888888888888,-5.551115123125783e-17,0.5111111111111112,0.362962962962963,0.12830005981991668,low
S05,c018,test,8,1.0,15,120,120,0.32,0.5555555555555555,0.28888888888888886,0.2888888888888889,0.5111111111111112,0.5333333333333333,0.2666666666666666,0.5555555555555555,0.37777777777777777,0.15396007178390017,low
S05,c018,test,9,0.5333333333333333,15,135,135,0.36,0.7333333333333333,0.5555555555555555,0.28888888888888886,0.2888888888888889,0.5111111111111112,0.1777777777777778,0.7333333333333333,0.5259259259259258,0.22369879808209633,low
S05,c018,test,10,0.2,15,150,150,0.4,0.5777777777777778,0.7333333333333333,0.5555555555555555,0.28888888888888886,0.2888888888888889,-0.15555555555555545,0.7333333333333333,0.6222222222222222,0.09686442096757078,low
S05,c018,test,11,0.2,15,165,165,0.44,0.3111111111111111,0.5777777777777778,0.7333333333333333,0.5555555555555555,0.28888888888888886,-0.2666666666666667,0.7333333333333333,0.5407407407407407,0.21353385637629005,low
S05,c018,test,12,0.3333333333333333,15,180,180,0.48,0.24444444444444446,0.3111111111111111,0.5777777777777778,0.7333333333333333,0.5555555555555555,-0.06666666666666665,0.5777777777777778,0.37777777777777777,0.17638342073763935,low
S05,c018,test,13,0.3333333333333333,15,195,195,0.52,0.2888888888888889,0.24444444444444446,0.3111111111111111,0.5777777777777778,0.7333333333333333,0.04444444444444445,0.3111111111111111,0.28148148148148144,0.03394500514782039,low
S05,c018,test,14,0.0,15,210,210,0.56,0.2222222222222222,0.2888888888888889,0.24444444444444446,0.3111111111111111,0.5777777777777778,-0.06666666666666671,0.2888888888888889,0.2518518518518518,0.03394500514782035,low
S05,c018,test,15,0.3333333333333333,15,225,225,0.6,0.2222222222222222,0.2222222222222222,0.2888888888888889,0.24444444444444446,0.3111111111111111,0.0,0.2888888888888889,0.24444444444444438,0.038490017945974446,low
S05,c018,test,16,1.7333333333333334,15,240,240,0.64,0.688888888888889,0.2222222222222222,0.2222222222222222,0.2888888888888889,0.24444444444444446,0.4666666666666668,0.688888888888889,0.37777777777777777,0.26943012562182544,low
S05,c018,test,17,1.2,15,255,255,0.68,1.0888888888888888,0.688888888888889,0.2222222222222222,0.2222222222222222,0.2888888888888889,0.3999999999999998,1.0888888888888888,0.6666666666666666,0.4337604732431808,low
S05,c018,test,18,0.06666666666666667,15,270,270,0.72,1.0,1.0888888888888888,0.688888888888889,0.2222222222222222,0.2222222222222222,-0.0888888888888888,1.0888888888888888,0.9259259259259259,0.2100362500556716,low
S05,c018,test,19,0.8,15,285,285,0.76,0.6888888888888888,1.0,1.0888888888888888,0.688888888888889,0.2222222222222222,-0.3111111111111112,1.0888888888888888,0.9259259259259257,0.2100362500556717,low
S05,c018,test,20,1.3333333333333333,15,300,300,0.8,0.7333333333333334,0.6888888888888888,1.0,1.0888888888888888,0.688888888888889,0.04444444444444462,1.0,0.8074074074074074,0.168263950986675,low
S05,c018,test,21,0.2,15,315,315,0.84,0.7777777777777777,0.7333333333333334,0.6888888888888888,1.0,1.0888888888888888,0.04444444444444429,0.7777777777777777,0.7333333333333333,0.044444444444445064,low
S05,c018,test,22,0.13333333333333333,15,330,330,0.88,0.5555555555555555,0.7777777777777777,0.7333333333333334,0.6888888888888888,1.0,-0.2222222222222222,0.7777777777777777,0.6888888888888888,0.11758894715842652,low
S05,c018,test,23,1.2,15,345,345,0.92,0.5111111111111111,0.5555555555555555,0.7777777777777777,0.7333333333333334,0.6888888888888888,-0.0444444444444444,0.7777777777777777,0.6148148148148147,0.1428689001628588,low
S05,c018,test,24,0.4666666666666667,15,360,360,0.96,0.6,0.5111111111111111,0.5555555555555555,0.7777777777777777,0.7333333333333334,0.0888888888888889,0.6,0.5555555555555555,0.044444444444445425,low
S05,c018,test,25,1.4,10,375,375,1.0,1.0222222222222221,0.6,0.5111111111111111,0.5555555555555555,0.7777777777777777,0.42222222222222217,1.0222222222222221,0.7111111111111109,0.27307123838765585,low
S05,c019,test,0,0.26666666666666666,15,0,0,0.0,0.26666666666666666,,,,,,0.26666666666666666,0.26666666666666666,0.0,low
S05,c019,test,1,0.6,15,15,15,0.04,0.43333333333333335,0.26666666666666666,,,,0.16666666666666669,0.43333333333333335,0.35,0.11785113019775796,low
S05,c019,test,2,0.7333333333333333,15,30,30,0.08,0.5333333333333333,0.43333333333333335,0.26666666666666666,,,0.09999999999999998,0.5333333333333333,0.41111111111111115,0.1347150628109127,low
S05,c019,test,3,0.13333333333333333,15,45,45,0.12,0.4888888888888889,0.5333333333333333,0.43333333333333335,0.26666666666666666,,-0.04444444444444445,0.5333333333333333,0.4851851851851852,0.050102775031365586,low
S05,c019,test,4,0.13333333333333333,15,60,60,0.16,0.33333333333333326,0.4888888888888889,0.5333333333333333,0.43333333333333335,0.26666666666666666,-0.1555555555555556,0.5333333333333333,0.4518518518518519,0.10501812502783581,low
S05,c019,test,5,0.06666666666666667,15,75,75,0.2,0.11111111111111106,0.33333333333333326,0.4888888888888889,0.5333333333333333,0.43333333333333335,-0.2222222222222222,0.4888888888888889,0.31111111111111106,0.18986674989594512,low
S05,c019,test,6,0.0,15,90,90,0.24,0.06666666666666664,0.11111111111111106,0.33333333333333326,0.4888888888888889,0.5333333333333333,-0.044444444444444425,0.33333333333333326,0.1703703703703703,0.14286890016285844,low
S05,c019,test,7,0.0,15,105,105,0.28,0.022222222222222185,0.06666666666666664,0.11111111111111106,0.33333333333333326,0.4888888888888889,-0.04444444444444445,0.11111111111111106,0.06666666666666664,0.04444444444444375,low
S05,c019,test,8,0.2,15,120,120,0.32,0.06666666666666664,0.022222222222222185,0.06666666666666664,0.11111111111111106,0.33333333333333326,0.04444444444444445,0.06666666666666664,0.051851851851851816,0.025660011963982134,low
S05,c019,test,9,0.3333333333333333,15,135,135,0.36,0.17777777777777773,0.06666666666666664,0.022222222222222185,0.06666666666666664,0.11111111111111106,0.11111111111111109,0.17777777777777773,0.08888888888888885,0.08012336167697717,low
S05,c019,test,10,0.06666666666666667,15,150,150,0.4,0.19999999999999996,0.17777777777777773,0.06666666666666664,0.022222222222222185,0.06666666666666664,0.022222222222222227,0.19999999999999996,0.1481481481481481,0.07143445008142896,low
S05,c019,test,11,0.0,15,165,165,0.44,0.13333333333333328,0.19999999999999996,0.17777777777777773,0.06666666666666664,0.022222222222222185,-0.06666666666666668,0.19999999999999996,0.1703703703703703,0.0339450051478204,low
S05,c019,test,12,0.2,15,180,180,0.48,0.08888888888888885,0.13333333333333328,0.19999999999999996,0.17777777777777773,0.06666666666666664,-0.044444444444444425,0.19999999999999996,0.1407407407407407,0.05592469952052366,low
S05,c019,test,13,0.06666666666666667,15,195,195,0.52,0.08888888888888885,0.08888888888888885,0.13333333333333328,0.19999999999999996,0.17777777777777773,0.0,0.13333333333333328,0.10370370370370367,0.025660011963982397,low
S05,c019,test,14,0.0,15,210,210,0.56,0.08888888888888885,0.08888888888888885,0.08888888888888885,0.13333333333333328,0.19999999999999996,0.0,0.08888888888888885,0.08888888888888885,0.0,low
S05,c019,test,15,0.13333333333333333,15,225,225,0.6,0.06666666666666664,0.08888888888888885,0.08888888888888885,0.08888888888888885,0.13333333333333328,-0.022222222222222213,0.08888888888888885,0.08148148148148145,0.012830005981991677,low
S05,c019,test,16,0.4,15,240,240,0.64,0.17777777777777773,0.06666666666666664,0.08888888888888885,0.08888888888888885,0.08888888888888885,0.11111111111111109,0.17777777777777773,0.11111111111111106,0.05879447357921311,low
S05,c019,test,17,0.26666666666666666,15,255,255,0.68,0.26666666666666666,0.17777777777777773,0.06666666666666664,0.08888888888888885,0.08888888888888885,0.08888888888888893,0.26666666666666666,0.17037037037037037,0.10020555006273099,low
S05,c019,test,18,0.26666666666666666,15,270,270,0.72,0.31111111111111106,0.26666666666666666,0.17777777777777773,0.06666666666666664,0.08888888888888885,0.0444444444444444,0.31111111111111106,0.2518518518518518,0.06789001029564208,low
S05,c019,test,19,0.3333333333333333,15,285,285,0.76,0.28888888888888886,0.31111111111111106,0.26666666666666666,0.17777777777777773,0.06666666666666664,-0.0222222222222222,0.31111111111111106,0.28888888888888886,0.02222222222222218,low
S05,c019,test,20,0.6666666666666666,15,300,300,0.8,0.4222222222222222,0.28888888888888886,0.31111111111111106,0.26666666666666666,0.17777777777777773,0.13333333333333336,0.4222222222222222,0.34074074074074073,0.07143445008142935,low
S05,c019,test,21,0.3333333333333333,15,315,315,0.84,0.4444444444444444,0.4222222222222222,0.28888888888888886,0.31111111111111106,0.26666666666666666,0.0222222222222222,0.4444444444444444,0.38518518518518513,0.08413197549333744,low
S05,c019,test,22,0.0,15,330,330,0.88,0.33333333333333326,0.4444444444444444,0.4222222222222222,0.28888888888888886,0.31111111111111106,-0.11111111111111116,0.4444444444444444,0.39999999999999997,0.058794473579213226,low
S05,c019,test,23,0.5333333333333333,15,345,345,0.92,0.28888888888888886,0.33333333333333326,0.4444444444444444,0.4222222222222222,0.28888888888888886,-0.0444444444444444,0.4444444444444444,0.35555555555555546,0.08012336167697755,low
S05,c019,test,24,0.13333333333333333,15,360,360,0.96,0.22222222222222218,0.28888888888888886,0.33333333333333326,0.4444444444444444,0.4222222222222222,-0.06666666666666668,0.33333333333333326,0.2814814814814814,0.055924699520523966,low
S05,c019,test,25,0.26666666666666666,15,375,375,1.0,0.31111111111111106,0.22222222222222218,0.28888888888888886,0.33333333333333326,0.4444444444444444,0.08888888888888888,0.31111111111111106,0.2740740740740741,0.0462592444325806,low
S05,c020,test,0,3.6,15,0,0,0.0,3.6,,,,,,3.6,3.6,0.0,high
S05,c020,test,1,3.533333333333333,15,15,15,0.038461538461538464,3.5666666666666664,3.6,,,,-0.03333333333333366,3.6,3.583333333333333,0.023570226039551657,high
S05,c020,test,2,4.066666666666666,15,30,30,0.07692307692307693,3.733333333333333,3.5666666666666664,3.6,,,0.16666666666666652,3.733333333333333,3.633333333333333,0.0881917103688197,high
S05,c020,test,3,3.933333333333333,15,45,45,0.11538461538461539,3.8444444444444446,3.733333333333333,3.5666666666666664,3.6,,0.1111111111111116,3.8444444444444446,3.714814814814815,0.13981174880131064,high
S05,c020,test,4,3.4,15,60,60,0.15384615384615385,3.7999999999999994,3.8444444444444446,3.733333333333333,3.5666666666666664,3.6,-0.044444444444445175,3.8444444444444446,3.7925925925925923,0.05592469952052566,high
S05,c020,test,5,3.4,15,75,75,0.19230769230769232,3.5777777777777775,3.7999999999999994,3.8444444444444446,3.733333333333333,3.5666666666666664,-0.22222222222222188,3.8444444444444446,3.7407407407407405,0.14286890016285891,high
S05,c020,test,6,3.8666666666666667,15,90,90,0.23076923076923078,3.5555555555555554,3.5777777777777775,3.7999999999999994,3.8444444444444446,3.733333333333333,-0.022222222222222143,3.7999999999999994,3.644444444444444,0.1351725006732933,high
S05,c020,test,7,3.466666666666667,15,105,105,0.2692307692307692,3.577777777777778,3.5555555555555554,3.5777777777777775,3.7999999999999994,3.8444444444444446,0.022222222222222587,3.577777777777778,3.57037037037037,0.012830005981984263,high
S05,c020,test,8,4.0,15,120,120,0.3076923076923077,3.7777777777777772,3.577777777777778,3.5555555555555554,3.5777777777777775,3.7999999999999994,0.1999999999999993,3.7777777777777772,3.6370370370370373,0.12239045660635742,high
S05,c020,test,9,3.933333333333333,15,135,135,0.34615384615384615,3.8000000000000003,3.7777777777777772,3.577777777777778,3.5555555555555554,3.5777777777777775,0.02222222222222303,3.8000000000000003,3.7185185185185183,0.12239045660635849,high
S05,c020,test,10,3.6,15,150,150,0.38461538461538464,3.8444444444444446,3.8000000000000003,3.7777777777777772,3.577777777777778,3.5555555555555554,0.04444444444444429,3.8444444444444446,3.8074074074074074,0.033945005147828694,high
S05,c020,test,11,2.6666666666666665,15,165,165,0.4230769230769231,3.4,3.8444444444444446,3.8000000000000003,3.7777777777777772,3.577777777777778,-0.44444444444444464,3.8444444444444446,3.6814814814814816,0.24478091321271575,moderate
S05,c020,test,12,3.533333333333333,15,180,180,0.46153846153846156,3.266666666666666,3.4,3.8444444444444446,3.8000000000000003,3.7777777777777772,-0.13333333333333375,3.8444444444444446,3.503703703703703,0.3025270793579566,moderate
S05,c020,test,13,3.2666666666666666,15,195,195,0.5,3.1555555555555554,3.266666666666666,3.4,3.8444444444444446,3.8000000000000003,-0.11111111111111072,3.4,3.2740740740740737,0.12239045660635126,moderate
S05,c020,test,14,3.7333333333333334,15,210,210,0.5384615384615384,3.511111111111111,3.1555555555555554,3.266666666666666,3.4,3.8444444444444446,0.3555555555555556,3.511111111111111,3.3111111111111104,0.1818967282638281,high
S05,c020,test,15,4.0,15,225,225,0.5769230769230769,3.6666666666666665,3.511111111111111,3.1555555555555554,3.266666666666666,3.4,0.15555555555555545,3.6666666666666665,3.444444444444444,0.26199613605669975,high
S05,c020,test,16,4.333333333333333,15,240,240,0.6153846153846154,4.022222222222222,3.6666666666666665,3.511111111111111,3.1555555555555554,3.266666666666666,0.3555555555555556,4.022222222222222,3.733333333333333,0.2619961360567009,high
S05,c020,test,17,4.466666666666667,15,255,255,0.6538461538461539,4.266666666666667,4.022222222222222,3.6666666666666665,3.511111111111111,3.1555555555555554,0.24444444444444446,4.266666666666667,3.9851851851851854,0.3017098052506117,high
S05,c020,test,18,4.466666666666667,15,270,270,0.6923076923076923,4.422222222222222,4.266666666666667,4.022222222222222,3.6666666666666665,3.511111111111111,0.155555555555555,4.422222222222222,4.2370370370370365,0.2016393716861661,high
S05,c020,test,19,4.533333333333333,15,285,285,0.7307692307692307,4.48888888888889,4.422222222222222,4.266666666666667,4.022222222222222,3.6666666666666665,0.0666666666666682,4.48888888888889,4.392592592592592,0.1140355875432661,high
S05,c020,test,20,3.8666666666666667,15,300,300,0.7692307692307693,4.288888888888889,4.48888888888889,4.422222222222222,4.266666666666667,4.022222222222222,-0.20000000000000107,4.48888888888889,4.3999999999999995,0.10183501544346564,high
S05,c020,test,21,3.7333333333333334,15,315,315,0.8076923076923077,4.044444444444444,4.288888888888889,4.48888888888889,4.422222222222222,4.266666666666667,-0.24444444444444446,4.48888888888889,4.274074074074075,0.22259228446395302,high
S05,c020,test,22,3.7333333333333334,15,330,330,0.8461538461538461,3.777777777777778,4.044444444444444,4.288888888888889,4.48888888888889,4.422222222222222,-0.26666666666666616,4.288888888888889,4.037037037037037,0.25563605817388846,high
S05,c020,test,23,4.4,15,345,345,0.8846153846153846,3.9555555555555557,3.777777777777778,4.044444444444444,4.288888888888889,4.48888888888889,0.1777777777777776,4.044444444444444,3.925925925925926,0.13578002059128658,high
S05,c020,test,24,4.2,15,360,360,0.9230769230769231,4.111111111111112,3.9555555555555557,3.777777777777778,4.044444444444444,4.288888888888889,0.1555555555555559,4.111111111111112,3.948148148148148,0.16679007776589405,high
S05,c020,test,25,4.6,15,375,375,0.9615384615384616,4.3999999999999995,4.111111111111112,3.9555555555555557,3.777777777777778,4.044444444444444,0.28888888888888786,4.3999999999999995,4.155555555555555,0.22553092366871677,high
S05,c020,test,26,4.875,8,390,390,1.0,4.558333333333334,4.3999999999999995,4.111111111111112,3.9555555555555557,3.777777777777778,0.1583333333333341,4.558333333333334,4.356481481481481,0.22676491153368689,high
S05,c021,test,0,9.2,15,0,0,0.0,9.2,,,,,,9.2,9.2,0.0,high
S05,c021,test,1,7.733333333333333,15,15,15,0.038461538461538464,8.466666666666667,9.2,,,,-0.7333333333333325,9.2,8.833333333333332,0.5185449728701337,high
S05,c021,test,2,9.066666666666666,15,30,30,0.07692307692307693,8.666666666666666,8.466666666666667,9.2,,,0.1999999999999993,9.2,8.777777777777777,0.37908271353848755,high
S05,c021,test,3,7.666666666666667,15,45,45,0.11538461538461539,8.155555555555557,8.666666666666666,8.466666666666667,9.2,,-0.5111111111111093,8.666666666666666,8.42962962962963,0.25756057260316423,high
S05,c021,test,4,8.0,15,60,60,0.15384615384615385,8.244444444444445,8.155555555555557,8.666666666666666,8.466666666666667,9.2,0.08888888888888857,8.666666666666666,8.355555555555556,0.27307123838765385,high
S05,c021,test,5,7.466666666666667,15,75,75,0.19230769230769232,7.711111111111111,8.244444444444445,8.155555555555557,8.666666666666666,8.466666666666667,-0.5333333333333341,8.244444444444445,8.037037037037038,0.285737800325717,high
S05,c021,test,6,7.133333333333334,15,90,90,0.23076923076923078,7.533333333333334,7.711111111111111,8.244444444444445,8.155555555555557,8.666666666666666,-0.17777777777777715,8.244444444444445,7.82962962962963,0.3700739554606458,high
S05,c021,test,7,7.533333333333333,15,105,105,0.2692307692307692,7.377777777777777,7.533333333333334,7.711111111111111,8.244444444444445,8.155555555555557,-0.15555555555555678,7.711111111111111,7.540740740740741,0.16679007776589314,high
S05,c021,test,8,8.666666666666666,15,120,120,0.3076923076923077,7.777777777777779,7.377777777777777,7.533333333333334,7.711111111111111,8.244444444444445,0.40000000000000124,7.777777777777779,7.562962962962963,0.20163937168616738,high
S05,c021,test,9,8.266666666666667,15,135,135,0.34615384615384615,8.155555555555557,7.777777777777779,7.377777777777777,7.533333333333334,7.711111111111111,0.3777777777777782,8.155555555555557,7.77037037037037,0.38894179534296675,high
S05,c021,test,10,7.333333333333333,15,150,150,0.38461538461538464,8.088888888888889,8.155555555555557,7.777777777777779,7.377777777777777,7.533333333333334,-0.0666666666666682,8.155555555555557,8.007407407407408,0.20163937168616794,high
S05,c021,test,11,7.266666666666667,15,165,165,0.4230769230769231,7.622222222222223,8.088888888888889,8.155555555555557,7.777777777777779,7.377777777777777,-0.4666666666666659,8.155555555555557,7.955555555555556,0.2905932629027134,high
S05,c021,test,12,7.8,15,180,180,0.46153846153846156,7.466666666666666,7.622222222222223,8.088888888888889,8.155555555555557,7.777777777777779,-0.15555555555555678,8.088888888888889,7.725925925925925,0.3238147110280672,high
S05,c021,test,13,7.333333333333333,15,195,195,0.5,7.466666666666666,7.466666666666666,7.622222222222223,8.088888888888889,8.155555555555557,0.0,7.622222222222223,7.518518518518518,0.08981004187395199,high
S05,c021,test,14,8.0,15,210,210,0.5384615384615384,7.711111111111111,7.466666666666666,7.466666666666666,7.622222222222223,8.088888888888889,0.24444444444444535,7.711111111111111,7.5481481481481465,0.14113006580191498,high
S05,c021,test,15,7.6,15,225,225,0.5769230769230769,7.644444444444443,7.711111111111111,7.466666666666666,7.466666666666666,7.622222222222223,-0.0666666666666682,7.711111111111111,7.607407407407407,0.12636090451283596,high
S05,c021,test,16,8.533333333333333,15,240,240,0.6153846153846154,8.044444444444444,7.644444444444443,7.711111111111111,7.466666666666666,7.466666666666666,0.40000000000000124,8.044444444444444,7.8,0.2143033502442904,high
S05,c021,test,17,9.066666666666666,15,255,255,0.6538461538461539,8.4,8.044444444444444,7.644444444444443,7.711111111111111,7.466666666666666,0.35555555555555607,8.4,8.02962962962963,0.3779955799162405,high
S05,c021,test,18,7.666666666666667,15,270,270,0.6923076923076923,8.422222222222222,8.4,8.044444444444444,7.644444444444443,7.711111111111111,0.022222222222222143,8.422222222222222,8.28888888888889,0.21198648920376537,high
S05,c021,test,19,7.466666666666667,15,285,285,0.7307692307692307,8.066666666666666,8.422222222222222,8.4,8.044444444444444,7.644444444444443,-0.35555555555555607,8.422222222222222,8.296296296296296,0.1991752542184992,high
S05,c021,test,20,8.666666666666666,15,300,300,0.7692307692307693,7.933333333333334,8.066666666666666,8.422222222222222,8.4,8.044444444444444,-0.13333333333333286,8.422222222222222,8.14074074074074,0.2527218090256578,high
S05,c021,test,21,7.466666666666667,15,315,315,0.8076923076923077,7.866666666666667,7.933333333333334,8.066666666666666,8.422222222222222,8.4,-0.06666666666666643,8.066666666666666,7.955555555555556,0.10183501544345953,high
S05,c021,test,22,7.8,15,330,330,0.8461538461538461,7.977777777777778,7.866666666666667,7.933333333333334,8.066666666666666,8.422222222222222,0.11111111111111072,7.977777777777778,7.9259259259259265,0.05592469952051792,high
S05,c021,test,23,8.466666666666667,15,345,345,0.8846153846153846,7.911111111111111,7.977777777777778,7.866666666666667,7.933333333333334,8.066666666666666,-0.06666666666666643,7.977777777777778,7.9185185185185185,0.05592469952051792,high
S05,c021,test,24,8.266666666666667,15,360,360,0.9230769230769231,8.177777777777777,7.911111111111111,7.977777777777778,7.866666666666667,7.933333333333334,0.2666666666666657,8.177777777777777,8.022222222222222,0.13877773329773932,high
S05,c021,test,25,7.533333333333333,15,375,375,0.9615384615384616,8.08888888888889,8.177777777777777,7.911111111111111,7.977777777777778,7.866666666666667,-0.0888888888888868,8.177777777777777,8.059259259259258,0.1357800205912814,high
S05,c021,test,26,7.7272727272727275,11,390,390,1.0,7.842424242424243,8.08888888888889,8.177777777777777,7.911111111111111,7.977777777777778,-0.2464646464646476,8.177777777777777,8.036363636363637,0.17373737373737158,high
S05,c022,test,0,6.2,15,0,0,0.0,6.2,,,,,,6.2,6.2,0.0,high
S05,c022,test,1,6.733333333333333,15,15,15,0.03571428571428571,6.466666666666667,6.2,,,,0.2666666666666666,6.466666666666667,6.333333333333334,0.1885618083164123,high
S05,c022,test,2,8.6,15,30,30,0.07142857142857142,7.177777777777777,6.466666666666667,6.2,,,0.7111111111111104,7.177777777777777,6.614814814814815,0.5054436180513173,high
S05,c022,test,3,6.066666666666666,15,45,45,0.10714285714285714,7.133333333333333,7.177777777777777,6.466666666666667,6.2,,-0.04444444444444429,7.177777777777777,6.9259259259259265,0.39835050843699943,high
S05,c022,test,4,6.666666666666667,15,60,60,0.14285714285714285,7.111111111111111,7.133333333333333,7.177777777777777,6.466666666666667,6.2,-0.022222222222222143,7.177777777777777,7.14074074074074,0.03394500514781824,high
S05,c022,test,5,7.4,15,75,75,0.17857142857142858,6.711111111111111,7.111111111111111,7.133333333333333,7.177777777777777,6.466666666666667,-0.39999999999999947,7.133333333333333,6.985185185185185,0.23761503603474654,high
S05,c022,test,6,7.133333333333334,15,90,90,0.21428571428571427,7.066666666666667,6.711111111111111,7.111111111111111,7.133333333333333,7.177777777777777,0.35555555555555607,7.111111111111111,6.962962962962963,0.21923923832516598,high
S05,c022,test,7,7.866666666666666,15,105,105,0.25,7.466666666666666,7.066666666666667,6.711111111111111,7.111111111111111,7.133333333333333,0.3999999999999986,7.466666666666666,7.0814814814814815,0.37799557991623806,high
S05,c022,test,8,7.066666666666666,15,120,120,0.2857142857142857,7.355555555555555,7.466666666666666,7.066666666666667,6.711111111111111,7.111111111111111,-0.11111111111111072,7.466666666666666,7.296296296296297,0.20647940540394288,high
S05,c022,test,9,6.333333333333333,15,135,135,0.32142857142857145,7.088888888888889,7.355555555555555,7.466666666666666,7.066666666666667,6.711111111111111,-0.2666666666666666,7.466666666666666,7.303703703703704,0.19415322106786623,high
S05,c022,test,10,7.2,15,150,150,0.35714285714285715,6.866666666666666,7.088888888888889,7.355555555555555,7.466666666666666,7.066666666666667,-0.22222222222222232,7.355555555555555,7.103703703703704,0.24478091321271475,high
S05,c022,test,11,7.6,15,165,165,0.39285714285714285,7.044444444444444,6.866666666666666,7.088888888888889,7.355555555555555,7.466666666666666,0.17777777777777803,7.088888888888889,7.0,0.1175889471584262,high
S05,c022,test,12,6.466666666666667,15,180,180,0.42857142857142855,7.088888888888889,7.044444444444444,6.866666666666666,7.088888888888889,7.355555555555555,0.04444444444444429,7.088888888888889,7.0,0.1175889471584262,high
S05,c022,test,13,6.6,15,195,195,0.4642857142857143,6.888888888888889,7.088888888888889,7.044444444444444,6.866666666666666,7.088888888888889,-0.1999999999999993,7.088888888888889,7.007407407407407,0.10501812502783521,high
S05,c022,test,14,7.866666666666666,15,210,210,0.5,6.977777777777777,6.888888888888889,7.088888888888889,7.044444444444444,6.866666666666666,0.08888888888888768,7.088888888888889,6.985185185185185,0.10020555006273092,high
S05,c022,test,15,7.0,15,225,225,0.5357142857142857,7.155555555555556,6.977777777777777,6.888888888888889,7.088888888888889,7.044444444444444,0.17777777777777892,7.155555555555556,7.007407407407407,0.13578002059128436,high
S05,c022,test,16,6.866666666666666,15,240,240,0.5714285714285714,7.244444444444444,7.155555555555556,6.977777777777777,6.888888888888889,7.088888888888889,0.08888888888888768,7.244444444444444,7.125925925925926,0.13578002059128366,high
S05,c022,test,17,6.2,15,255,255,0.6071428571428571,6.688888888888889,7.244444444444444,7.155555555555556,6.977777777777777,6.888888888888889,-0.5555555555555545,7.244444444444444,7.029629629629629,0.29841832708864685,high
S05,c022,test,18,7.8,15,270,270,0.6428571428571429,6.955555555555556,6.688888888888889,7.244444444444444,7.155555555555556,6.977777777777777,0.2666666666666666,7.244444444444444,6.962962962962963,0.2778518419779411,high
S05,c022,test,19,8.6,15,285,285,0.6785714285714286,7.533333333333332,6.955555555555556,6.688888888888889,7.244444444444444,7.155555555555556,0.5777777777777766,7.533333333333332,7.059259259259259,0.43166821583210196,high
S05,c022,test,20,6.533333333333333,15,300,300,0.7142857142857143,7.644444444444443,7.533333333333332,6.955555555555556,6.688888888888889,7.244444444444444,0.11111111111111072,7.644444444444443,7.377777777777776,0.3698514883798485,high
S05,c022,test,21,8.066666666666666,15,315,315,0.75,7.733333333333332,7.644444444444443,7.533333333333332,6.955555555555556,6.688888888888889,0.08888888888888857,7.733333333333332,7.637037037037035,0.1002055500627273,high
S05,c022,test,22,7.933333333333334,15,330,330,0.7857142857142857,7.51111111111111,7.733333333333332,7.644444444444443,7.533333333333332,6.955555555555556,-0.22222222222222143,7.733333333333332,7.629629629629629,0.11184939904104493,high
S05,c022,test,23,6.733333333333333,15,345,345,0.8214285714285714,7.577777777777778,7.51111111111111,7.733333333333332,7.644444444444443,7.533333333333332,0.0666666666666682,7.733333333333332,7.607407407407408,0.11403558754326089,high
S05,c022,test,24,6.2,15,360,360,0.8571428571428571,6.955555555555556,7.577777777777778,7.51111111111111,7.733333333333332,7.644444444444443,-0.6222222222222227,7.577777777777778,7.348148148148148,0.3416252609659322,high
S05,c022,test,25,7.333333333333333,15,375,375,0.8928571428571429,6.7555555555555555,6.955555555555556,7.577777777777778,7.51111111111111,7.733333333333332,-0.20000000000000018,7.577777777777778,7.096296296296297,0.42879868558241035,high
S05,c022,test,26,7.133333333333334,15,390,390,0.9285714285714286,6.888888888888888,6.7555555555555555,6.955555555555556,7.577777777777778,7.51111111111111,0.13333333333333286,6.955555555555556,6.866666666666667,0.10183501544347047,high
S05,c022,test,27,8.6,15,405,405,0.9642857142857143,7.688888888888889,6.888888888888888,6.7555555555555555,6.955555555555556,7.577777777777778,0.8000000000000007,7.688888888888889,7.111111111111111,0.5047918529600256,high
S05,c022,test,28,8.5,8,420,420,1.0,8.077777777777778,7.688888888888889,6.888888888888888,6.7555555555555555,6.955555555555556,0.3888888888888884,8.077777777777778,7.551851851851851,0.6061753538958693,high
S05,c023,test,0,1.1333333333333333,15,0,0,0.0,1.1333333333333333,,,,,,1.1333333333333333,1.1333333333333333,0.0,low
S05,c023,test,1,1.0666666666666667,15,15,15,0.03571428571428571,1.1,1.1333333333333333,,,,-0.033333333333333215,1.1333333333333333,1.1166666666666667,0.0235702260395515,low
S05,c023,test,2,1.6,15,30,30,0.07142857142857142,1.2666666666666666,1.1,1.1333333333333333,,,0.16666666666666652,1.2666666666666666,1.1666666666666667,0.08819171036881959,low
S05,c023,test,3,2.7333333333333334,15,45,45,0.10714285714285714,1.8,1.2666666666666666,1.1,1.1333333333333333,,0.5333333333333334,1.8,1.388888888888889,0.3656551704867628,low
S05,c023,test,4,0.4666666666666667,15,60,60,0.14285714285714285,1.5999999999999999,1.8,1.2666666666666666,1.1,1.1333333333333333,-0.20000000000000018,1.8,1.5555555555555554,0.26943012562182506,low
S05,c023,test,5,1.2,15,75,75,0.17857142857142858,1.4666666666666666,1.5999999999999999,1.8,1.2666666666666666,1.1,-0.1333333333333333,1.8,1.622222222222222,0.16777409856157152,low
S05,c023,test,6,1.8666666666666667,15,90,90,0.21428571428571427,1.1777777777777776,1.4666666666666666,1.5999999999999999,1.8,1.2666666666666666,-0.288888888888889,1.5999999999999999,1.4148148148148147,0.2158341079160512,low
S05,c023,test,7,1.2,15,105,105,0.25,1.4222222222222218,1.1777777777777776,1.4666666666666666,1.5999999999999999,1.8,0.24444444444444424,1.4666666666666666,1.3555555555555554,0.15555555555555545,low
S05,c023,test,8,1.0666666666666667,15,120,120,0.2857142857142857,1.3777777777777775,1.4222222222222218,1.1777777777777776,1.4666666666666666,1.5999999999999999,-0.04444444444444429,1.4222222222222218,1.3259259259259257,0.13021033949071806,low
S05,c023,test,9,0.0,15,135,135,0.32142857142857145,0.7555555555555554,1.3777777777777775,1.4222222222222218,1.1777777777777776,1.4666666666666666,-0.6222222222222221,1.4222222222222218,1.185185185185185,0.3727332037158259,low
S05,c023,test,10,1.0,15,150,150,0.35714285714285715,0.6888888888888888,0.7555555555555554,1.3777777777777775,1.4222222222222218,1.1777777777777776,-0.06666666666666665,1.3777777777777775,0.9407407407407407,0.3799501808365087,low
S05,c023,test,11,1.0,15,165,165,0.39285714285714285,0.6666666666666665,0.6888888888888888,0.7555555555555554,1.3777777777777775,1.4222222222222218,-0.022222222222222254,0.7555555555555554,0.7037037037037036,0.046259244432586076,low
S05,c023,test,12,1.4,15,180,180,0.42857142857142855,1.133333333333333,0.6666666666666665,0.6888888888888888,0.7555555555555554,1.3777777777777775,0.46666666666666656,1.133333333333333,0.8296296296296294,0.26324971324321345,low
S05,c023,test,13,2.8,15,195,195,0.4642857142857143,1.7333333333333332,1.133333333333333,0.6666666666666665,0.6888888888888888,0.7555555555555554,0.6000000000000001,1.7333333333333332,1.1777777777777776,0.5347204184673764,low
S05,c023,test,14,1.4666666666666666,15,210,210,0.5,1.8888888888888886,1.7333333333333332,1.133333333333333,0.6666666666666665,0.6888888888888888,0.15555555555555545,1.8888888888888886,1.5851851851851848,0.3989698669480067,low
S05,c023,test,15,1.0,15,225,225,0.5357142857142857,1.7555555555555553,1.8888888888888886,1.7333333333333332,1.133333333333333,0.6666666666666665,-0.1333333333333333,1.8888888888888886,1.7925925925925925,0.08413197549333533,low
S05,c023,test,16,0.7333333333333333,15,240,240,0.5714285714285714,1.0666666666666664,1.7555555555555553,1.8888888888888886,1.7333333333333332,1.133333333333333,-0.6888888888888889,1.8888888888888886,1.5703703703703702,0.44128506692167335,low
S05,c023,test,17,0.7333333333333333,15,255,255,0.6071428571428571,0.822222222222222,1.0666666666666664,1.7555555555555553,1.8888888888888886,1.7333333333333332,-0.24444444444444446,1.7555555555555553,1.2148148148148146,0.4839821103383598,low
S05,c023,test,18,1.1333333333333333,15,270,270,0.6428571428571429,0.8666666666666666,0.822222222222222,1.0666666666666664,1.7555555555555553,1.8888888888888886,0.04444444444444462,1.0666666666666664,0.9185185185185184,0.13021033949072067,low
S05,c023,test,19,1.5333333333333334,15,285,285,0.6785714285714286,1.133333333333333,0.8666666666666666,0.822222222222222,1.0666666666666664,1.7555555555555553,0.2666666666666665,1.133333333333333,0.9407407407407405,0.16826395098667662,low
S05,c023,test,20,0.6,15,300,300,0.7142857142857143,1.0888888888888888,1.133333333333333,0.8666666666666666,0.822222222222222,1.0666666666666664,-0.04444444444444429,1.133333333333333,1.0296296296296295,0.14286890016286036,low
S05,c023,test,21,1.0666666666666667,15,315,315,0.75,1.0666666666666664,1.0888888888888888,1.133333333333333,0.8666666666666666,0.822222222222222,-0.022222222222222365,1.133333333333333,1.0962962962962959,0.033945005147827514,low
S05,c023,test,22,1.0666666666666667,15,330,330,0.7857142857142857,0.9111111111111109,1.0666666666666664,1.0888888888888888,1.133333333333333,0.8666666666666666,-0.15555555555555556,1.0888888888888888,1.022222222222222,0.09686442096757344,low
S05,c023,test,23,0.8,15,345,345,0.8214285714285714,0.9777777777777775,0.9111111111111109,1.0666666666666664,1.0888888888888888,1.133333333333333,0.06666666666666665,1.0666666666666664,0.9851851851851849,0.07804187965076499,low
S05,c023,test,24,0.2,15,360,360,0.8571428571428571,0.6888888888888888,0.9777777777777775,0.9111111111111109,1.0666666666666664,1.0888888888888888,-0.28888888888888875,0.9777777777777775,0.8592592592592591,0.15126353967898148,low
S05,c023,test,25,0.6,15,375,375,0.8928571428571429,0.5333333333333332,0.6888888888888888,0.9777777777777775,0.9111111111111109,1.0666666666666664,-0.15555555555555556,0.9777777777777775,0.7333333333333331,0.22553092366871821,low
S05,c023,test,26,0.8,15,390,390,0.9285714285714286,0.5333333333333332,0.5333333333333332,0.6888888888888888,0.9777777777777775,0.9111111111111109,0.0,0.6888888888888888,0.585185185185185,0.0898100418739489,low
S05,c023,test,27,0.8666666666666667,15,405,405,0.9642857142857143,0.7555555555555555,0.5333333333333332,0.5333333333333332,0.6888888888888888,0.9777777777777775,0.22222222222222232,0.7555555555555555,0.6074074074074073,0.1283000598199169,low
S05,c023,test,28,2.1666666666666665,6,420,420,1.0,1.2777777777777775,0.7555555555555555,0.5333333333333332,0.5333333333333332,0.6888888888888888,0.5222222222222219,1.2777777777777775,0.8555555555555555,0.3821640782648852,low
S05,c024,test,0,0.06666666666666667,15,0,0,0.0,0.06666666666666667,,,,,,0.06666666666666667,0.06666666666666667,0.0,low
S05,c024,test,1,0.3333333333333333,15,15,15,0.03571428571428571,0.19999999999999998,0.06666666666666667,,,,0.1333333333333333,0.19999999999999998,0.13333333333333333,0.09428090415820634,low
S05,c024,test,2,0.0,15,30,30,0.07142857142857142,0.13333333333333333,0.19999999999999998,0.06666666666666667,,,-0.06666666666666665,0.19999999999999998,0.13333333333333333,0.06666666666666667,low
S05,c024,test,3,1.0,15,45,45,0.10714285714285714,0.4444444444444444,0.13333333333333333,0.19999999999999998,0.06666666666666667,,0.3111111111111111,0.4444444444444444,0.25925925925925924,0.16380255101848876,low
S05,c024,test,4,0.0,15,60,60,0.14285714285714285,0.3333333333333333,0.4444444444444444,0.13333333333333333,0.19999999999999998,0.06666666666666667,-0.1111111111111111,0.4444444444444444,0.3037037037037037,0.1576577529910575,low
S05,c024,test,5,0.3333333333333333,15,75,75,0.17857142857142858,0.4444444444444444,0.3333333333333333,0.4444444444444444,0.13333333333333333,0.19999999999999998,0.1111111111111111,0.4444444444444444,0.4074074074074074,0.06415002990995844,low
S05,c024,test,6,1.1333333333333333,15,90,90,0.21428571428571427,0.4888888888888889,0.4444444444444444,0.3333333333333333,0.4444444444444444,0.13333333333333333,0.04444444444444445,0.4888888888888889,0.4222222222222222,0.08012336167697758,low
S05,c024,test,7,0.26666666666666666,15,105,105,0.25,0.5777777777777777,0.4888888888888889,0.4444444444444444,0.3333333333333333,0.4444444444444444,0.08888888888888885,0.5777777777777777,0.5037037037037037,0.06789001029564218,low
S05,c024,test,8,0.26666666666666666,15,120,120,0.2857142857142857,0.5555555555555555,0.5777777777777777,0.4888888888888889,0.4444444444444444,0.3333333333333333,-0.022222222222222254,0.5777777777777777,0.5407407407407407,0.046259244432580914,low
S05,c024,test,9,0.06666666666666667,15,135,135,0.32142857142857145,0.19999999999999998,0.5555555555555555,0.5777777777777777,0.4888888888888889,0.4444444444444444,-0.3555555555555555,0.5777777777777777,0.4444444444444444,0.2119864892037657,low
S05,c024,test,10,0.3333333333333333,15,150,150,0.35714285714285715,0.2222222222222222,0.19999999999999998,0.5555555555555555,0.5777777777777777,0.4888888888888889,0.022222222222222227,0.5555555555555555,0.3259259259259259,0.1991752542185,low
S05,c024,test,11,0.13333333333333333,15,165,165,0.39285714285714285,0.17777777777777778,0.2222222222222222,0.19999999999999998,0.5555555555555555,0.5777777777777777,-0.044444444444444425,0.2222222222222222,0.19999999999999998,0.0222222222222218,low
S05,c024,test,12,1.3333333333333333,15,180,180,0.42857142857142855,0.6,0.17777777777777778,0.2222222222222222,0.19999999999999998,0.5555555555555555,0.42222222222222217,0.6,0.3333333333333333,0.23200681130912332,low
S05,c024,test,13,1.1333333333333333,15,195,195,0.4642857142857143,0.8666666666666667,0.6,0.17777777777777778,0.2222222222222222,0.19999999999999998,0.2666666666666667,0.8666666666666667,0.5481481481481482,0.34735923222795134,low
S05,c024,test,14,0.5333333333333333,15,210,210,0.5,1.0,0.8666666666666667,0.6,0.17777777777777778,0.2222222222222222,0.1333333333333333,1.0,0.8222222222222223,0.20367003088692662,low
S05,c024,test,15,0.4,15,225,225,0.5357142857142857,0.688888888888889,1.0,0.8666666666666667,0.6,0.17777777777777778,-0.311111111111111,1.0,0.8518518518518517,0.15608375930152257,low
S05,c024,test,16,0.13333333333333333,15,240,240,0.5714285714285714,0.3555555555555556,0.688888888888889,1.0,0.8666666666666667,0.6,-0.33333333333333337,1.0,0.6814814814814815,0.32228607285640154,low
S05,c024,test,17,0.4666666666666667,15,255,255,0.6071428571428571,0.3333333333333334,0.3555555555555556,0.688888888888889,1.0,0.8666666666666667,-0.0222222222222222,0.688888888888889,0.45925925925925926,0.19917525421850021,low
S05,c024,test,18,0.26666666666666666,15,270,270,0.6428571428571429,0.288888888888889,0.3333333333333334,0.3555555555555556,0.688888888888889,1.0,-0.04444444444444445,0.3555555555555556,0.32592592592592595,0.033945005147821415,low
S05,c024,test,19,0.26666666666666666,15,285,285,0.6785714285714286,0.3333333333333334,0.288888888888889,0.3333333333333334,0.3555555555555556,0.688888888888889,0.04444444444444445,0.3333333333333334,0.3185185185185186,0.025660011963983834,low
S05,c024,test,20,0.26666666666666666,15,300,300,0.7142857142857143,0.26666666666666666,0.3333333333333334,0.288888888888889,0.3333333333333334,0.3555555555555556,-0.06666666666666676,0.3333333333333334,0.2962962962962963,0.033945005147821304,low
S05,c024,test,21,0.2,15,315,315,0.75,0.24444444444444455,0.26666666666666666,0.3333333333333334,0.288888888888889,0.3333333333333334,-0.022222222222222116,0.3333333333333334,0.2814814814814815,0.04625924443258083,low
S05,c024,test,22,0.26666666666666666,15,330,330,0.7857142857142857,0.24444444444444455,0.24444444444444455,0.26666666666666666,0.3333333333333334,0.288888888888889,0.0,0.26666666666666666,0.2518518518518519,0.012830005981991398,low
S05,c024,test,23,0.2,15,345,345,0.8214285714285714,0.22222222222222232,0.24444444444444455,0.24444444444444455,0.26666666666666666,0.3333333333333334,-0.022222222222222227,0.24444444444444455,0.23703703703703707,0.012830005981991683,low
S05,c024,test,24,0.3333333333333333,15,360,360,0.8571428571428571,0.2666666666666668,0.22222222222222232,0.24444444444444455,0.24444444444444455,0.26666666666666666,0.04444444444444445,0.2666666666666668,0.2444444444444445,0.022222222222222227,low
S05,c024,test,25,0.0,15,375,375,0.8928571428571429,0.1777777777777779,0.2666666666666668,0.22222222222222232,0.24444444444444455,0.24444444444444455,-0.08888888888888888,0.2666666666666668,0.2222222222222223,0.04444444444444443,low
S05,c024,test,26,0.26666666666666666,15,390,390,0.9285714285714286,0.20000000000000007,0.1777777777777779,0.2666666666666668,0.22222222222222232,0.24444444444444455,0.02222222222222217,0.2666666666666668,0.21481481481481488,0.046259244432580726,low
S05,c024,test,27,0.2,15,405,405,0.9642857142857143,0.15555555555555564,0.20000000000000007,0.1777777777777779,0.2666666666666668,0.22222222222222232,-0.044444444444444425,0.20000000000000007,0.1777777777777778,0.02222222222222218,low
S05,c024,test,28,0.6,10,420,420,1.0,0.3555555555555556,0.15555555555555564,0.20000000000000007,0.1777777777777779,0.2666666666666668,0.19999999999999998,0.3555555555555556,0.23703703703703707,0.10501812502783572,low
S05,c025,test,0,0.5333333333333333,15,0,0,0.0,0.5333333333333333,,,,,,0.5333333333333333,0.5333333333333333,0.0,low
S05,c025,test,1,0.3333333333333333,15,15,15,0.03571428571428571,0.43333333333333335,0.5333333333333333,,,,-0.09999999999999998,0.5333333333333333,0.48333333333333334,0.07071067811865474,low
S05,c025,test,2,0.4666666666666667,15,30,30,0.07142857142857142,0.4444444444444444,0.43333333333333335,0.5333333333333333,,,0.011111111111111072,0.5333333333333333,0.4703703703703703,0.054809809581291634,low
S05,c025,test,3,1.8,15,45,45,0.10714285714285714,0.8666666666666667,0.4444444444444444,0.43333333333333335,0.5333333333333333,,0.4222222222222223,0.8666666666666667,0.5814814814814815,0.24704009104670066,low
S05,c025,test,4,0.06666666666666667,15,60,60,0.14285714285714285,0.7777777777777777,0.8666666666666667,0.4444444444444444,0.43333333333333335,0.5333333333333333,-0.08888888888888902,0.8666666666666667,0.6962962962962962,0.2225922844639514,low
S05,c025,test,5,0.8666666666666667,15,75,75,0.17857142857142858,0.9111111111111111,0.7777777777777777,0.8666666666666667,0.4444444444444444,0.43333333333333335,0.13333333333333341,0.9111111111111111,0.8518518518518517,0.06789001029564201,low
S05,c025,test,6,2.466666666666667,15,90,90,0.21428571428571427,1.1333333333333335,0.9111111111111111,0.7777777777777777,0.8666666666666667,0.4444444444444444,0.22222222222222243,1.1333333333333335,0.9407407407407408,0.17962008374788366,low
S05,c025,test,7,1.2,15,105,105,0.25,1.511111111111111,1.1333333333333335,0.9111111111111111,0.7777777777777777,0.8666666666666667,0.37777777777777755,1.511111111111111,1.1851851851851853,0.3033421515473076,low
S05,c025,test,8,1.2,15,120,120,0.2857142857142857,1.6222222222222225,1.511111111111111,1.1333333333333335,0.9111111111111111,0.7777777777777777,0.11111111111111138,1.6222222222222225,1.4222222222222225,0.25627916877046186,low
S05,c025,test,9,0.3333333333333333,15,135,135,0.32142857142857145,0.9111111111111113,1.6222222222222225,1.511111111111111,1.1333333333333335,0.9111111111111111,-0.7111111111111111,1.6222222222222225,1.3481481481481483,0.3825407802570474,low
S05,c025,test,10,1.0,15,150,150,0.35714285714285715,0.8444444444444446,0.9111111111111113,1.6222222222222225,1.511111111111111,1.1333333333333335,-0.06666666666666676,1.6222222222222225,1.125925925925926,0.43109583783559885,low
S05,c025,test,11,0.8666666666666667,15,165,165,0.39285714285714285,0.7333333333333334,0.8444444444444446,0.9111111111111113,1.6222222222222225,1.511111111111111,-0.11111111111111116,0.9111111111111113,0.8296296296296298,0.08981004187394195,low
S05,c025,test,12,0.4666666666666667,15,180,180,0.42857142857142855,0.777777777777778,0.7333333333333334,0.8444444444444446,0.9111111111111113,1.6222222222222225,0.04444444444444462,0.8444444444444446,0.7851851851851853,0.055924699520524326,low
S05,c025,test,13,1.1333333333333333,15,195,195,0.4642857142857143,0.8222222222222224,0.777777777777778,0.7333333333333334,0.8444444444444446,0.9111111111111113,0.0444444444444444,0.8222222222222224,0.777777777777778,0.04444444444444485,low
S05,c025,test,14,0.9333333333333333,15,210,210,0.5,0.8444444444444447,0.8222222222222224,0.777777777777778,0.7333333333333334,0.8444444444444446,0.022222222222222254,0.8444444444444447,0.814814814814815,0.03394500514782138,low
S05,c025,test,15,0.8,15,225,225,0.5357142857142857,0.9555555555555557,0.8444444444444447,0.8222222222222224,0.777777777777778,0.7333333333333334,0.11111111111111105,0.9555555555555557,0.8740740740740742,0.07143445008142933,low
S05,c025,test,16,1.6,15,240,240,0.5714285714285714,1.1111111111111114,0.9555555555555557,0.8444444444444447,0.8222222222222224,0.777777777777778,0.15555555555555567,1.1111111111111114,0.9703703703703707,0.13394919496314903,low
S05,c025,test,17,0.2,15,255,255,0.6071428571428571,0.8666666666666668,1.1111111111111114,0.9555555555555557,0.8444444444444447,0.8222222222222224,-0.24444444444444458,1.1111111111111114,0.977777777777778,0.12372809695177826,low
S05,c025,test,18,0.9333333333333333,15,270,270,0.6428571428571429,0.9111111111111113,0.8666666666666668,1.1111111111111114,0.9555555555555557,0.8444444444444447,0.04444444444444451,1.1111111111111114,0.9629629629629632,0.13021033949071814,low
S05,c025,test,19,1.1333333333333333,15,285,285,0.6785714285714286,0.7555555555555556,0.9111111111111113,0.8666666666666668,1.1111111111111114,0.9555555555555557,-0.15555555555555567,0.9111111111111113,0.8444444444444446,0.08012336167697767,low
S05,c025,test,20,0.5333333333333333,15,300,300,0.7142857142857143,0.8666666666666667,0.7555555555555556,0.9111111111111113,0.8666666666666668,1.1111111111111114,0.11111111111111105,0.9111111111111113,0.8444444444444446,0.08012336167697766,low
S05,c025,test,21,0.7333333333333333,15,315,315,0.75,0.8000000000000002,0.8666666666666667,0.7555555555555556,0.9111111111111113,0.8666666666666668,-0.06666666666666654,0.8666666666666667,0.8074074074074075,0.05592469952052426,low
S05,c025,test,22,0.26666666666666666,15,330,330,0.7857142857142857,0.5111111111111112,0.8000000000000002,0.8666666666666667,0.7555555555555556,0.9111111111111113,-0.288888888888889,0.8666666666666667,0.725925925925926,0.18899778995811972,low
S05,c025,test,23,0.6666666666666666,15,345,345,0.8214285714285714,0.5555555555555557,0.5111111111111112,0.8000000000000002,0.8666666666666667,0.7555555555555556,0.04444444444444451,0.8000000000000002,0.6222222222222223,0.15555555555555578,low
S05,c025,test,24,0.8,15,360,360,0.8571428571428571,0.577777777777778,0.5555555555555557,0.5111111111111112,0.8000000000000002,0.8666666666666667,0.022222222222222254,0.577777777777778,0.5481481481481483,0.033945005147822435,low
S05,c025,test,25,0.9333333333333333,15,375,375,0.8928571428571429,0.8000000000000002,0.577777777777778,0.5555555555555557,0.5111111111111112,0.8000000000000002,0.2222222222222222,0.8000000000000002,0.6444444444444447,0.135172500673294,low
S05,c025,test,26,0.4666666666666667,15,390,390,0.9285714285714286,0.7333333333333335,0.8000000000000002,0.577777777777778,0.5555555555555557,0.5111111111111112,-0.06666666666666665,0.8000000000000002,0.7037037037037038,0.11403558754326427,low
S05,c025,test,27,1.1333333333333333,15,405,405,0.9642857142857143,0.8444444444444447,0.7333333333333335,0.8000000000000002,0.577777777777778,0.5555555555555557,0.11111111111111116,0.8444444444444447,0.7925925925925927,0.055924699520524285,low
S05,c025,test,28,0.75,8,420,420,1.0,0.7833333333333335,0.8444444444444447,0.7333333333333335,0.8000000000000002,0.577777777777778,-0.061111111111111116,0.8444444444444447,0.7870370370370372,0.055648071115988074,low
S05,c026,test,0,9.6,15,0,0,0.0,9.6,,,,,,9.6,9.6,0.0,high
S05,c026,test,1,7.866666666666666,15,15,15,0.037037037037037035,8.733333333333333,9.6,,,,-0.8666666666666671,9.6,9.166666666666666,0.6128258770283416,high
S05,c026,test,2,9.8,15,30,30,0.07407407407407407,9.088888888888889,8.733333333333333,9.6,,,0.35555555555555607,9.6,9.14074074074074,0.43565380600096654,high
S05,c026,test,3,10.066666666666666,15,45,45,0.1111111111111111,9.244444444444444,9.088888888888889,8.733333333333333,9.6,,0.155555555555555,9.244444444444444,9.022222222222222,0.26199613605670263,high
S05,c026,test,4,8.533333333333333,15,60,60,0.14814814814814814,9.466666666666667,9.244444444444444,9.088888888888889,8.733333333333333,9.6,0.2222222222222232,9.466666666666667,9.266666666666666,0.18986674989594407,high
S05,c026,test,5,8.133333333333333,15,75,75,0.18518518518518517,8.911111111111111,9.466666666666667,9.244444444444444,9.088888888888889,8.733333333333333,-0.5555555555555554,9.466666666666667,9.207407407407407,0.27962349760262,high
S05,c026,test,6,11.066666666666666,15,90,90,0.2222222222222222,9.244444444444445,8.911111111111111,9.466666666666667,9.244444444444444,9.088888888888889,0.3333333333333339,9.466666666666667,9.207407407407407,0.2796234976026201,high
S05,c026,test,7,8.866666666666667,15,105,105,0.25925925925925924,9.355555555555556,9.244444444444445,8.911111111111111,9.466666666666667,9.244444444444444,0.11111111111111072,9.355555555555556,9.170370370370371,0.23129622216290419,high
S05,c026,test,8,9.533333333333333,15,120,120,0.2962962962962963,9.822222222222223,9.355555555555556,9.244444444444445,8.911111111111111,9.466666666666667,0.4666666666666668,9.822222222222223,9.474074074074075,0.3065807716529613,high
S05,c026,test,9,9.133333333333333,15,135,135,0.3333333333333333,9.177777777777777,9.822222222222223,9.355555555555556,9.244444444444445,8.911111111111111,-0.6444444444444457,9.822222222222223,9.45185185185185,0.3328391398320148,high
S05,c026,test,10,7.333333333333333,15,150,150,0.37037037037037035,8.666666666666666,9.177777777777777,9.822222222222223,9.355555555555556,9.244444444444445,-0.5111111111111111,9.822222222222223,9.222222222222223,0.5790584098131282,high
S05,c026,test,11,8.933333333333334,15,165,165,0.4074074074074074,8.466666666666667,8.666666666666666,9.177777777777777,9.822222222222223,9.355555555555556,-0.1999999999999993,9.177777777777777,8.77037037037037,0.36672277909589573,high
S05,c026,test,12,9.533333333333333,15,180,180,0.4444444444444444,8.6,8.466666666666667,8.666666666666666,9.177777777777777,9.822222222222223,0.13333333333333286,8.666666666666666,8.577777777777778,0.10183501544345173,high
S05,c026,test,13,8.266666666666667,15,195,195,0.48148148148148145,8.911111111111111,8.6,8.466666666666667,8.666666666666666,9.177777777777777,0.3111111111111118,8.911111111111111,8.65925925925926,0.228071175086524,high
S05,c026,test,14,10.6,15,210,210,0.5185185185185185,9.466666666666667,8.911111111111111,8.6,8.466666666666667,8.666666666666666,0.5555555555555554,9.466666666666667,8.992592592592594,0.4390412300070355,high
S05,c026,test,15,8.4,15,225,225,0.5555555555555556,9.08888888888889,9.466666666666667,8.911111111111111,8.6,8.466666666666667,-0.37777777777777644,9.466666666666667,9.155555555555557,0.2837143407734172,high
S05,c026,test,16,7.533333333333333,15,240,240,0.5925925925925926,8.844444444444443,9.08888888888889,9.466666666666667,8.911111111111111,8.6,-0.24444444444444713,9.466666666666667,9.133333333333333,0.31348302177035514,high
S05,c026,test,17,8.133333333333333,15,255,255,0.6296296296296297,8.022222222222222,8.844444444444443,9.08888888888889,9.466666666666667,8.911111111111111,-0.8222222222222211,9.08888888888889,8.651851851851852,0.5588053100012529,high
S05,c026,test,18,6.8,15,270,270,0.6666666666666666,7.488888888888888,8.022222222222222,8.844444444444443,9.08888888888889,9.466666666666667,-0.5333333333333341,8.844444444444443,8.118518518518519,0.6828890455701183,high
S05,c026,test,19,8.333333333333334,15,285,285,0.7037037037037037,7.7555555555555555,7.488888888888888,8.022222222222222,8.844444444444443,9.08888888888889,0.2666666666666675,8.022222222222222,7.7555555555555555,0.2666666666666592,high
S05,c026,test,20,9.533333333333333,15,300,300,0.7407407407407407,8.222222222222223,7.7555555555555555,7.488888888888888,8.022222222222222,8.844444444444443,0.4666666666666677,8.222222222222223,7.822222222222223,0.37118429085533006,high
S05,c026,test,21,7.466666666666667,15,315,315,0.7777777777777778,8.444444444444445,8.222222222222223,7.7555555555555555,7.488888888888888,8.022222222222222,0.22222222222222143,8.444444444444445,8.14074074074074,0.3515983492238708,high
S05,c026,test,22,6.8,15,330,330,0.8148148148148148,7.933333333333334,8.444444444444445,8.222222222222223,7.7555555555555555,7.488888888888888,-0.5111111111111111,8.444444444444445,8.200000000000001,0.2562791687704549,high
S05,c026,test,23,6.333333333333333,15,345,345,0.8518518518518519,6.866666666666667,7.933333333333334,8.444444444444445,8.222222222222223,7.7555555555555555,-1.0666666666666664,8.444444444444445,7.748148148148149,0.8050253683092206,high
S05,c026,test,24,7.733333333333333,15,360,360,0.8888888888888888,6.955555555555556,6.866666666666667,7.933333333333334,8.444444444444445,8.222222222222223,0.08888888888888857,7.933333333333334,7.251851851851852,0.5918513883092784,high
S05,c026,test,25,8.4,15,375,375,0.9259259259259259,7.48888888888889,6.955555555555556,6.866666666666667,7.933333333333334,8.444444444444445,0.5333333333333341,7.48888888888889,7.1037037037037045,0.336527901973349,high
S05,c026,test,26,8.4,15,390,390,0.9629629629629629,8.177777777777779,7.48888888888889,6.955555555555556,6.866666666666667,7.933333333333334,0.6888888888888891,8.177777777777779,7.540740740740741,0.6127587217076593,high
S05,c026,test,27,7.230769230769231,13,405,405,1.0,8.010256410256412,8.177777777777779,7.48888888888889,6.955555555555556,6.866666666666667,-0.16752136752136693,8.177777777777779,7.892307692307694,0.3592713464193154,high
S05,c027,test,0,7.333333333333333,15,0,0,0.0,7.333333333333333,,,,,,7.333333333333333,7.333333333333333,0.0,high
S05,c027,test,1,7.333333333333333,15,15,15,0.04,7.333333333333333,7.333333333333333,,,,0.0,7.333333333333333,7.333333333333333,0.0,high
S05,c027,test,2,5.866666666666666,15,30,30,0.08,6.844444444444444,7.333333333333333,7.333333333333333,,,-0.48888888888888893,7.333333333333333,7.17037037037037,0.2822601316038171,high
S05,c027,test,3,6.0,15,45,45,0.12,6.3999999999999995,6.844444444444444,7.333333333333333,7.333333333333333,,-0.44444444444444464,7.333333333333333,6.859259259259258,0.46684300019522185,high
S05,c027,test,4,6.933333333333334,15,60,60,0.16,6.266666666666667,6.3999999999999995,6.844444444444444,7.333333333333333,7.333333333333333,-0.13333333333333286,6.844444444444444,6.503703703703703,0.30252707935795775,high
S05,c027,test,5,6.866666666666666,15,75,75,0.2,6.599999999999999,6.266666666666667,6.3999999999999995,6.844444444444444,7.333333333333333,0.33333333333333215,6.599999999999999,6.422222222222222,0.16777409856157197,high
S05,c027,test,6,7.6,15,90,90,0.24,7.133333333333333,6.599999999999999,6.266666666666667,6.3999999999999995,6.844444444444444,0.5333333333333341,7.133333333333333,6.666666666666667,0.43716256828680067,high
S05,c027,test,7,6.8,15,105,105,0.28,7.088888888888889,7.133333333333333,6.599999999999999,6.266666666666667,6.3999999999999995,-0.04444444444444429,7.133333333333333,6.940740740740741,0.2959256941546426,high
S05,c027,test,8,6.333333333333333,15,120,120,0.32,6.911111111111111,7.088888888888889,7.133333333333333,6.599999999999999,6.266666666666667,-0.17777777777777715,7.133333333333333,7.044444444444444,0.11758894715843364,high
S05,c027,test,9,8.2,15,135,135,0.36,7.111111111111111,6.911111111111111,7.088888888888889,7.133333333333333,6.599999999999999,0.1999999999999993,7.111111111111111,7.037037037037037,0.10961961916259132,high
S05,c027,test,10,9.266666666666667,15,150,150,0.4,7.933333333333333,7.111111111111111,6.911111111111111,7.088888888888889,7.133333333333333,0.822222222222222,7.933333333333333,7.318518518518519,0.5417545037993073,high
S05,c027,test,11,9.733333333333333,15,165,165,0.44,9.066666666666666,7.933333333333333,7.111111111111111,6.911111111111111,7.088888888888889,1.1333333333333337,9.066666666666666,8.037037037037036,0.9818936940104326,high
S05,c027,test,12,8.733333333333333,15,180,180,0.48,9.244444444444445,9.066666666666666,7.933333333333333,7.111111111111111,6.911111111111111,0.17777777777777892,9.244444444444445,8.748148148148148,0.7112268424343825,high
S05,c027,test,13,8.8,15,195,195,0.52,9.088888888888889,9.244444444444445,9.066666666666666,7.933333333333333,7.111111111111111,-0.15555555555555678,9.244444444444445,9.133333333333333,0.09686442096758974,high
S05,c027,test,14,10.2,15,210,210,0.56,9.244444444444445,9.088888888888889,9.244444444444445,9.066666666666666,7.933333333333333,0.15555555555555678,9.244444444444445,9.192592592592593,0.08981004187396187,high
S05,c027,test,15,9.933333333333334,15,225,225,0.6,9.644444444444444,9.244444444444445,9.088888888888889,9.244444444444445,9.066666666666666,0.3999999999999986,9.644444444444444,9.325925925925928,0.28660062403190345,high
S05,c027,test,16,9.2,15,240,240,0.64,9.777777777777779,9.644444444444444,9.244444444444445,9.088888888888889,9.244444444444445,0.13333333333333464,9.777777777777779,9.555555555555557,0.27755546659549035,high
S05,c027,test,17,9.866666666666667,15,255,255,0.68,9.666666666666666,9.777777777777779,9.644444444444444,9.244444444444445,9.088888888888889,-0.11111111111111249,9.777777777777779,9.696296296296296,0.07143445008145617,high
S05,c027,test,18,8.666666666666666,15,270,270,0.72,9.244444444444445,9.666666666666666,9.777777777777779,9.644444444444444,9.244444444444445,-0.4222222222222207,9.777777777777779,9.562962962962963,0.28138399871441466,high
S05,c027,test,19,9.666666666666666,15,285,285,0.76,9.399999999999999,9.244444444444445,9.666666666666666,9.777777777777779,9.644444444444444,0.15555555555555323,9.666666666666666,9.437037037037037,0.21353385637629785,high
S05,c027,test,20,8.533333333333333,15,300,300,0.8,8.955555555555554,9.399999999999999,9.244444444444445,9.666666666666666,9.777777777777779,-0.44444444444444464,9.399999999999999,9.2,0.22553092366872482,high
S05,c027,test,21,8.666666666666666,15,315,315,0.84,8.955555555555556,8.955555555555554,9.399999999999999,9.244444444444445,9.666666666666666,1.7763568394002505e-15,9.399999999999999,9.103703703703703,0.2566001196398409,high
S05,c027,test,22,11.6,15,330,330,0.88,9.6,8.955555555555556,8.955555555555554,9.399999999999999,9.244444444444445,0.6444444444444439,9.6,9.170370370370371,0.3720701734777583,high
S05,c027,test,23,11.333333333333334,15,345,345,0.92,10.533333333333333,9.6,8.955555555555556,8.955555555555554,9.399999999999999,0.9333333333333336,10.533333333333333,9.696296296296296,0.7932845715899385,high
S05,c027,test,24,12.0,15,360,360,0.96,11.644444444444446,10.533333333333333,9.6,8.955555555555556,8.955555555555554,1.1111111111111125,11.644444444444446,10.592592592592593,1.0235096562616814,high
S05,c027,test,25,11.4,10,375,375,1.0,11.577777777777778,11.644444444444446,10.533333333333333,9.6,8.955555555555556,-0.0666666666666682,11.644444444444446,11.251851851851852,0.6231474602384603,high
S05,c028,test,0,3.4,15,0,0,0.0,3.4,,,,,,3.4,3.4,0.0,moderate
S05,c028,test,1,4.4,15,15,15,0.04,3.9000000000000004,3.4,,,,0.5000000000000004,3.9000000000000004,3.6500000000000004,0.3535533905932739,high
S05,c028,test,2,3.2666666666666666,15,30,30,0.08,3.6888888888888887,3.9000000000000004,3.4,,,-0.2111111111111117,3.9000000000000004,3.662962962962963,0.25100620555344344,high
S05,c028,test,3,3.933333333333333,15,45,45,0.12,3.8666666666666667,3.6888888888888887,3.9000000000000004,3.4,,0.17777777777777803,3.9000000000000004,3.8185185185185184,0.11349298848921915,high
S05,c028,test,4,2.933333333333333,15,60,60,0.16,3.3777777777777778,3.8666666666666667,3.6888888888888887,3.9000000000000004,3.4,-0.48888888888888893,3.8666666666666667,3.6444444444444444,0.24745619390355647,moderate
S05,c028,test,5,2.8666666666666667,15,75,75,0.2,3.244444444444444,3.3777777777777778,3.8666666666666667,3.6888888888888887,3.9000000000000004,-0.13333333333333375,3.8666666666666667,3.4962962962962965,0.32760510203697757,moderate
S05,c028,test,6,4.0,15,90,90,0.24,3.266666666666666,3.244444444444444,3.3777777777777778,3.8666666666666667,3.6888888888888887,0.022222222222222143,3.3777777777777778,3.296296296296296,0.07143445008142886,moderate
S05,c028,test,7,5.533333333333333,15,105,105,0.28,4.133333333333333,3.266666666666666,3.244444444444444,3.3777777777777778,3.8666666666666667,0.8666666666666667,4.133333333333333,3.5481481481481474,0.5069070255089074,high
S05,c028,test,8,3.6666666666666665,15,120,120,0.32,4.3999999999999995,4.133333333333333,3.266666666666666,3.244444444444444,3.3777777777777778,0.2666666666666666,4.3999999999999995,3.933333333333333,0.5925462944877061,high
S05,c028,test,9,4.333333333333333,15,135,135,0.36,4.51111111111111,4.3999999999999995,4.133333333333333,3.266666666666666,3.244444444444444,0.11111111111111072,4.51111111111111,4.348148148148147,0.1941532210678703,high
S05,c028,test,10,3.2,15,150,150,0.4,3.733333333333333,4.51111111111111,4.3999999999999995,4.133333333333333,3.266666666666666,-0.7777777777777772,4.51111111111111,4.214814814814814,0.420659877466687,high
S05,c028,test,11,5.466666666666667,15,165,165,0.44,4.333333333333333,3.733333333333333,4.51111111111111,4.3999999999999995,4.133333333333333,0.6000000000000001,4.51111111111111,4.192592592592592,0.4075420652882643,high
S05,c028,test,12,5.466666666666667,15,180,180,0.48,4.711111111111111,4.333333333333333,3.733333333333333,4.51111111111111,4.3999999999999995,0.3777777777777782,4.711111111111111,4.2592592592592595,0.4930796812042266,high
S05,c028,test,13,4.066666666666666,15,195,195,0.52,5.0,4.711111111111111,4.333333333333333,3.733333333333333,4.51111111111111,0.28888888888888875,5.0,4.681481481481481,0.3343195287821295,high
S05,c028,test,14,5.333333333333333,15,210,210,0.56,4.955555555555555,5.0,4.711111111111111,4.333333333333333,3.733333333333333,-0.044444444444445175,5.0,4.888888888888888,0.15555555555556425,high
S05,c028,test,15,6.2,15,225,225,0.6,5.199999999999999,4.955555555555555,5.0,4.711111111111111,4.333333333333333,0.24444444444444446,5.199999999999999,5.051851851851851,0.13021033949073046,high
S05,c028,test,16,5.4,15,240,240,0.64,5.644444444444445,5.199999999999999,4.955555555555555,5.0,4.711111111111111,0.44444444444444553,5.644444444444445,5.266666666666667,0.34924963656671065,high
S05,c028,test,17,5.0,15,255,255,0.68,5.533333333333332,5.644444444444445,5.199999999999999,4.955555555555555,5.0,-0.11111111111111249,5.644444444444445,5.459259259259259,0.2312962221629131,high
S05,c028,test,18,3.533333333333333,15,270,270,0.72,4.644444444444445,5.533333333333332,5.644444444444445,5.199999999999999,4.955555555555555,-0.8888888888888875,5.644444444444445,5.274074074074075,0.5480980958129192,high
S05,c028,test,19,5.0,15,285,285,0.76,4.51111111111111,4.644444444444445,5.533333333333332,5.644444444444445,5.199999999999999,-0.13333333333333464,5.533333333333332,4.8962962962962955,0.5557036839558847,high
S05,c028,test,20,4.066666666666666,15,300,300,0.8,4.199999999999999,4.51111111111111,4.644444444444445,5.533333333333332,5.644444444444445,-0.3111111111111109,4.644444444444445,4.451851851851852,0.22807117508652983,high
S05,c028,test,21,5.066666666666666,15,315,315,0.84,4.711111111111111,4.199999999999999,4.51111111111111,4.644444444444445,5.533333333333332,0.511111111111112,4.711111111111111,4.474074074074074,0.2575605726031677,high
S05,c028,test,22,5.8,15,330,330,0.88,4.977777777777777,4.711111111111111,4.199999999999999,4.51111111111111,4.644444444444445,0.2666666666666657,4.977777777777777,4.629629629629629,0.39523915768753054,high
S05,c028,test,23,5.866666666666666,15,345,345,0.92,5.577777777777777,4.977777777777777,4.711111111111111,4.199999999999999,4.51111111111111,0.5999999999999996,5.577777777777777,5.088888888888889,0.4438885412319623,high
S05,c028,test,24,6.066666666666666,15,360,360,0.96,5.9111111111111105,5.577777777777777,4.977777777777777,4.711111111111111,4.199999999999999,0.3333333333333339,5.9111111111111105,5.488888888888887,0.4729732589731772,high
S05,c028,test,25,7.5,8,375,375,1.0,6.477777777777777,5.9111111111111105,5.577777777777777,4.977777777777777,4.711111111111111,0.5666666666666664,6.477777777777777,5.988888888888888,0.45501322732096827,high
S05,c029,test,0,5.133333333333334,15,0,0,0.0,5.133333333333334,,,,,,5.133333333333334,5.133333333333334,0.0,high
S05,c029,test,1,4.4,15,15,15,0.043478260869565216,4.7666666666666675,5.133333333333334,,,,-0.36666666666666625,5.133333333333334,4.950000000000001,0.25927248643506745,high
S05,c029,test,2,4.533333333333333,15,30,30,0.08695652173913043,4.688888888888889,4.7666666666666675,5.133333333333334,,,-0.07777777777777839,5.133333333333334,4.862962962962963,0.23735511066684656,high
S05,c029,test,3,4.0,15,45,45,0.13043478260869565,4.311111111111111,4.688888888888889,4.7666666666666675,5.133333333333334,,-0.3777777777777782,4.7666666666666675,4.588888888888889,0.24368569110512803,high
S05,c029,test,4,5.533333333333333,15,60,60,0.17391304347826086,4.688888888888889,4.311111111111111,4.688888888888889,4.7666666666666675,5.133333333333334,0.3777777777777782,4.688888888888889,4.562962962962963,0.21811010169386122,high
S05,c029,test,5,5.266666666666667,15,75,75,0.21739130434782608,4.933333333333334,4.688888888888889,4.311111111111111,4.688888888888889,4.7666666666666675,0.24444444444444446,4.933333333333334,4.644444444444445,0.3134830217703544,high
S05,c029,test,6,4.933333333333334,15,90,90,0.2608695652173913,5.2444444444444445,4.933333333333334,4.688888888888889,4.311111111111111,4.688888888888889,0.3111111111111109,5.2444444444444445,4.955555555555556,0.27844364635870245,high
S05,c029,test,7,5.2,15,105,105,0.30434782608695654,5.133333333333333,5.2444444444444445,4.933333333333334,4.688888888888889,4.311111111111111,-0.1111111111111116,5.2444444444444445,5.103703703703704,0.15765775299105259,high
S05,c029,test,8,4.4,15,120,120,0.34782608695652173,4.844444444444445,5.133333333333333,5.2444444444444445,4.933333333333334,4.688888888888889,-0.28888888888888786,5.2444444444444445,5.0740740740740735,0.20647940540394252,high
S05,c029,test,9,4.666666666666667,15,135,135,0.391304347826087,4.7555555555555555,4.844444444444445,5.133333333333333,5.2444444444444445,4.933333333333334,-0.08888888888888946,5.133333333333333,4.911111111111111,0.19751543149590114,high
S05,c029,test,10,6.266666666666667,15,150,150,0.43478260869565216,5.111111111111111,4.7555555555555555,4.844444444444445,5.133333333333333,5.2444444444444445,0.3555555555555552,5.111111111111111,4.903703703703704,0.1850369777303221,high
S05,c029,test,11,6.466666666666667,15,165,165,0.4782608695652174,5.800000000000001,5.111111111111111,4.7555555555555555,4.844444444444445,5.133333333333333,0.68888888888889,5.800000000000001,5.222222222222222,0.5310134731265987,high
S05,c029,test,12,4.933333333333334,15,180,180,0.5217391304347826,5.888888888888889,5.800000000000001,5.111111111111111,4.7555555555555555,4.844444444444445,0.08888888888888857,5.888888888888889,5.6000000000000005,0.4257165346815056,high
S05,c029,test,13,4.333333333333333,15,195,195,0.5652173913043478,5.2444444444444445,5.888888888888889,5.800000000000001,5.111111111111111,4.7555555555555555,-0.6444444444444448,5.888888888888889,5.644444444444445,0.349249636566697,high
S05,c029,test,14,5.866666666666666,15,210,210,0.6086956521739131,5.044444444444444,5.2444444444444445,5.888888888888889,5.800000000000001,5.111111111111111,-0.20000000000000018,5.888888888888889,5.392592592592592,0.4412850669216697,high
S05,c029,test,15,6.333333333333333,15,225,225,0.6521739130434783,5.51111111111111,5.044444444444444,5.2444444444444445,5.888888888888889,5.800000000000001,0.4666666666666659,5.51111111111111,5.266666666666667,0.2341256389522769,high
S05,c029,test,16,6.466666666666667,15,240,240,0.6956521739130435,6.222222222222221,5.51111111111111,5.044444444444444,5.2444444444444445,5.888888888888889,0.7111111111111112,6.222222222222221,5.592592592592592,0.5931016332173581,high
S05,c029,test,17,6.4,15,255,255,0.7391304347826086,6.3999999999999995,6.222222222222221,5.51111111111111,5.044444444444444,5.2444444444444445,0.17777777777777803,6.3999999999999995,6.044444444444443,0.47035578863369676,high
S05,c029,test,18,5.333333333333333,15,270,270,0.782608695652174,6.066666666666666,6.3999999999999995,6.222222222222221,5.51111111111111,5.044444444444444,-0.33333333333333304,6.3999999999999995,6.2296296296296285,0.16679007776586416,high
S05,c029,test,19,7.733333333333333,15,285,285,0.8260869565217391,6.48888888888889,6.066666666666666,6.3999999999999995,6.222222222222221,5.51111111111111,0.4222222222222234,6.48888888888889,6.318518518518519,0.22259228446392987,high
S05,c029,test,20,4.133333333333334,15,300,300,0.8695652173913043,5.733333333333333,6.48888888888889,6.066666666666666,6.3999999999999995,6.222222222222221,-0.7555555555555564,6.48888888888889,6.096296296296297,0.37864823464093916,high
S05,c029,test,21,5.4,15,315,315,0.9130434782608695,5.755555555555556,5.733333333333333,6.48888888888889,6.066666666666666,6.3999999999999995,0.02222222222222303,6.48888888888889,5.992592592592594,0.4299487958794414,high
S05,c029,test,22,5.533333333333333,15,330,330,0.9565217391304348,5.022222222222222,5.755555555555556,5.733333333333333,6.48888888888889,6.066666666666666,-0.7333333333333343,5.755555555555556,5.503703703703704,0.4171232066755813,high
S05,c029,test,23,4.4,10,345,345,1.0,5.111111111111112,5.022222222222222,5.755555555555556,5.733333333333333,6.48888888888889,0.08888888888888946,5.755555555555556,5.296296296296297,0.40020570842192354,high
S05,c033,test,0,5.733333333333333,15,0,0,0.0,5.733333333333333,,,,,,5.733333333333333,5.733333333333333,0.0,high
S05,c033,test,1,6.733333333333333,15,15,15,0.045454545454545456,6.233333333333333,5.733333333333333,,,,0.5,6.233333333333333,5.983333333333333,0.3535533905932738,high
S05,c033,test,2,8.533333333333333,15,30,30,0.09090909090909091,7.0,6.233333333333333,5.733333333333333,,,0.7666666666666666,7.0,6.322222222222223,0.6379945431091375,high
S05,c033,test,3,9.533333333333333,15,45,45,0.13636363636363635,8.266666666666666,7.0,6.233333333333333,5.733333333333333,,1.2666666666666657,8.266666666666666,7.166666666666667,1.0268614533832907,high
S05,c033,test,4,9.666666666666666,15,60,60,0.18181818181818182,9.244444444444444,8.266666666666666,7.0,6.233333333333333,5.733333333333333,0.9777777777777779,9.244444444444444,8.17037037037037,1.1253165992553702,high
S05,c033,test,5,10.2,15,75,75,0.22727272727272727,9.799999999999999,9.244444444444444,8.266666666666666,7.0,6.233333333333333,0.5555555555555554,9.799999999999999,9.103703703703703,0.7762948826676442,high
S05,c033,test,6,9.666666666666666,15,90,90,0.2727272727272727,9.844444444444443,9.799999999999999,9.244444444444444,8.266666666666666,7.0,0.04444444444444429,9.844444444444443,9.629629629629628,0.33431952878213705,high
S05,c033,test,7,9.4,15,105,105,0.3181818181818182,9.755555555555555,9.844444444444443,9.799999999999999,9.244444444444444,8.266666666666666,-0.08888888888888857,9.844444444444443,9.799999999999999,0.044444444444541306,high
S05,c033,test,8,10.933333333333334,15,120,120,0.36363636363636365,10.0,9.755555555555555,9.844444444444443,9.799999999999999,9.244444444444444,0.24444444444444535,10.0,9.866666666666667,0.12372809695181435,high
S05,c033,test,9,13.066666666666666,15,135,135,0.4090909090909091,11.133333333333335,10.0,9.755555555555555,9.844444444444443,9.799999999999999,1.1333333333333346,11.133333333333335,10.296296296296296,0.7351268751948578,high
S05,c033,test,10,14.2,15,150,150,0.45454545454545453,12.733333333333334,11.133333333333335,10.0,9.755555555555555,9.844444444444443,1.5999999999999996,12.733333333333334,11.28888888888889,1.373290182709371,high
S05,c033,test,11,13.866666666666667,15,165,165,0.5,13.71111111111111,12.733333333333334,11.133333333333335,10.0,9.755555555555555,0.9777777777777761,13.71111111111111,12.525925925925925,1.301344667022093,high
S05,c033,test,12,11.133333333333333,15,180,180,0.5454545454545454,13.066666666666668,13.71111111111111,12.733333333333334,11.133333333333335,10.0,-0.6444444444444422,13.71111111111111,13.170370370370371,0.4970696020683879,high
S05,c033,test,13,12.066666666666666,15,195,195,0.5909090909090909,12.355555555555554,13.066666666666668,13.71111111111111,12.733333333333334,11.133333333333335,-0.7111111111111139,13.71111111111111,13.044444444444444,0.678050946773005,high
S05,c033,test,14,11.2,15,210,210,0.6363636363636364,11.466666666666667,12.355555555555554,13.066666666666668,13.71111111111111,12.733333333333334,-0.8888888888888875,13.066666666666668,12.296296296296298,0.8016444005018587,high
S05,c033,test,15,10.4,15,225,225,0.6818181818181818,11.222222222222221,11.466666666666667,12.355555555555554,13.066666666666668,13.71111111111111,-0.24444444444444535,12.355555555555554,11.681481481481482,0.5964228069155898,high
S05,c033,test,16,9.533333333333333,15,240,240,0.7272727272727273,10.377777777777778,11.222222222222221,11.466666666666667,12.355555555555554,13.066666666666668,-0.8444444444444432,11.466666666666667,11.02222222222222,0.5713315614303471,high
S05,c033,test,17,12.466666666666667,15,255,255,0.7727272727272727,10.799999999999999,10.377777777777778,11.222222222222221,11.466666666666667,12.355555555555554,0.4222222222222207,11.222222222222221,10.799999999999999,0.4222222222222445,high
S05,c033,test,18,9.666666666666666,15,270,270,0.8181818181818182,10.555555555555555,10.799999999999999,10.377777777777778,11.222222222222221,11.466666666666667,-0.24444444444444358,10.799999999999999,10.577777777777778,0.21198648920381244,high
S05,c033,test,19,11.666666666666666,15,285,285,0.8636363636363636,11.266666666666666,10.555555555555555,10.799999999999999,10.377777777777778,11.222222222222221,0.7111111111111104,11.266666666666666,10.874074074074073,0.3612962488372753,high
S05,c033,test,20,11.066666666666666,15,300,300,0.9090909090909091,10.799999999999999,11.266666666666666,10.555555555555555,10.799999999999999,10.377777777777778,-0.4666666666666668,11.266666666666666,10.874074074074073,0.3612962488372753,high
S05,c033,test,21,9.666666666666666,15,315,315,0.9545454545454546,10.799999999999999,10.799999999999999,11.266666666666666,10.555555555555555,10.799999999999999,0.0,11.266666666666666,10.955555555555554,0.2694301256218584,high
S05,c033,test,22,10.909090909090908,11,330,330,1.0,10.547474747474746,10.799999999999999,10.799999999999999,11.266666666666666,10.555555555555555,-0.2525252525252526,10.799999999999999,10.715824915824916,0.14579552252269676,high
S05,c034,test,0,2.1333333333333333,15,0,0,0.0,2.1333333333333333,,,,,,2.1333333333333333,2.1333333333333333,0.0,low
S05,c034,test,1,2.1333333333333333,15,15,15,0.045454545454545456,2.1333333333333333,2.1333333333333333,,,,0.0,2.1333333333333333,2.1333333333333333,0.0,low
S05,c034,test,2,3.933333333333333,15,30,30,0.09090909090909091,2.733333333333333,2.1333333333333333,2.1333333333333333,,,0.5999999999999996,2.733333333333333,2.3333333333333335,0.3464101615137753,moderate
S05,c034,test,3,5.8,15,45,45,0.13636363636363635,3.9555555555555557,2.733333333333333,2.1333333333333333,2.1333333333333333,,1.2222222222222228,3.9555555555555557,2.940740740740741,0.9286478510585813,high
S05,c034,test,4,7.6,15,60,60,0.18181818181818182,5.777777777777779,3.9555555555555557,2.733333333333333,2.1333333333333333,2.1333333333333333,1.8222222222222229,5.777777777777779,4.155555555555556,1.5320445469460622,high
S05,c034,test,5,5.933333333333334,15,75,75,0.22727272727272727,6.4444444444444455,5.777777777777779,3.9555555555555557,2.733333333333333,2.1333333333333333,0.666666666666667,6.4444444444444455,5.392592592592593,1.288377931925744,high
S05,c034,test,6,5.2,15,90,90,0.2727272727272727,6.2444444444444445,6.4444444444444455,5.777777777777779,3.9555555555555557,2.733333333333333,-0.20000000000000107,6.4444444444444455,6.155555555555556,0.34210676262980283,high
S05,c034,test,7,7.2,15,105,105,0.3181818181818182,6.111111111111112,6.2444444444444445,6.4444444444444455,5.777777777777779,3.9555555555555557,-0.13333333333333286,6.4444444444444455,6.266666666666668,0.1677740985615951,high
S05,c034,test,8,5.6,15,120,120,0.36363636363636365,6.0,6.111111111111112,6.2444444444444445,6.4444444444444455,5.777777777777779,-0.1111111111111116,6.2444444444444445,6.118518518518518,0.12239045660638563,high
S05,c034,test,9,5.333333333333333,15,135,135,0.4090909090909091,6.044444444444444,6.0,6.111111111111112,6.2444444444444445,6.4444444444444455,0.04444444444444429,6.111111111111112,6.051851851851853,0.05592469952058231,high
S05,c034,test,10,4.666666666666667,15,150,150,0.45454545454545453,5.2,6.044444444444444,6.0,6.111111111111112,6.2444444444444445,-0.8444444444444441,6.044444444444444,5.748148148148149,0.4752300720694999,high
S05,c034,test,11,3.466666666666667,15,165,165,0.5,4.488888888888889,5.2,6.044444444444444,6.0,6.111111111111112,-0.7111111111111112,6.044444444444444,5.2444444444444445,0.7787295763526787,high
S05,c034,test,12,5.933333333333334,15,180,180,0.5454545454545454,4.688888888888889,4.488888888888889,5.2,6.044444444444444,6.0,0.20000000000000018,5.2,4.792592592592594,0.3667227790958986,high
S05,c034,test,13,7.133333333333334,15,195,195,0.5909090909090909,5.511111111111112,4.688888888888889,4.488888888888889,5.2,6.044444444444444,0.8222222222222229,5.511111111111112,4.896296296296296,0.541754503799306,high
S05,c034,test,14,7.6,15,210,210,0.6363636363636364,6.888888888888889,5.511111111111112,4.688888888888889,4.488888888888889,5.2,1.3777777777777773,6.888888888888889,5.696296296296297,1.111629508698405,high
S05,c034,test,15,4.533333333333333,15,225,225,0.6818181818181818,6.422222222222222,6.888888888888889,5.511111111111112,4.688888888888889,4.488888888888889,-0.4666666666666677,6.888888888888889,6.274074074074075,0.7007344765204349,high
S05,c034,test,16,6.6,15,240,240,0.7272727272727273,6.2444444444444445,6.422222222222222,6.888888888888889,5.511111111111112,4.688888888888889,-0.17777777777777715,6.888888888888889,6.518518518518519,0.3328391398320258,high
S05,c034,test,17,5.933333333333334,15,255,255,0.7727272727272727,5.688888888888889,6.2444444444444445,6.422222222222222,6.888888888888889,5.511111111111112,-0.5555555555555554,6.422222222222222,6.118518518518518,0.38254078025705496,high
S05,c034,test,18,6.466666666666667,15,270,270,0.8181818181818182,6.333333333333333,5.688888888888889,6.2444444444444445,6.422222222222222,6.888888888888889,0.6444444444444439,6.333333333333333,6.0888888888888895,0.34924963656671265,high
S05,c034,test,19,6.266666666666667,15,285,285,0.8636363636363636,6.222222222222221,6.333333333333333,5.688888888888889,6.2444444444444445,6.422222222222222,-0.1111111111111116,6.333333333333333,6.0814814814814815,0.3445041764217408,high
S05,c034,test,20,5.466666666666667,15,300,300,0.9090909090909091,6.066666666666666,6.222222222222221,6.333333333333333,5.688888888888889,6.2444444444444445,-0.155555555555555,6.333333333333333,6.207407407407406,0.1339491949631724,high
S05,c034,test,21,4.4,15,315,315,0.9545454545454546,5.377777777777777,6.066666666666666,6.222222222222221,6.333333333333333,5.688888888888889,-0.6888888888888891,6.222222222222221,5.888888888888888,0.44941663147015426,high
S05,c034,test,22,4.769230769230769,13,330,330,1.0,4.878632478632479,5.377777777777777,6.066666666666666,6.222222222222221,6.333333333333333,-0.49914529914529826,6.066666666666666,5.441025641025642,0.5965371129599416,high
S05,c035,test,0,1.0,15,0,0,0.0,1.0,,,,,,1.0,1.0,0.0,low
S05,c035,test,1,0.5333333333333333,15,15,15,0.043478260869565216,0.7666666666666666,1.0,,,,-0.2333333333333334,1.0,0.8833333333333333,0.16499158227686112,low
S05,c035,test,2,1.2,15,30,30,0.08695652173913043,0.9111111111111111,0.7666666666666666,1.0,,,0.1444444444444445,1.0,0.8925925925925925,0.11776380070803444,low
S05,c035,test,3,1.6,15,45,45,0.13043478260869565,1.1111111111111112,0.9111111111111111,0.7666666666666666,1.0,,0.20000000000000007,1.1111111111111112,0.9296296296296296,0.1729673248716388,low
S05,c035,test,4,2.7333333333333334,15,60,60,0.17391304347826086,1.8444444444444443,1.1111111111111112,0.9111111111111111,0.7666666666666666,1.0,0.7333333333333332,1.8444444444444443,1.2888888888888888,0.4914076530554661,low
S05,c035,test,5,1.7333333333333334,15,75,75,0.21739130434782608,2.022222222222222,1.8444444444444443,1.1111111111111112,0.9111111111111111,0.7666666666666666,0.1777777777777778,2.022222222222222,1.6592592592592592,0.4829606907467564,low
S05,c035,test,6,1.4,15,90,90,0.2608695652173913,1.9555555555555557,2.022222222222222,1.8444444444444443,1.1111111111111112,0.9111111111111111,-0.06666666666666643,2.022222222222222,1.9407407407407407,0.08981004187394087,low
S05,c035,test,7,1.6,15,105,105,0.30434782608695654,1.5777777777777777,1.9555555555555557,2.022222222222222,1.8444444444444443,1.1111111111111112,-0.377777777777778,2.022222222222222,1.8518518518518519,0.2396842916646432,low
S05,c035,test,8,2.3333333333333335,15,120,120,0.34782608695652173,1.777777777777778,1.5777777777777777,1.9555555555555557,2.022222222222222,1.8444444444444443,0.20000000000000018,1.9555555555555557,1.7703703703703706,0.18899778995811925,low
S05,c035,test,9,2.6,15,135,135,0.391304347826087,2.1777777777777776,1.777777777777778,1.5777777777777777,1.9555555555555557,2.022222222222222,0.3999999999999997,2.1777777777777776,1.8444444444444443,0.305505046330389,low
S05,c035,test,10,1.4,15,150,150,0.43478260869565216,2.111111111111111,2.1777777777777776,1.777777777777778,1.5777777777777777,1.9555555555555557,-0.06666666666666643,2.1777777777777776,2.022222222222222,0.2143033502442875,low
S05,c035,test,11,2.2666666666666666,15,165,165,0.4782608695652174,2.088888888888889,2.111111111111111,2.1777777777777776,1.777777777777778,1.5777777777777777,-0.022222222222222143,2.1777777777777776,2.1259259259259258,0.046259244432579553,low
S05,c035,test,12,1.3333333333333333,15,180,180,0.5217391304347826,1.6666666666666667,2.088888888888889,2.111111111111111,2.1777777777777776,1.777777777777778,-0.4222222222222223,2.111111111111111,1.9555555555555557,0.2504317259907694,low
S05,c035,test,13,2.0,15,195,195,0.5652173913043478,1.8666666666666665,1.6666666666666667,2.088888888888889,2.111111111111111,2.1777777777777776,0.19999999999999973,2.088888888888889,1.874074074074074,0.21120855450938075,low
S05,c035,test,14,2.466666666666667,15,210,210,0.6086956521739131,1.9333333333333333,1.8666666666666665,1.6666666666666667,2.088888888888889,2.111111111111111,0.06666666666666687,1.9333333333333333,1.8222222222222222,0.1387777332977407,low
S05,c035,test,15,1.6,15,225,225,0.6521739130434783,2.022222222222222,1.9333333333333333,1.8666666666666665,1.6666666666666667,2.088888888888889,0.0888888888888888,2.022222222222222,1.9407407407407407,0.07804187965075915,low
S05,c035,test,16,2.1333333333333333,15,240,240,0.6956521739130435,2.066666666666667,2.022222222222222,1.9333333333333333,1.8666666666666665,1.6666666666666667,0.04444444444444473,2.066666666666667,2.0074074074074075,0.0678900102956403,low
S05,c035,test,17,2.0,15,255,255,0.7391304347826086,1.9111111111111112,2.066666666666667,2.022222222222222,1.9333333333333333,1.8666666666666665,-0.15555555555555567,2.066666666666667,2.0,0.08012336167697588,low
S05,c035,test,18,1.4,15,270,270,0.782608695652174,1.8444444444444443,1.9111111111111112,2.066666666666667,2.022222222222222,1.9333333333333333,-0.06666666666666687,2.066666666666667,1.9407407407407409,0.11403558754326264,low
S05,c035,test,19,2.3333333333333335,15,285,285,0.8260869565217391,1.9111111111111112,1.8444444444444443,1.9111111111111112,2.066666666666667,2.022222222222222,0.06666666666666687,1.9111111111111112,1.888888888888889,0.03849001794596919,low
S05,c035,test,20,2.2666666666666666,15,300,300,0.8695652173913043,2.0,1.9111111111111112,1.8444444444444443,1.9111111111111112,2.066666666666667,0.0888888888888888,2.0,1.9185185185185185,0.07804187965075851,low
S05,c035,test,21,1.6,15,315,315,0.9130434782608695,2.0666666666666664,2.0,1.9111111111111112,1.8444444444444443,1.9111111111111112,0.06666666666666643,2.0666666666666664,1.9925925925925927,0.07804187965075926,low
S05,c035,test,22,1.7333333333333334,15,330,330,0.9565217391304348,1.8666666666666665,2.0666666666666664,2.0,1.9111111111111112,1.8444444444444443,-0.19999999999999996,2.0666666666666664,1.9777777777777776,0.10183501544346178,low
S05,c035,test,23,0.3333333333333333,3,345,345,1.0,1.2222222222222223,1.8666666666666665,2.0666666666666664,2.0,1.9111111111111112,-0.6444444444444442,2.0666666666666664,1.7185185185185183,0.4412850669216724,low
S05,c036,test,0,4.6,15,0,0,0.0,4.6,,,,,,4.6,4.6,0.0,high
S05,c036,test,1,3.2666666666666666,15,15,15,0.045454545454545456,3.933333333333333,4.6,,,,-0.6666666666666665,4.6,4.266666666666667,0.47140452079103173,high
S05,c036,test,2,5.0,15,30,30,0.09090909090909091,4.288888888888889,3.933333333333333,4.6,,,0.3555555555555556,4.6,4.274074074074074,0.33358015553178383,high
S05,c036,test,3,6.866666666666666,15,45,45,0.13636363636363635,5.044444444444444,4.288888888888889,3.933333333333333,4.6,,0.7555555555555555,5.044444444444444,4.422222222222222,0.5674286815468316,high
S05,c036,test,4,5.733333333333333,15,60,60,0.18181818181818182,5.866666666666667,5.044444444444444,4.288888888888889,3.933333333333333,4.6,0.8222222222222229,5.866666666666667,5.066666666666666,0.7891235957584322,high
S05,c036,test,5,4.933333333333334,15,75,75,0.22727272727272727,5.844444444444445,5.866666666666667,5.044444444444444,4.288888888888889,3.933333333333333,-0.022222222222222143,5.866666666666667,5.5851851851851855,0.46842701492629424,high
S05,c036,test,6,6.133333333333334,15,90,90,0.2727272727272727,5.6000000000000005,5.844444444444445,5.866666666666667,5.044444444444444,4.288888888888889,-0.24444444444444446,5.866666666666667,5.7703703703703715,0.14796284707732357,high
S05,c036,test,7,5.266666666666667,15,105,105,0.3181818181818182,5.444444444444444,5.6000000000000005,5.844444444444445,5.866666666666667,5.044444444444444,-0.15555555555555678,5.844444444444445,5.62962962962963,0.20163937168616902,high
S05,c036,test,8,6.466666666666667,15,120,120,0.36363636363636365,5.955555555555556,5.444444444444444,5.6000000000000005,5.844444444444445,5.866666666666667,0.511111111111112,5.955555555555556,5.666666666666667,0.2619961360567043,high
S05,c036,test,9,6.466666666666667,15,135,135,0.4090909090909091,6.066666666666666,5.955555555555556,5.444444444444444,5.6000000000000005,5.844444444444445,0.11111111111111072,6.066666666666666,5.822222222222222,0.33184854495707006,high
S05,c036,test,10,5.6,15,150,150,0.45454545454545453,6.177777777777778,6.066666666666666,5.955555555555556,5.444444444444444,5.6000000000000005,0.1111111111111116,6.177777777777778,6.066666666666666,0.11111111111111524,high
S05,c036,test,11,6.466666666666667,15,165,165,0.5,6.177777777777777,6.177777777777778,6.066666666666666,5.955555555555556,5.444444444444444,-8.881784197001252e-16,6.177777777777778,6.14074074074074,0.06415002990996609,high
S05,c036,test,12,7.533333333333333,15,180,180,0.5454545454545454,6.533333333333334,6.177777777777777,6.177777777777778,6.066666666666666,5.955555555555556,0.35555555555555696,6.533333333333334,6.296296296296297,0.20528009571187036,high
S05,c036,test,13,7.066666666666666,15,195,195,0.5909090909090909,7.022222222222222,6.533333333333334,6.177777777777777,6.177777777777778,6.066666666666666,0.48888888888888804,7.022222222222222,6.577777777777778,0.423972978407534,high
S05,c036,test,14,7.733333333333333,15,210,210,0.6363636363636364,7.4444444444444455,7.022222222222222,6.533333333333334,6.177777777777777,6.177777777777778,0.4222222222222234,7.4444444444444455,7.000000000000001,0.4559618784151856,high
S05,c036,test,15,9.866666666666667,15,225,225,0.6818181818181818,8.222222222222221,7.4444444444444455,7.022222222222222,6.533333333333334,6.177777777777777,0.7777777777777759,8.222222222222221,7.562962962962963,0.6087158445644997,high
S05,c036,test,16,9.066666666666666,15,240,240,0.7272727272727273,8.888888888888888,8.222222222222221,7.4444444444444455,7.022222222222222,6.533333333333334,0.6666666666666661,8.888888888888888,8.185185185185185,0.722934122071971,high
S05,c036,test,17,7.733333333333333,15,255,255,0.7727272727272727,8.888888888888888,8.888888888888888,8.222222222222221,7.4444444444444455,7.022222222222222,0.0,8.888888888888888,8.666666666666666,0.3849001794597614,high
S05,c036,test,18,9.133333333333333,15,270,270,0.8181818181818182,8.644444444444444,8.888888888888888,8.888888888888888,8.222222222222221,7.4444444444444455,-0.24444444444444358,8.888888888888888,8.807407407407405,0.14113006580190826,high
S05,c036,test,19,9.466666666666667,15,285,285,0.8636363636363636,8.777777777777779,8.644444444444444,8.888888888888888,8.888888888888888,8.222222222222221,0.13333333333333464,8.888888888888888,8.77037037037037,0.12239045660635786,high
S05,c036,test,20,9.6,15,300,300,0.9090909090909091,9.4,8.777777777777779,8.644444444444444,8.888888888888888,8.888888888888888,0.6222222222222218,9.4,8.940740740740742,0.4032787433723318,high
S05,c036,test,21,8.266666666666667,15,315,315,0.9545454545454546,9.111111111111112,9.4,8.777777777777779,8.644444444444444,8.888888888888888,-0.28888888888888786,9.4,9.096296296296297,0.3113755489923502,high
S05,c036,test,22,9.142857142857142,14,330,330,1.0,9.003174603174601,9.111111111111112,9.4,8.777777777777779,8.644444444444444,-0.1079365079365111,9.4,9.17142857142857,0.20517369691500242,high
