scene_id,camera_id,split,frame_file,source_frame_idx,timestamp_sec,vehicle_count
S01,c001,train,frame_000000.jpg,0,0.0,1
S01,c001,train,frame_000001.jpg,10,1.0,0
S01,c001,train,frame_000002.jpg,20,2.0,1
S01,c001,train,frame_000003.jpg,30,3.0,2
S01,c001,train,frame_000004.jpg,40,4.0,1
S01,c001,train,frame_000005.jpg,50,5.0,2
S01,c001,train,frame_000006.jpg,60,6.0,2
S01,c001,train,frame_000007.jpg,70,7.0,2
S01,c001,train,frame_000008.jpg,80,8.0,3
S01,c001,train,frame_000009.jpg,90,9.0,2
S01,c001,train,frame_000010.jpg,100,10.0,3
S01,c001,train,frame_000011.jpg,110,11.0,3
S01,c001,train,frame_000012.jpg,120,12.0,3
S01,c001,train,frame_000013.jpg,130,13.0,4
S01,c001,train,frame_000014.jpg,140,14.0,4
S01,c001,train,frame_000015.jpg,150,15.0,6
S01,c001,train,frame_000016.jpg,160,16.0,3
S01,c001,train,frame_000017.jpg,170,17.0,1
S01,c001,train,frame_000018.jpg,180,18.0,1
S01,c001,train,frame_000019.jpg,190,19.0,0
S01,c001,train,frame_000020.jpg,200,20.0,0
S01,c001,train,frame_000021.jpg,210,21.0,2
S01,c001,train,frame_000022.jpg,220,22.0,0
S01,c001,train,frame_000023.jpg,230,23.0,0
S01,c001,train,frame_000024.jpg,240,24.0,1
S01,c001,train,frame_000025.jpg,250,25.0,0
S01,c001,train,frame_000026.jpg,260,26.0,1
S01,c001,train,frame_000027.jpg,270,27.0,1
S01,c001,train,frame_000028.jpg,280,28.0,0
S01,c001,train,frame_000029.jpg,290,29.0,1
S01,c001,train,frame_000030.jpg,300,30.0,0
S01,c001,train,frame_000031.jpg,310,31.0,0
S01,c001,train,frame_000032.jpg,320,32.0,1
S01,c001,train,frame_000033.jpg,330,33.0,1
S01,c001,train,frame_000034.jpg,340,34.0,2
S01,c001,train,frame_000035.jpg,350,35.0,2
S01,c001,train,frame_000036.jpg,360,36.0,4
S01,c001,train,frame_000037.jpg,370,37.0,1
S01,c001,train,frame_000038.jpg,380,38.0,1
S01,c001,train,frame_000039.jpg,390,39.0,1
S01,c001,train,frame_000040.jpg,400,40.0,2
S01,c001,train,frame_000041.jpg,410,41.0,3
S01,c001,train,frame_000042.jpg,420,42.0,2
S01,c001,train,frame_000043.jpg,430,43.0,2
S01,c001,train,frame_000044.jpg,440,44.0,2
S01,c001,train,frame_000045.jpg,450,45.0,4
S01,c001,train,frame_000046.jpg,460,46.0,3
S01,c001,train,frame_000047.jpg,470,47.0,3
S01,c001,train,frame_000048.jpg,480,48.0,3
S01,c001,train,frame_000049.jpg,490,49.0,3
S01,c001,train,frame_000050.jpg,500,50.0,2
S01,c001,train,frame_000051.jpg,510,51.0,4
S01,c001,train,frame_000052.jpg,520,52.0,4
S01,c001,train,frame_000053.jpg,530,53.0,4
S01,c001,train,frame_000054.jpg,540,54.0,6
S01,c001,train,frame_000055.jpg,550,55.0,3
S01,c001,train,frame_000056.jpg,560,56.0,3
S01,c001,train,frame_000057.jpg,570,57.0,4
S01,c001,train,frame_000058.jpg,580,58.0,2
S01,c001,train,frame_000059.jpg,590,59.0,3
S01,c001,train,frame_000060.jpg,600,60.0,4
S01,c001,train,frame_000061.jpg,610,61.0,4
S01,c001,train,frame_000062.jpg,620,62.0,2
S01,c001,train,frame_000063.jpg,630,63.0,2
S01,c001,train,frame_000064.jpg,640,64.0,3
S01,c001,train,frame_000065.jpg,650,65.0,0
S01,c001,train,frame_000066.jpg,660,66.0,5
S01,c001,train,frame_000067.jpg,670,67.0,3
S01,c001,train,frame_000068.jpg,680,68.0,5
S01,c001,train,frame_000069.jpg,690,69.0,6
S01,c001,train,frame_000070.jpg,700,70.0,5
S01,c001,train,frame_000071.jpg,710,71.0,3
S01,c001,train,frame_000072.jpg,720,72.0,3
S01,c001,train,frame_000073.jpg,730,73.0,3
S01,c001,train,frame_000074.jpg,740,74.0,2
S01,c001,train,frame_000075.jpg,750,75.0,1
S01,c001,train,frame_000076.jpg,760,76.0,0
S01,c001,train,frame_000077.jpg,770,77.0,2
S01,c001,train,frame_000078.jpg,780,78.0,2
S01,c001,train,frame_000079.jpg,790,79.0,1
S01,c001,train,frame_000080.jpg,800,80.0,2
S01,c001,train,frame_000081.jpg,810,81.0,1
S01,c001,train,frame_000082.jpg,820,82.0,0
S01,c001,train,frame_000083.jpg,830,83.0,1
S01,c001,train,frame_000084.jpg,840,84.0,1
S01,c001,train,frame_000085.jpg,850,85.0,0
S01,c001,train,frame_000086.jpg,860,86.0,0
S01,c001,train,frame_000087.jpg,870,87.0,2
S01,c001,train,frame_000088.jpg,880,88.0,1
S01,c001,train,frame_000089.jpg,890,89.0,3
S01,c001,train,frame_000090.jpg,900,90.0,3
S01,c001,train,frame_000091.jpg,910,91.0,4
S01,c001,train,frame_000092.jpg,920,92.0,3
S01,c001,train,frame_000093.jpg,930,93.0,3
S01,c001,train,frame_000094.jpg,940,94.0,5
S01,c001,train,frame_000095.jpg,950,95.0,4
S01,c001,train,frame_000096.jpg,960,96.0,5
S01,c001,train,frame_000097.jpg,970,97.0,4
S01,c001,train,frame_000098.jpg,980,98.0,5
S01,c001,train,frame_000099.jpg,990,99.0,5
S01,c001,train,frame_000100.jpg,1000,100.0,3
S01,c001,train,frame_000101.jpg,1010,101.0,1
S01,c001,train,frame_000102.jpg,1020,102.0,2
S01,c001,train,frame_000103.jpg,1030,103.0,2
S01,c001,train,frame_000104.jpg,1040,104.0,1
S01,c001,train,frame_000105.jpg,1050,105.0,2
S01,c001,train,frame_000106.jpg,1060,106.0,2
S01,c001,train,frame_000107.jpg,1070,107.0,2
S01,c001,train,frame_000108.jpg,1080,108.0,3
S01,c001,train,frame_000109.jpg,1090,109.0,2
S01,c001,train,frame_000110.jpg,1100,110.0,4
S01,c001,train,frame_000111.jpg,1110,111.0,6
S01,c001,train,frame_000112.jpg,1120,112.0,4
S01,c001,train,frame_000113.jpg,1130,113.0,4
S01,c001,train,frame_000114.jpg,1140,114.0,3
S01,c001,train,frame_000115.jpg,1150,115.0,3
S01,c001,train,frame_000116.jpg,1160,116.0,3
S01,c001,train,frame_000117.jpg,1170,117.0,4
S01,c001,train,frame_000118.jpg,1180,118.0,3
S01,c001,train,frame_000119.jpg,1190,119.0,4
S01,c001,train,frame_000120.jpg,1200,120.0,4
S01,c001,train,frame_000121.jpg,1210,121.0,2
S01,c001,train,frame_000122.jpg,1220,122.0,4
S01,c001,train,frame_000123.jpg,1230,123.0,5
S01,c001,train,frame_000124.jpg,1240,124.0,3
S01,c001,train,frame_000125.jpg,1250,125.0,2
S01,c001,train,frame_000126.jpg,1260,126.0,2
S01,c001,train,frame_000127.jpg,1270,127.0,3
S01,c001,train,frame_000128.jpg,1280,128.0,3
S01,c001,train,frame_000129.jpg,1290,129.0,4
S01,c001,train,frame_000130.jpg,1300,130.0,2
S01,c001,train,frame_000131.jpg,1310,131.0,3
S01,c001,train,frame_000132.jpg,1320,132.0,3
S01,c001,train,frame_000133.jpg,1330,133.0,4
S01,c001,train,frame_000134.jpg,1340,134.0,3
S01,c001,train,frame_000135.jpg,1350,135.0,3
S01,c001,train,frame_000136.jpg,1360,136.0,3
S01,c001,train,frame_000137.jpg,1370,137.0,3
S01,c001,train,frame_000138.jpg,1380,138.0,3
S01,c001,train,frame_000139.jpg,1390,139.0,3
S01,c001,train,frame_000140.jpg,1400,140.0,3
S01,c001,train,frame_000141.jpg,1410,141.0,3
S01,c001,train,frame_000142.jpg,1420,142.0,3
S01,c001,train,frame_000143.jpg,1430,143.0,2
S01,c001,train,frame_000144.jpg,1440,144.0,2
S01,c001,train,frame_000145.jpg,1450,145.0,1
S01,c001,train,frame_000146.jpg,1460,146.0,1
S01,c001,train,frame_000147.jpg,1470,147.0,1
S01,c001,train,frame_000148.jpg,1480,148.0,1
S01,c001,train,frame_000149.jpg,1490,149.0,1
S01,c001,train,frame_000150.jpg,1500,150.0,1
S01,c001,train,frame_000151.jpg,1510,151.0,2
S01,c001,train,frame_000152.jpg,1520,152.0,3
S01,c001,train,frame_000153.jpg,1530,153.0,3
S01,c001,train,frame_000154.jpg,1540,154.0,5
S01,c001,train,frame_000155.jpg,1550,155.0,6
S01,c001,train,frame_000156.jpg,1560,156.0,5
S01,c001,train,frame_000157.jpg,1570,157.0,4
S01,c001,train,frame_000158.jpg,1580,158.0,4
S01,c001,train,frame_000159.jpg,1590,159.0,6
S01,c001,train,frame_000160.jpg,1600,160.0,7
S01,c001,train,frame_000161.jpg,1610,161.0,5
S01,c001,train,frame_000162.jpg,1620,162.0,5
S01,c001,train,frame_000163.jpg,1630,163.0,5
S01,c001,train,frame_000164.jpg,1640,164.0,4
S01,c001,train,frame_000165.jpg,1650,165.0,5
S01,c001,train,frame_000166.jpg,1660,166.0,4
S01,c001,train,frame_000167.jpg,1670,167.0,4
S01,c001,train,frame_000168.jpg,1680,168.0,5
S01,c001,train,frame_000169.jpg,1690,169.0,4
S01,c001,train,frame_000170.jpg,1700,170.0,4
S01,c001,train,frame_000171.jpg,1710,171.0,4
S01,c001,train,frame_000172.jpg,1720,172.0,3
S01,c001,train,frame_000173.jpg,1730,173.0,3
S01,c001,train,frame_000174.jpg,1740,174.0,5
S01,c001,train,frame_000175.jpg,1750,175.0,2
S01,c001,train,frame_000176.jpg,1760,176.0,4
S01,c001,train,frame_000177.jpg,1770,177.0,2
S01,c001,train,frame_000178.jpg,1780,178.0,3
S01,c001,train,frame_000179.jpg,1790,179.0,3
S01,c001,train,frame_000180.jpg,1800,180.0,2
S01,c001,train,frame_000181.jpg,1810,181.0,2
S01,c001,train,frame_000182.jpg,1820,182.0,4
S01,c001,train,frame_000183.jpg,1830,183.0,3
S01,c001,train,frame_000184.jpg,1840,184.0,3
S01,c001,train,frame_000185.jpg,1850,185.0,3
S01,c001,train,frame_000186.jpg,1860,186.0,4
S01,c001,train,frame_000187.jpg,1870,187.0,3
S01,c001,train,frame_000188.jpg,1880,188.0,2
S01,c001,train,frame_000189.jpg,1890,189.0,2
S01,c001,train,frame_000190.jpg,1900,190.0,1
S01,c001,train,frame_000191.jpg,1910,191.0,2
S01,c001,train,frame_000192.jpg,1920,192.0,1
S01,c001,train,frame_000193.jpg,1930,193.0,3
S01,c001,train,frame_000194.jpg,1940,194.0,3
S01,c001,train,frame_000195.jpg,1950,195.0,5
S01,c002,train,frame_000000.jpg,0,0.0,6
S01,c002,train,frame_000001.jpg,10,1.0,7
S01,c002,train,frame_000002.jpg,20,2.0,8
S01,c002,train,frame_000003.jpg,30,3.0,7
S01,c002,train,frame_000004.jpg,40,4.0,8
S01,c002,train,frame_000005.jpg,50,5.0,6
S01,c002,train,frame_000006.jpg,60,6.0,7
S01,c002,train,frame_000007.jpg,70,7.0,6
S01,c002,train,frame_000008.jpg,80,8.0,4
S01,c002,train,frame_000009.jpg,90,9.0,5
S01,c002,train,frame_000010.jpg,100,10.0,4
S01,c002,train,frame_000011.jpg,110,11.0,4
S01,c002,train,frame_000012.jpg,120,12.0,2
S01,c002,train,frame_000013.jpg,130,13.0,2
S01,c002,train,frame_000014.jpg,140,14.0,4
S01,c002,train,frame_000015.jpg,150,15.0,3
S01,c002,train,frame_000016.jpg,160,16.0,3
S01,c002,train,frame_000017.jpg,170,17.0,3
S01,c002,train,frame_000018.jpg,180,18.0,2
S01,c002,train,frame_000019.jpg,190,19.0,2
S01,c002,train,frame_000020.jpg,200,20.0,3
S01,c002,train,frame_000021.jpg,210,21.0,2
S01,c002,train,frame_000022.jpg,220,22.0,1
S01,c002,train,frame_000023.jpg,230,23.0,2
S01,c002,train,frame_000024.jpg,240,24.0,1
S01,c002,train,frame_000025.jpg,250,25.0,1
S01,c002,train,frame_000026.jpg,260,26.0,1
S01,c002,train,frame_000027.jpg,270,27.0,1
S01,c002,train,frame_000028.jpg,280,28.0,2
S01,c002,train,frame_000029.jpg,290,29.0,1
S01,c002,train,frame_000030.jpg,300,30.0,2
S01,c002,train,frame_000031.jpg,310,31.0,1
S01,c002,train,frame_000032.jpg,320,32.0,3
S01,c002,train,frame_000033.jpg,330,33.0,3
S01,c002,train,frame_000034.jpg,340,34.0,2
S01,c002,train,frame_000035.jpg,350,35.0,2
S01,c002,train,frame_000036.jpg,360,36.0,1
S01,c002,train,frame_000037.jpg,370,37.0,1
S01,c002,train,frame_000038.jpg,380,38.0,2
S01,c002,train,frame_000039.jpg,390,39.0,1
S01,c002,train,frame_000040.jpg,400,40.0,1
S01,c002,train,frame_000041.jpg,410,41.0,1
S01,c002,train,frame_000042.jpg,420,42.0,1
S01,c002,train,frame_000043.jpg,430,43.0,2
S01,c002,train,frame_000044.jpg,440,44.0,1
S01,c002,train,frame_000045.jpg,450,45.0,1
S01,c002,train,frame_000046.jpg,460,46.0,1
S01,c002,train,frame_000047.jpg,470,47.0,3
S01,c002,train,frame_000048.jpg,480,48.0,1
S01,c002,train,frame_000049.jpg,490,49.0,2
S01,c002,train,frame_000050.jpg,500,50.0,1
S01,c002,train,frame_000051.jpg,510,51.0,1
S01,c002,train,frame_000052.jpg,520,52.0,2
S01,c002,train,frame_000053.jpg,530,53.0,3
S01,c002,train,frame_000054.jpg,540,54.0,2
S01,c002,train,frame_000055.jpg,550,55.0,3
S01,c002,train,frame_000056.jpg,560,56.0,2
S01,c002,train,frame_000057.jpg,570,57.0,1
S01,c002,train,frame_000058.jpg,580,58.0,2
S01,c002,train,frame_000059.jpg,590,59.0,3
S01,c002,train,frame_000060.jpg,600,60.0,2
S01,c002,train,frame_000061.jpg,610,61.0,4
S01,c002,train,frame_000062.jpg,620,62.0,4
S01,c002,train,frame_000063.jpg,630,63.0,3
S01,c002,train,frame_000064.jpg,640,64.0,2
S01,c002,train,frame_000065.jpg,650,65.0,3
S01,c002,train,frame_000066.jpg,660,66.0,4
S01,c002,train,frame_000067.jpg,670,67.0,1
S01,c002,train,frame_000068.jpg,680,68.0,2
S01,c002,train,frame_000069.jpg,690,69.0,0
S01,c002,train,frame_000070.jpg,700,70.0,1
S01,c002,train,frame_000071.jpg,710,71.0,3
S01,c002,train,frame_000072.jpg,720,72.0,3
S01,c002,train,frame_000073.jpg,730,73.0,4
S01,c002,train,frame_000074.jpg,740,74.0,4
S01,c002,train,frame_000075.jpg,750,75.0,6
S01,c002,train,frame_000076.jpg,760,76.0,4
S01,c002,train,frame_000077.jpg,770,77.0,3
S01,c002,train,frame_000078.jpg,780,78.0,2
S01,c002,train,frame_000079.jpg,790,79.0,4
S01,c002,train,frame_000080.jpg,800,80.0,3
S01,c002,train,frame_000081.jpg,810,81.0,2
S01,c002,train,frame_000082.jpg,820,82.0,2
S01,c002,train,frame_000083.jpg,830,83.0,1
S01,c002,train,frame_000084.jpg,840,84.0,0
S01,c002,train,frame_000085.jpg,850,85.0,0
S01,c002,train,frame_000086.jpg,860,86.0,1
S01,c002,train,frame_000087.jpg,870,87.0,1
S01,c002,train,frame_000088.jpg,880,88.0,2
S01,c002,train,frame_000089.jpg,890,89.0,0
S01,c002,train,frame_000090.jpg,900,90.0,0
S01,c002,train,frame_000091.jpg,910,91.0,2
S01,c002,train,frame_000092.jpg,920,92.0,1
S01,c002,train,frame_000093.jpg,930,93.0,2
S01,c002,train,frame_000094.jpg,940,94.0,3
S01,c002,train,frame_000095.jpg,950,95.0,3
S01,c002,train,frame_000096.jpg,960,96.0,2
S01,c002,train,frame_000097.jpg,970,97.0,2
S01,c002,train,frame_000098.jpg,980,98.0,2
S01,c002,train,frame_000099.jpg,990,99.0,3
S01,c002,train,frame_000100.jpg,1000,100.0,5
S01,c002,train,frame_000101.jpg,1010,101.0,4
S01,c002,train,frame_000102.jpg,1020,102.0,3
S01,c002,train,frame_000103.jpg,1030,103.0,2
S01,c002,train,frame_000104.jpg,1040,104.0,1
S01,c002,train,frame_000105.jpg,1050,105.0,3
S01,c002,train,frame_000106.jpg,1060,106.0,3
S01,c002,train,frame_000107.jpg,1070,107.0,2
S01,c002,train,frame_000108.jpg,1080,108.0,4
S01,c002,train,frame_000109.jpg,1090,109.0,3
S01,c002,train,frame_000110.jpg,1100,110.0,4
S01,c002,train,frame_000111.jpg,1110,111.0,2
S01,c002,train,frame_000112.jpg,1120,112.0,2
S01,c002,train,frame_000113.jpg,1130,113.0,3
S01,c002,train,frame_000114.jpg,1140,114.0,3
S01,c002,train,frame_000115.jpg,1150,115.0,1
S01,c002,train,frame_000116.jpg,1160,116.0,1
S01,c002,train,frame_000117.jpg,1170,117.0,2
S01,c002,train,frame_000118.jpg,1180,118.0,1
S01,c002,train,frame_000119.jpg,1190,119.0,1
S01,c002,train,frame_000120.jpg,1200,120.0,1
S01,c002,train,frame_000121.jpg,1210,121.0,1
S01,c002,train,frame_000122.jpg,1220,122.0,1
S01,c002,train,frame_000123.jpg,1230,123.0,1
S01,c002,train,frame_000124.jpg,1240,124.0,1
S01,c002,train,frame_000125.jpg,1250,125.0,1
S01,c002,train,frame_000126.jpg,1260,126.0,2
S01,c002,train,frame_000127.jpg,1270,127.0,2
S01,c002,train,frame_000128.jpg,1280,128.0,1
S01,c002,train,frame_000129.jpg,1290,129.0,1
S01,c002,train,frame_000130.jpg,1300,130.0,1
S01,c002,train,frame_000131.jpg,1310,131.0,1
S01,c002,train,frame_000132.jpg,1320,132.0,1
S01,c002,train,frame_000133.jpg,1330,133.0,2
S01,c002,train,frame_000134.jpg,1340,134.0,1
S01,c002,train,frame_000135.jpg,1350,135.0,1
S01,c002,train,frame_000136.jpg,1360,136.0,1
S01,c002,train,frame_000137.jpg,1370,137.0,1
S01,c002,train,frame_000138.jpg,1380,138.0,1
S01,c002,train,frame_000139.jpg,1390,139.0,3
S01,c002,train,frame_000140.jpg,1400,140.0,1
S01,c002,train,frame_000141.jpg,1410,141.0,2
S01,c002,train,frame_000142.jpg,1420,142.0,2
S01,c002,train,frame_000143.jpg,1430,143.0,1
S01,c002,train,frame_000144.jpg,1440,144.0,1
S01,c002,train,frame_000145.jpg,1450,145.0,2
S01,c002,train,frame_000146.jpg,1460,146.0,2
S01,c002,train,frame_000147.jpg,1470,147.0,2
S01,c002,train,frame_000148.jpg,1480,148.0,2
S01,c002,train,frame_000149.jpg,1490,149.0,2
S01,c002,train,frame_000150.jpg,1500,150.0,2
S01,c002,train,frame_000151.jpg,1510,151.0,2
S01,c002,train,frame_000152.jpg,1520,152.0,1
S01,c002,train,frame_000153.jpg,1530,153.0,1
S01,c002,train,frame_000154.jpg,1540,154.0,3
S01,c002,train,frame_000155.jpg,1550,155.0,3
S01,c002,train,frame_000156.jpg,1560,156.0,3
S01,c002,train,frame_000157.jpg,1570,157.0,2
S01,c002,train,frame_000158.jpg,1580,158.0,3
S01,c002,train,frame_000159.jpg,1590,159.0,3
S01,c002,train,frame_000160.jpg,1600,160.0,3
S01,c002,train,frame_000161.jpg,1610,161.0,3
S01,c002,train,frame_000162.jpg,1620,162.0,3
S01,c002,train,frame_000163.jpg,1630,163.0,2
S01,c002,train,frame_000164.jpg,1640,164.0,4
S01,c002,train,frame_000165.jpg,1650,165.0,4
S01,c002,train,frame_000166.jpg,1660,166.0,3
S01,c002,train,frame_000167.jpg,1670,167.0,4
S01,c002,train,frame_000168.jpg,1680,168.0,6
S01,c002,train,frame_000169.jpg,1690,169.0,5
S01,c002,train,frame_000170.jpg,1700,170.0,5
S01,c002,train,frame_000171.jpg,1710,171.0,5
S01,c002,train,frame_000172.jpg,1720,172.0,5
S01,c002,train,frame_000173.jpg,1730,173.0,4
S01,c002,train,frame_000174.jpg,1740,174.0,3
S01,c002,train,frame_000175.jpg,1750,175.0,4
S01,c002,train,frame_000176.jpg,1760,176.0,3
S01,c002,train,frame_000177.jpg,1770,177.0,3
S01,c002,train,frame_000178.jpg,1780,178.0,3
S01,c002,train,frame_000179.jpg,1790,179.0,3
S01,c002,train,frame_000180.jpg,1800,180.0,3
S01,c002,train,frame_000181.jpg,1810,181.0,3
S01,c002,train,frame_000182.jpg,1820,182.0,2
S01,c002,train,frame_000183.jpg,1830,183.0,3
S01,c002,train,frame_000184.jpg,1840,184.0,3
S01,c002,train,frame_000185.jpg,1850,185.0,3
S01,c002,train,frame_000186.jpg,1860,186.0,1
S01,c002,train,frame_000187.jpg,1870,187.0,2
S01,c002,train,frame_000188.jpg,1880,188.0,1
S01,c002,train,frame_000189.jpg,1890,189.0,1
S01,c002,train,frame_000190.jpg,1900,190.0,2
S01,c002,train,frame_000191.jpg,1910,191.0,2
S01,c002,train,frame_000192.jpg,1920,192.0,3
S01,c002,train,frame_000193.jpg,1930,193.0,2
S01,c002,train,frame_000194.jpg,1940,194.0,3
S01,c002,train,frame_000195.jpg,1950,195.0,5
S01,c002,train,frame_000196.jpg,1960,196.0,4
S01,c002,train,frame_000197.jpg,1970,197.0,6
S01,c002,train,frame_000198.jpg,1980,198.0,4
S01,c002,train,frame_000199.jpg,1990,199.0,5
S01,c002,train,frame_000200.jpg,2000,200.0,5
S01,c002,train,frame_000201.jpg,2010,201.0,4
S01,c002,train,frame_000202.jpg,2020,202.0,5
S01,c002,train,frame_000203.jpg,2030,203.0,5
S01,c002,train,frame_000204.jpg,2040,204.0,6
S01,c002,train,frame_000205.jpg,2050,205.0,5
S01,c002,train,frame_000206.jpg,2060,206.0,5
S01,c002,train,frame_000207.jpg,2070,207.0,5
S01,c002,train,frame_000208.jpg,2080,208.0,5
S01,c002,train,frame_000209.jpg,2090,209.0,6
S01,c002,train,frame_000210.jpg,2100,210.0,6
S01,c003,train,frame_000000.jpg,0,0.0,4
S01,c003,train,frame_000001.jpg,10,1.0,4
S01,c003,train,frame_000002.jpg,20,2.0,3
S01,c003,train,frame_000003.jpg,30,3.0,2
S01,c003,train,frame_000004.jpg,40,4.0,4
S01,c003,train,frame_000005.jpg,50,5.0,4
S01,c003,train,frame_000006.jpg,60,6.0,5
S01,c003,train,frame_000007.jpg,70,7.0,6
S01,c003,train,frame_000008.jpg,80,8.0,7
S01,c003,train,frame_000009.jpg,90,9.0,8
S01,c003,train,frame_000010.jpg,100,10.0,5
S01,c003,train,frame_000011.jpg,110,11.0,6
S01,c003,train,frame_000012.jpg,120,12.0,8
S01,c003,train,frame_000013.jpg,130,13.0,9
S01,c003,train,frame_000014.jpg,140,14.0,5
S01,c003,train,frame_000015.jpg,150,15.0,4
S01,c003,train,frame_000016.jpg,160,16.0,3
S01,c003,train,frame_000017.jpg,170,17.0,2
S01,c003,train,frame_000018.jpg,180,18.0,5
S01,c003,train,frame_000019.jpg,190,19.0,3
S01,c003,train,frame_000020.jpg,200,20.0,2
S01,c003,train,frame_000021.jpg,210,21.0,2
S01,c003,train,frame_000022.jpg,220,22.0,3
S01,c003,train,frame_000023.jpg,230,23.0,5
S01,c003,train,frame_000024.jpg,240,24.0,4
S01,c003,train,frame_000025.jpg,250,25.0,3
S01,c003,train,frame_000026.jpg,260,26.0,2
S01,c003,train,frame_000027.jpg,270,27.0,3
S01,c003,train,frame_000028.jpg,280,28.0,5
S01,c003,train,frame_000029.jpg,290,29.0,3
S01,c003,train,frame_000030.jpg,300,30.0,3
S01,c003,train,frame_000031.jpg,310,31.0,4
S01,c003,train,frame_000032.jpg,320,32.0,6
S01,c003,train,frame_000033.jpg,330,33.0,7
S01,c003,train,frame_000034.jpg,340,34.0,5
S01,c003,train,frame_000035.jpg,350,35.0,5
S01,c003,train,frame_000036.jpg,360,36.0,5
S01,c003,train,frame_000037.jpg,370,37.0,4
S01,c003,train,frame_000038.jpg,380,38.0,4
S01,c003,train,frame_000039.jpg,390,39.0,4
S01,c003,train,frame_000040.jpg,400,40.0,3
S01,c003,train,frame_000041.jpg,410,41.0,4
S01,c003,train,frame_000042.jpg,420,42.0,3
S01,c003,train,frame_000043.jpg,430,43.0,5
S01,c003,train,frame_000044.jpg,440,44.0,4
S01,c003,train,frame_000045.jpg,450,45.0,3
S01,c003,train,frame_000046.jpg,460,46.0,4
S01,c003,train,frame_000047.jpg,470,47.0,2
S01,c003,train,frame_000048.jpg,480,48.0,4
S01,c003,train,frame_000049.jpg,490,49.0,4
S01,c003,train,frame_000050.jpg,500,50.0,4
S01,c003,train,frame_000051.jpg,510,51.0,4
S01,c003,train,frame_000052.jpg,520,52.0,4
S01,c003,train,frame_000053.jpg,530,53.0,6
S01,c003,train,frame_000054.jpg,540,54.0,4
S01,c003,train,frame_000055.jpg,550,55.0,3
S01,c003,train,frame_000056.jpg,560,56.0,4
S01,c003,train,frame_000057.jpg,570,57.0,5
S01,c003,train,frame_000058.jpg,580,58.0,4
S01,c003,train,frame_000059.jpg,590,59.0,7
S01,c003,train,frame_000060.jpg,600,60.0,7
S01,c003,train,frame_000061.jpg,610,61.0,7
S01,c003,train,frame_000062.jpg,620,62.0,5
S01,c003,train,frame_000063.jpg,630,63.0,8
S01,c003,train,frame_000064.jpg,640,64.0,5
S01,c003,train,frame_000065.jpg,650,65.0,7
S01,c003,train,frame_000066.jpg,660,66.0,7
S01,c003,train,frame_000067.jpg,670,67.0,7
S01,c003,train,frame_000068.jpg,680,68.0,7
S01,c003,train,frame_000069.jpg,690,69.0,6
S01,c003,train,frame_000070.jpg,700,70.0,6
S01,c003,train,frame_000071.jpg,710,71.0,6
S01,c003,train,frame_000072.jpg,720,72.0,6
S01,c003,train,frame_000073.jpg,730,73.0,4
S01,c003,train,frame_000074.jpg,740,74.0,5
S01,c003,train,frame_000075.jpg,750,75.0,4
S01,c003,train,frame_000076.jpg,760,76.0,4
S01,c003,train,frame_000077.jpg,770,77.0,4
S01,c003,train,frame_000078.jpg,780,78.0,4
S01,c003,train,frame_000079.jpg,790,79.0,4
S01,c003,train,frame_000080.jpg,800,80.0,3
S01,c003,train,frame_000081.jpg,810,81.0,4
S01,c003,train,frame_000082.jpg,820,82.0,4
S01,c003,train,frame_000083.jpg,830,83.0,4
S01,c003,train,frame_000084.jpg,840,84.0,3
S01,c003,train,frame_000085.jpg,850,85.0,3
S01,c003,train,frame_000086.jpg,860,86.0,3
S01,c003,train,frame_000087.jpg,870,87.0,3
S01,c003,train,frame_000088.jpg,880,88.0,5
S01,c003,train,frame_000089.jpg,890,89.0,3
S01,c003,train,frame_000090.jpg,900,90.0,4
S01,c003,train,frame_000091.jpg,910,91.0,4
S01,c003,train,frame_000092.jpg,920,92.0,5
S01,c003,train,frame_000093.jpg,930,93.0,6
S01,c003,train,frame_000094.jpg,940,94.0,6
S01,c003,train,frame_000095.jpg,950,95.0,4
S01,c003,train,frame_000096.jpg,960,96.0,5
S01,c003,train,frame_000097.jpg,970,97.0,5
S01,c003,train,frame_000098.jpg,980,98.0,4
S01,c003,train,frame_000099.jpg,990,99.0,4
S01,c003,train,frame_000100.jpg,1000,100.0,5
S01,c003,train,frame_000101.jpg,1010,101.0,4
S01,c003,train,frame_000102.jpg,1020,102.0,1
S01,c003,train,frame_000103.jpg,1030,103.0,1
S01,c003,train,frame_000104.jpg,1040,104.0,0
S01,c003,train,frame_000105.jpg,1050,105.0,0
S01,c003,train,frame_000106.jpg,1060,106.0,0
S01,c003,train,frame_000107.jpg,1070,107.0,0
S01,c003,train,frame_000108.jpg,1080,108.0,0
S01,c003,train,frame_000109.jpg,1090,109.0,0
S01,c003,train,frame_000110.jpg,1100,110.0,2
S01,c003,train,frame_000111.jpg,1110,111.0,2
S01,c003,train,frame_000112.jpg,1120,112.0,4
S01,c003,train,frame_000113.jpg,1130,113.0,4
S01,c003,train,frame_000114.jpg,1140,114.0,4
S01,c003,train,frame_000115.jpg,1150,115.0,7
S01,c003,train,frame_000116.jpg,1160,116.0,7
S01,c003,train,frame_000117.jpg,1170,117.0,4
S01,c003,train,frame_000118.jpg,1180,118.0,2
S01,c003,train,frame_000119.jpg,1190,119.0,1
S01,c003,train,frame_000120.jpg,1200,120.0,1
S01,c003,train,frame_000121.jpg,1210,121.0,1
S01,c003,train,frame_000122.jpg,1220,122.0,3
S01,c003,train,frame_000123.jpg,1230,123.0,3
S01,c003,train,frame_000124.jpg,1240,124.0,2
S01,c003,train,frame_000125.jpg,1250,125.0,3
S01,c003,train,frame_000126.jpg,1260,126.0,3
S01,c003,train,frame_000127.jpg,1270,127.0,2
S01,c003,train,frame_000128.jpg,1280,128.0,2
S01,c003,train,frame_000129.jpg,1290,129.0,3
S01,c003,train,frame_000130.jpg,1300,130.0,3
S01,c003,train,frame_000131.jpg,1310,131.0,4
S01,c003,train,frame_000132.jpg,1320,132.0,3
S01,c003,train,frame_000133.jpg,1330,133.0,3
S01,c003,train,frame_000134.jpg,1340,134.0,3
S01,c003,train,frame_000135.jpg,1350,135.0,5
S01,c003,train,frame_000136.jpg,1360,136.0,3
S01,c003,train,frame_000137.jpg,1370,137.0,1
S01,c003,train,frame_000138.jpg,1380,138.0,1
S01,c003,train,frame_000139.jpg,1390,139.0,1
S01,c003,train,frame_000140.jpg,1400,140.0,2
S01,c003,train,frame_000141.jpg,1410,141.0,3
S01,c003,train,frame_000142.jpg,1420,142.0,2
S01,c003,train,frame_000143.jpg,1430,143.0,2
S01,c003,train,frame_000144.jpg,1440,144.0,3
S01,c003,train,frame_000145.jpg,1450,145.0,7
S01,c003,train,frame_000146.jpg,1460,146.0,5
S01,c003,train,frame_000147.jpg,1470,147.0,4
S01,c003,train,frame_000148.jpg,1480,148.0,4
S01,c003,train,frame_000149.jpg,1490,149.0,3
S01,c003,train,frame_000150.jpg,1500,150.0,1
S01,c003,train,frame_000151.jpg,1510,151.0,1
S01,c003,train,frame_000152.jpg,1520,152.0,2
S01,c003,train,frame_000153.jpg,1530,153.0,2
S01,c003,train,frame_000154.jpg,1540,154.0,2
S01,c003,train,frame_000155.jpg,1550,155.0,2
S01,c003,train,frame_000156.jpg,1560,156.0,3
S01,c003,train,frame_000157.jpg,1570,157.0,3
S01,c003,train,frame_000158.jpg,1580,158.0,4
S01,c003,train,frame_000159.jpg,1590,159.0,4
S01,c003,train,frame_000160.jpg,1600,160.0,3
S01,c003,train,frame_000161.jpg,1610,161.0,4
S01,c003,train,frame_000162.jpg,1620,162.0,4
S01,c003,train,frame_000163.jpg,1630,163.0,4
S01,c003,train,frame_000164.jpg,1640,164.0,3
S01,c003,train,frame_000165.jpg,1650,165.0,3
S01,c003,train,frame_000166.jpg,1660,166.0,3
S01,c003,train,frame_000167.jpg,1670,167.0,3
S01,c003,train,frame_000168.jpg,1680,168.0,3
S01,c003,train,frame_000169.jpg,1690,169.0,4
S01,c003,train,frame_000170.jpg,1700,170.0,5
S01,c003,train,frame_000171.jpg,1710,171.0,5
S01,c003,train,frame_000172.jpg,1720,172.0,6
S01,c003,train,frame_000173.jpg,1730,173.0,4
S01,c003,train,frame_000174.jpg,1740,174.0,2
S01,c003,train,frame_000175.jpg,1750,175.0,3
S01,c003,train,frame_000176.jpg,1760,176.0,3
S01,c003,train,frame_000177.jpg,1770,177.0,5
S01,c003,train,frame_000178.jpg,1780,178.0,6
S01,c003,train,frame_000179.jpg,1790,179.0,6
S01,c003,train,frame_000180.jpg,1800,180.0,4
S01,c003,train,frame_000181.jpg,1810,181.0,4
S01,c003,train,frame_000182.jpg,1820,182.0,3
S01,c003,train,frame_000183.jpg,1830,183.0,4
S01,c003,train,frame_000184.jpg,1840,184.0,3
S01,c003,train,frame_000185.jpg,1850,185.0,5
S01,c003,train,frame_000186.jpg,1860,186.0,6
S01,c003,train,frame_000187.jpg,1870,187.0,5
S01,c003,train,frame_000188.jpg,1880,188.0,5
S01,c003,train,frame_000189.jpg,1890,189.0,6
S01,c003,train,frame_000190.jpg,1900,190.0,4
S01,c003,train,frame_000191.jpg,1910,191.0,6
S01,c003,train,frame_000192.jpg,1920,192.0,1
S01,c003,train,frame_000193.jpg,1930,193.0,2
S01,c003,train,frame_000194.jpg,1940,194.0,0
S01,c003,train,frame_000195.jpg,1950,195.0,0
S01,c003,train,frame_000196.jpg,1960,196.0,1
S01,c003,train,frame_000197.jpg,1970,197.0,3
S01,c003,train,frame_000198.jpg,1980,198.0,3
S01,c003,train,frame_000199.jpg,1990,199.0,4
S01,c004,train,frame_000000.jpg,0,0.0,4
S01,c004,train,frame_000001.jpg,10,1.0,3
S01,c004,train,frame_000002.jpg,20,2.0,2
S01,c004,train,frame_000003.jpg,30,3.0,4
S01,c004,train,frame_000004.jpg,40,4.0,5
S01,c004,train,frame_000005.jpg,50,5.0,7
S01,c004,train,frame_000006.jpg,60,6.0,4
S01,c004,train,frame_000007.jpg,70,7.0,6
S01,c004,train,frame_000008.jpg,80,8.0,7
S01,c004,train,frame_000009.jpg,90,9.0,4
S01,c004,train,frame_000010.jpg,100,10.0,4
S01,c004,train,frame_000011.jpg,110,11.0,5
S01,c004,train,frame_000012.jpg,120,12.0,4
S01,c004,train,frame_000013.jpg,130,13.0,5
S01,c004,train,frame_000014.jpg,140,14.0,3
S01,c004,train,frame_000015.jpg,150,15.0,1
S01,c004,train,frame_000016.jpg,160,16.0,3
S01,c004,train,frame_000017.jpg,170,17.0,4
S01,c004,train,frame_000018.jpg,180,18.0,4
S01,c004,train,frame_000019.jpg,190,19.0,6
S01,c004,train,frame_000020.jpg,200,20.0,4
S01,c004,train,frame_000021.jpg,210,21.0,3
S01,c004,train,frame_000022.jpg,220,22.0,4
S01,c004,train,frame_000023.jpg,230,23.0,3
S01,c004,train,frame_000024.jpg,240,24.0,4
S01,c004,train,frame_000025.jpg,250,25.0,4
S01,c004,train,frame_000026.jpg,260,26.0,4
S01,c004,train,frame_000027.jpg,270,27.0,5
S01,c004,train,frame_000028.jpg,280,28.0,5
S01,c004,train,frame_000029.jpg,290,29.0,4
S01,c004,train,frame_000030.jpg,300,30.0,6
S01,c004,train,frame_000031.jpg,310,31.0,5
S01,c004,train,frame_000032.jpg,320,32.0,5
S01,c004,train,frame_000033.jpg,330,33.0,5
S01,c004,train,frame_000034.jpg,340,34.0,6
S01,c004,train,frame_000035.jpg,350,35.0,6
S01,c004,train,frame_000036.jpg,360,36.0,5
S01,c004,train,frame_000037.jpg,370,37.0,4
S01,c004,train,frame_000038.jpg,380,38.0,4
S01,c004,train,frame_000039.jpg,390,39.0,4
S01,c004,train,frame_000040.jpg,400,40.0,4
S01,c004,train,frame_000041.jpg,410,41.0,3
S01,c004,train,frame_000042.jpg,420,42.0,2
S01,c004,train,frame_000043.jpg,430,43.0,4
S01,c004,train,frame_000044.jpg,440,44.0,3
S01,c004,train,frame_000045.jpg,450,45.0,2
S01,c004,train,frame_000046.jpg,460,46.0,2
S01,c004,train,frame_000047.jpg,470,47.0,4
S01,c004,train,frame_000048.jpg,480,48.0,3
S01,c004,train,frame_000049.jpg,490,49.0,3
S01,c004,train,frame_000050.jpg,500,50.0,4
S01,c004,train,frame_000051.jpg,510,51.0,2
S01,c004,train,frame_000052.jpg,520,52.0,1
S01,c004,train,frame_000053.jpg,530,53.0,1
S01,c004,train,frame_000054.jpg,540,54.0,1
S01,c004,train,frame_000055.jpg,550,55.0,1
S01,c004,train,frame_000056.jpg,560,56.0,1
S01,c004,train,frame_000057.jpg,570,57.0,1
S01,c004,train,frame_000058.jpg,580,58.0,1
S01,c004,train,frame_000059.jpg,590,59.0,2
S01,c004,train,frame_000060.jpg,600,60.0,2
S01,c004,train,frame_000061.jpg,610,61.0,2
S01,c004,train,frame_000062.jpg,620,62.0,2
S01,c004,train,frame_000063.jpg,630,63.0,3
S01,c004,train,frame_000064.jpg,640,64.0,5
S01,c004,train,frame_000065.jpg,650,65.0,7
S01,c004,train,frame_000066.jpg,660,66.0,4
S01,c004,train,frame_000067.jpg,670,67.0,5
S01,c004,train,frame_000068.jpg,680,68.0,4
S01,c004,train,frame_000069.jpg,690,69.0,3
S01,c004,train,frame_000070.jpg,700,70.0,4
S01,c004,train,frame_000071.jpg,710,71.0,4
S01,c004,train,frame_000072.jpg,720,72.0,2
S01,c004,train,frame_000073.jpg,730,73.0,2
S01,c004,train,frame_000074.jpg,740,74.0,4
S01,c004,train,frame_000075.jpg,750,75.0,2
S01,c004,train,frame_000076.jpg,760,76.0,2
S01,c004,train,frame_000077.jpg,770,77.0,2
S01,c004,train,frame_000078.jpg,780,78.0,1
S01,c004,train,frame_000079.jpg,790,79.0,1
S01,c004,train,frame_000080.jpg,800,80.0,2
S01,c004,train,frame_000081.jpg,810,81.0,3
S01,c004,train,frame_000082.jpg,820,82.0,2
S01,c004,train,frame_000083.jpg,830,83.0,2
S01,c004,train,frame_000084.jpg,840,84.0,2
S01,c004,train,frame_000085.jpg,850,85.0,0
S01,c004,train,frame_000086.jpg,860,86.0,1
S01,c004,train,frame_000087.jpg,870,87.0,2
S01,c004,train,frame_000088.jpg,880,88.0,1
S01,c004,train,frame_000089.jpg,890,89.0,1
S01,c004,train,frame_000090.jpg,900,90.0,1
S01,c004,train,frame_000091.jpg,910,91.0,2
S01,c004,train,frame_000092.jpg,920,92.0,1
S01,c004,train,frame_000093.jpg,930,93.0,2
S01,c004,train,frame_000094.jpg,940,94.0,1
S01,c004,train,frame_000095.jpg,950,95.0,2
S01,c004,train,frame_000096.jpg,960,96.0,2
S01,c004,train,frame_000097.jpg,970,97.0,1
S01,c004,train,frame_000098.jpg,980,98.0,2
S01,c004,train,frame_000099.jpg,990,99.0,4
S01,c004,train,frame_000100.jpg,1000,100.0,4
S01,c004,train,frame_000101.jpg,1010,101.0,2
S01,c004,train,frame_000102.jpg,1020,102.0,5
S01,c004,train,frame_000103.jpg,1030,103.0,3
S01,c004,train,frame_000104.jpg,1040,104.0,3
S01,c004,train,frame_000105.jpg,1050,105.0,2
S01,c004,train,frame_000106.jpg,1060,106.0,3
S01,c004,train,frame_000107.jpg,1070,107.0,4
S01,c004,train,frame_000108.jpg,1080,108.0,3
S01,c004,train,frame_000109.jpg,1090,109.0,3
S01,c004,train,frame_000110.jpg,1100,110.0,5
S01,c004,train,frame_000111.jpg,1110,111.0,6
S01,c004,train,frame_000112.jpg,1120,112.0,2
S01,c004,train,frame_000113.jpg,1130,113.0,2
S01,c004,train,frame_000114.jpg,1140,114.0,1
S01,c004,train,frame_000115.jpg,1150,115.0,1
S01,c004,train,frame_000116.jpg,1160,116.0,1
S01,c004,train,frame_000117.jpg,1170,117.0,3
S01,c004,train,frame_000118.jpg,1180,118.0,3
S01,c004,train,frame_000119.jpg,1190,119.0,2
S01,c004,train,frame_000120.jpg,1200,120.0,2
S01,c004,train,frame_000121.jpg,1210,121.0,2
S01,c004,train,frame_000122.jpg,1220,122.0,1
S01,c004,train,frame_000123.jpg,1230,123.0,2
S01,c004,train,frame_000124.jpg,1240,124.0,1
S01,c004,train,frame_000125.jpg,1250,125.0,1
S01,c004,train,frame_000126.jpg,1260,126.0,4
S01,c004,train,frame_000127.jpg,1270,127.0,5
S01,c004,train,frame_000128.jpg,1280,128.0,3
S01,c004,train,frame_000129.jpg,1290,129.0,3
S01,c004,train,frame_000130.jpg,1300,130.0,3
S01,c004,train,frame_000131.jpg,1310,131.0,2
S01,c004,train,frame_000132.jpg,1320,132.0,2
S01,c004,train,frame_000133.jpg,1330,133.0,1
S01,c004,train,frame_000134.jpg,1340,134.0,1
S01,c004,train,frame_000135.jpg,1350,135.0,1
S01,c004,train,frame_000136.jpg,1360,136.0,2
S01,c004,train,frame_000137.jpg,1370,137.0,2
S01,c004,train,frame_000138.jpg,1380,138.0,2
S01,c004,train,frame_000139.jpg,1390,139.0,2
S01,c004,train,frame_000140.jpg,1400,140.0,1
S01,c004,train,frame_000141.jpg,1410,141.0,2
S01,c004,train,frame_000142.jpg,1420,142.0,3
S01,c004,train,frame_000143.jpg,1430,143.0,3
S01,c004,train,frame_000144.jpg,1440,144.0,2
S01,c004,train,frame_000145.jpg,1450,145.0,0
S01,c004,train,frame_000146.jpg,1460,146.0,1
S01,c004,train,frame_000147.jpg,1470,147.0,1
S01,c004,train,frame_000148.jpg,1480,148.0,1
S01,c004,train,frame_000149.jpg,1490,149.0,2
S01,c004,train,frame_000150.jpg,1500,150.0,2
S01,c004,train,frame_000151.jpg,1510,151.0,2
S01,c004,train,frame_000152.jpg,1520,152.0,3
S01,c004,train,frame_000153.jpg,1530,153.0,4
S01,c004,train,frame_000154.jpg,1540,154.0,3
S01,c004,train,frame_000155.jpg,1550,155.0,3
S01,c004,train,frame_000156.jpg,1560,156.0,3
S01,c004,train,frame_000157.jpg,1570,157.0,3
S01,c004,train,frame_000158.jpg,1580,158.0,3
S01,c004,train,frame_000159.jpg,1590,159.0,3
S01,c004,train,frame_000160.jpg,1600,160.0,3
S01,c004,train,frame_000161.jpg,1610,161.0,2
S01,c004,train,frame_000162.jpg,1620,162.0,3
S01,c004,train,frame_000163.jpg,1630,163.0,2
S01,c004,train,frame_000164.jpg,1640,164.0,2
S01,c004,train,frame_000165.jpg,1650,165.0,2
S01,c004,train,frame_000166.jpg,1660,166.0,3
S01,c004,train,frame_000167.jpg,1670,167.0,3
S01,c004,train,frame_000168.jpg,1680,168.0,3
S01,c004,train,frame_000169.jpg,1690,169.0,4
S01,c004,train,frame_000170.jpg,1700,170.0,4
S01,c004,train,frame_000171.jpg,1710,171.0,5
S01,c004,train,frame_000172.jpg,1720,172.0,2
S01,c004,train,frame_000173.jpg,1730,173.0,5
S01,c004,train,frame_000174.jpg,1740,174.0,3
S01,c004,train,frame_000175.jpg,1750,175.0,3
S01,c004,train,frame_000176.jpg,1760,176.0,3
S01,c004,train,frame_000177.jpg,1770,177.0,5
S01,c004,train,frame_000178.jpg,1780,178.0,4
S01,c004,train,frame_000179.jpg,1790,179.0,4
S01,c004,train,frame_000180.jpg,1800,180.0,5
S01,c004,train,frame_000181.jpg,1810,181.0,5
S01,c004,train,frame_000182.jpg,1820,182.0,5
S01,c004,train,frame_000183.jpg,1830,183.0,5
S01,c004,train,frame_000184.jpg,1840,184.0,5
S01,c004,train,frame_000185.jpg,1850,185.0,4
S01,c004,train,frame_000186.jpg,1860,186.0,4
S01,c004,train,frame_000187.jpg,1870,187.0,5
S01,c004,train,frame_000188.jpg,1880,188.0,4
S01,c004,train,frame_000189.jpg,1890,189.0,4
S01,c004,train,frame_000190.jpg,1900,190.0,4
S01,c004,train,frame_000191.jpg,1910,191.0,4
S01,c004,train,frame_000192.jpg,1920,192.0,3
S01,c004,train,frame_000193.jpg,1930,193.0,4
S01,c004,train,frame_000194.jpg,1940,194.0,3
S01,c004,train,frame_000195.jpg,1950,195.0,6
S01,c004,train,frame_000196.jpg,1960,196.0,7
S01,c004,train,frame_000197.jpg,1970,197.0,7
S01,c004,train,frame_000198.jpg,1980,198.0,8
S01,c004,train,frame_000199.jpg,1990,199.0,5
S01,c004,train,frame_000200.jpg,2000,200.0,7
S01,c004,train,frame_000201.jpg,2010,201.0,6
S01,c004,train,frame_000202.jpg,2020,202.0,6
S01,c004,train,frame_000203.jpg,2030,203.0,6
S01,c004,train,frame_000204.jpg,2040,204.0,6
S01,c004,train,frame_000205.jpg,2050,205.0,5
S01,c004,train,frame_000206.jpg,2060,206.0,4
S01,c004,train,frame_000207.jpg,2070,207.0,5
S01,c004,train,frame_000208.jpg,2080,208.0,4
S01,c004,train,frame_000209.jpg,2090,209.0,6
S01,c004,train,frame_000210.jpg,2100,210.0,6
S01,c005,train,frame_000000.jpg,0,0.0,6
S01,c005,train,frame_000001.jpg,10,1.0,6
S01,c005,train,frame_000002.jpg,20,2.0,8
S01,c005,train,frame_000003.jpg,30,3.0,8
S01,c005,train,frame_000004.jpg,40,4.0,7
S01,c005,train,frame_000005.jpg,50,5.0,7
S01,c005,train,frame_000006.jpg,60,6.0,9
S01,c005,train,frame_000007.jpg,70,7.0,6
S01,c005,train,frame_000008.jpg,80,8.0,7
S01,c005,train,frame_000009.jpg,90,9.0,7
S01,c005,train,frame_000010.jpg,100,10.0,7
S01,c005,train,frame_000011.jpg,110,11.0,5
S01,c005,train,frame_000012.jpg,120,12.0,4
S01,c005,train,frame_000013.jpg,130,13.0,6
S01,c005,train,frame_000014.jpg,140,14.0,7
S01,c005,train,frame_000015.jpg,150,15.0,5
S01,c005,train,frame_000016.jpg,160,16.0,3
S01,c005,train,frame_000017.jpg,170,17.0,3
S01,c005,train,frame_000018.jpg,180,18.0,1
S01,c005,train,frame_000019.jpg,190,19.0,3
S01,c005,train,frame_000020.jpg,200,20.0,5
S01,c005,train,frame_000021.jpg,210,21.0,2
S01,c005,train,frame_000022.jpg,220,22.0,5
S01,c005,train,frame_000023.jpg,230,23.0,3
S01,c005,train,frame_000024.jpg,240,24.0,6
S01,c005,train,frame_000025.jpg,250,25.0,6
S01,c005,train,frame_000026.jpg,260,26.0,6
S01,c005,train,frame_000027.jpg,270,27.0,7
S01,c005,train,frame_000028.jpg,280,28.0,7
S01,c005,train,frame_000029.jpg,290,29.0,6
S01,c005,train,frame_000030.jpg,300,30.0,5
S01,c005,train,frame_000031.jpg,310,31.0,8
S01,c005,train,frame_000032.jpg,320,32.0,9
S01,c005,train,frame_000033.jpg,330,33.0,8
S01,c005,train,frame_000034.jpg,340,34.0,10
S01,c005,train,frame_000035.jpg,350,35.0,8
S01,c005,train,frame_000036.jpg,360,36.0,7
S01,c005,train,frame_000037.jpg,370,37.0,6
S01,c005,train,frame_000038.jpg,380,38.0,4
S01,c005,train,frame_000039.jpg,390,39.0,5
S01,c005,train,frame_000040.jpg,400,40.0,5
S01,c005,train,frame_000041.jpg,410,41.0,7
S01,c005,train,frame_000042.jpg,420,42.0,5
S01,c005,train,frame_000043.jpg,430,43.0,8
S01,c005,train,frame_000044.jpg,440,44.0,5
S01,c005,train,frame_000045.jpg,450,45.0,8
S01,c005,train,frame_000046.jpg,460,46.0,6
S01,c005,train,frame_000047.jpg,470,47.0,7
S01,c005,train,frame_000048.jpg,480,48.0,5
S01,c005,train,frame_000049.jpg,490,49.0,4
S01,c005,train,frame_000050.jpg,500,50.0,5
S01,c005,train,frame_000051.jpg,510,51.0,7
S01,c005,train,frame_000052.jpg,520,52.0,8
S01,c005,train,frame_000053.jpg,530,53.0,6
S01,c005,train,frame_000054.jpg,540,54.0,6
S01,c005,train,frame_000055.jpg,550,55.0,7
S01,c005,train,frame_000056.jpg,560,56.0,7
S01,c005,train,frame_000057.jpg,570,57.0,8
S01,c005,train,frame_000058.jpg,580,58.0,9
S01,c005,train,frame_000059.jpg,590,59.0,8
S01,c005,train,frame_000060.jpg,600,60.0,8
S01,c005,train,frame_000061.jpg,610,61.0,9
S01,c005,train,frame_000062.jpg,620,62.0,8
S01,c005,train,frame_000063.jpg,630,63.0,9
S01,c005,train,frame_000064.jpg,640,64.0,10
S01,c005,train,frame_000065.jpg,650,65.0,9
S01,c005,train,frame_000066.jpg,660,66.0,9
S01,c005,train,frame_000067.jpg,670,67.0,7
S01,c005,train,frame_000068.jpg,680,68.0,9
S01,c005,train,frame_000069.jpg,690,69.0,8
S01,c005,train,frame_000070.jpg,700,70.0,8
S01,c005,train,frame_000071.jpg,710,71.0,7
S01,c005,train,frame_000072.jpg,720,72.0,10
S01,c005,train,frame_000073.jpg,730,73.0,10
S01,c005,train,frame_000074.jpg,740,74.0,8
S01,c005,train,frame_000075.jpg,750,75.0,8
S01,c005,train,frame_000076.jpg,760,76.0,8
S01,c005,train,frame_000077.jpg,770,77.0,8
S01,c005,train,frame_000078.jpg,780,78.0,7
S01,c005,train,frame_000079.jpg,790,79.0,6
S01,c005,train,frame_000080.jpg,800,80.0,7
S01,c005,train,frame_000081.jpg,810,81.0,6
S01,c005,train,frame_000082.jpg,820,82.0,5
S01,c005,train,frame_000083.jpg,830,83.0,6
S01,c005,train,frame_000084.jpg,840,84.0,5
S01,c005,train,frame_000085.jpg,850,85.0,6
S01,c005,train,frame_000086.jpg,860,86.0,6
S01,c005,train,frame_000087.jpg,870,87.0,6
S01,c005,train,frame_000088.jpg,880,88.0,7
S01,c005,train,frame_000089.jpg,890,89.0,6
S01,c005,train,frame_000090.jpg,900,90.0,7
S01,c005,train,frame_000091.jpg,910,91.0,5
S01,c005,train,frame_000092.jpg,920,92.0,7
S01,c005,train,frame_000093.jpg,930,93.0,6
S01,c005,train,frame_000094.jpg,940,94.0,6
S01,c005,train,frame_000095.jpg,950,95.0,6
S01,c005,train,frame_000096.jpg,960,96.0,5
S01,c005,train,frame_000097.jpg,970,97.0,3
S01,c005,train,frame_000098.jpg,980,98.0,4
S01,c005,train,frame_000099.jpg,990,99.0,5
S01,c005,train,frame_000100.jpg,1000,100.0,5
S01,c005,train,frame_000101.jpg,1010,101.0,3
S01,c005,train,frame_000102.jpg,1020,102.0,1
S01,c005,train,frame_000103.jpg,1030,103.0,0
S01,c005,train,frame_000104.jpg,1040,104.0,0
S01,c005,train,frame_000105.jpg,1050,105.0,0
S01,c005,train,frame_000106.jpg,1060,106.0,0
S01,c005,train,frame_000107.jpg,1070,107.0,1
S01,c005,train,frame_000108.jpg,1080,108.0,1
S01,c005,train,frame_000109.jpg,1090,109.0,0
S01,c005,train,frame_000110.jpg,1100,110.0,2
S01,c005,train,frame_000111.jpg,1110,111.0,1
S01,c005,train,frame_000112.jpg,1120,112.0,2
S01,c005,train,frame_000113.jpg,1130,113.0,0
S01,c005,train,frame_000114.jpg,1140,114.0,2
S01,c005,train,frame_000115.jpg,1150,115.0,3
S01,c005,train,frame_000116.jpg,1160,116.0,4
S01,c005,train,frame_000117.jpg,1170,117.0,2
S01,c005,train,frame_000118.jpg,1180,118.0,3
S01,c005,train,frame_000119.jpg,1190,119.0,0
S01,c005,train,frame_000120.jpg,1200,120.0,0
S01,c005,train,frame_000121.jpg,1210,121.0,0
S01,c005,train,frame_000122.jpg,1220,122.0,0
S01,c005,train,frame_000123.jpg,1230,123.0,0
S01,c005,train,frame_000124.jpg,1240,124.0,3
S01,c005,train,frame_000125.jpg,1250,125.0,3
S01,c005,train,frame_000126.jpg,1260,126.0,4
S01,c005,train,frame_000127.jpg,1270,127.0,1
S01,c005,train,frame_000128.jpg,1280,128.0,0
S01,c005,train,frame_000129.jpg,1290,129.0,1
S01,c005,train,frame_000130.jpg,1300,130.0,1
S01,c005,train,frame_000131.jpg,1310,131.0,1
S01,c005,train,frame_000132.jpg,1320,132.0,2
S01,c005,train,frame_000133.jpg,1330,133.0,1
S01,c005,train,frame_000134.jpg,1340,134.0,0
S01,c005,train,frame_000135.jpg,1350,135.0,0
S01,c005,train,frame_000136.jpg,1360,136.0,1
S01,c005,train,frame_000137.jpg,1370,137.0,2
S01,c005,train,frame_000138.jpg,1380,138.0,2
S01,c005,train,frame_000139.jpg,1390,139.0,2
S01,c005,train,frame_000140.jpg,1400,140.0,1
S01,c005,train,frame_000141.jpg,1410,141.0,1
S01,c005,train,frame_000142.jpg,1420,142.0,0
S01,c005,train,frame_000143.jpg,1430,143.0,2
S01,c005,train,frame_000144.jpg,1440,144.0,0
S01,c005,train,frame_000145.jpg,1450,145.0,0
S01,c005,train,frame_000146.jpg,1460,146.0,0
S01,c005,train,frame_000147.jpg,1470,147.0,0
S01,c005,train,frame_000148.jpg,1480,148.0,1
S01,c005,train,frame_000149.jpg,1490,149.0,1
S01,c005,train,frame_000150.jpg,1500,150.0,1
S01,c005,train,frame_000151.jpg,1510,151.0,3
S01,c005,train,frame_000152.jpg,1520,152.0,3
S01,c005,train,frame_000153.jpg,1530,153.0,3
S01,c005,train,frame_000154.jpg,1540,154.0,4
S01,c005,train,frame_000155.jpg,1550,155.0,5
S01,c005,train,frame_000156.jpg,1560,156.0,6
S01,c005,train,frame_000157.jpg,1570,157.0,3
S01,c005,train,frame_000158.jpg,1580,158.0,3
S01,c005,train,frame_000159.jpg,1590,159.0,3
S01,c005,train,frame_000160.jpg,1600,160.0,2
S01,c005,train,frame_000161.jpg,1610,161.0,4
S01,c005,train,frame_000162.jpg,1620,162.0,2
S01,c005,train,frame_000163.jpg,1630,163.0,3
S01,c005,train,frame_000164.jpg,1640,164.0,3
S01,c005,train,frame_000165.jpg,1650,165.0,7
S01,c005,train,frame_000166.jpg,1660,166.0,7
S01,c005,train,frame_000167.jpg,1670,167.0,7
S01,c005,train,frame_000168.jpg,1680,168.0,8
S01,c005,train,frame_000169.jpg,1690,169.0,7
S01,c005,train,frame_000170.jpg,1700,170.0,6
S01,c005,train,frame_000171.jpg,1710,171.0,6
S01,c005,train,frame_000172.jpg,1720,172.0,5
S01,c005,train,frame_000173.jpg,1730,173.0,5
S01,c005,train,frame_000174.jpg,1740,174.0,3
S01,c005,train,frame_000175.jpg,1750,175.0,4
S01,c005,train,frame_000176.jpg,1760,176.0,4
S01,c005,train,frame_000177.jpg,1770,177.0,4
S01,c005,train,frame_000178.jpg,1780,178.0,4
S01,c005,train,frame_000179.jpg,1790,179.0,4
S01,c005,train,frame_000180.jpg,1800,180.0,4
S01,c005,train,frame_000181.jpg,1810,181.0,5
S01,c005,train,frame_000182.jpg,1820,182.0,4
S01,c005,train,frame_000183.jpg,1830,183.0,5
S01,c005,train,frame_000184.jpg,1840,184.0,5
S01,c005,train,frame_000185.jpg,1850,185.0,5
S01,c005,train,frame_000186.jpg,1860,186.0,3
S01,c005,train,frame_000187.jpg,1870,187.0,5
S01,c005,train,frame_000188.jpg,1880,188.0,5
S01,c005,train,frame_000189.jpg,1890,189.0,4
S01,c005,train,frame_000190.jpg,1900,190.0,4
S01,c005,train,frame_000191.jpg,1910,191.0,3
S01,c005,train,frame_000192.jpg,1920,192.0,5
S01,c005,train,frame_000193.jpg,1930,193.0,5
S01,c005,train,frame_000194.jpg,1940,194.0,4
S01,c005,train,frame_000195.jpg,1950,195.0,8
S01,c005,train,frame_000196.jpg,1960,196.0,7
S01,c005,train,frame_000197.jpg,1970,197.0,7
S01,c005,train,frame_000198.jpg,1980,198.0,7
S01,c005,train,frame_000199.jpg,1990,199.0,7
S01,c005,train,frame_000200.jpg,2000,200.0,10
S01,c005,train,frame_000201.jpg,2010,201.0,8
S01,c005,train,frame_000202.jpg,2020,202.0,7
S01,c005,train,frame_000203.jpg,2030,203.0,8
S01,c005,train,frame_000204.jpg,2040,204.0,6
S01,c005,train,frame_000205.jpg,2050,205.0,9
S01,c005,train,frame_000206.jpg,2060,206.0,6
S01,c005,train,frame_000207.jpg,2070,207.0,8
S01,c005,train,frame_000208.jpg,2080,208.0,8
S01,c005,train,frame_000209.jpg,2090,209.0,7
S01,c005,train,frame_000210.jpg,2100,210.0,8
S02,c006,val,frame_000000.jpg,0,0.0,11
S02,c006,val,frame_000001.jpg,10,1.0,8
S02,c006,val,frame_000002.jpg,20,2.0,8
S02,c006,val,frame_000003.jpg,30,3.0,8
S02,c006,val,frame_000004.jpg,40,4.0,8
S02,c006,val,frame_000005.jpg,50,5.0,7
S02,c006,val,frame_000006.jpg,60,6.0,9
S02,c006,val,frame_000007.jpg,70,7.0,7
S02,c006,val,frame_000008.jpg,80,8.0,9
S02,c006,val,frame_000009.jpg,90,9.0,10
S02,c006,val,frame_000010.jpg,100,10.0,8
S02,c006,val,frame_000011.jpg,110,11.0,8
S02,c006,val,frame_000012.jpg,120,12.0,6
S02,c006,val,frame_000013.jpg,130,13.0,7
S02,c006,val,frame_000014.jpg,140,14.0,8
S02,c006,val,frame_000015.jpg,150,15.0,10
S02,c006,val,frame_000016.jpg,160,16.0,7
S02,c006,val,frame_000017.jpg,170,17.0,11
S02,c006,val,frame_000018.jpg,180,18.0,14
S02,c006,val,frame_000019.jpg,190,19.0,11
S02,c006,val,frame_000020.jpg,200,20.0,7
S02,c006,val,frame_000021.jpg,210,21.0,5
S02,c006,val,frame_000022.jpg,220,22.0,7
S02,c006,val,frame_000023.jpg,230,23.0,4
S02,c006,val,frame_000024.jpg,240,24.0,2
S02,c006,val,frame_000025.jpg,250,25.0,5
S02,c006,val,frame_000026.jpg,260,26.0,2
S02,c006,val,frame_000027.jpg,270,27.0,4
S02,c006,val,frame_000028.jpg,280,28.0,3
S02,c006,val,frame_000029.jpg,290,29.0,4
S02,c006,val,frame_000030.jpg,300,30.0,4
S02,c006,val,frame_000031.jpg,310,31.0,5
S02,c006,val,frame_000032.jpg,320,32.0,4
S02,c006,val,frame_000033.jpg,330,33.0,6
S02,c006,val,frame_000034.jpg,340,34.0,4
S02,c006,val,frame_000035.jpg,350,35.0,2
S02,c006,val,frame_000036.jpg,360,36.0,1
S02,c006,val,frame_000037.jpg,370,37.0,2
S02,c006,val,frame_000038.jpg,380,38.0,0
S02,c006,val,frame_000039.jpg,390,39.0,1
S02,c006,val,frame_000040.jpg,400,40.0,2
S02,c006,val,frame_000041.jpg,410,41.0,3
S02,c006,val,frame_000042.jpg,420,42.0,2
S02,c006,val,frame_000043.jpg,430,43.0,1
S02,c006,val,frame_000044.jpg,440,44.0,2
S02,c006,val,frame_000045.jpg,450,45.0,2
S02,c006,val,frame_000046.jpg,460,46.0,2
S02,c006,val,frame_000047.jpg,470,47.0,3
S02,c006,val,frame_000048.jpg,480,48.0,5
S02,c006,val,frame_000049.jpg,490,49.0,4
S02,c006,val,frame_000050.jpg,500,50.0,3
S02,c006,val,frame_000051.jpg,510,51.0,3
S02,c006,val,frame_000052.jpg,520,52.0,3
S02,c006,val,frame_000053.jpg,530,53.0,1
S02,c006,val,frame_000054.jpg,540,54.0,2
S02,c006,val,frame_000055.jpg,550,55.0,1
S02,c006,val,frame_000056.jpg,560,56.0,3
S02,c006,val,frame_000057.jpg,570,57.0,2
S02,c006,val,frame_000058.jpg,580,58.0,1
S02,c006,val,frame_000059.jpg,590,59.0,2
S02,c006,val,frame_000060.jpg,600,60.0,2
S02,c006,val,frame_000061.jpg,610,61.0,1
S02,c006,val,frame_000062.jpg,620,62.0,3
S02,c006,val,frame_000063.jpg,630,63.0,5
S02,c006,val,frame_000064.jpg,640,64.0,4
S02,c006,val,frame_000065.jpg,650,65.0,5
S02,c006,val,frame_000066.jpg,660,66.0,4
S02,c006,val,frame_000067.jpg,670,67.0,3
S02,c006,val,frame_000068.jpg,680,68.0,3
S02,c006,val,frame_000069.jpg,690,69.0,3
S02,c006,val,frame_000070.jpg,700,70.0,4
S02,c006,val,frame_000071.jpg,710,71.0,4
S02,c006,val,frame_000072.jpg,720,72.0,5
S02,c006,val,frame_000073.jpg,730,73.0,4
S02,c006,val,frame_000074.jpg,740,74.0,1
S02,c006,val,frame_000075.jpg,750,75.0,1
S02,c006,val,frame_000076.jpg,760,76.0,1
S02,c006,val,frame_000077.jpg,770,77.0,3
S02,c006,val,frame_000078.jpg,780,78.0,4
S02,c006,val,frame_000079.jpg,790,79.0,3
S02,c006,val,frame_000080.jpg,800,80.0,3
S02,c006,val,frame_000081.jpg,810,81.0,3
S02,c006,val,frame_000082.jpg,820,82.0,4
S02,c006,val,frame_000083.jpg,830,83.0,3
S02,c006,val,frame_000084.jpg,840,84.0,4
S02,c006,val,frame_000085.jpg,850,85.0,3
S02,c006,val,frame_000086.jpg,860,86.0,2
S02,c006,val,frame_000087.jpg,870,87.0,4
S02,c006,val,frame_000088.jpg,880,88.0,4
S02,c006,val,frame_000089.jpg,890,89.0,5
S02,c006,val,frame_000090.jpg,900,90.0,4
S02,c006,val,frame_000091.jpg,910,91.0,3
S02,c006,val,frame_000092.jpg,920,92.0,6
S02,c006,val,frame_000093.jpg,930,93.0,6
S02,c006,val,frame_000094.jpg,940,94.0,5
S02,c006,val,frame_000095.jpg,950,95.0,2
S02,c006,val,frame_000096.jpg,960,96.0,4
S02,c006,val,frame_000097.jpg,970,97.0,6
S02,c006,val,frame_000098.jpg,980,98.0,6
S02,c006,val,frame_000099.jpg,990,99.0,5
S02,c006,val,frame_000100.jpg,1000,100.0,5
S02,c006,val,frame_000101.jpg,1010,101.0,6
S02,c006,val,frame_000102.jpg,1020,102.0,6
S02,c006,val,frame_000103.jpg,1030,103.0,3
S02,c006,val,frame_000104.jpg,1040,104.0,4
S02,c006,val,frame_000105.jpg,1050,105.0,4
S02,c006,val,frame_000106.jpg,1060,106.0,3
S02,c006,val,frame_000107.jpg,1070,107.0,5
S02,c006,val,frame_000108.jpg,1080,108.0,6
S02,c006,val,frame_000109.jpg,1090,109.0,8
S02,c006,val,frame_000110.jpg,1100,110.0,7
S02,c006,val,frame_000111.jpg,1110,111.0,6
S02,c006,val,frame_000112.jpg,1120,112.0,8
S02,c006,val,frame_000113.jpg,1130,113.0,8
S02,c006,val,frame_000114.jpg,1140,114.0,8
S02,c006,val,frame_000115.jpg,1150,115.0,7
S02,c006,val,frame_000116.jpg,1160,116.0,5
S02,c006,val,frame_000117.jpg,1170,117.0,9
S02,c006,val,frame_000118.jpg,1180,118.0,8
S02,c006,val,frame_000119.jpg,1190,119.0,6
S02,c006,val,frame_000120.jpg,1200,120.0,7
S02,c006,val,frame_000121.jpg,1210,121.0,9
S02,c006,val,frame_000122.jpg,1220,122.0,7
S02,c006,val,frame_000123.jpg,1230,123.0,9
S02,c006,val,frame_000124.jpg,1240,124.0,10
S02,c006,val,frame_000125.jpg,1250,125.0,11
S02,c006,val,frame_000126.jpg,1260,126.0,10
S02,c006,val,frame_000127.jpg,1270,127.0,7
S02,c006,val,frame_000128.jpg,1280,128.0,8
S02,c006,val,frame_000129.jpg,1290,129.0,4
S02,c006,val,frame_000130.jpg,1300,130.0,6
S02,c006,val,frame_000131.jpg,1310,131.0,6
S02,c006,val,frame_000132.jpg,1320,132.0,5
S02,c006,val,frame_000133.jpg,1330,133.0,6
S02,c006,val,frame_000134.jpg,1340,134.0,5
S02,c006,val,frame_000135.jpg,1350,135.0,3
S02,c006,val,frame_000136.jpg,1360,136.0,2
S02,c006,val,frame_000137.jpg,1370,137.0,4
S02,c006,val,frame_000138.jpg,1380,138.0,4
S02,c006,val,frame_000139.jpg,1390,139.0,6
S02,c006,val,frame_000140.jpg,1400,140.0,6
S02,c006,val,frame_000141.jpg,1410,141.0,8
S02,c006,val,frame_000142.jpg,1420,142.0,6
S02,c006,val,frame_000143.jpg,1430,143.0,5
S02,c006,val,frame_000144.jpg,1440,144.0,1
S02,c006,val,frame_000145.jpg,1450,145.0,4
S02,c006,val,frame_000146.jpg,1460,146.0,3
S02,c006,val,frame_000147.jpg,1470,147.0,5
S02,c006,val,frame_000148.jpg,1480,148.0,4
S02,c006,val,frame_000149.jpg,1490,149.0,4
S02,c006,val,frame_000150.jpg,1500,150.0,6
S02,c006,val,frame_000151.jpg,1510,151.0,5
S02,c006,val,frame_000152.jpg,1520,152.0,4
S02,c006,val,frame_000153.jpg,1530,153.0,4
S02,c006,val,frame_000154.jpg,1540,154.0,3
S02,c006,val,frame_000155.jpg,1550,155.0,3
S02,c006,val,frame_000156.jpg,1560,156.0,2
S02,c006,val,frame_000157.jpg,1570,157.0,3
S02,c006,val,frame_000158.jpg,1580,158.0,3
S02,c006,val,frame_000159.jpg,1590,159.0,3
S02,c006,val,frame_000160.jpg,1600,160.0,3
S02,c006,val,frame_000161.jpg,1610,161.0,4
S02,c006,val,frame_000162.jpg,1620,162.0,1
S02,c006,val,frame_000163.jpg,1630,163.0,1
S02,c006,val,frame_000164.jpg,1640,164.0,0
S02,c006,val,frame_000165.jpg,1650,165.0,2
S02,c006,val,frame_000166.jpg,1660,166.0,2
S02,c006,val,frame_000167.jpg,1670,167.0,5
S02,c006,val,frame_000168.jpg,1680,168.0,4
S02,c006,val,frame_000169.jpg,1690,169.0,3
S02,c006,val,frame_000170.jpg,1700,170.0,3
S02,c006,val,frame_000171.jpg,1710,171.0,3
S02,c006,val,frame_000172.jpg,1720,172.0,1
S02,c006,val,frame_000173.jpg,1730,173.0,2
S02,c006,val,frame_000174.jpg,1740,174.0,2
S02,c006,val,frame_000175.jpg,1750,175.0,1
S02,c006,val,frame_000176.jpg,1760,176.0,1
S02,c006,val,frame_000177.jpg,1770,177.0,2
S02,c006,val,frame_000178.jpg,1780,178.0,2
S02,c006,val,frame_000179.jpg,1790,179.0,2
S02,c006,val,frame_000180.jpg,1800,180.0,4
S02,c006,val,frame_000181.jpg,1810,181.0,1
S02,c006,val,frame_000182.jpg,1820,182.0,2
S02,c006,val,frame_000183.jpg,1830,183.0,0
S02,c006,val,frame_000184.jpg,1840,184.0,0
S02,c006,val,frame_000185.jpg,1850,185.0,4
S02,c006,val,frame_000186.jpg,1860,186.0,1
S02,c006,val,frame_000187.jpg,1870,187.0,2
S02,c006,val,frame_000188.jpg,1880,188.0,2
S02,c006,val,frame_000189.jpg,1890,189.0,1
S02,c006,val,frame_000190.jpg,1900,190.0,2
S02,c006,val,frame_000191.jpg,1910,191.0,2
S02,c006,val,frame_000192.jpg,1920,192.0,3
S02,c006,val,frame_000193.jpg,1930,193.0,3
S02,c006,val,frame_000194.jpg,1940,194.0,2
S02,c006,val,frame_000195.jpg,1950,195.0,2
S02,c006,val,frame_000196.jpg,1960,196.0,3
S02,c006,val,frame_000197.jpg,1970,197.0,3
S02,c006,val,frame_000198.jpg,1980,198.0,4
S02,c006,val,frame_000199.jpg,1990,199.0,4
S02,c006,val,frame_000200.jpg,2000,200.0,4
S02,c006,val,frame_000201.jpg,2010,201.0,6
S02,c006,val,frame_000202.jpg,2020,202.0,7
S02,c006,val,frame_000203.jpg,2030,203.0,4
S02,c006,val,frame_000204.jpg,2040,204.0,5
S02,c006,val,frame_000205.jpg,2050,205.0,6
S02,c006,val,frame_000206.jpg,2060,206.0,6
S02,c006,val,frame_000207.jpg,2070,207.0,5
S02,c006,val,frame_000208.jpg,2080,208.0,7
S02,c006,val,frame_000209.jpg,2090,209.0,7
S02,c006,val,frame_000210.jpg,2100,210.0,6
S02,c007,val,frame_000000.jpg,0,0.0,3
S02,c007,val,frame_000001.jpg,10,1.0,3
S02,c007,val,frame_000002.jpg,20,2.0,3
S02,c007,val,frame_000003.jpg,30,3.0,2
S02,c007,val,frame_000004.jpg,40,4.0,3
S02,c007,val,frame_000005.jpg,50,5.0,3
S02,c007,val,frame_000006.jpg,60,6.0,3
S02,c007,val,frame_000007.jpg,70,7.0,3
S02,c007,val,frame_000008.jpg,80,8.0,2
S02,c007,val,frame_000009.jpg,90,9.0,2
S02,c007,val,frame_000010.jpg,100,10.0,1
S02,c007,val,frame_000011.jpg,110,11.0,1
S02,c007,val,frame_000012.jpg,120,12.0,2
S02,c007,val,frame_000013.jpg,130,13.0,1
S02,c007,val,frame_000014.jpg,140,14.0,2
S02,c007,val,frame_000015.jpg,150,15.0,3
S02,c007,val,frame_000016.jpg,160,16.0,5
S02,c007,val,frame_000017.jpg,170,17.0,3
S02,c007,val,frame_000018.jpg,180,18.0,5
S02,c007,val,frame_000019.jpg,190,19.0,1
S02,c007,val,frame_000020.jpg,200,20.0,4
S02,c007,val,frame_000021.jpg,210,21.0,1
S02,c007,val,frame_000022.jpg,220,22.0,3
S02,c007,val,frame_000023.jpg,230,23.0,2
S02,c007,val,frame_000024.jpg,240,24.0,2
S02,c007,val,frame_000025.jpg,250,25.0,1
S02,c007,val,frame_000026.jpg,260,26.0,1
S02,c007,val,frame_000027.jpg,270,27.0,1
S02,c007,val,frame_000028.jpg,280,28.0,2
S02,c007,val,frame_000029.jpg,290,29.0,3
S02,c007,val,frame_000030.jpg,300,30.0,3
S02,c007,val,frame_000031.jpg,310,31.0,2
S02,c007,val,frame_000032.jpg,320,32.0,3
S02,c007,val,frame_000033.jpg,330,33.0,1
S02,c007,val,frame_000034.jpg,340,34.0,1
S02,c007,val,frame_000035.jpg,350,35.0,1
S02,c007,val,frame_000036.jpg,360,36.0,1
S02,c007,val,frame_000037.jpg,370,37.0,2
S02,c007,val,frame_000038.jpg,380,38.0,1
S02,c007,val,frame_000039.jpg,390,39.0,1
S02,c007,val,frame_000040.jpg,400,40.0,1
S02,c007,val,frame_000041.jpg,410,41.0,1
S02,c007,val,frame_000042.jpg,420,42.0,1
S02,c007,val,frame_000043.jpg,430,43.0,1
S02,c007,val,frame_000044.jpg,440,44.0,2
S02,c007,val,frame_000045.jpg,450,45.0,1
S02,c007,val,frame_000046.jpg,460,46.0,1
S02,c007,val,frame_000047.jpg,470,47.0,1
S02,c007,val,frame_000048.jpg,480,48.0,2
S02,c007,val,frame_000049.jpg,490,49.0,2
S02,c007,val,frame_000050.jpg,500,50.0,1
S02,c007,val,frame_000051.jpg,510,51.0,2
S02,c007,val,frame_000052.jpg,520,52.0,1
S02,c007,val,frame_000053.jpg,530,53.0,2
S02,c007,val,frame_000054.jpg,540,54.0,1
S02,c007,val,frame_000055.jpg,550,55.0,1
S02,c007,val,frame_000056.jpg,560,56.0,2
S02,c007,val,frame_000057.jpg,570,57.0,2
S02,c007,val,frame_000058.jpg,580,58.0,2
S02,c007,val,frame_000059.jpg,590,59.0,2
S02,c007,val,frame_000060.jpg,600,60.0,2
S02,c007,val,frame_000061.jpg,610,61.0,2
S02,c007,val,frame_000062.jpg,620,62.0,2
S02,c007,val,frame_000063.jpg,630,63.0,3
S02,c007,val,frame_000064.jpg,640,64.0,4
S02,c007,val,frame_000065.jpg,650,65.0,3
S02,c007,val,frame_000066.jpg,660,66.0,3
S02,c007,val,frame_000067.jpg,670,67.0,3
S02,c007,val,frame_000068.jpg,680,68.0,2
S02,c007,val,frame_000069.jpg,690,69.0,2
S02,c007,val,frame_000070.jpg,700,70.0,2
S02,c007,val,frame_000071.jpg,710,71.0,2
S02,c007,val,frame_000072.jpg,720,72.0,1
S02,c007,val,frame_000073.jpg,730,73.0,2
S02,c007,val,frame_000074.jpg,740,74.0,2
S02,c007,val,frame_000075.jpg,750,75.0,1
S02,c007,val,frame_000076.jpg,760,76.0,2
S02,c007,val,frame_000077.jpg,770,77.0,2
S02,c007,val,frame_000078.jpg,780,78.0,4
S02,c007,val,frame_000079.jpg,790,79.0,5
S02,c007,val,frame_000080.jpg,800,80.0,4
S02,c007,val,frame_000081.jpg,810,81.0,3
S02,c007,val,frame_000082.jpg,820,82.0,4
S02,c007,val,frame_000083.jpg,830,83.0,3
S02,c007,val,frame_000084.jpg,840,84.0,3
S02,c007,val,frame_000085.jpg,850,85.0,2
S02,c007,val,frame_000086.jpg,860,86.0,1
S02,c007,val,frame_000087.jpg,870,87.0,1
S02,c007,val,frame_000088.jpg,880,88.0,1
S02,c007,val,frame_000089.jpg,890,89.0,0
S02,c007,val,frame_000090.jpg,900,90.0,0
S02,c007,val,frame_000091.jpg,910,91.0,0
S02,c007,val,frame_000092.jpg,920,92.0,0
S02,c007,val,frame_000093.jpg,930,93.0,0
S02,c007,val,frame_000094.jpg,940,94.0,1
S02,c007,val,frame_000095.jpg,950,95.0,1
S02,c007,val,frame_000096.jpg,960,96.0,2
S02,c007,val,frame_000097.jpg,970,97.0,3
S02,c007,val,frame_000098.jpg,980,98.0,3
S02,c007,val,frame_000099.jpg,990,99.0,2
S02,c007,val,frame_000100.jpg,1000,100.0,2
S02,c007,val,frame_000101.jpg,1010,101.0,3
S02,c007,val,frame_000102.jpg,1020,102.0,3
S02,c007,val,frame_000103.jpg,1030,103.0,3
S02,c007,val,frame_000104.jpg,1040,104.0,2
S02,c007,val,frame_000105.jpg,1050,105.0,1
S02,c007,val,frame_000106.jpg,1060,106.0,1
S02,c007,val,frame_000107.jpg,1070,107.0,1
S02,c007,val,frame_000108.jpg,1080,108.0,2
S02,c007,val,frame_000109.jpg,1090,109.0,1
S02,c007,val,frame_000110.jpg,1100,110.0,1
S02,c007,val,frame_000111.jpg,1110,111.0,2
S02,c007,val,frame_000112.jpg,1120,112.0,2
S02,c007,val,frame_000113.jpg,1130,113.0,2
S02,c007,val,frame_000114.jpg,1140,114.0,2
S02,c007,val,frame_000115.jpg,1150,115.0,2
S02,c007,val,frame_000116.jpg,1160,116.0,2
S02,c007,val,frame_000117.jpg,1170,117.0,4
S02,c007,val,frame_000118.jpg,1180,118.0,3
S02,c007,val,frame_000119.jpg,1190,119.0,3
S02,c007,val,frame_000120.jpg,1200,120.0,2
S02,c007,val,frame_000121.jpg,1210,121.0,3
S02,c007,val,frame_000122.jpg,1220,122.0,2
S02,c007,val,frame_000123.jpg,1230,123.0,2
S02,c007,val,frame_000124.jpg,1240,124.0,3
S02,c007,val,frame_000125.jpg,1250,125.0,4
S02,c007,val,frame_000126.jpg,1260,126.0,4
S02,c007,val,frame_000127.jpg,1270,127.0,3
S02,c007,val,frame_000128.jpg,1280,128.0,3
S02,c007,val,frame_000129.jpg,1290,129.0,2
S02,c007,val,frame_000130.jpg,1300,130.0,3
S02,c007,val,frame_000131.jpg,1310,131.0,2
S02,c007,val,frame_000132.jpg,1320,132.0,2
S02,c007,val,frame_000133.jpg,1330,133.0,2
S02,c007,val,frame_000134.jpg,1340,134.0,3
S02,c007,val,frame_000135.jpg,1350,135.0,3
S02,c007,val,frame_000136.jpg,1360,136.0,4
S02,c007,val,frame_000137.jpg,1370,137.0,4
S02,c007,val,frame_000138.jpg,1380,138.0,5
S02,c007,val,frame_000139.jpg,1390,139.0,4
S02,c007,val,frame_000140.jpg,1400,140.0,4
S02,c007,val,frame_000141.jpg,1410,141.0,3
S02,c007,val,frame_000142.jpg,1420,142.0,4
S02,c007,val,frame_000143.jpg,1430,143.0,3
S02,c007,val,frame_000144.jpg,1440,144.0,2
S02,c007,val,frame_000145.jpg,1450,145.0,2
S02,c007,val,frame_000146.jpg,1460,146.0,2
S02,c007,val,frame_000147.jpg,1470,147.0,2
S02,c007,val,frame_000148.jpg,1480,148.0,6
S02,c007,val,frame_000149.jpg,1490,149.0,3
S02,c007,val,frame_000150.jpg,1500,150.0,4
S02,c007,val,frame_000151.jpg,1510,151.0,4
S02,c007,val,frame_000152.jpg,1520,152.0,5
S02,c007,val,frame_000153.jpg,1530,153.0,5
S02,c007,val,frame_000154.jpg,1540,154.0,6
S02,c007,val,frame_000155.jpg,1550,155.0,4
S02,c007,val,frame_000156.jpg,1560,156.0,4
S02,c007,val,frame_000157.jpg,1570,157.0,3
S02,c007,val,frame_000158.jpg,1580,158.0,3
S02,c007,val,frame_000159.jpg,1590,159.0,3
S02,c007,val,frame_000160.jpg,1600,160.0,4
S02,c007,val,frame_000161.jpg,1610,161.0,4
S02,c007,val,frame_000162.jpg,1620,162.0,4
S02,c007,val,frame_000163.jpg,1630,163.0,3
S02,c007,val,frame_000164.jpg,1640,164.0,4
S02,c007,val,frame_000165.jpg,1650,165.0,3
S02,c007,val,frame_000166.jpg,1660,166.0,4
S02,c007,val,frame_000167.jpg,1670,167.0,2
S02,c007,val,frame_000168.jpg,1680,168.0,1
S02,c007,val,frame_000169.jpg,1690,169.0,3
S02,c007,val,frame_000170.jpg,1700,170.0,5
S02,c007,val,frame_000171.jpg,1710,171.0,4
S02,c007,val,frame_000172.jpg,1720,172.0,4
S02,c007,val,frame_000173.jpg,1730,173.0,2
S02,c007,val,frame_000174.jpg,1740,174.0,3
S02,c007,val,frame_000175.jpg,1750,175.0,2
S02,c007,val,frame_000176.jpg,1760,176.0,3
S02,c007,val,frame_000177.jpg,1770,177.0,3
S02,c007,val,frame_000178.jpg,1780,178.0,2
S02,c007,val,frame_000179.jpg,1790,179.0,2
S02,c007,val,frame_000180.jpg,1800,180.0,1
S02,c007,val,frame_000181.jpg,1810,181.0,1
S02,c007,val,frame_000182.jpg,1820,182.0,1
S02,c007,val,frame_000183.jpg,1830,183.0,1
S02,c007,val,frame_000184.jpg,1840,184.0,0
S02,c007,val,frame_000185.jpg,1850,185.0,0
S02,c007,val,frame_000186.jpg,1860,186.0,1
S02,c007,val,frame_000187.jpg,1870,187.0,1
S02,c007,val,frame_000188.jpg,1880,188.0,2
S02,c007,val,frame_000189.jpg,1890,189.0,2
S02,c007,val,frame_000190.jpg,1900,190.0,2
S02,c007,val,frame_000191.jpg,1910,191.0,2
S02,c007,val,frame_000192.jpg,1920,192.0,4
S02,c007,val,frame_000193.jpg,1930,193.0,3
S02,c007,val,frame_000194.jpg,1940,194.0,2
S02,c007,val,frame_000195.jpg,1950,195.0,4
S02,c007,val,frame_000196.jpg,1960,196.0,4
S02,c008,val,frame_000000.jpg,0,0.0,3
S02,c008,val,frame_000001.jpg,10,1.0,4
S02,c008,val,frame_000002.jpg,20,2.0,5
S02,c008,val,frame_000003.jpg,30,3.0,3
S02,c008,val,frame_000004.jpg,40,4.0,6
S02,c008,val,frame_000005.jpg,50,5.0,4
S02,c008,val,frame_000006.jpg,60,6.0,5
S02,c008,val,frame_000007.jpg,70,7.0,4
S02,c008,val,frame_000008.jpg,80,8.0,7
S02,c008,val,frame_000009.jpg,90,9.0,4
S02,c008,val,frame_000010.jpg,100,10.0,4
S02,c008,val,frame_000011.jpg,110,11.0,5
S02,c008,val,frame_000012.jpg,120,12.0,4
S02,c008,val,frame_000013.jpg,130,13.0,7
S02,c008,val,frame_000014.jpg,140,14.0,5
S02,c008,val,frame_000015.jpg,150,15.0,8
S02,c008,val,frame_000016.jpg,160,16.0,6
S02,c008,val,frame_000017.jpg,170,17.0,8
S02,c008,val,frame_000018.jpg,180,18.0,4
S02,c008,val,frame_000019.jpg,190,19.0,5
S02,c008,val,frame_000020.jpg,200,20.0,4
S02,c008,val,frame_000021.jpg,210,21.0,5
S02,c008,val,frame_000022.jpg,220,22.0,5
S02,c008,val,frame_000023.jpg,230,23.0,5
S02,c008,val,frame_000024.jpg,240,24.0,4
S02,c008,val,frame_000025.jpg,250,25.0,5
S02,c008,val,frame_000026.jpg,260,26.0,5
S02,c008,val,frame_000027.jpg,270,27.0,6
S02,c008,val,frame_000028.jpg,280,28.0,3
S02,c008,val,frame_000029.jpg,290,29.0,5
S02,c008,val,frame_000030.jpg,300,30.0,3
S02,c008,val,frame_000031.jpg,310,31.0,2
S02,c008,val,frame_000032.jpg,320,32.0,4
S02,c008,val,frame_000033.jpg,330,33.0,3
S02,c008,val,frame_000034.jpg,340,34.0,3
S02,c008,val,frame_000035.jpg,350,35.0,3
S02,c008,val,frame_000036.jpg,360,36.0,2
S02,c008,val,frame_000037.jpg,370,37.0,2
S02,c008,val,frame_000038.jpg,380,38.0,3
S02,c008,val,frame_000039.jpg,390,39.0,3
S02,c008,val,frame_000040.jpg,400,40.0,2
S02,c008,val,frame_000041.jpg,410,41.0,2
S02,c008,val,frame_000042.jpg,420,42.0,3
S02,c008,val,frame_000043.jpg,430,43.0,4
S02,c008,val,frame_000044.jpg,440,44.0,3
S02,c008,val,frame_000045.jpg,450,45.0,4
S02,c008,val,frame_000046.jpg,460,46.0,3
S02,c008,val,frame_000047.jpg,470,47.0,4
S02,c008,val,frame_000048.jpg,480,48.0,4
S02,c008,val,frame_000049.jpg,490,49.0,3
S02,c008,val,frame_000050.jpg,500,50.0,2
S02,c008,val,frame_000051.jpg,510,51.0,3
S02,c008,val,frame_000052.jpg,520,52.0,2
S02,c008,val,frame_000053.jpg,530,53.0,3
S02,c008,val,frame_000054.jpg,540,54.0,2
S02,c008,val,frame_000055.jpg,550,55.0,4
S02,c008,val,frame_000056.jpg,560,56.0,4
S02,c008,val,frame_000057.jpg,570,57.0,3
S02,c008,val,frame_000058.jpg,580,58.0,2
S02,c008,val,frame_000059.jpg,590,59.0,1
S02,c008,val,frame_000060.jpg,600,60.0,2
S02,c008,val,frame_000061.jpg,610,61.0,3
S02,c008,val,frame_000062.jpg,620,62.0,2
S02,c008,val,frame_000063.jpg,630,63.0,5
S02,c008,val,frame_000064.jpg,640,64.0,3
S02,c008,val,frame_000065.jpg,650,65.0,3
S02,c008,val,frame_000066.jpg,660,66.0,4
S02,c008,val,frame_000067.jpg,670,67.0,5
S02,c008,val,frame_000068.jpg,680,68.0,4
S02,c008,val,frame_000069.jpg,690,69.0,3
S02,c008,val,frame_000070.jpg,700,70.0,1
S02,c008,val,frame_000071.jpg,710,71.0,1
S02,c008,val,frame_000072.jpg,720,72.0,2
S02,c008,val,frame_000073.jpg,730,73.0,2
S02,c008,val,frame_000074.jpg,740,74.0,2
S02,c008,val,frame_000075.jpg,750,75.0,2
S02,c008,val,frame_000076.jpg,760,76.0,1
S02,c008,val,frame_000077.jpg,770,77.0,3
S02,c008,val,frame_000078.jpg,780,78.0,0
S02,c008,val,frame_000079.jpg,790,79.0,1
S02,c008,val,frame_000080.jpg,800,80.0,1
S02,c008,val,frame_000081.jpg,810,81.0,2
S02,c008,val,frame_000082.jpg,820,82.0,5
S02,c008,val,frame_000083.jpg,830,83.0,4
S02,c008,val,frame_000084.jpg,840,84.0,7
S02,c008,val,frame_000085.jpg,850,85.0,4
S02,c008,val,frame_000086.jpg,860,86.0,4
S02,c008,val,frame_000087.jpg,870,87.0,2
S02,c008,val,frame_000088.jpg,880,88.0,2
S02,c008,val,frame_000089.jpg,890,89.0,4
S02,c008,val,frame_000090.jpg,900,90.0,3
S02,c008,val,frame_000091.jpg,910,91.0,5
S02,c008,val,frame_000092.jpg,920,92.0,3
S02,c008,val,frame_000093.jpg,930,93.0,3
S02,c008,val,frame_000094.jpg,940,94.0,3
S02,c008,val,frame_000095.jpg,950,95.0,3
S02,c008,val,frame_000096.jpg,960,96.0,4
S02,c008,val,frame_000097.jpg,970,97.0,4
S02,c008,val,frame_000098.jpg,980,98.0,3
S02,c008,val,frame_000099.jpg,990,99.0,4
S02,c008,val,frame_000100.jpg,1000,100.0,3
S02,c008,val,frame_000101.jpg,1010,101.0,4
S02,c008,val,frame_000102.jpg,1020,102.0,4
S02,c008,val,frame_000103.jpg,1030,103.0,6
S02,c008,val,frame_000104.jpg,1040,104.0,5
S02,c008,val,frame_000105.jpg,1050,105.0,6
S02,c008,val,frame_000106.jpg,1060,106.0,6
S02,c008,val,frame_000107.jpg,1070,107.0,4
S02,c008,val,frame_000108.jpg,1080,108.0,2
S02,c008,val,frame_000109.jpg,1090,109.0,3
S02,c008,val,frame_000110.jpg,1100,110.0,5
S02,c008,val,frame_000111.jpg,1110,111.0,5
S02,c008,val,frame_000112.jpg,1120,112.0,2
S02,c008,val,frame_000113.jpg,1130,113.0,4
S02,c008,val,frame_000114.jpg,1140,114.0,2
S02,c008,val,frame_000115.jpg,1150,115.0,3
S02,c008,val,frame_000116.jpg,1160,116.0,3
S02,c008,val,frame_000117.jpg,1170,117.0,4
S02,c008,val,frame_000118.jpg,1180,118.0,2
S02,c008,val,frame_000119.jpg,1190,119.0,3
S02,c008,val,frame_000120.jpg,1200,120.0,3
S02,c008,val,frame_000121.jpg,1210,121.0,2
S02,c008,val,frame_000122.jpg,1220,122.0,3
S02,c008,val,frame_000123.jpg,1230,123.0,4
S02,c008,val,frame_000124.jpg,1240,124.0,1
S02,c008,val,frame_000125.jpg,1250,125.0,2
S02,c008,val,frame_000126.jpg,1260,126.0,2
S02,c008,val,frame_000127.jpg,1270,127.0,3
S02,c008,val,frame_000128.jpg,1280,128.0,3
S02,c008,val,frame_000129.jpg,1290,129.0,1
S02,c008,val,frame_000130.jpg,1300,130.0,3
S02,c008,val,frame_000131.jpg,1310,131.0,1
S02,c008,val,frame_000132.jpg,1320,132.0,2
S02,c008,val,frame_000133.jpg,1330,133.0,4
S02,c008,val,frame_000134.jpg,1340,134.0,4
S02,c008,val,frame_000135.jpg,1350,135.0,2
S02,c008,val,frame_000136.jpg,1360,136.0,2
S02,c008,val,frame_000137.jpg,1370,137.0,0
S02,c008,val,frame_000138.jpg,1380,138.0,3
S02,c008,val,frame_000139.jpg,1390,139.0,3
S02,c008,val,frame_000140.jpg,1400,140.0,3
S02,c008,val,frame_000141.jpg,1410,141.0,2
S02,c008,val,frame_000142.jpg,1420,142.0,3
S02,c008,val,frame_000143.jpg,1430,143.0,3
S02,c008,val,frame_000144.jpg,1440,144.0,2
S02,c008,val,frame_000145.jpg,1450,145.0,1
S02,c008,val,frame_000146.jpg,1460,146.0,2
S02,c008,val,frame_000147.jpg,1470,147.0,2
S02,c008,val,frame_000148.jpg,1480,148.0,3
S02,c008,val,frame_000149.jpg,1490,149.0,4
S02,c008,val,frame_000150.jpg,1500,150.0,3
S02,c008,val,frame_000151.jpg,1510,151.0,3
S02,c008,val,frame_000152.jpg,1520,152.0,1
S02,c008,val,frame_000153.jpg,1530,153.0,2
S02,c008,val,frame_000154.jpg,1540,154.0,3
S02,c008,val,frame_000155.jpg,1550,155.0,3
S02,c008,val,frame_000156.jpg,1560,156.0,4
S02,c008,val,frame_000157.jpg,1570,157.0,3
S02,c008,val,frame_000158.jpg,1580,158.0,2
S02,c008,val,frame_000159.jpg,1590,159.0,3
S02,c008,val,frame_000160.jpg,1600,160.0,3
S02,c008,val,frame_000161.jpg,1610,161.0,3
S02,c008,val,frame_000162.jpg,1620,162.0,2
S02,c008,val,frame_000163.jpg,1630,163.0,4
S02,c008,val,frame_000164.jpg,1640,164.0,5
S02,c008,val,frame_000165.jpg,1650,165.0,6
S02,c008,val,frame_000166.jpg,1660,166.0,6
S02,c008,val,frame_000167.jpg,1670,167.0,6
S02,c008,val,frame_000168.jpg,1680,168.0,5
S02,c008,val,frame_000169.jpg,1690,169.0,3
S02,c008,val,frame_000170.jpg,1700,170.0,1
S02,c008,val,frame_000171.jpg,1710,171.0,2
S02,c008,val,frame_000172.jpg,1720,172.0,2
S02,c008,val,frame_000173.jpg,1730,173.0,1
S02,c008,val,frame_000174.jpg,1740,174.0,0
S02,c008,val,frame_000175.jpg,1750,175.0,1
S02,c008,val,frame_000176.jpg,1760,176.0,0
S02,c008,val,frame_000177.jpg,1770,177.0,1
S02,c008,val,frame_000178.jpg,1780,178.0,1
S02,c008,val,frame_000179.jpg,1790,179.0,1
S02,c008,val,frame_000180.jpg,1800,180.0,1
S02,c008,val,frame_000181.jpg,1810,181.0,2
S02,c008,val,frame_000182.jpg,1820,182.0,3
S02,c008,val,frame_000183.jpg,1830,183.0,2
S02,c008,val,frame_000184.jpg,1840,184.0,2
S02,c008,val,frame_000185.jpg,1850,185.0,2
S02,c008,val,frame_000186.jpg,1860,186.0,4
S02,c008,val,frame_000187.jpg,1870,187.0,3
S02,c008,val,frame_000188.jpg,1880,188.0,6
S02,c008,val,frame_000189.jpg,1890,189.0,6
S02,c008,val,frame_000190.jpg,1900,190.0,8
S02,c008,val,frame_000191.jpg,1910,191.0,9
S02,c008,val,frame_000192.jpg,1920,192.0,7
S02,c009,val,frame_000000.jpg,0,0.0,3
S02,c009,val,frame_000001.jpg,10,1.0,6
S02,c009,val,frame_000002.jpg,20,2.0,7
S02,c009,val,frame_000003.jpg,30,3.0,10
S02,c009,val,frame_000004.jpg,40,4.0,11
S02,c009,val,frame_000005.jpg,50,5.0,8
S02,c009,val,frame_000006.jpg,60,6.0,9
S02,c009,val,frame_000007.jpg,70,7.0,7
S02,c009,val,frame_000008.jpg,80,8.0,7
S02,c009,val,frame_000009.jpg,90,9.0,9
S02,c009,val,frame_000010.jpg,100,10.0,9
S02,c009,val,frame_000011.jpg,110,11.0,9
S02,c009,val,frame_000012.jpg,120,12.0,7
S02,c009,val,frame_000013.jpg,130,13.0,7
S02,c009,val,frame_000014.jpg,140,14.0,9
S02,c009,val,frame_000015.jpg,150,15.0,11
S02,c009,val,frame_000016.jpg,160,16.0,9
S02,c009,val,frame_000017.jpg,170,17.0,7
S02,c009,val,frame_000018.jpg,180,18.0,8
S02,c009,val,frame_000019.jpg,190,19.0,9
S02,c009,val,frame_000020.jpg,200,20.0,6
S02,c009,val,frame_000021.jpg,210,21.0,9
S02,c009,val,frame_000022.jpg,220,22.0,7
S02,c009,val,frame_000023.jpg,230,23.0,6
S02,c009,val,frame_000024.jpg,240,24.0,7
S02,c009,val,frame_000025.jpg,250,25.0,8
S02,c009,val,frame_000026.jpg,260,26.0,6
S02,c009,val,frame_000027.jpg,270,27.0,4
S02,c009,val,frame_000028.jpg,280,28.0,6
S02,c009,val,frame_000029.jpg,290,29.0,7
S02,c009,val,frame_000030.jpg,300,30.0,6
S02,c009,val,frame_000031.jpg,310,31.0,6
S02,c009,val,frame_000032.jpg,320,32.0,2
S02,c009,val,frame_000033.jpg,330,33.0,3
S02,c009,val,frame_000034.jpg,340,34.0,4
S02,c009,val,frame_000035.jpg,350,35.0,4
S02,c009,val,frame_000036.jpg,360,36.0,3
S02,c009,val,frame_000037.jpg,370,37.0,4
S02,c009,val,frame_000038.jpg,380,38.0,4
S02,c009,val,frame_000039.jpg,390,39.0,3
S02,c009,val,frame_000040.jpg,400,40.0,2
S02,c009,val,frame_000041.jpg,410,41.0,3
S02,c009,val,frame_000042.jpg,420,42.0,3
S02,c009,val,frame_000043.jpg,430,43.0,4
S02,c009,val,frame_000044.jpg,440,44.0,3
S02,c009,val,frame_000045.jpg,450,45.0,3
S02,c009,val,frame_000046.jpg,460,46.0,3
S02,c009,val,frame_000047.jpg,470,47.0,3
S02,c009,val,frame_000048.jpg,480,48.0,3
S02,c009,val,frame_000049.jpg,490,49.0,4
S02,c009,val,frame_000050.jpg,500,50.0,3
S02,c009,val,frame_000051.jpg,510,51.0,4
S02,c009,val,frame_000052.jpg,520,52.0,4
S02,c009,val,frame_000053.jpg,530,53.0,5
S02,c009,val,frame_000054.jpg,540,54.0,5
S02,c009,val,frame_000055.jpg,550,55.0,5
S02,c009,val,frame_000056.jpg,560,56.0,4
S02,c009,val,frame_000057.jpg,570,57.0,5
S02,c009,val,frame_000058.jpg,580,58.0,3
S02,c009,val,frame_000059.jpg,590,59.0,4
S02,c009,val,frame_000060.jpg,600,60.0,4
S02,c009,val,frame_000061.jpg,610,61.0,4
S02,c009,val,frame_000062.jpg,620,62.0,5
S02,c009,val,frame_000063.jpg,630,63.0,5
S02,c009,val,frame_000064.jpg,640,64.0,6
S02,c009,val,frame_000065.jpg,650,65.0,6
S02,c009,val,frame_000066.jpg,660,66.0,5
S02,c009,val,frame_000067.jpg,670,67.0,5
S02,c009,val,frame_000068.jpg,680,68.0,4
S02,c009,val,frame_000069.jpg,690,69.0,5
S02,c009,val,frame_000070.jpg,700,70.0,5
S02,c009,val,frame_000071.jpg,710,71.0,5
S02,c009,val,frame_000072.jpg,720,72.0,5
S02,c009,val,frame_000073.jpg,730,73.0,5
S02,c009,val,frame_000074.jpg,740,74.0,5
S02,c009,val,frame_000075.jpg,750,75.0,5
S02,c009,val,frame_000076.jpg,760,76.0,5
S02,c009,val,frame_000077.jpg,770,77.0,4
S02,c009,val,frame_000078.jpg,780,78.0,5
S02,c009,val,frame_000079.jpg,790,79.0,6
S02,c009,val,frame_000080.jpg,800,80.0,6
S02,c009,val,frame_000081.jpg,810,81.0,5
S02,c009,val,frame_000082.jpg,820,82.0,5
S02,c009,val,frame_000083.jpg,830,83.0,4
S02,c009,val,frame_000084.jpg,840,84.0,5
S02,c009,val,frame_000085.jpg,850,85.0,5
S02,c009,val,frame_000086.jpg,860,86.0,5
S02,c009,val,frame_000087.jpg,870,87.0,5
S02,c009,val,frame_000088.jpg,880,88.0,4
S02,c009,val,frame_000089.jpg,890,89.0,4
S02,c009,val,frame_000090.jpg,900,90.0,4
S02,c009,val,frame_000091.jpg,910,91.0,4
S02,c009,val,frame_000092.jpg,920,92.0,3
S02,c009,val,frame_000093.jpg,930,93.0,4
S02,c009,val,frame_000094.jpg,940,94.0,5
S02,c009,val,frame_000095.jpg,950,95.0,5
S02,c009,val,frame_000096.jpg,960,96.0,3
S02,c009,val,frame_000097.jpg,970,97.0,2
S02,c009,val,frame_000098.jpg,980,98.0,1
S02,c009,val,frame_000099.jpg,990,99.0,1
S02,c009,val,frame_000100.jpg,1000,100.0,2
S02,c009,val,frame_000101.jpg,1010,101.0,2
S02,c009,val,frame_000102.jpg,1020,102.0,2
S02,c009,val,frame_000103.jpg,1030,103.0,3
S02,c009,val,frame_000104.jpg,1040,104.0,3
S02,c009,val,frame_000105.jpg,1050,105.0,4
S02,c009,val,frame_000106.jpg,1060,106.0,4
S02,c009,val,frame_000107.jpg,1070,107.0,4
S02,c009,val,frame_000108.jpg,1080,108.0,4
S02,c009,val,frame_000109.jpg,1090,109.0,5
S02,c009,val,frame_000110.jpg,1100,110.0,3
S02,c009,val,frame_000111.jpg,1110,111.0,6
S02,c009,val,frame_000112.jpg,1120,112.0,5
S02,c009,val,frame_000113.jpg,1130,113.0,4
S02,c009,val,frame_000114.jpg,1140,114.0,8
S02,c009,val,frame_000115.jpg,1150,115.0,8
S02,c009,val,frame_000116.jpg,1160,116.0,8
S02,c009,val,frame_000117.jpg,1170,117.0,7
S02,c009,val,frame_000118.jpg,1180,118.0,9
S02,c009,val,frame_000119.jpg,1190,119.0,9
S02,c009,val,frame_000120.jpg,1200,120.0,8
S02,c009,val,frame_000121.jpg,1210,121.0,8
S02,c009,val,frame_000122.jpg,1220,122.0,4
S02,c009,val,frame_000123.jpg,1230,123.0,4
S02,c009,val,frame_000124.jpg,1240,124.0,6
S02,c009,val,frame_000125.jpg,1250,125.0,5
S02,c009,val,frame_000126.jpg,1260,126.0,6
S02,c009,val,frame_000127.jpg,1270,127.0,7
S02,c009,val,frame_000128.jpg,1280,128.0,8
S02,c009,val,frame_000129.jpg,1290,129.0,8
S02,c009,val,frame_000130.jpg,1300,130.0,6
S02,c009,val,frame_000131.jpg,1310,131.0,6
S02,c009,val,frame_000132.jpg,1320,132.0,6
S02,c009,val,frame_000133.jpg,1330,133.0,4
S02,c009,val,frame_000134.jpg,1340,134.0,5
S02,c009,val,frame_000135.jpg,1350,135.0,4
S02,c009,val,frame_000136.jpg,1360,136.0,3
S02,c009,val,frame_000137.jpg,1370,137.0,7
S02,c009,val,frame_000138.jpg,1380,138.0,7
S02,c009,val,frame_000139.jpg,1390,139.0,5
S02,c009,val,frame_000140.jpg,1400,140.0,7
S02,c009,val,frame_000141.jpg,1410,141.0,6
S02,c009,val,frame_000142.jpg,1420,142.0,8
S02,c009,val,frame_000143.jpg,1430,143.0,6
S02,c009,val,frame_000144.jpg,1440,144.0,7
S02,c009,val,frame_000145.jpg,1450,145.0,8
S02,c009,val,frame_000146.jpg,1460,146.0,9
S02,c009,val,frame_000147.jpg,1470,147.0,7
S02,c009,val,frame_000148.jpg,1480,148.0,6
S02,c009,val,frame_000149.jpg,1490,149.0,4
S02,c009,val,frame_000150.jpg,1500,150.0,6
S02,c009,val,frame_000151.jpg,1510,151.0,3
S02,c009,val,frame_000152.jpg,1520,152.0,4
S02,c009,val,frame_000153.jpg,1530,153.0,5
S02,c009,val,frame_000154.jpg,1540,154.0,4
S02,c009,val,frame_000155.jpg,1550,155.0,4
S02,c009,val,frame_000156.jpg,1560,156.0,4
S02,c009,val,frame_000157.jpg,1570,157.0,3
S02,c009,val,frame_000158.jpg,1580,158.0,4
S02,c009,val,frame_000159.jpg,1590,159.0,4
S02,c009,val,frame_000160.jpg,1600,160.0,3
S02,c009,val,frame_000161.jpg,1610,161.0,3
S02,c009,val,frame_000162.jpg,1620,162.0,3
S02,c009,val,frame_000163.jpg,1630,163.0,3
S02,c009,val,frame_000164.jpg,1640,164.0,3
S02,c009,val,frame_000165.jpg,1650,165.0,4
S02,c009,val,frame_000166.jpg,1660,166.0,4
S02,c009,val,frame_000167.jpg,1670,167.0,4
S02,c009,val,frame_000168.jpg,1680,168.0,3
S02,c009,val,frame_000169.jpg,1690,169.0,2
S02,c009,val,frame_000170.jpg,1700,170.0,4
S02,c009,val,frame_000171.jpg,1710,171.0,3
S02,c009,val,frame_000172.jpg,1720,172.0,3
S02,c009,val,frame_000173.jpg,1730,173.0,4
S02,c009,val,frame_000174.jpg,1740,174.0,4
S02,c009,val,frame_000175.jpg,1750,175.0,4
S02,c009,val,frame_000176.jpg,1760,176.0,4
S02,c009,val,frame_000177.jpg,1770,177.0,4
S02,c009,val,frame_000178.jpg,1780,178.0,4
S02,c009,val,frame_000179.jpg,1790,179.0,7
S02,c009,val,frame_000180.jpg,1800,180.0,6
S02,c009,val,frame_000181.jpg,1810,181.0,7
S02,c009,val,frame_000182.jpg,1820,182.0,8
S02,c009,val,frame_000183.jpg,1830,183.0,7
S02,c009,val,frame_000184.jpg,1840,184.0,7
S02,c009,val,frame_000185.jpg,1850,185.0,7
S02,c009,val,frame_000186.jpg,1860,186.0,7
S02,c009,val,frame_000187.jpg,1870,187.0,7
S02,c009,val,frame_000188.jpg,1880,188.0,5
S02,c009,val,frame_000189.jpg,1890,189.0,6
S02,c009,val,frame_000190.jpg,1900,190.0,7
S02,c009,val,frame_000191.jpg,1910,191.0,6
S02,c009,val,frame_000192.jpg,1920,192.0,9
S02,c009,val,frame_000193.jpg,1930,193.0,7
S02,c009,val,frame_000194.jpg,1940,194.0,10
S02,c009,val,frame_000195.jpg,1950,195.0,8
S02,c009,val,frame_000196.jpg,1960,196.0,8
S02,c009,val,frame_000197.jpg,1970,197.0,7
S02,c009,val,frame_000198.jpg,1980,198.0,8
S02,c009,val,frame_000199.jpg,1990,199.0,9
S02,c009,val,frame_000200.jpg,2000,200.0,7
S02,c009,val,frame_000201.jpg,2010,201.0,9
S02,c009,val,frame_000202.jpg,2020,202.0,8
S02,c009,val,frame_000203.jpg,2030,203.0,8
S02,c009,val,frame_000204.jpg,2040,204.0,8
S02,c009,val,frame_000205.jpg,2050,205.0,11
S02,c009,val,frame_000206.jpg,2060,206.0,11
S02,c009,val,frame_000207.jpg,2070,207.0,11
S02,c009,val,frame_000208.jpg,2080,208.0,10
S02,c009,val,frame_000209.jpg,2090,209.0,10
S02,c009,val,frame_000210.jpg,2100,210.0,8
S03,c010,train,frame_000000.jpg,0,0.0,2
S03,c010,train,frame_000001.jpg,10,1.0,2
S03,c010,train,frame_000002.jpg,20,2.0,2
S03,c010,train,frame_000003.jpg,30,3.0,2
S03,c010,train,frame_000004.jpg,40,4.0,2
S03,c010,train,frame_000005.jpg,50,5.0,2
S03,c010,train,frame_000006.jpg,60,6.0,2
S03,c010,train,frame_000007.jpg,70,7.0,2
S03,c010,train,frame_000008.jpg,80,8.0,2
S03,c010,train,frame_000009.jpg,90,9.0,2
S03,c010,train,frame_000010.jpg,100,10.0,2
S03,c010,train,frame_000011.jpg,110,11.0,2
S03,c010,train,frame_000012.jpg,120,12.0,1
S03,c010,train,frame_000013.jpg,130,13.0,2
S03,c010,train,frame_000014.jpg,140,14.0,2
S03,c010,train,frame_000015.jpg,150,15.0,2
S03,c010,train,frame_000016.jpg,160,16.0,2
S03,c010,train,frame_000017.jpg,170,17.0,2
S03,c010,train,frame_000018.jpg,180,18.0,2
S03,c010,train,frame_000019.jpg,190,19.0,2
S03,c010,train,frame_000020.jpg,200,20.0,2
S03,c010,train,frame_000021.jpg,210,21.0,2
S03,c010,train,frame_000022.jpg,220,22.0,3
S03,c010,train,frame_000023.jpg,230,23.0,3
S03,c010,train,frame_000024.jpg,240,24.0,4
S03,c010,train,frame_000025.jpg,250,25.0,3
S03,c010,train,frame_000026.jpg,260,26.0,3
S03,c010,train,frame_000027.jpg,270,27.0,3
S03,c010,train,frame_000028.jpg,280,28.0,4
S03,c010,train,frame_000029.jpg,290,29.0,3
S03,c010,train,frame_000030.jpg,300,30.0,2
S03,c010,train,frame_000031.jpg,310,31.0,3
S03,c010,train,frame_000032.jpg,320,32.0,3
S03,c010,train,frame_000033.jpg,330,33.0,3
S03,c010,train,frame_000034.jpg,340,34.0,3
S03,c010,train,frame_000035.jpg,350,35.0,2
S03,c010,train,frame_000036.jpg,360,36.0,4
S03,c010,train,frame_000037.jpg,370,37.0,4
S03,c010,train,frame_000038.jpg,380,38.0,5
S03,c010,train,frame_000039.jpg,390,39.0,3
S03,c010,train,frame_000040.jpg,400,40.0,4
S03,c010,train,frame_000041.jpg,410,41.0,3
S03,c010,train,frame_000042.jpg,420,42.0,6
S03,c010,train,frame_000043.jpg,430,43.0,4
S03,c010,train,frame_000044.jpg,440,44.0,4
S03,c010,train,frame_000045.jpg,450,45.0,3
S03,c010,train,frame_000046.jpg,460,46.0,4
S03,c010,train,frame_000047.jpg,470,47.0,5
S03,c010,train,frame_000048.jpg,480,48.0,5
S03,c010,train,frame_000049.jpg,490,49.0,5
S03,c010,train,frame_000050.jpg,500,50.0,5
S03,c010,train,frame_000051.jpg,510,51.0,5
S03,c010,train,frame_000052.jpg,520,52.0,5
S03,c010,train,frame_000053.jpg,530,53.0,5
S03,c010,train,frame_000054.jpg,540,54.0,5
S03,c010,train,frame_000055.jpg,550,55.0,5
S03,c010,train,frame_000056.jpg,560,56.0,5
S03,c010,train,frame_000057.jpg,570,57.0,4
S03,c010,train,frame_000058.jpg,580,58.0,4
S03,c010,train,frame_000059.jpg,590,59.0,4
S03,c010,train,frame_000060.jpg,600,60.0,5
S03,c010,train,frame_000061.jpg,610,61.0,4
S03,c010,train,frame_000062.jpg,620,62.0,4
S03,c010,train,frame_000063.jpg,630,63.0,3
S03,c010,train,frame_000064.jpg,640,64.0,3
S03,c010,train,frame_000065.jpg,650,65.0,2
S03,c010,train,frame_000066.jpg,660,66.0,2
S03,c010,train,frame_000067.jpg,670,67.0,2
S03,c010,train,frame_000068.jpg,680,68.0,1
S03,c010,train,frame_000069.jpg,690,69.0,2
S03,c010,train,frame_000070.jpg,700,70.0,4
S03,c010,train,frame_000071.jpg,710,71.0,3
S03,c010,train,frame_000072.jpg,720,72.0,4
S03,c010,train,frame_000073.jpg,730,73.0,4
S03,c010,train,frame_000074.jpg,740,74.0,3
S03,c010,train,frame_000075.jpg,750,75.0,4
S03,c010,train,frame_000076.jpg,760,76.0,3
S03,c010,train,frame_000077.jpg,770,77.0,4
S03,c010,train,frame_000078.jpg,780,78.0,3
S03,c010,train,frame_000079.jpg,790,79.0,2
S03,c010,train,frame_000080.jpg,800,80.0,3
S03,c010,train,frame_000081.jpg,810,81.0,3
S03,c010,train,frame_000082.jpg,820,82.0,3
S03,c010,train,frame_000083.jpg,830,83.0,4
S03,c010,train,frame_000084.jpg,840,84.0,5
S03,c010,train,frame_000085.jpg,850,85.0,5
S03,c010,train,frame_000086.jpg,860,86.0,3
S03,c010,train,frame_000087.jpg,870,87.0,3
S03,c010,train,frame_000088.jpg,880,88.0,5
S03,c010,train,frame_000089.jpg,890,89.0,3
S03,c010,train,frame_000090.jpg,900,90.0,5
S03,c010,train,frame_000091.jpg,910,91.0,4
S03,c010,train,frame_000092.jpg,920,92.0,4
S03,c010,train,frame_000093.jpg,930,93.0,4
S03,c010,train,frame_000094.jpg,940,94.0,3
S03,c010,train,frame_000095.jpg,950,95.0,2
S03,c010,train,frame_000096.jpg,960,96.0,1
S03,c010,train,frame_000097.jpg,970,97.0,3
S03,c010,train,frame_000098.jpg,980,98.0,2
S03,c010,train,frame_000099.jpg,990,99.0,2
S03,c010,train,frame_000100.jpg,1000,100.0,1
S03,c010,train,frame_000101.jpg,1010,101.0,1
S03,c010,train,frame_000102.jpg,1020,102.0,2
S03,c010,train,frame_000103.jpg,1030,103.0,1
S03,c010,train,frame_000104.jpg,1040,104.0,1
S03,c010,train,frame_000105.jpg,1050,105.0,2
S03,c010,train,frame_000106.jpg,1060,106.0,1
S03,c010,train,frame_000107.jpg,1070,107.0,3
S03,c010,train,frame_000108.jpg,1080,108.0,3
S03,c010,train,frame_000109.jpg,1090,109.0,2
S03,c010,train,frame_000110.jpg,1100,110.0,4
S03,c010,train,frame_000111.jpg,1110,111.0,4
S03,c010,train,frame_000112.jpg,1120,112.0,4
S03,c010,train,frame_000113.jpg,1130,113.0,4
S03,c010,train,frame_000114.jpg,1140,114.0,3
S03,c010,train,frame_000115.jpg,1150,115.0,2
S03,c010,train,frame_000116.jpg,1160,116.0,4
S03,c010,train,frame_000117.jpg,1170,117.0,5
S03,c010,train,frame_000118.jpg,1180,118.0,4
S03,c010,train,frame_000119.jpg,1190,119.0,4
S03,c010,train,frame_000120.jpg,1200,120.0,5
S03,c010,train,frame_000121.jpg,1210,121.0,5
S03,c010,train,frame_000122.jpg,1220,122.0,3
S03,c010,train,frame_000123.jpg,1230,123.0,3
S03,c010,train,frame_000124.jpg,1240,124.0,2
S03,c010,train,frame_000125.jpg,1250,125.0,2
S03,c010,train,frame_000126.jpg,1260,126.0,4
S03,c010,train,frame_000127.jpg,1270,127.0,2
S03,c010,train,frame_000128.jpg,1280,128.0,4
S03,c010,train,frame_000129.jpg,1290,129.0,4
S03,c010,train,frame_000130.jpg,1300,130.0,2
S03,c010,train,frame_000131.jpg,1310,131.0,3
S03,c010,train,frame_000132.jpg,1320,132.0,2
S03,c010,train,frame_000133.jpg,1330,133.0,4
S03,c010,train,frame_000134.jpg,1340,134.0,3
S03,c010,train,frame_000135.jpg,1350,135.0,1
S03,c010,train,frame_000136.jpg,1360,136.0,1
S03,c010,train,frame_000137.jpg,1370,137.0,3
S03,c010,train,frame_000138.jpg,1380,138.0,3
S03,c010,train,frame_000139.jpg,1390,139.0,2
S03,c010,train,frame_000140.jpg,1400,140.0,1
S03,c010,train,frame_000141.jpg,1410,141.0,2
S03,c010,train,frame_000142.jpg,1420,142.0,3
S03,c010,train,frame_000143.jpg,1430,143.0,3
S03,c010,train,frame_000144.jpg,1440,144.0,3
S03,c010,train,frame_000145.jpg,1450,145.0,3
S03,c010,train,frame_000146.jpg,1460,146.0,3
S03,c010,train,frame_000147.jpg,1470,147.0,4
S03,c010,train,frame_000148.jpg,1480,148.0,4
S03,c010,train,frame_000149.jpg,1490,149.0,4
S03,c010,train,frame_000150.jpg,1500,150.0,4
S03,c010,train,frame_000151.jpg,1510,151.0,3
S03,c010,train,frame_000152.jpg,1520,152.0,4
S03,c010,train,frame_000153.jpg,1530,153.0,3
S03,c010,train,frame_000154.jpg,1540,154.0,2
S03,c010,train,frame_000155.jpg,1550,155.0,3
S03,c010,train,frame_000156.jpg,1560,156.0,2
S03,c010,train,frame_000157.jpg,1570,157.0,4
S03,c010,train,frame_000158.jpg,1580,158.0,5
S03,c010,train,frame_000159.jpg,1590,159.0,3
S03,c010,train,frame_000160.jpg,1600,160.0,4
S03,c010,train,frame_000161.jpg,1610,161.0,4
S03,c010,train,frame_000162.jpg,1620,162.0,4
S03,c010,train,frame_000163.jpg,1630,163.0,4
S03,c010,train,frame_000164.jpg,1640,164.0,4
S03,c010,train,frame_000165.jpg,1650,165.0,3
S03,c010,train,frame_000166.jpg,1660,166.0,4
S03,c010,train,frame_000167.jpg,1670,167.0,4
S03,c010,train,frame_000168.jpg,1680,168.0,5
S03,c010,train,frame_000169.jpg,1690,169.0,4
S03,c010,train,frame_000170.jpg,1700,170.0,4
S03,c010,train,frame_000171.jpg,1710,171.0,5
S03,c010,train,frame_000172.jpg,1720,172.0,3
S03,c010,train,frame_000173.jpg,1730,173.0,6
S03,c010,train,frame_000174.jpg,1740,174.0,6
S03,c010,train,frame_000175.jpg,1750,175.0,4
S03,c010,train,frame_000176.jpg,1760,176.0,6
S03,c010,train,frame_000177.jpg,1770,177.0,6
S03,c010,train,frame_000178.jpg,1780,178.0,2
S03,c010,train,frame_000179.jpg,1790,179.0,5
S03,c010,train,frame_000180.jpg,1800,180.0,3
S03,c010,train,frame_000181.jpg,1810,181.0,4
S03,c010,train,frame_000182.jpg,1820,182.0,4
S03,c010,train,frame_000183.jpg,1830,183.0,4
S03,c010,train,frame_000184.jpg,1840,184.0,4
S03,c010,train,frame_000185.jpg,1850,185.0,4
S03,c010,train,frame_000186.jpg,1860,186.0,2
S03,c010,train,frame_000187.jpg,1870,187.0,2
S03,c010,train,frame_000188.jpg,1880,188.0,3
S03,c010,train,frame_000189.jpg,1890,189.0,3
S03,c010,train,frame_000190.jpg,1900,190.0,3
S03,c010,train,frame_000191.jpg,1910,191.0,3
S03,c010,train,frame_000192.jpg,1920,192.0,3
S03,c010,train,frame_000193.jpg,1930,193.0,3
S03,c010,train,frame_000194.jpg,1940,194.0,3
S03,c010,train,frame_000195.jpg,1950,195.0,3
S03,c010,train,frame_000196.jpg,1960,196.0,3
S03,c010,train,frame_000197.jpg,1970,197.0,3
S03,c010,train,frame_000198.jpg,1980,198.0,3
S03,c010,train,frame_000199.jpg,1990,199.0,3
S03,c010,train,frame_000200.jpg,2000,200.0,3
S03,c010,train,frame_000201.jpg,2010,201.0,3
S03,c010,train,frame_000202.jpg,2020,202.0,3
S03,c010,train,frame_000203.jpg,2030,203.0,3
S03,c010,train,frame_000204.jpg,2040,204.0,3
S03,c010,train,frame_000205.jpg,2050,205.0,3
S03,c010,train,frame_000206.jpg,2060,206.0,3
S03,c010,train,frame_000207.jpg,2070,207.0,3
S03,c010,train,frame_000208.jpg,2080,208.0,3
S03,c010,train,frame_000209.jpg,2090,209.0,2
S03,c010,train,frame_000210.jpg,2100,210.0,4
S03,c010,train,frame_000211.jpg,2110,211.0,3
S03,c010,train,frame_000212.jpg,2120,212.0,3
S03,c010,train,frame_000213.jpg,2130,213.0,2
S03,c010,train,frame_000214.jpg,2140,214.0,2
S03,c011,train,frame_000000.jpg,0,0.0,2
S03,c011,train,frame_000001.jpg,10,1.0,2
S03,c011,train,frame_000002.jpg,20,2.0,2
S03,c011,train,frame_000003.jpg,30,3.0,2
S03,c011,train,frame_000004.jpg,40,4.0,2
S03,c011,train,frame_000005.jpg,50,5.0,2
S03,c011,train,frame_000006.jpg,60,6.0,2
S03,c011,train,frame_000007.jpg,70,7.0,2
S03,c011,train,frame_000008.jpg,80,8.0,2
S03,c011,train,frame_000009.jpg,90,9.0,2
S03,c011,train,frame_000010.jpg,100,10.0,3
S03,c011,train,frame_000011.jpg,110,11.0,2
S03,c011,train,frame_000012.jpg,120,12.0,2
S03,c011,train,frame_000013.jpg,130,13.0,3
S03,c011,train,frame_000014.jpg,140,14.0,2
S03,c011,train,frame_000015.jpg,150,15.0,2
S03,c011,train,frame_000016.jpg,160,16.0,3
S03,c011,train,frame_000017.jpg,170,17.0,3
S03,c011,train,frame_000018.jpg,180,18.0,3
S03,c011,train,frame_000019.jpg,190,19.0,3
S03,c011,train,frame_000020.jpg,200,20.0,4
S03,c011,train,frame_000021.jpg,210,21.0,4
S03,c011,train,frame_000022.jpg,220,22.0,4
S03,c011,train,frame_000023.jpg,230,23.0,3
S03,c011,train,frame_000024.jpg,240,24.0,3
S03,c011,train,frame_000025.jpg,250,25.0,3
S03,c011,train,frame_000026.jpg,260,26.0,2
S03,c011,train,frame_000027.jpg,270,27.0,2
S03,c011,train,frame_000028.jpg,280,28.0,2
S03,c011,train,frame_000029.jpg,290,29.0,2
S03,c011,train,frame_000030.jpg,300,30.0,2
S03,c011,train,frame_000031.jpg,310,31.0,2
S03,c011,train,frame_000032.jpg,320,32.0,3
S03,c011,train,frame_000033.jpg,330,33.0,2
S03,c011,train,frame_000034.jpg,340,34.0,3
S03,c011,train,frame_000035.jpg,350,35.0,2
S03,c011,train,frame_000036.jpg,360,36.0,3
S03,c011,train,frame_000037.jpg,370,37.0,3
S03,c011,train,frame_000038.jpg,380,38.0,2
S03,c011,train,frame_000039.jpg,390,39.0,3
S03,c011,train,frame_000040.jpg,400,40.0,2
S03,c011,train,frame_000041.jpg,410,41.0,3
S03,c011,train,frame_000042.jpg,420,42.0,3
S03,c011,train,frame_000043.jpg,430,43.0,4
S03,c011,train,frame_000044.jpg,440,44.0,3
S03,c011,train,frame_000045.jpg,450,45.0,2
S03,c011,train,frame_000046.jpg,460,46.0,3
S03,c011,train,frame_000047.jpg,470,47.0,2
S03,c011,train,frame_000048.jpg,480,48.0,3
S03,c011,train,frame_000049.jpg,490,49.0,3
S03,c011,train,frame_000050.jpg,500,50.0,4
S03,c011,train,frame_000051.jpg,510,51.0,2
S03,c011,train,frame_000052.jpg,520,52.0,2
S03,c011,train,frame_000053.jpg,530,53.0,2
S03,c011,train,frame_000054.jpg,540,54.0,1
S03,c011,train,frame_000055.jpg,550,55.0,2
S03,c011,train,frame_000056.jpg,560,56.0,2
S03,c011,train,frame_000057.jpg,570,57.0,2
S03,c011,train,frame_000058.jpg,580,58.0,3
S03,c011,train,frame_000059.jpg,590,59.0,3
S03,c011,train,frame_000060.jpg,600,60.0,3
S03,c011,train,frame_000061.jpg,610,61.0,4
S03,c011,train,frame_000062.jpg,620,62.0,5
S03,c011,train,frame_000063.jpg,630,63.0,4
S03,c011,train,frame_000064.jpg,640,64.0,4
S03,c011,train,frame_000065.jpg,650,65.0,4
S03,c011,train,frame_000066.jpg,660,66.0,3
S03,c011,train,frame_000067.jpg,670,67.0,5
S03,c011,train,frame_000068.jpg,680,68.0,4
S03,c011,train,frame_000069.jpg,690,69.0,3
S03,c011,train,frame_000070.jpg,700,70.0,4
S03,c011,train,frame_000071.jpg,710,71.0,3
S03,c011,train,frame_000072.jpg,720,72.0,3
S03,c011,train,frame_000073.jpg,730,73.0,3
S03,c011,train,frame_000074.jpg,740,74.0,2
S03,c011,train,frame_000075.jpg,750,75.0,4
S03,c011,train,frame_000076.jpg,760,76.0,4
S03,c011,train,frame_000077.jpg,770,77.0,4
S03,c011,train,frame_000078.jpg,780,78.0,4
S03,c011,train,frame_000079.jpg,790,79.0,3
S03,c011,train,frame_000080.jpg,800,80.0,3
S03,c011,train,frame_000081.jpg,810,81.0,3
S03,c011,train,frame_000082.jpg,820,82.0,3
S03,c011,train,frame_000083.jpg,830,83.0,3
S03,c011,train,frame_000084.jpg,840,84.0,4
S03,c011,train,frame_000085.jpg,850,85.0,4
S03,c011,train,frame_000086.jpg,860,86.0,0
S03,c011,train,frame_000087.jpg,870,87.0,3
S03,c011,train,frame_000088.jpg,880,88.0,3
S03,c011,train,frame_000089.jpg,890,89.0,3
S03,c011,train,frame_000090.jpg,900,90.0,3
S03,c011,train,frame_000091.jpg,910,91.0,1
S03,c011,train,frame_000092.jpg,920,92.0,1
S03,c011,train,frame_000093.jpg,930,93.0,2
S03,c011,train,frame_000094.jpg,940,94.0,2
S03,c011,train,frame_000095.jpg,950,95.0,3
S03,c011,train,frame_000096.jpg,960,96.0,2
S03,c011,train,frame_000097.jpg,970,97.0,2
S03,c011,train,frame_000098.jpg,980,98.0,3
S03,c011,train,frame_000099.jpg,990,99.0,4
S03,c011,train,frame_000100.jpg,1000,100.0,5
S03,c011,train,frame_000101.jpg,1010,101.0,5
S03,c011,train,frame_000102.jpg,1020,102.0,5
S03,c011,train,frame_000103.jpg,1030,103.0,5
S03,c011,train,frame_000104.jpg,1040,104.0,5
S03,c011,train,frame_000105.jpg,1050,105.0,5
S03,c011,train,frame_000106.jpg,1060,106.0,6
S03,c011,train,frame_000107.jpg,1070,107.0,5
S03,c011,train,frame_000108.jpg,1080,108.0,4
S03,c011,train,frame_000109.jpg,1090,109.0,4
S03,c011,train,frame_000110.jpg,1100,110.0,5
S03,c011,train,frame_000111.jpg,1110,111.0,5
S03,c011,train,frame_000112.jpg,1120,112.0,3
S03,c011,train,frame_000113.jpg,1130,113.0,2
S03,c011,train,frame_000114.jpg,1140,114.0,4
S03,c011,train,frame_000115.jpg,1150,115.0,4
S03,c011,train,frame_000116.jpg,1160,116.0,3
S03,c011,train,frame_000117.jpg,1170,117.0,3
S03,c011,train,frame_000118.jpg,1180,118.0,4
S03,c011,train,frame_000119.jpg,1190,119.0,3
S03,c011,train,frame_000120.jpg,1200,120.0,3
S03,c011,train,frame_000121.jpg,1210,121.0,3
S03,c011,train,frame_000122.jpg,1220,122.0,3
S03,c011,train,frame_000123.jpg,1230,123.0,3
S03,c011,train,frame_000124.jpg,1240,124.0,3
S03,c011,train,frame_000125.jpg,1250,125.0,3
S03,c011,train,frame_000126.jpg,1260,126.0,4
S03,c011,train,frame_000127.jpg,1270,127.0,4
S03,c011,train,frame_000128.jpg,1280,128.0,4
S03,c011,train,frame_000129.jpg,1290,129.0,4
S03,c011,train,frame_000130.jpg,1300,130.0,4
S03,c011,train,frame_000131.jpg,1310,131.0,3
S03,c011,train,frame_000132.jpg,1320,132.0,3
S03,c011,train,frame_000133.jpg,1330,133.0,3
S03,c011,train,frame_000134.jpg,1340,134.0,2
S03,c011,train,frame_000135.jpg,1350,135.0,2
S03,c011,train,frame_000136.jpg,1360,136.0,4
S03,c011,train,frame_000137.jpg,1370,137.0,4
S03,c011,train,frame_000138.jpg,1380,138.0,3
S03,c011,train,frame_000139.jpg,1390,139.0,2
S03,c011,train,frame_000140.jpg,1400,140.0,3
S03,c011,train,frame_000141.jpg,1410,141.0,3
S03,c011,train,frame_000142.jpg,1420,142.0,3
S03,c011,train,frame_000143.jpg,1430,143.0,3
S03,c011,train,frame_000144.jpg,1440,144.0,2
S03,c011,train,frame_000145.jpg,1450,145.0,2
S03,c011,train,frame_000146.jpg,1460,146.0,2
S03,c011,train,frame_000147.jpg,1470,147.0,2
S03,c011,train,frame_000148.jpg,1480,148.0,2
S03,c011,train,frame_000149.jpg,1490,149.0,3
S03,c011,train,frame_000150.jpg,1500,150.0,3
S03,c011,train,frame_000151.jpg,1510,151.0,2
S03,c011,train,frame_000152.jpg,1520,152.0,2
S03,c011,train,frame_000153.jpg,1530,153.0,2
S03,c011,train,frame_000154.jpg,1540,154.0,2
S03,c011,train,frame_000155.jpg,1550,155.0,2
S03,c011,train,frame_000156.jpg,1560,156.0,2
S03,c011,train,frame_000157.jpg,1570,157.0,2
S03,c011,train,frame_000158.jpg,1580,158.0,2
S03,c011,train,frame_000159.jpg,1590,159.0,2
S03,c011,train,frame_000160.jpg,1600,160.0,2
S03,c011,train,frame_000161.jpg,1610,161.0,2
S03,c011,train,frame_000162.jpg,1620,162.0,2
S03,c011,train,frame_000163.jpg,1630,163.0,2
S03,c011,train,frame_000164.jpg,1640,164.0,4
S03,c011,train,frame_000165.jpg,1650,165.0,3
S03,c011,train,frame_000166.jpg,1660,166.0,2
S03,c011,train,frame_000167.jpg,1670,167.0,2
S03,c011,train,frame_000168.jpg,1680,168.0,1
S03,c011,train,frame_000169.jpg,1690,169.0,2
S03,c011,train,frame_000170.jpg,1700,170.0,1
S03,c011,train,frame_000171.jpg,1710,171.0,1
S03,c011,train,frame_000172.jpg,1720,172.0,1
S03,c011,train,frame_000173.jpg,1730,173.0,1
S03,c011,train,frame_000174.jpg,1740,174.0,2
S03,c011,train,frame_000175.jpg,1750,175.0,2
S03,c011,train,frame_000176.jpg,1760,176.0,2
S03,c011,train,frame_000177.jpg,1770,177.0,2
S03,c011,train,frame_000178.jpg,1780,178.0,2
S03,c011,train,frame_000179.jpg,1790,179.0,3
S03,c011,train,frame_000180.jpg,1800,180.0,4
S03,c011,train,frame_000181.jpg,1810,181.0,4
S03,c011,train,frame_000182.jpg,1820,182.0,3
S03,c011,train,frame_000183.jpg,1830,183.0,2
S03,c011,train,frame_000184.jpg,1840,184.0,2
S03,c011,train,frame_000185.jpg,1850,185.0,3
S03,c011,train,frame_000186.jpg,1860,186.0,3
S03,c011,train,frame_000187.jpg,1870,187.0,3
S03,c011,train,frame_000188.jpg,1880,188.0,3
S03,c011,train,frame_000189.jpg,1890,189.0,2
S03,c011,train,frame_000190.jpg,1900,190.0,1
S03,c011,train,frame_000191.jpg,1910,191.0,2
S03,c011,train,frame_000192.jpg,1920,192.0,2
S03,c011,train,frame_000193.jpg,1930,193.0,2
S03,c011,train,frame_000194.jpg,1940,194.0,4
S03,c011,train,frame_000195.jpg,1950,195.0,2
S03,c011,train,frame_000196.jpg,1960,196.0,2
S03,c011,train,frame_000197.jpg,1970,197.0,4
S03,c011,train,frame_000198.jpg,1980,198.0,4
S03,c011,train,frame_000199.jpg,1990,199.0,3
S03,c011,train,frame_000200.jpg,2000,200.0,2
S03,c011,train,frame_000201.jpg,2010,201.0,3
S03,c011,train,frame_000202.jpg,2020,202.0,5
S03,c011,train,frame_000203.jpg,2030,203.0,4
S03,c011,train,frame_000204.jpg,2040,204.0,3
S03,c011,train,frame_000205.jpg,2050,205.0,3
S03,c011,train,frame_000206.jpg,2060,206.0,2
S03,c011,train,frame_000207.jpg,2070,207.0,1
S03,c011,train,frame_000208.jpg,2080,208.0,2
S03,c011,train,frame_000209.jpg,2090,209.0,1
S03,c011,train,frame_000210.jpg,2100,210.0,1
S03,c011,train,frame_000211.jpg,2110,211.0,1
S03,c011,train,frame_000212.jpg,2120,212.0,1
S03,c011,train,frame_000213.jpg,2130,213.0,1
S03,c011,train,frame_000214.jpg,2140,214.0,2
S03,c011,train,frame_000215.jpg,2150,215.0,1
S03,c011,train,frame_000216.jpg,2160,216.0,1
S03,c011,train,frame_000217.jpg,2170,217.0,1
S03,c011,train,frame_000218.jpg,2180,218.0,3
S03,c011,train,frame_000219.jpg,2190,219.0,3
S03,c011,train,frame_000220.jpg,2200,220.0,4
S03,c011,train,frame_000221.jpg,2210,221.0,4
S03,c011,train,frame_000222.jpg,2220,222.0,2
S03,c011,train,frame_000223.jpg,2230,223.0,1
S03,c011,train,frame_000224.jpg,2240,224.0,2
S03,c011,train,frame_000225.jpg,2250,225.0,2
S03,c011,train,frame_000226.jpg,2260,226.0,2
S03,c011,train,frame_000227.jpg,2270,227.0,2
S03,c012,train,frame_000000.jpg,0,0.0,3
S03,c012,train,frame_000001.jpg,10,1.0,3
S03,c012,train,frame_000002.jpg,20,2.0,3
S03,c012,train,frame_000003.jpg,30,3.0,3
S03,c012,train,frame_000004.jpg,40,4.0,3
S03,c012,train,frame_000005.jpg,50,5.0,3
S03,c012,train,frame_000006.jpg,60,6.0,3
S03,c012,train,frame_000007.jpg,70,7.0,3
S03,c012,train,frame_000008.jpg,80,8.0,3
S03,c012,train,frame_000009.jpg,90,9.0,3
S03,c012,train,frame_000010.jpg,100,10.0,3
S03,c012,train,frame_000011.jpg,110,11.0,3
S03,c012,train,frame_000012.jpg,120,12.0,3
S03,c012,train,frame_000013.jpg,130,13.0,3
S03,c012,train,frame_000014.jpg,140,14.0,3
S03,c012,train,frame_000015.jpg,150,15.0,3
S03,c012,train,frame_000016.jpg,160,16.0,3
S03,c012,train,frame_000017.jpg,170,17.0,3
S03,c012,train,frame_000018.jpg,180,18.0,3
S03,c012,train,frame_000019.jpg,190,19.0,3
S03,c012,train,frame_000020.jpg,200,20.0,3
S03,c012,train,frame_000021.jpg,210,21.0,4
S03,c012,train,frame_000022.jpg,220,22.0,3
S03,c012,train,frame_000023.jpg,230,23.0,3
S03,c012,train,frame_000024.jpg,240,24.0,3
S03,c012,train,frame_000025.jpg,250,25.0,3
S03,c012,train,frame_000026.jpg,260,26.0,3
S03,c012,train,frame_000027.jpg,270,27.0,3
S03,c012,train,frame_000028.jpg,280,28.0,3
S03,c012,train,frame_000029.jpg,290,29.0,3
S03,c012,train,frame_000030.jpg,300,30.0,3
S03,c012,train,frame_000031.jpg,310,31.0,3
S03,c012,train,frame_000032.jpg,320,32.0,3
S03,c012,train,frame_000033.jpg,330,33.0,3
S03,c012,train,frame_000034.jpg,340,34.0,3
S03,c012,train,frame_000035.jpg,350,35.0,3
S03,c012,train,frame_000036.jpg,360,36.0,3
S03,c012,train,frame_000037.jpg,370,37.0,3
S03,c012,train,frame_000038.jpg,380,38.0,3
S03,c012,train,frame_000039.jpg,390,39.0,3
S03,c012,train,frame_000040.jpg,400,40.0,3
S03,c012,train,frame_000041.jpg,410,41.0,3
S03,c012,train,frame_000042.jpg,420,42.0,3
S03,c012,train,frame_000043.jpg,430,43.0,3
S03,c012,train,frame_000044.jpg,440,44.0,3
S03,c012,train,frame_000045.jpg,450,45.0,3
S03,c012,train,frame_000046.jpg,460,46.0,3
S03,c012,train,frame_000047.jpg,470,47.0,3
S03,c012,train,frame_000048.jpg,480,48.0,3
S03,c012,train,frame_000049.jpg,490,49.0,3
S03,c012,train,frame_000050.jpg,500,50.0,3
S03,c012,train,frame_000051.jpg,510,51.0,3
S03,c012,train,frame_000052.jpg,520,52.0,3
S03,c012,train,frame_000053.jpg,530,53.0,3
S03,c012,train,frame_000054.jpg,540,54.0,3
S03,c012,train,frame_000055.jpg,550,55.0,3
S03,c012,train,frame_000056.jpg,560,56.0,3
S03,c012,train,frame_000057.jpg,570,57.0,3
S03,c012,train,frame_000058.jpg,580,58.0,3
S03,c012,train,frame_000059.jpg,590,59.0,3
S03,c012,train,frame_000060.jpg,600,60.0,3
S03,c012,train,frame_000061.jpg,610,61.0,3
S03,c012,train,frame_000062.jpg,620,62.0,3
S03,c012,train,frame_000063.jpg,630,63.0,3
S03,c012,train,frame_000064.jpg,640,64.0,3
S03,c012,train,frame_000065.jpg,650,65.0,3
S03,c012,train,frame_000066.jpg,660,66.0,4
S03,c012,train,frame_000067.jpg,670,67.0,4
S03,c012,train,frame_000068.jpg,680,68.0,3
S03,c012,train,frame_000069.jpg,690,69.0,3
S03,c012,train,frame_000070.jpg,700,70.0,4
S03,c012,train,frame_000071.jpg,710,71.0,3
S03,c012,train,frame_000072.jpg,720,72.0,3
S03,c012,train,frame_000073.jpg,730,73.0,3
S03,c012,train,frame_000074.jpg,740,74.0,4
S03,c012,train,frame_000075.jpg,750,75.0,3
S03,c012,train,frame_000076.jpg,760,76.0,4
S03,c012,train,frame_000077.jpg,770,77.0,3
S03,c012,train,frame_000078.jpg,780,78.0,3
S03,c012,train,frame_000079.jpg,790,79.0,3
S03,c012,train,frame_000080.jpg,800,80.0,3
S03,c012,train,frame_000081.jpg,810,81.0,3
S03,c012,train,frame_000082.jpg,820,82.0,3
S03,c012,train,frame_000083.jpg,830,83.0,3
S03,c012,train,frame_000084.jpg,840,84.0,3
S03,c012,train,frame_000085.jpg,850,85.0,3
S03,c012,train,frame_000086.jpg,860,86.0,3
S03,c012,train,frame_000087.jpg,870,87.0,3
S03,c012,train,frame_000088.jpg,880,88.0,3
S03,c012,train,frame_000089.jpg,890,89.0,3
S03,c012,train,frame_000090.jpg,900,90.0,3
S03,c012,train,frame_000091.jpg,910,91.0,3
S03,c012,train,frame_000092.jpg,920,92.0,3
S03,c012,train,frame_000093.jpg,930,93.0,3
S03,c012,train,frame_000094.jpg,940,94.0,3
S03,c012,train,frame_000095.jpg,950,95.0,4
S03,c012,train,frame_000096.jpg,960,96.0,4
S03,c012,train,frame_000097.jpg,970,97.0,3
S03,c012,train,frame_000098.jpg,980,98.0,3
S03,c012,train,frame_000099.jpg,990,99.0,3
S03,c012,train,frame_000100.jpg,1000,100.0,3
S03,c012,train,frame_000101.jpg,1010,101.0,3
S03,c012,train,frame_000102.jpg,1020,102.0,3
S03,c012,train,frame_000103.jpg,1030,103.0,3
S03,c012,train,frame_000104.jpg,1040,104.0,3
S03,c012,train,frame_000105.jpg,1050,105.0,3
S03,c012,train,frame_000106.jpg,1060,106.0,3
S03,c012,train,frame_000107.jpg,1070,107.0,3
S03,c012,train,frame_000108.jpg,1080,108.0,3
S03,c012,train,frame_000109.jpg,1090,109.0,4
S03,c012,train,frame_000110.jpg,1100,110.0,4
S03,c012,train,frame_000111.jpg,1110,111.0,3
S03,c012,train,frame_000112.jpg,1120,112.0,3
S03,c012,train,frame_000113.jpg,1130,113.0,3
S03,c012,train,frame_000114.jpg,1140,114.0,4
S03,c012,train,frame_000115.jpg,1150,115.0,4
S03,c012,train,frame_000116.jpg,1160,116.0,3
S03,c012,train,frame_000117.jpg,1170,117.0,3
S03,c012,train,frame_000118.jpg,1180,118.0,3
S03,c012,train,frame_000119.jpg,1190,119.0,3
S03,c012,train,frame_000120.jpg,1200,120.0,3
S03,c012,train,frame_000121.jpg,1210,121.0,4
S03,c012,train,frame_000122.jpg,1220,122.0,4
S03,c012,train,frame_000123.jpg,1230,123.0,3
S03,c012,train,frame_000124.jpg,1240,124.0,3
S03,c012,train,frame_000125.jpg,1250,125.0,3
S03,c012,train,frame_000126.jpg,1260,126.0,3
S03,c012,train,frame_000127.jpg,1270,127.0,3
S03,c012,train,frame_000128.jpg,1280,128.0,3
S03,c012,train,frame_000129.jpg,1290,129.0,3
S03,c012,train,frame_000130.jpg,1300,130.0,3
S03,c012,train,frame_000131.jpg,1310,131.0,3
S03,c012,train,frame_000132.jpg,1320,132.0,4
S03,c012,train,frame_000133.jpg,1330,133.0,3
S03,c012,train,frame_000134.jpg,1340,134.0,3
S03,c012,train,frame_000135.jpg,1350,135.0,3
S03,c012,train,frame_000136.jpg,1360,136.0,3
S03,c012,train,frame_000137.jpg,1370,137.0,3
S03,c012,train,frame_000138.jpg,1380,138.0,3
S03,c012,train,frame_000139.jpg,1390,139.0,3
S03,c012,train,frame_000140.jpg,1400,140.0,3
S03,c012,train,frame_000141.jpg,1410,141.0,3
S03,c012,train,frame_000142.jpg,1420,142.0,3
S03,c012,train,frame_000143.jpg,1430,143.0,3
S03,c012,train,frame_000144.jpg,1440,144.0,3
S03,c012,train,frame_000145.jpg,1450,145.0,3
S03,c012,train,frame_000146.jpg,1460,146.0,4
S03,c012,train,frame_000147.jpg,1470,147.0,4
S03,c012,train,frame_000148.jpg,1480,148.0,3
S03,c012,train,frame_000149.jpg,1490,149.0,3
S03,c012,train,frame_000150.jpg,1500,150.0,3
S03,c012,train,frame_000151.jpg,1510,151.0,3
S03,c012,train,frame_000152.jpg,1520,152.0,3
S03,c012,train,frame_000153.jpg,1530,153.0,3
S03,c012,train,frame_000154.jpg,1540,154.0,3
S03,c012,train,frame_000155.jpg,1550,155.0,3
S03,c012,train,frame_000156.jpg,1560,156.0,3
S03,c012,train,frame_000157.jpg,1570,157.0,3
S03,c012,train,frame_000158.jpg,1580,158.0,3
S03,c012,train,frame_000159.jpg,1590,159.0,3
S03,c012,train,frame_000160.jpg,1600,160.0,3
S03,c012,train,frame_000161.jpg,1610,161.0,3
S03,c012,train,frame_000162.jpg,1620,162.0,3
S03,c012,train,frame_000163.jpg,1630,163.0,3
S03,c012,train,frame_000164.jpg,1640,164.0,3
S03,c012,train,frame_000165.jpg,1650,165.0,3
S03,c012,train,frame_000166.jpg,1660,166.0,3
S03,c012,train,frame_000167.jpg,1670,167.0,3
S03,c012,train,frame_000168.jpg,1680,168.0,3
S03,c012,train,frame_000169.jpg,1690,169.0,4
S03,c012,train,frame_000170.jpg,1700,170.0,3
S03,c012,train,frame_000171.jpg,1710,171.0,3
S03,c012,train,frame_000172.jpg,1720,172.0,3
S03,c012,train,frame_000173.jpg,1730,173.0,3
S03,c012,train,frame_000174.jpg,1740,174.0,3
S03,c012,train,frame_000175.jpg,1750,175.0,3
S03,c012,train,frame_000176.jpg,1760,176.0,3
S03,c012,train,frame_000177.jpg,1770,177.0,3
S03,c012,train,frame_000178.jpg,1780,178.0,3
S03,c012,train,frame_000179.jpg,1790,179.0,3
S03,c012,train,frame_000180.jpg,1800,180.0,3
S03,c012,train,frame_000181.jpg,1810,181.0,3
S03,c012,train,frame_000182.jpg,1820,182.0,3
S03,c012,train,frame_000183.jpg,1830,183.0,3
S03,c012,train,frame_000184.jpg,1840,184.0,4
S03,c012,train,frame_000185.jpg,1850,185.0,3
S03,c012,train,frame_000186.jpg,1860,186.0,3
S03,c012,train,frame_000187.jpg,1870,187.0,3
S03,c012,train,frame_000188.jpg,1880,188.0,3
S03,c012,train,frame_000189.jpg,1890,189.0,3
S03,c012,train,frame_000190.jpg,1900,190.0,4
S03,c012,train,frame_000191.jpg,1910,191.0,4
S03,c012,train,frame_000192.jpg,1920,192.0,3
S03,c012,train,frame_000193.jpg,1930,193.0,3
S03,c012,train,frame_000194.jpg,1940,194.0,4
S03,c012,train,frame_000195.jpg,1950,195.0,3
S03,c012,train,frame_000196.jpg,1960,196.0,3
S03,c012,train,frame_000197.jpg,1970,197.0,3
S03,c012,train,frame_000198.jpg,1980,198.0,3
S03,c012,train,frame_000199.jpg,1990,199.0,3
S03,c012,train,frame_000200.jpg,2000,200.0,3
S03,c012,train,frame_000201.jpg,2010,201.0,3
S03,c012,train,frame_000202.jpg,2020,202.0,3
S03,c012,train,frame_000203.jpg,2030,203.0,3
S03,c012,train,frame_000204.jpg,2040,204.0,3
S03,c012,train,frame_000205.jpg,2050,205.0,3
S03,c012,train,frame_000206.jpg,2060,206.0,3
S03,c012,train,frame_000207.jpg,2070,207.0,3
S03,c012,train,frame_000208.jpg,2080,208.0,3
S03,c012,train,frame_000209.jpg,2090,209.0,3
S03,c012,train,frame_000210.jpg,2100,210.0,3
S03,c012,train,frame_000211.jpg,2110,211.0,3
S03,c012,train,frame_000212.jpg,2120,212.0,4
S03,c012,train,frame_000213.jpg,2130,213.0,4
S03,c012,train,frame_000214.jpg,2140,214.0,3
S03,c012,train,frame_000215.jpg,2150,215.0,3
S03,c012,train,frame_000216.jpg,2160,216.0,3
S03,c012,train,frame_000217.jpg,2170,217.0,3
S03,c012,train,frame_000218.jpg,2180,218.0,3
S03,c012,train,frame_000219.jpg,2190,219.0,3
S03,c012,train,frame_000220.jpg,2200,220.0,3
S03,c012,train,frame_000221.jpg,2210,221.0,3
S03,c012,train,frame_000222.jpg,2220,222.0,3
S03,c012,train,frame_000223.jpg,2230,223.0,3
S03,c012,train,frame_000224.jpg,2240,224.0,3
S03,c012,train,frame_000225.jpg,2250,225.0,3
S03,c012,train,frame_000226.jpg,2260,226.0,3
S03,c012,train,frame_000227.jpg,2270,227.0,3
S03,c012,train,frame_000228.jpg,2280,228.0,3
S03,c012,train,frame_000229.jpg,2290,229.0,3
S03,c012,train,frame_000230.jpg,2300,230.0,3
S03,c012,train,frame_000231.jpg,2310,231.0,4
S03,c012,train,frame_000232.jpg,2320,232.0,3
S03,c012,train,frame_000233.jpg,2330,233.0,3
S03,c012,train,frame_000234.jpg,2340,234.0,3
S03,c012,train,frame_000235.jpg,2350,235.0,3
S03,c012,train,frame_000236.jpg,2360,236.0,4
S03,c012,train,frame_000237.jpg,2370,237.0,4
S03,c012,train,frame_000238.jpg,2380,238.0,3
S03,c012,train,frame_000239.jpg,2390,239.0,3
S03,c012,train,frame_000240.jpg,2400,240.0,3
S03,c012,train,frame_000241.jpg,2410,241.0,3
S03,c012,train,frame_000242.jpg,2420,242.0,3
S03,c013,train,frame_000000.jpg,0,0.0,0
S03,c013,train,frame_000001.jpg,10,1.0,0
S03,c013,train,frame_000002.jpg,20,2.0,0
S03,c013,train,frame_000003.jpg,30,3.0,0
S03,c013,train,frame_000004.jpg,40,4.0,0
S03,c013,train,frame_000005.jpg,50,5.0,0
S03,c013,train,frame_000006.jpg,60,6.0,0
S03,c013,train,frame_000007.jpg,70,7.0,0
S03,c013,train,frame_000008.jpg,80,8.0,0
S03,c013,train,frame_000009.jpg,90,9.0,0
S03,c013,train,frame_000010.jpg,100,10.0,0
S03,c013,train,frame_000011.jpg,110,11.0,0
S03,c013,train,frame_000012.jpg,120,12.0,0
S03,c013,train,frame_000013.jpg,130,13.0,0
S03,c013,train,frame_000014.jpg,140,14.0,0
S03,c013,train,frame_000015.jpg,150,15.0,0
S03,c013,train,frame_000016.jpg,160,16.0,0
S03,c013,train,frame_000017.jpg,170,17.0,0
S03,c013,train,frame_000018.jpg,180,18.0,0
S03,c013,train,frame_000019.jpg,190,19.0,0
S03,c013,train,frame_000020.jpg,200,20.0,0
S03,c013,train,frame_000021.jpg,210,21.0,0
S03,c013,train,frame_000022.jpg,220,22.0,0
S03,c013,train,frame_000023.jpg,230,23.0,0
S03,c013,train,frame_000024.jpg,240,24.0,1
S03,c013,train,frame_000025.jpg,250,25.0,1
S03,c013,train,frame_000026.jpg,260,26.0,1
S03,c013,train,frame_000027.jpg,270,27.0,0
S03,c013,train,frame_000028.jpg,280,28.0,0
S03,c013,train,frame_000029.jpg,290,29.0,0
S03,c013,train,frame_000030.jpg,300,30.0,0
S03,c013,train,frame_000031.jpg,310,31.0,0
S03,c013,train,frame_000032.jpg,320,32.0,0
S03,c013,train,frame_000033.jpg,330,33.0,0
S03,c013,train,frame_000034.jpg,340,34.0,0
S03,c013,train,frame_000035.jpg,350,35.0,0
S03,c013,train,frame_000036.jpg,360,36.0,0
S03,c013,train,frame_000037.jpg,370,37.0,0
S03,c013,train,frame_000038.jpg,380,38.0,0
S03,c013,train,frame_000039.jpg,390,39.0,0
S03,c013,train,frame_000040.jpg,400,40.0,0
S03,c013,train,frame_000041.jpg,410,41.0,0
S03,c013,train,frame_000042.jpg,420,42.0,0
S03,c013,train,frame_000043.jpg,430,43.0,0
S03,c013,train,frame_000044.jpg,440,44.0,0
S03,c013,train,frame_000045.jpg,450,45.0,0
S03,c013,train,frame_000046.jpg,460,46.0,0
S03,c013,train,frame_000047.jpg,470,47.0,0
S03,c013,train,frame_000048.jpg,480,48.0,0
S03,c013,train,frame_000049.jpg,490,49.0,0
S03,c013,train,frame_000050.jpg,500,50.0,0
S03,c013,train,frame_000051.jpg,510,51.0,0
S03,c013,train,frame_000052.jpg,520,52.0,0
S03,c013,train,frame_000053.jpg,530,53.0,0
S03,c013,train,frame_000054.jpg,540,54.0,0
S03,c013,train,frame_000055.jpg,550,55.0,0
S03,c013,train,frame_000056.jpg,560,56.0,0
S03,c013,train,frame_000057.jpg,570,57.0,0
S03,c013,train,frame_000058.jpg,580,58.0,0
S03,c013,train,frame_000059.jpg,590,59.0,0
S03,c013,train,frame_000060.jpg,600,60.0,0
S03,c013,train,frame_000061.jpg,610,61.0,0
S03,c013,train,frame_000062.jpg,620,62.0,0
S03,c013,train,frame_000063.jpg,630,63.0,0
S03,c013,train,frame_000064.jpg,640,64.0,0
S03,c013,train,frame_000065.jpg,650,65.0,0
S03,c013,train,frame_000066.jpg,660,66.0,0
S03,c013,train,frame_000067.jpg,670,67.0,0
S03,c013,train,frame_000068.jpg,680,68.0,0
S03,c013,train,frame_000069.jpg,690,69.0,0
S03,c013,train,frame_000070.jpg,700,70.0,0
S03,c013,train,frame_000071.jpg,710,71.0,0
S03,c013,train,frame_000072.jpg,720,72.0,0
S03,c013,train,frame_000073.jpg,730,73.0,1
S03,c013,train,frame_000074.jpg,740,74.0,1
S03,c013,train,frame_000075.jpg,750,75.0,1
S03,c013,train,frame_000076.jpg,760,76.0,2
S03,c013,train,frame_000077.jpg,770,77.0,2
S03,c013,train,frame_000078.jpg,780,78.0,2
S03,c013,train,frame_000079.jpg,790,79.0,1
S03,c013,train,frame_000080.jpg,800,80.0,2
S03,c013,train,frame_000081.jpg,810,81.0,3
S03,c013,train,frame_000082.jpg,820,82.0,1
S03,c013,train,frame_000083.jpg,830,83.0,1
S03,c013,train,frame_000084.jpg,840,84.0,1
S03,c013,train,frame_000085.jpg,850,85.0,1
S03,c013,train,frame_000086.jpg,860,86.0,0
S03,c013,train,frame_000087.jpg,870,87.0,0
S03,c013,train,frame_000088.jpg,880,88.0,0
S03,c013,train,frame_000089.jpg,890,89.0,0
S03,c013,train,frame_000090.jpg,900,90.0,0
S03,c013,train,frame_000091.jpg,910,91.0,0
S03,c013,train,frame_000092.jpg,920,92.0,0
S03,c013,train,frame_000093.jpg,930,93.0,1
S03,c013,train,frame_000094.jpg,940,94.0,1
S03,c013,train,frame_000095.jpg,950,95.0,1
S03,c013,train,frame_000096.jpg,960,96.0,1
S03,c013,train,frame_000097.jpg,970,97.0,1
S03,c013,train,frame_000098.jpg,980,98.0,1
S03,c013,train,frame_000099.jpg,990,99.0,1
S03,c013,train,frame_000100.jpg,1000,100.0,1
S03,c013,train,frame_000101.jpg,1010,101.0,1
S03,c013,train,frame_000102.jpg,1020,102.0,0
S03,c013,train,frame_000103.jpg,1030,103.0,0
S03,c013,train,frame_000104.jpg,1040,104.0,0
S03,c013,train,frame_000105.jpg,1050,105.0,0
S03,c013,train,frame_000106.jpg,1060,106.0,0
S03,c013,train,frame_000107.jpg,1070,107.0,0
S03,c013,train,frame_000108.jpg,1080,108.0,0
S03,c013,train,frame_000109.jpg,1090,109.0,1
S03,c013,train,frame_000110.jpg,1100,110.0,1
S03,c013,train,frame_000111.jpg,1110,111.0,0
S03,c013,train,frame_000112.jpg,1120,112.0,1
S03,c013,train,frame_000113.jpg,1130,113.0,1
S03,c013,train,frame_000114.jpg,1140,114.0,2
S03,c013,train,frame_000115.jpg,1150,115.0,2
S03,c013,train,frame_000116.jpg,1160,116.0,2
S03,c013,train,frame_000117.jpg,1170,117.0,1
S03,c013,train,frame_000118.jpg,1180,118.0,1
S03,c013,train,frame_000119.jpg,1190,119.0,0
S03,c013,train,frame_000120.jpg,1200,120.0,0
S03,c013,train,frame_000121.jpg,1210,121.0,1
S03,c013,train,frame_000122.jpg,1220,122.0,1
S03,c013,train,frame_000123.jpg,1230,123.0,1
S03,c013,train,frame_000124.jpg,1240,124.0,2
S03,c013,train,frame_000125.jpg,1250,125.0,1
S03,c013,train,frame_000126.jpg,1260,126.0,2
S03,c013,train,frame_000127.jpg,1270,127.0,1
S03,c013,train,frame_000128.jpg,1280,128.0,1
S03,c013,train,frame_000129.jpg,1290,129.0,1
S03,c013,train,frame_000130.jpg,1300,130.0,1
S03,c013,train,frame_000131.jpg,1310,131.0,0
S03,c013,train,frame_000132.jpg,1320,132.0,0
S03,c013,train,frame_000133.jpg,1330,133.0,0
S03,c013,train,frame_000134.jpg,1340,134.0,0
S03,c013,train,frame_000135.jpg,1350,135.0,0
S03,c013,train,frame_000136.jpg,1360,136.0,0
S03,c013,train,frame_000137.jpg,1370,137.0,0
S03,c013,train,frame_000138.jpg,1380,138.0,0
S03,c013,train,frame_000139.jpg,1390,139.0,0
S03,c013,train,frame_000140.jpg,1400,140.0,0
S03,c013,train,frame_000141.jpg,1410,141.0,0
S03,c013,train,frame_000142.jpg,1420,142.0,0
S03,c013,train,frame_000143.jpg,1430,143.0,0
S03,c013,train,frame_000144.jpg,1440,144.0,0
S03,c013,train,frame_000145.jpg,1450,145.0,0
S03,c013,train,frame_000146.jpg,1460,146.0,0
S03,c013,train,frame_000147.jpg,1470,147.0,1
S03,c013,train,frame_000148.jpg,1480,148.0,1
S03,c013,train,frame_000149.jpg,1490,149.0,0
S03,c013,train,frame_000150.jpg,1500,150.0,0
S03,c013,train,frame_000151.jpg,1510,151.0,0
S03,c013,train,frame_000152.jpg,1520,152.0,0
S03,c013,train,frame_000153.jpg,1530,153.0,0
S03,c013,train,frame_000154.jpg,1540,154.0,0
S03,c013,train,frame_000155.jpg,1550,155.0,0
S03,c013,train,frame_000156.jpg,1560,156.0,0
S03,c013,train,frame_000157.jpg,1570,157.0,0
S03,c013,train,frame_000158.jpg,1580,158.0,0
S03,c013,train,frame_000159.jpg,1590,159.0,0
S03,c013,train,frame_000160.jpg,1600,160.0,0
S03,c013,train,frame_000161.jpg,1610,161.0,0
S03,c013,train,frame_000162.jpg,1620,162.0,0
S03,c013,train,frame_000163.jpg,1630,163.0,1
S03,c013,train,frame_000164.jpg,1640,164.0,1
S03,c013,train,frame_000165.jpg,1650,165.0,1
S03,c013,train,frame_000166.jpg,1660,166.0,1
S03,c013,train,frame_000167.jpg,1670,167.0,1
S03,c013,train,frame_000168.jpg,1680,168.0,0
S03,c013,train,frame_000169.jpg,1690,169.0,0
S03,c013,train,frame_000170.jpg,1700,170.0,0
S03,c013,train,frame_000171.jpg,1710,171.0,0
S03,c013,train,frame_000172.jpg,1720,172.0,0
S03,c013,train,frame_000173.jpg,1730,173.0,0
S03,c013,train,frame_000174.jpg,1740,174.0,0
S03,c013,train,frame_000175.jpg,1750,175.0,0
S03,c013,train,frame_000176.jpg,1760,176.0,0
S03,c013,train,frame_000177.jpg,1770,177.0,0
S03,c013,train,frame_000178.jpg,1780,178.0,0
S03,c013,train,frame_000179.jpg,1790,179.0,0
S03,c013,train,frame_000180.jpg,1800,180.0,1
S03,c013,train,frame_000181.jpg,1810,181.0,1
S03,c013,train,frame_000182.jpg,1820,182.0,1
S03,c013,train,frame_000183.jpg,1830,183.0,0
S03,c013,train,frame_000184.jpg,1840,184.0,0
S03,c013,train,frame_000185.jpg,1850,185.0,0
S03,c013,train,frame_000186.jpg,1860,186.0,0
S03,c013,train,frame_000187.jpg,1870,187.0,0
S03,c013,train,frame_000188.jpg,1880,188.0,0
S03,c013,train,frame_000189.jpg,1890,189.0,0
S03,c013,train,frame_000190.jpg,1900,190.0,0
S03,c013,train,frame_000191.jpg,1910,191.0,0
S03,c013,train,frame_000192.jpg,1920,192.0,0
S03,c013,train,frame_000193.jpg,1930,193.0,0
S03,c013,train,frame_000194.jpg,1940,194.0,0
S03,c013,train,frame_000195.jpg,1950,195.0,0
S03,c013,train,frame_000196.jpg,1960,196.0,0
S03,c013,train,frame_000197.jpg,1970,197.0,0
S03,c013,train,frame_000198.jpg,1980,198.0,0
S03,c013,train,frame_000199.jpg,1990,199.0,0
S03,c013,train,frame_000200.jpg,2000,200.0,0
S03,c013,train,frame_000201.jpg,2010,201.0,0
S03,c013,train,frame_000202.jpg,2020,202.0,0
S03,c013,train,frame_000203.jpg,2030,203.0,0
S03,c013,train,frame_000204.jpg,2040,204.0,0
S03,c013,train,frame_000205.jpg,2050,205.0,0
S03,c013,train,frame_000206.jpg,2060,206.0,0
S03,c013,train,frame_000207.jpg,2070,207.0,0
S03,c013,train,frame_000208.jpg,2080,208.0,0
S03,c013,train,frame_000209.jpg,2090,209.0,0
S03,c013,train,frame_000210.jpg,2100,210.0,0
S03,c013,train,frame_000211.jpg,2110,211.0,0
S03,c013,train,frame_000212.jpg,2120,212.0,0
S03,c013,train,frame_000213.jpg,2130,213.0,1
S03,c013,train,frame_000214.jpg,2140,214.0,1
S03,c013,train,frame_000215.jpg,2150,215.0,1
S03,c013,train,frame_000216.jpg,2160,216.0,1
S03,c013,train,frame_000217.jpg,2170,217.0,1
S03,c013,train,frame_000218.jpg,2180,218.0,1
S03,c013,train,frame_000219.jpg,2190,219.0,0
S03,c013,train,frame_000220.jpg,2200,220.0,0
S03,c013,train,frame_000221.jpg,2210,221.0,0
S03,c013,train,frame_000222.jpg,2220,222.0,0
S03,c013,train,frame_000223.jpg,2230,223.0,0
S03,c013,train,frame_000224.jpg,2240,224.0,0
S03,c013,train,frame_000225.jpg,2250,225.0,0
S03,c013,train,frame_000226.jpg,2260,226.0,0
S03,c013,train,frame_000227.jpg,2270,227.0,1
S03,c013,train,frame_000228.jpg,2280,228.0,1
S03,c013,train,frame_000229.jpg,2290,229.0,1
S03,c013,train,frame_000230.jpg,2300,230.0,1
S03,c013,train,frame_000231.jpg,2310,231.0,0
S03,c013,train,frame_000232.jpg,2320,232.0,0
S03,c013,train,frame_000233.jpg,2330,233.0,0
S03,c013,train,frame_000234.jpg,2340,234.0,0
S03,c013,train,frame_000235.jpg,2350,235.0,0
S03,c013,train,frame_000236.jpg,2360,236.0,0
S03,c013,train,frame_000237.jpg,2370,237.0,2
S03,c013,train,frame_000238.jpg,2380,238.0,1
S03,c013,train,frame_000239.jpg,2390,239.0,2
S03,c013,train,frame_000240.jpg,2400,240.0,2
S03,c013,train,frame_000241.jpg,2410,241.0,2
S03,c014,train,frame_000000.jpg,0,0.0,5
S03,c014,train,frame_000001.jpg,10,1.0,4
S03,c014,train,frame_000002.jpg,20,2.0,4
S03,c014,train,frame_000003.jpg,30,3.0,4
S03,c014,train,frame_000004.jpg,40,4.0,4
S03,c014,train,frame_000005.jpg,50,5.0,4
S03,c014,train,frame_000006.jpg,60,6.0,4
S03,c014,train,frame_000007.jpg,70,7.0,4
S03,c014,train,frame_000008.jpg,80,8.0,6
S03,c014,train,frame_000009.jpg,90,9.0,5
S03,c014,train,frame_000010.jpg,100,10.0,5
S03,c014,train,frame_000011.jpg,110,11.0,5
S03,c014,train,frame_000012.jpg,120,12.0,6
S03,c014,train,frame_000013.jpg,130,13.0,6
S03,c014,train,frame_000014.jpg,140,14.0,7
S03,c014,train,frame_000015.jpg,150,15.0,6
S03,c014,train,frame_000016.jpg,160,16.0,6
S03,c014,train,frame_000017.jpg,170,17.0,7
S03,c014,train,frame_000018.jpg,180,18.0,5
S03,c014,train,frame_000019.jpg,190,19.0,7
S03,c014,train,frame_000020.jpg,200,20.0,5
S03,c014,train,frame_000021.jpg,210,21.0,4
S03,c014,train,frame_000022.jpg,220,22.0,4
S03,c014,train,frame_000023.jpg,230,23.0,4
S03,c014,train,frame_000024.jpg,240,24.0,4
S03,c014,train,frame_000025.jpg,250,25.0,4
S03,c014,train,frame_000026.jpg,260,26.0,4
S03,c014,train,frame_000027.jpg,270,27.0,3
S03,c014,train,frame_000028.jpg,280,28.0,3
S03,c014,train,frame_000029.jpg,290,29.0,4
S03,c014,train,frame_000030.jpg,300,30.0,3
S03,c014,train,frame_000031.jpg,310,31.0,4
S03,c014,train,frame_000032.jpg,320,32.0,4
S03,c014,train,frame_000033.jpg,330,33.0,4
S03,c014,train,frame_000034.jpg,340,34.0,3
S03,c014,train,frame_000035.jpg,350,35.0,3
S03,c014,train,frame_000036.jpg,360,36.0,3
S03,c014,train,frame_000037.jpg,370,37.0,4
S03,c014,train,frame_000038.jpg,380,38.0,4
S03,c014,train,frame_000039.jpg,390,39.0,3
S03,c014,train,frame_000040.jpg,400,40.0,3
S03,c014,train,frame_000041.jpg,410,41.0,5
S03,c014,train,frame_000042.jpg,420,42.0,3
S03,c014,train,frame_000043.jpg,430,43.0,4
S03,c014,train,frame_000044.jpg,440,44.0,4
S03,c014,train,frame_000045.jpg,450,45.0,4
S03,c014,train,frame_000046.jpg,460,46.0,4
S03,c014,train,frame_000047.jpg,470,47.0,3
S03,c014,train,frame_000048.jpg,480,48.0,4
S03,c014,train,frame_000049.jpg,490,49.0,5
S03,c014,train,frame_000050.jpg,500,50.0,4
S03,c014,train,frame_000051.jpg,510,51.0,4
S03,c014,train,frame_000052.jpg,520,52.0,4
S03,c014,train,frame_000053.jpg,530,53.0,4
S03,c014,train,frame_000054.jpg,540,54.0,4
S03,c014,train,frame_000055.jpg,550,55.0,3
S03,c014,train,frame_000056.jpg,560,56.0,5
S03,c014,train,frame_000057.jpg,570,57.0,6
S03,c014,train,frame_000058.jpg,580,58.0,4
S03,c014,train,frame_000059.jpg,590,59.0,5
S03,c014,train,frame_000060.jpg,600,60.0,5
S03,c014,train,frame_000061.jpg,610,61.0,6
S03,c014,train,frame_000062.jpg,620,62.0,5
S03,c014,train,frame_000063.jpg,630,63.0,6
S03,c014,train,frame_000064.jpg,640,64.0,5
S03,c014,train,frame_000065.jpg,650,65.0,5
S03,c014,train,frame_000066.jpg,660,66.0,5
S03,c014,train,frame_000067.jpg,670,67.0,6
S03,c014,train,frame_000068.jpg,680,68.0,6
S03,c014,train,frame_000069.jpg,690,69.0,6
S03,c014,train,frame_000070.jpg,700,70.0,5
S03,c014,train,frame_000071.jpg,710,71.0,6
S03,c014,train,frame_000072.jpg,720,72.0,6
S03,c014,train,frame_000073.jpg,730,73.0,4
S03,c014,train,frame_000074.jpg,740,74.0,4
S03,c014,train,frame_000075.jpg,750,75.0,4
S03,c014,train,frame_000076.jpg,760,76.0,4
S03,c014,train,frame_000077.jpg,770,77.0,5
S03,c014,train,frame_000078.jpg,780,78.0,4
S03,c014,train,frame_000079.jpg,790,79.0,4
S03,c014,train,frame_000080.jpg,800,80.0,5
S03,c014,train,frame_000081.jpg,810,81.0,4
S03,c014,train,frame_000082.jpg,820,82.0,5
S03,c014,train,frame_000083.jpg,830,83.0,5
S03,c014,train,frame_000084.jpg,840,84.0,5
S03,c014,train,frame_000085.jpg,850,85.0,6
S03,c014,train,frame_000086.jpg,860,86.0,6
S03,c014,train,frame_000087.jpg,870,87.0,5
S03,c014,train,frame_000088.jpg,880,88.0,5
S03,c014,train,frame_000089.jpg,890,89.0,6
S03,c014,train,frame_000090.jpg,900,90.0,6
S03,c014,train,frame_000091.jpg,910,91.0,5
S03,c014,train,frame_000092.jpg,920,92.0,6
S03,c014,train,frame_000093.jpg,930,93.0,5
S03,c014,train,frame_000094.jpg,940,94.0,6
S03,c014,train,frame_000095.jpg,950,95.0,5
S03,c014,train,frame_000096.jpg,960,96.0,5
S03,c014,train,frame_000097.jpg,970,97.0,5
S03,c014,train,frame_000098.jpg,980,98.0,5
S03,c014,train,frame_000099.jpg,990,99.0,5
S03,c014,train,frame_000100.jpg,1000,100.0,4
S03,c014,train,frame_000101.jpg,1010,101.0,4
S03,c014,train,frame_000102.jpg,1020,102.0,4
S03,c014,train,frame_000103.jpg,1030,103.0,5
S03,c014,train,frame_000104.jpg,1040,104.0,5
S03,c014,train,frame_000105.jpg,1050,105.0,5
S03,c014,train,frame_000106.jpg,1060,106.0,5
S03,c014,train,frame_000107.jpg,1070,107.0,6
S03,c014,train,frame_000108.jpg,1080,108.0,6
S03,c014,train,frame_000109.jpg,1090,109.0,7
S03,c014,train,frame_000110.jpg,1100,110.0,6
S03,c014,train,frame_000111.jpg,1110,111.0,6
S03,c014,train,frame_000112.jpg,1120,112.0,6
S03,c014,train,frame_000113.jpg,1130,113.0,6
S03,c014,train,frame_000114.jpg,1140,114.0,6
S03,c014,train,frame_000115.jpg,1150,115.0,6
S03,c014,train,frame_000116.jpg,1160,116.0,6
S03,c014,train,frame_000117.jpg,1170,117.0,7
S03,c014,train,frame_000118.jpg,1180,118.0,7
S03,c014,train,frame_000119.jpg,1190,119.0,5
S03,c014,train,frame_000120.jpg,1200,120.0,5
S03,c014,train,frame_000121.jpg,1210,121.0,5
S03,c014,train,frame_000122.jpg,1220,122.0,5
S03,c014,train,frame_000123.jpg,1230,123.0,5
S03,c014,train,frame_000124.jpg,1240,124.0,5
S03,c014,train,frame_000125.jpg,1250,125.0,5
S03,c014,train,frame_000126.jpg,1260,126.0,4
S03,c014,train,frame_000127.jpg,1270,127.0,4
S03,c014,train,frame_000128.jpg,1280,128.0,4
S03,c014,train,frame_000129.jpg,1290,129.0,4
S03,c014,train,frame_000130.jpg,1300,130.0,4
S03,c014,train,frame_000131.jpg,1310,131.0,4
S03,c014,train,frame_000132.jpg,1320,132.0,4
S03,c014,train,frame_000133.jpg,1330,133.0,4
S03,c014,train,frame_000134.jpg,1340,134.0,5
S03,c014,train,frame_000135.jpg,1350,135.0,7
S03,c014,train,frame_000136.jpg,1360,136.0,6
S03,c014,train,frame_000137.jpg,1370,137.0,5
S03,c014,train,frame_000138.jpg,1380,138.0,6
S03,c014,train,frame_000139.jpg,1390,139.0,6
S03,c014,train,frame_000140.jpg,1400,140.0,7
S03,c014,train,frame_000141.jpg,1410,141.0,5
S03,c014,train,frame_000142.jpg,1420,142.0,5
S03,c014,train,frame_000143.jpg,1430,143.0,5
S03,c014,train,frame_000144.jpg,1440,144.0,5
S03,c014,train,frame_000145.jpg,1450,145.0,5
S03,c014,train,frame_000146.jpg,1460,146.0,5
S03,c014,train,frame_000147.jpg,1470,147.0,6
S03,c014,train,frame_000148.jpg,1480,148.0,6
S03,c014,train,frame_000149.jpg,1490,149.0,6
S03,c014,train,frame_000150.jpg,1500,150.0,5
S03,c014,train,frame_000151.jpg,1510,151.0,6
S03,c014,train,frame_000152.jpg,1520,152.0,5
S03,c014,train,frame_000153.jpg,1530,153.0,5
S03,c014,train,frame_000154.jpg,1540,154.0,5
S03,c014,train,frame_000155.jpg,1550,155.0,5
S03,c014,train,frame_000156.jpg,1560,156.0,6
S03,c014,train,frame_000157.jpg,1570,157.0,4
S03,c014,train,frame_000158.jpg,1580,158.0,4
S03,c014,train,frame_000159.jpg,1590,159.0,4
S03,c014,train,frame_000160.jpg,1600,160.0,4
S03,c014,train,frame_000161.jpg,1610,161.0,5
S03,c014,train,frame_000162.jpg,1620,162.0,5
S03,c014,train,frame_000163.jpg,1630,163.0,4
S03,c014,train,frame_000164.jpg,1640,164.0,4
S03,c014,train,frame_000165.jpg,1650,165.0,4
S03,c014,train,frame_000166.jpg,1660,166.0,4
S03,c014,train,frame_000167.jpg,1670,167.0,4
S03,c014,train,frame_000168.jpg,1680,168.0,4
S03,c014,train,frame_000169.jpg,1690,169.0,4
S03,c014,train,frame_000170.jpg,1700,170.0,4
S03,c014,train,frame_000171.jpg,1710,171.0,4
S03,c014,train,frame_000172.jpg,1720,172.0,3
S03,c014,train,frame_000173.jpg,1730,173.0,3
S03,c014,train,frame_000174.jpg,1740,174.0,3
S03,c014,train,frame_000175.jpg,1750,175.0,3
S03,c014,train,frame_000176.jpg,1760,176.0,3
S03,c014,train,frame_000177.jpg,1770,177.0,3
S03,c014,train,frame_000178.jpg,1780,178.0,3
S03,c014,train,frame_000179.jpg,1790,179.0,3
S03,c014,train,frame_000180.jpg,1800,180.0,3
S03,c014,train,frame_000181.jpg,1810,181.0,3
S03,c014,train,frame_000182.jpg,1820,182.0,3
S03,c014,train,frame_000183.jpg,1830,183.0,3
S03,c014,train,frame_000184.jpg,1840,184.0,3
S03,c014,train,frame_000185.jpg,1850,185.0,3
S03,c014,train,frame_000186.jpg,1860,186.0,3
S03,c014,train,frame_000187.jpg,1870,187.0,3
S03,c014,train,frame_000188.jpg,1880,188.0,3
S03,c014,train,frame_000189.jpg,1890,189.0,3
S03,c014,train,frame_000190.jpg,1900,190.0,4
S03,c014,train,frame_000191.jpg,1910,191.0,4
S03,c014,train,frame_000192.jpg,1920,192.0,4
S03,c014,train,frame_000193.jpg,1930,193.0,5
S03,c014,train,frame_000194.jpg,1940,194.0,4
S03,c014,train,frame_000195.jpg,1950,195.0,4
S03,c014,train,frame_000196.jpg,1960,196.0,4
S03,c014,train,frame_000197.jpg,1970,197.0,4
S03,c014,train,frame_000198.jpg,1980,198.0,4
S03,c014,train,frame_000199.jpg,1990,199.0,4
S03,c014,train,frame_000200.jpg,2000,200.0,4
S03,c014,train,frame_000201.jpg,2010,201.0,4
S03,c014,train,frame_000202.jpg,2020,202.0,4
S03,c014,train,frame_000203.jpg,2030,203.0,5
S03,c014,train,frame_000204.jpg,2040,204.0,4
S03,c014,train,frame_000205.jpg,2050,205.0,4
S03,c014,train,frame_000206.jpg,2060,206.0,4
S03,c014,train,frame_000207.jpg,2070,207.0,5
S03,c014,train,frame_000208.jpg,2080,208.0,5
S03,c014,train,frame_000209.jpg,2090,209.0,5
S03,c014,train,frame_000210.jpg,2100,210.0,6
S03,c014,train,frame_000211.jpg,2110,211.0,6
S03,c014,train,frame_000212.jpg,2120,212.0,6
S03,c014,train,frame_000213.jpg,2130,213.0,6
S03,c014,train,frame_000214.jpg,2140,214.0,5
S03,c014,train,frame_000215.jpg,2150,215.0,7
S03,c014,train,frame_000216.jpg,2160,216.0,7
S03,c014,train,frame_000217.jpg,2170,217.0,7
S03,c014,train,frame_000218.jpg,2180,218.0,6
S03,c014,train,frame_000219.jpg,2190,219.0,5
S03,c014,train,frame_000220.jpg,2200,220.0,6
S03,c014,train,frame_000221.jpg,2210,221.0,6
S03,c014,train,frame_000222.jpg,2220,222.0,6
S03,c014,train,frame_000223.jpg,2230,223.0,6
S03,c014,train,frame_000224.jpg,2240,224.0,6
S03,c014,train,frame_000225.jpg,2250,225.0,6
S03,c014,train,frame_000226.jpg,2260,226.0,6
S03,c014,train,frame_000227.jpg,2270,227.0,6
S03,c014,train,frame_000228.jpg,2280,228.0,6
S03,c014,train,frame_000229.jpg,2290,229.0,6
S03,c014,train,frame_000230.jpg,2300,230.0,6
S03,c014,train,frame_000231.jpg,2310,231.0,8
S03,c014,train,frame_000232.jpg,2320,232.0,6
S03,c014,train,frame_000233.jpg,2330,233.0,6
S03,c015,train,frame_000000.jpg,0,0.0,2
S03,c015,train,frame_000001.jpg,8,1.0,3
S03,c015,train,frame_000002.jpg,16,2.0,2
S03,c015,train,frame_000003.jpg,24,3.0,3
S03,c015,train,frame_000004.jpg,32,4.0,3
S03,c015,train,frame_000005.jpg,40,5.0,3
S03,c015,train,frame_000006.jpg,48,6.0,2
S03,c015,train,frame_000007.jpg,56,7.0,3
S03,c015,train,frame_000008.jpg,64,8.0,2
S03,c015,train,frame_000009.jpg,72,9.0,2
S03,c015,train,frame_000010.jpg,80,10.0,2
S03,c015,train,frame_000011.jpg,88,11.0,2
S03,c015,train,frame_000012.jpg,96,12.0,2
S03,c015,train,frame_000013.jpg,104,13.0,2
S03,c015,train,frame_000014.jpg,112,14.0,2
S03,c015,train,frame_000015.jpg,120,15.0,3
S03,c015,train,frame_000016.jpg,128,16.0,3
S03,c015,train,frame_000017.jpg,136,17.0,2
S03,c015,train,frame_000018.jpg,144,18.0,2
S03,c015,train,frame_000019.jpg,152,19.0,2
S03,c015,train,frame_000020.jpg,160,20.0,2
S03,c015,train,frame_000021.jpg,168,21.0,2
S03,c015,train,frame_000022.jpg,176,22.0,3
S03,c015,train,frame_000023.jpg,184,23.0,2
S03,c015,train,frame_000024.jpg,192,24.0,3
S03,c015,train,frame_000025.jpg,200,25.0,3
S03,c015,train,frame_000026.jpg,208,26.0,3
S03,c015,train,frame_000027.jpg,216,27.0,2
S03,c015,train,frame_000028.jpg,224,28.0,3
S03,c015,train,frame_000029.jpg,232,29.0,2
S03,c015,train,frame_000030.jpg,240,30.0,3
S03,c015,train,frame_000031.jpg,248,31.0,2
S03,c015,train,frame_000032.jpg,256,32.0,3
S03,c015,train,frame_000033.jpg,264,33.0,2
S03,c015,train,frame_000034.jpg,272,34.0,2
S03,c015,train,frame_000035.jpg,280,35.0,3
S03,c015,train,frame_000036.jpg,288,36.0,3
S03,c015,train,frame_000037.jpg,296,37.0,3
S03,c015,train,frame_000038.jpg,304,38.0,3
S03,c015,train,frame_000039.jpg,312,39.0,2
S03,c015,train,frame_000040.jpg,320,40.0,3
S03,c015,train,frame_000041.jpg,328,41.0,3
S03,c015,train,frame_000042.jpg,336,42.0,4
S03,c015,train,frame_000043.jpg,344,43.0,3
S03,c015,train,frame_000044.jpg,352,44.0,2
S03,c015,train,frame_000045.jpg,360,45.0,2
S03,c015,train,frame_000046.jpg,368,46.0,3
S03,c015,train,frame_000047.jpg,376,47.0,2
S03,c015,train,frame_000048.jpg,384,48.0,1
S03,c015,train,frame_000049.jpg,392,49.0,2
S03,c015,train,frame_000050.jpg,400,50.0,2
S03,c015,train,frame_000051.jpg,408,51.0,1
S03,c015,train,frame_000052.jpg,416,52.0,2
S03,c015,train,frame_000053.jpg,424,53.0,1
S03,c015,train,frame_000054.jpg,432,54.0,1
S03,c015,train,frame_000055.jpg,440,55.0,3
S03,c015,train,frame_000056.jpg,448,56.0,3
S03,c015,train,frame_000057.jpg,456,57.0,3
S03,c015,train,frame_000058.jpg,464,58.0,3
S03,c015,train,frame_000059.jpg,472,59.0,2
S03,c015,train,frame_000060.jpg,480,60.0,3
S03,c015,train,frame_000061.jpg,488,61.0,1
S03,c015,train,frame_000062.jpg,496,62.0,2
S03,c015,train,frame_000063.jpg,504,63.0,1
S03,c015,train,frame_000064.jpg,512,64.0,1
S03,c015,train,frame_000065.jpg,520,65.0,2
S03,c015,train,frame_000066.jpg,528,66.0,0
S03,c015,train,frame_000067.jpg,536,67.0,2
S03,c015,train,frame_000068.jpg,544,68.0,1
S03,c015,train,frame_000069.jpg,552,69.0,2
S03,c015,train,frame_000070.jpg,560,70.0,3
S03,c015,train,frame_000071.jpg,568,71.0,4
S03,c015,train,frame_000072.jpg,576,72.0,3
S03,c015,train,frame_000073.jpg,584,73.0,2
S03,c015,train,frame_000074.jpg,592,74.0,3
S03,c015,train,frame_000075.jpg,600,75.0,3
S03,c015,train,frame_000076.jpg,608,76.0,3
S03,c015,train,frame_000077.jpg,616,77.0,3
S03,c015,train,frame_000078.jpg,624,78.0,2
S03,c015,train,frame_000079.jpg,632,79.0,2
S03,c015,train,frame_000080.jpg,640,80.0,2
S03,c015,train,frame_000081.jpg,648,81.0,2
S03,c015,train,frame_000082.jpg,656,82.0,3
S03,c015,train,frame_000083.jpg,664,83.0,3
S03,c015,train,frame_000084.jpg,672,84.0,4
S03,c015,train,frame_000085.jpg,680,85.0,3
S03,c015,train,frame_000086.jpg,688,86.0,3
S03,c015,train,frame_000087.jpg,696,87.0,3
S03,c015,train,frame_000088.jpg,704,88.0,3
S03,c015,train,frame_000089.jpg,712,89.0,3
S03,c015,train,frame_000090.jpg,720,90.0,4
S03,c015,train,frame_000091.jpg,728,91.0,5
S03,c015,train,frame_000092.jpg,736,92.0,5
S03,c015,train,frame_000093.jpg,744,93.0,4
S03,c015,train,frame_000094.jpg,752,94.0,4
S03,c015,train,frame_000095.jpg,760,95.0,4
S03,c015,train,frame_000096.jpg,768,96.0,3
S03,c015,train,frame_000097.jpg,776,97.0,2
S03,c015,train,frame_000098.jpg,784,98.0,3
S03,c015,train,frame_000099.jpg,792,99.0,3
S03,c015,train,frame_000100.jpg,800,100.0,3
S03,c015,train,frame_000101.jpg,808,101.0,3
S03,c015,train,frame_000102.jpg,816,102.0,3
S03,c015,train,frame_000103.jpg,824,103.0,2
S03,c015,train,frame_000104.jpg,832,104.0,2
S03,c015,train,frame_000105.jpg,840,105.0,2
S03,c015,train,frame_000106.jpg,848,106.0,1
S03,c015,train,frame_000107.jpg,856,107.0,3
S03,c015,train,frame_000108.jpg,864,108.0,1
S03,c015,train,frame_000109.jpg,872,109.0,2
S03,c015,train,frame_000110.jpg,880,110.0,4
S03,c015,train,frame_000111.jpg,888,111.0,3
S03,c015,train,frame_000112.jpg,896,112.0,4
S03,c015,train,frame_000113.jpg,904,113.0,3
S03,c015,train,frame_000114.jpg,912,114.0,3
S03,c015,train,frame_000115.jpg,920,115.0,3
S03,c015,train,frame_000116.jpg,928,116.0,4
S03,c015,train,frame_000117.jpg,936,117.0,4
S03,c015,train,frame_000118.jpg,944,118.0,6
S03,c015,train,frame_000119.jpg,952,119.0,5
S03,c015,train,frame_000120.jpg,960,120.0,4
S03,c015,train,frame_000121.jpg,968,121.0,5
S03,c015,train,frame_000122.jpg,976,122.0,4
S03,c015,train,frame_000123.jpg,984,123.0,4
S03,c015,train,frame_000124.jpg,992,124.0,3
S03,c015,train,frame_000125.jpg,1000,125.0,3
S03,c015,train,frame_000126.jpg,1008,126.0,3
S03,c015,train,frame_000127.jpg,1016,127.0,3
S03,c015,train,frame_000128.jpg,1024,128.0,3
S03,c015,train,frame_000129.jpg,1032,129.0,4
S03,c015,train,frame_000130.jpg,1040,130.0,4
S03,c015,train,frame_000131.jpg,1048,131.0,4
S03,c015,train,frame_000132.jpg,1056,132.0,3
S03,c015,train,frame_000133.jpg,1064,133.0,4
S03,c015,train,frame_000134.jpg,1072,134.0,4
S03,c015,train,frame_000135.jpg,1080,135.0,3
S03,c015,train,frame_000136.jpg,1088,136.0,3
S03,c015,train,frame_000137.jpg,1096,137.0,3
S03,c015,train,frame_000138.jpg,1104,138.0,5
S03,c015,train,frame_000139.jpg,1112,139.0,5
S03,c015,train,frame_000140.jpg,1120,140.0,3
S03,c015,train,frame_000141.jpg,1128,141.0,4
S03,c015,train,frame_000142.jpg,1136,142.0,3
S03,c015,train,frame_000143.jpg,1144,143.0,3
S03,c015,train,frame_000144.jpg,1152,144.0,2
S03,c015,train,frame_000145.jpg,1160,145.0,2
S03,c015,train,frame_000146.jpg,1168,146.0,2
S03,c015,train,frame_000147.jpg,1176,147.0,2
S03,c015,train,frame_000148.jpg,1184,148.0,2
S03,c015,train,frame_000149.jpg,1192,149.0,3
S03,c015,train,frame_000150.jpg,1200,150.0,3
S03,c015,train,frame_000151.jpg,1208,151.0,2
S03,c015,train,frame_000152.jpg,1216,152.0,2
S03,c015,train,frame_000153.jpg,1224,153.0,3
S03,c015,train,frame_000154.jpg,1232,154.0,2
S03,c015,train,frame_000155.jpg,1240,155.0,3
S03,c015,train,frame_000156.jpg,1248,156.0,2
S03,c015,train,frame_000157.jpg,1256,157.0,2
S03,c015,train,frame_000158.jpg,1264,158.0,2
S03,c015,train,frame_000159.jpg,1272,159.0,2
S03,c015,train,frame_000160.jpg,1280,160.0,2
S03,c015,train,frame_000161.jpg,1288,161.0,2
S03,c015,train,frame_000162.jpg,1296,162.0,2
S03,c015,train,frame_000163.jpg,1304,163.0,2
S03,c015,train,frame_000164.jpg,1312,164.0,2
S03,c015,train,frame_000165.jpg,1320,165.0,2
S03,c015,train,frame_000166.jpg,1328,166.0,2
S03,c015,train,frame_000167.jpg,1336,167.0,2
S03,c015,train,frame_000168.jpg,1344,168.0,1
S03,c015,train,frame_000169.jpg,1352,169.0,2
S03,c015,train,frame_000170.jpg,1360,170.0,2
S03,c015,train,frame_000171.jpg,1368,171.0,2
S03,c015,train,frame_000172.jpg,1376,172.0,2
S03,c015,train,frame_000173.jpg,1384,173.0,2
S03,c015,train,frame_000174.jpg,1392,174.0,2
S03,c015,train,frame_000175.jpg,1400,175.0,2
S03,c015,train,frame_000176.jpg,1408,176.0,2
S03,c015,train,frame_000177.jpg,1416,177.0,2
S03,c015,train,frame_000178.jpg,1424,178.0,2
S03,c015,train,frame_000179.jpg,1432,179.0,2
S03,c015,train,frame_000180.jpg,1440,180.0,2
S03,c015,train,frame_000181.jpg,1448,181.0,2
S03,c015,train,frame_000182.jpg,1456,182.0,1
S03,c015,train,frame_000183.jpg,1464,183.0,2
S03,c015,train,frame_000184.jpg,1472,184.0,3
S03,c015,train,frame_000185.jpg,1480,185.0,1
S03,c015,train,frame_000186.jpg,1488,186.0,2
S03,c015,train,frame_000187.jpg,1496,187.0,2
S03,c015,train,frame_000188.jpg,1504,188.0,2
S03,c015,train,frame_000189.jpg,1512,189.0,3
S03,c015,train,frame_000190.jpg,1520,190.0,3
S03,c015,train,frame_000191.jpg,1528,191.0,3
S03,c015,train,frame_000192.jpg,1536,192.0,3
S03,c015,train,frame_000193.jpg,1544,193.0,3
S03,c015,train,frame_000194.jpg,1552,194.0,4
S03,c015,train,frame_000195.jpg,1560,195.0,3
S03,c015,train,frame_000196.jpg,1568,196.0,2
S03,c015,train,frame_000197.jpg,1576,197.0,2
S03,c015,train,frame_000198.jpg,1584,198.0,3
S03,c015,train,frame_000199.jpg,1592,199.0,4
S03,c015,train,frame_000200.jpg,1600,200.0,4
S03,c015,train,frame_000201.jpg,1608,201.0,2
S03,c015,train,frame_000202.jpg,1616,202.0,3
S03,c015,train,frame_000203.jpg,1624,203.0,3
S03,c015,train,frame_000204.jpg,1632,204.0,1
S03,c015,train,frame_000205.jpg,1640,205.0,2
S03,c015,train,frame_000206.jpg,1648,206.0,2
S03,c015,train,frame_000207.jpg,1656,207.0,2
S03,c015,train,frame_000208.jpg,1664,208.0,2
S03,c015,train,frame_000209.jpg,1672,209.0,2
S03,c015,train,frame_000210.jpg,1680,210.0,2
S03,c015,train,frame_000211.jpg,1688,211.0,2
S03,c015,train,frame_000212.jpg,1696,212.0,2
S03,c015,train,frame_000213.jpg,1704,213.0,2
S03,c015,train,frame_000214.jpg,1712,214.0,2
S03,c015,train,frame_000215.jpg,1720,215.0,2
S03,c015,train,frame_000216.jpg,1728,216.0,2
S03,c015,train,frame_000217.jpg,1736,217.0,2
S03,c015,train,frame_000218.jpg,1744,218.0,2
S03,c015,train,frame_000219.jpg,1752,219.0,2
S03,c015,train,frame_000220.jpg,1760,220.0,2
S03,c015,train,frame_000221.jpg,1768,221.0,2
S03,c015,train,frame_000222.jpg,1776,222.0,2
S03,c015,train,frame_000223.jpg,1784,223.0,2
S03,c015,train,frame_000224.jpg,1792,224.0,2
S03,c015,train,frame_000225.jpg,1800,225.0,2
S03,c015,train,frame_000226.jpg,1808,226.0,2
S03,c015,train,frame_000227.jpg,1816,227.0,2
S03,c015,train,frame_000228.jpg,1824,228.0,2
S03,c015,train,frame_000229.jpg,1832,229.0,2
S03,c015,train,frame_000230.jpg,1840,230.0,2
S03,c015,train,frame_000231.jpg,1848,231.0,2
S03,c015,train,frame_000232.jpg,1856,232.0,3
S03,c015,train,frame_000233.jpg,1864,233.0,3
S03,c015,train,frame_000234.jpg,1872,234.0,3
S03,c015,train,frame_000235.jpg,1880,235.0,3
S03,c015,train,frame_000236.jpg,1888,236.0,3
S03,c015,train,frame_000237.jpg,1896,237.0,3
S03,c015,train,frame_000238.jpg,1904,238.0,3
S03,c015,train,frame_000239.jpg,1912,239.0,4
S03,c015,train,frame_000240.jpg,1920,240.0,3
S04,c016,train,frame_000000.jpg,0,0.0,3
S04,c016,train,frame_000001.jpg,10,1.0,2
S04,c016,train,frame_000002.jpg,20,2.0,3
S04,c016,train,frame_000003.jpg,30,3.0,2
S04,c016,train,frame_000004.jpg,40,4.0,2
S04,c016,train,frame_000005.jpg,50,5.0,2
S04,c016,train,frame_000006.jpg,60,6.0,4
S04,c016,train,frame_000007.jpg,70,7.0,2
S04,c016,train,frame_000008.jpg,80,8.0,3
S04,c016,train,frame_000009.jpg,90,9.0,3
S04,c016,train,frame_000010.jpg,100,10.0,3
S04,c016,train,frame_000011.jpg,110,11.0,3
S04,c016,train,frame_000012.jpg,120,12.0,3
S04,c016,train,frame_000013.jpg,130,13.0,4
S04,c016,train,frame_000014.jpg,140,14.0,2
S04,c016,train,frame_000015.jpg,150,15.0,3
S04,c016,train,frame_000016.jpg,160,16.0,2
S04,c016,train,frame_000017.jpg,170,17.0,4
S04,c016,train,frame_000018.jpg,180,18.0,3
S04,c016,train,frame_000019.jpg,190,19.0,5
S04,c016,train,frame_000020.jpg,200,20.0,4
S04,c016,train,frame_000021.jpg,210,21.0,3
S04,c016,train,frame_000022.jpg,220,22.0,2
S04,c016,train,frame_000023.jpg,230,23.0,2
S04,c016,train,frame_000024.jpg,240,24.0,4
S04,c016,train,frame_000025.jpg,250,25.0,2
S04,c016,train,frame_000026.jpg,260,26.0,3
S04,c016,train,frame_000027.jpg,270,27.0,2
S04,c016,train,frame_000028.jpg,280,28.0,3
S04,c016,train,frame_000029.jpg,290,29.0,3
S04,c016,train,frame_000030.jpg,300,30.0,3
S04,c017,train,frame_000000.jpg,0,0.0,2
S04,c017,train,frame_000001.jpg,10,1.0,3
S04,c017,train,frame_000002.jpg,20,2.0,3
S04,c017,train,frame_000003.jpg,30,3.0,2
S04,c017,train,frame_000004.jpg,40,4.0,3
S04,c017,train,frame_000005.jpg,50,5.0,3
S04,c017,train,frame_000006.jpg,60,6.0,3
S04,c017,train,frame_000007.jpg,70,7.0,4
S04,c017,train,frame_000008.jpg,80,8.0,2
S04,c017,train,frame_000009.jpg,90,9.0,4
S04,c017,train,frame_000010.jpg,100,10.0,3
S04,c017,train,frame_000011.jpg,110,11.0,4
S04,c017,train,frame_000012.jpg,120,12.0,5
S04,c017,train,frame_000013.jpg,130,13.0,6
S04,c017,train,frame_000014.jpg,140,14.0,3
S04,c017,train,frame_000015.jpg,150,15.0,5
S04,c017,train,frame_000016.jpg,160,16.0,4
S04,c017,train,frame_000017.jpg,170,17.0,5
S04,c017,train,frame_000018.jpg,180,18.0,6
S04,c017,train,frame_000019.jpg,190,19.0,4
S04,c017,train,frame_000020.jpg,200,20.0,4
S04,c017,train,frame_000021.jpg,210,21.0,4
S04,c017,train,frame_000022.jpg,220,22.0,6
S04,c017,train,frame_000023.jpg,230,23.0,5
S04,c017,train,frame_000024.jpg,240,24.0,3
S04,c017,train,frame_000025.jpg,250,25.0,4
S04,c017,train,frame_000026.jpg,260,26.0,4
S04,c017,train,frame_000027.jpg,270,27.0,3
S04,c017,train,frame_000028.jpg,280,28.0,5
S04,c018,train,frame_000000.jpg,0,0.0,3
S04,c018,train,frame_000001.jpg,10,1.0,3
S04,c018,train,frame_000002.jpg,20,2.0,3
S04,c018,train,frame_000003.jpg,30,3.0,3
S04,c018,train,frame_000004.jpg,40,4.0,3
S04,c018,train,frame_000005.jpg,50,5.0,3
S04,c018,train,frame_000006.jpg,60,6.0,3
S04,c018,train,frame_000007.jpg,70,7.0,3
S04,c018,train,frame_000008.jpg,80,8.0,3
S04,c018,train,frame_000009.jpg,90,9.0,4
S04,c018,train,frame_000010.jpg,100,10.0,2
S04,c018,train,frame_000011.jpg,110,11.0,4
S04,c018,train,frame_000012.jpg,120,12.0,5
S04,c018,train,frame_000013.jpg,130,13.0,3
S04,c018,train,frame_000014.jpg,140,14.0,4
S04,c018,train,frame_000015.jpg,150,15.0,5
S04,c018,train,frame_000016.jpg,160,16.0,3
S04,c018,train,frame_000017.jpg,170,17.0,2
S04,c018,train,frame_000018.jpg,180,18.0,2
S04,c018,train,frame_000019.jpg,190,19.0,3
S04,c018,train,frame_000020.jpg,200,20.0,3
S04,c018,train,frame_000021.jpg,210,21.0,2
S04,c018,train,frame_000022.jpg,220,22.0,3
S04,c018,train,frame_000023.jpg,230,23.0,4
S04,c018,train,frame_000024.jpg,240,24.0,3
S04,c018,train,frame_000025.jpg,250,25.0,3
S04,c018,train,frame_000026.jpg,260,26.0,3
S04,c018,train,frame_000027.jpg,270,27.0,3
S04,c018,train,frame_000028.jpg,280,28.0,4
S04,c018,train,frame_000029.jpg,290,29.0,3
S04,c018,train,frame_000030.jpg,300,30.0,2
S04,c018,train,frame_000031.jpg,310,31.0,4
S04,c018,train,frame_000032.jpg,320,32.0,3
S04,c018,train,frame_000033.jpg,330,33.0,4
S04,c018,train,frame_000034.jpg,340,34.0,3
S04,c018,train,frame_000035.jpg,350,35.0,3
S04,c018,train,frame_000036.jpg,360,36.0,2
S04,c018,train,frame_000037.jpg,370,37.0,2
S04,c018,train,frame_000038.jpg,380,38.0,3
S04,c018,train,frame_000039.jpg,390,39.0,4
S04,c018,train,frame_000040.jpg,400,40.0,3
S04,c018,train,frame_000041.jpg,410,41.0,2
S04,c019,train,frame_000000.jpg,0,0.0,1
S04,c019,train,frame_000001.jpg,10,1.0,1
S04,c019,train,frame_000002.jpg,20,2.0,1
S04,c019,train,frame_000003.jpg,30,3.0,1
S04,c019,train,frame_000004.jpg,40,4.0,1
S04,c019,train,frame_000005.jpg,50,5.0,1
S04,c019,train,frame_000006.jpg,60,6.0,1
S04,c019,train,frame_000007.jpg,70,7.0,0
S04,c019,train,frame_000008.jpg,80,8.0,1
S04,c019,train,frame_000009.jpg,90,9.0,2
S04,c019,train,frame_000010.jpg,100,10.0,2
S04,c019,train,frame_000011.jpg,110,11.0,2
S04,c019,train,frame_000012.jpg,120,12.0,2
S04,c019,train,frame_000013.jpg,130,13.0,3
S04,c019,train,frame_000014.jpg,140,14.0,1
S04,c019,train,frame_000015.jpg,150,15.0,1
S04,c019,train,frame_000016.jpg,160,16.0,2
S04,c019,train,frame_000017.jpg,170,17.0,0
S04,c019,train,frame_000018.jpg,180,18.0,0
S04,c019,train,frame_000019.jpg,190,19.0,2
S04,c019,train,frame_000020.jpg,200,20.0,2
S04,c019,train,frame_000021.jpg,210,21.0,1
S04,c019,train,frame_000022.jpg,220,22.0,2
S04,c019,train,frame_000023.jpg,230,23.0,2
S04,c019,train,frame_000024.jpg,240,24.0,3
S04,c019,train,frame_000025.jpg,250,25.0,2
S04,c019,train,frame_000026.jpg,260,26.0,3
S04,c019,train,frame_000027.jpg,270,27.0,3
S04,c019,train,frame_000028.jpg,280,28.0,2
S04,c019,train,frame_000029.jpg,290,29.0,3
S04,c019,train,frame_000030.jpg,300,30.0,3
S04,c019,train,frame_000031.jpg,310,31.0,3
S04,c019,train,frame_000032.jpg,320,32.0,3
S04,c019,train,frame_000033.jpg,330,33.0,3
S04,c019,train,frame_000034.jpg,340,34.0,1
S04,c019,train,frame_000035.jpg,350,35.0,2
S04,c019,train,frame_000036.jpg,360,36.0,3
S04,c019,train,frame_000037.jpg,370,37.0,2
S04,c019,train,frame_000038.jpg,380,38.0,3
S04,c019,train,frame_000039.jpg,390,39.0,1
S04,c019,train,frame_000040.jpg,400,40.0,2
S04,c019,train,frame_000041.jpg,410,41.0,1
S04,c019,train,frame_000042.jpg,420,42.0,1
S04,c019,train,frame_000043.jpg,430,43.0,1
S04,c019,train,frame_000044.jpg,440,44.0,1
S04,c019,train,frame_000045.jpg,450,45.0,1
S04,c020,train,frame_000000.jpg,0,0.0,3
S04,c020,train,frame_000001.jpg,10,1.0,3
S04,c020,train,frame_000002.jpg,20,2.0,3
S04,c020,train,frame_000003.jpg,30,3.0,3
S04,c020,train,frame_000004.jpg,40,4.0,3
S04,c020,train,frame_000005.jpg,50,5.0,3
S04,c020,train,frame_000006.jpg,60,6.0,3
S04,c020,train,frame_000007.jpg,70,7.0,3
S04,c020,train,frame_000008.jpg,80,8.0,3
S04,c020,train,frame_000009.jpg,90,9.0,4
S04,c020,train,frame_000010.jpg,100,10.0,4
S04,c020,train,frame_000011.jpg,110,11.0,4
S04,c020,train,frame_000012.jpg,120,12.0,4
S04,c020,train,frame_000013.jpg,130,13.0,4
S04,c020,train,frame_000014.jpg,140,14.0,4
S04,c020,train,frame_000015.jpg,150,15.0,3
S04,c020,train,frame_000016.jpg,160,16.0,3
S04,c020,train,frame_000017.jpg,170,17.0,3
S04,c020,train,frame_000018.jpg,180,18.0,4
S04,c020,train,frame_000019.jpg,190,19.0,4
S04,c020,train,frame_000020.jpg,200,20.0,3
S04,c020,train,frame_000021.jpg,210,21.0,4
S04,c020,train,frame_000022.jpg,220,22.0,5
S04,c020,train,frame_000023.jpg,230,23.0,5
S04,c020,train,frame_000024.jpg,240,24.0,6
S04,c020,train,frame_000025.jpg,250,25.0,6
S04,c020,train,frame_000026.jpg,260,26.0,4
S04,c020,train,frame_000027.jpg,270,27.0,3
S04,c020,train,frame_000028.jpg,280,28.0,6
S04,c020,train,frame_000029.jpg,290,29.0,4
S04,c020,train,frame_000030.jpg,300,30.0,5
S04,c020,train,frame_000031.jpg,310,31.0,4
S04,c020,train,frame_000032.jpg,320,32.0,5
S04,c020,train,frame_000033.jpg,330,33.0,3
S04,c020,train,frame_000034.jpg,340,34.0,3
S04,c020,train,frame_000035.jpg,350,35.0,4
S04,c020,train,frame_000036.jpg,360,36.0,4
S04,c020,train,frame_000037.jpg,370,37.0,4
S04,c020,train,frame_000038.jpg,380,38.0,3
S04,c020,train,frame_000039.jpg,390,39.0,4
S04,c020,train,frame_000040.jpg,400,40.0,3
S04,c020,train,frame_000041.jpg,410,41.0,5
S04,c020,train,frame_000042.jpg,420,42.0,5
S04,c020,train,frame_000043.jpg,430,43.0,4
S04,c020,train,frame_000044.jpg,440,44.0,4
S04,c020,train,frame_000045.jpg,450,45.0,3
S04,c020,train,frame_000046.jpg,460,46.0,4
S04,c020,train,frame_000047.jpg,470,47.0,4
S04,c021,train,frame_000000.jpg,0,0.0,8
S04,c021,train,frame_000001.jpg,10,1.0,8
S04,c021,train,frame_000002.jpg,20,2.0,8
S04,c021,train,frame_000003.jpg,30,3.0,9
S04,c021,train,frame_000004.jpg,40,4.0,8
S04,c021,train,frame_000005.jpg,50,5.0,9
S04,c021,train,frame_000006.jpg,60,6.0,9
S04,c021,train,frame_000007.jpg,70,7.0,11
S04,c021,train,frame_000008.jpg,80,8.0,12
S04,c021,train,frame_000009.jpg,90,9.0,9
S04,c021,train,frame_000010.jpg,100,10.0,8
S04,c021,train,frame_000011.jpg,110,11.0,9
S04,c021,train,frame_000012.jpg,120,12.0,11
S04,c021,train,frame_000013.jpg,130,13.0,10
S04,c021,train,frame_000014.jpg,140,14.0,10
S04,c021,train,frame_000015.jpg,150,15.0,8
S04,c021,train,frame_000016.jpg,160,16.0,9
S04,c021,train,frame_000017.jpg,170,17.0,8
S04,c021,train,frame_000018.jpg,180,18.0,10
S04,c021,train,frame_000019.jpg,190,19.0,9
S04,c021,train,frame_000020.jpg,200,20.0,9
S04,c021,train,frame_000021.jpg,210,21.0,7
S04,c021,train,frame_000022.jpg,220,22.0,8
S04,c021,train,frame_000023.jpg,230,23.0,8
S04,c021,train,frame_000024.jpg,240,24.0,8
S04,c021,train,frame_000025.jpg,250,25.0,9
S04,c021,train,frame_000026.jpg,260,26.0,8
S04,c021,train,frame_000027.jpg,270,27.0,8
S04,c021,train,frame_000028.jpg,280,28.0,10
S04,c021,train,frame_000029.jpg,290,29.0,10
S04,c021,train,frame_000030.jpg,300,30.0,10
S04,c022,train,frame_000000.jpg,0,0.0,4
S04,c022,train,frame_000001.jpg,10,1.0,4
S04,c022,train,frame_000002.jpg,20,2.0,3
S04,c022,train,frame_000003.jpg,30,3.0,5
S04,c022,train,frame_000004.jpg,40,4.0,4
S04,c022,train,frame_000005.jpg,50,5.0,5
S04,c022,train,frame_000006.jpg,60,6.0,5
S04,c022,train,frame_000007.jpg,70,7.0,5
S04,c022,train,frame_000008.jpg,80,8.0,4
S04,c022,train,frame_000009.jpg,90,9.0,5
S04,c022,train,frame_000010.jpg,100,10.0,5
S04,c022,train,frame_000011.jpg,110,11.0,6
S04,c022,train,frame_000012.jpg,120,12.0,6
S04,c022,train,frame_000013.jpg,130,13.0,7
S04,c022,train,frame_000014.jpg,140,14.0,6
S04,c022,train,frame_000015.jpg,150,15.0,5
S04,c022,train,frame_000016.jpg,160,16.0,6
S04,c022,train,frame_000017.jpg,170,17.0,6
S04,c022,train,frame_000018.jpg,180,18.0,7
S04,c022,train,frame_000019.jpg,190,19.0,8
S04,c022,train,frame_000020.jpg,200,20.0,5
S04,c022,train,frame_000021.jpg,210,21.0,9
S04,c022,train,frame_000022.jpg,220,22.0,5
S04,c022,train,frame_000023.jpg,230,23.0,8
S04,c022,train,frame_000024.jpg,240,24.0,6
S04,c022,train,frame_000025.jpg,250,25.0,8
S04,c022,train,frame_000026.jpg,260,26.0,5
S04,c022,train,frame_000027.jpg,270,27.0,8
S04,c022,train,frame_000028.jpg,280,28.0,6
S04,c022,train,frame_000029.jpg,290,29.0,7
S04,c022,train,frame_000030.jpg,300,30.0,7
S04,c023,train,frame_000000.jpg,0,0.0,2
S04,c023,train,frame_000001.jpg,10,1.0,2
S04,c023,train,frame_000002.jpg,20,2.0,2
S04,c023,train,frame_000003.jpg,30,3.0,2
S04,c023,train,frame_000004.jpg,40,4.0,2
S04,c023,train,frame_000005.jpg,50,5.0,2
S04,c023,train,frame_000006.jpg,60,6.0,3
S04,c023,train,frame_000007.jpg,70,7.0,3
S04,c023,train,frame_000008.jpg,80,8.0,3
S04,c023,train,frame_000009.jpg,90,9.0,3
S04,c023,train,frame_000010.jpg,100,10.0,2
S04,c023,train,frame_000011.jpg,110,11.0,2
S04,c023,train,frame_000012.jpg,120,12.0,2
S04,c023,train,frame_000013.jpg,130,13.0,2
S04,c023,train,frame_000014.jpg,140,14.0,3
S04,c023,train,frame_000015.jpg,150,15.0,3
S04,c023,train,frame_000016.jpg,160,16.0,3
S04,c023,train,frame_000017.jpg,170,17.0,2
S04,c023,train,frame_000018.jpg,180,18.0,2
S04,c023,train,frame_000019.jpg,190,19.0,2
S04,c023,train,frame_000020.jpg,200,20.0,3
S04,c023,train,frame_000021.jpg,210,21.0,3
S04,c023,train,frame_000022.jpg,220,22.0,3
S04,c023,train,frame_000023.jpg,230,23.0,2
S04,c023,train,frame_000024.jpg,240,24.0,2
S04,c023,train,frame_000025.jpg,250,25.0,3
S04,c023,train,frame_000026.jpg,260,26.0,3
S04,c023,train,frame_000027.jpg,270,27.0,2
S04,c023,train,frame_000028.jpg,280,28.0,4
S04,c023,train,frame_000029.jpg,290,29.0,2
S04,c023,train,frame_000030.jpg,300,30.0,3
S04,c023,train,frame_000031.jpg,310,31.0,3
S04,c023,train,frame_000032.jpg,320,32.0,3
S04,c023,train,frame_000033.jpg,330,33.0,3
S04,c023,train,frame_000034.jpg,340,34.0,3
S04,c023,train,frame_000035.jpg,350,35.0,3
S04,c023,train,frame_000036.jpg,360,36.0,2
S04,c023,train,frame_000037.jpg,370,37.0,3
S04,c023,train,frame_000038.jpg,380,38.0,4
S04,c023,train,frame_000039.jpg,390,39.0,3
S04,c023,train,frame_000040.jpg,400,40.0,2
S04,c023,train,frame_000041.jpg,410,41.0,2
S04,c023,train,frame_000042.jpg,420,42.0,3
S04,c023,train,frame_000043.jpg,430,43.0,2
S04,c023,train,frame_000044.jpg,440,44.0,2
S04,c023,train,frame_000045.jpg,450,45.0,2
S04,c023,train,frame_000046.jpg,460,46.0,2
S04,c023,train,frame_000047.jpg,470,47.0,2
S04,c023,train,frame_000048.jpg,480,48.0,4
S04,c023,train,frame_000049.jpg,490,49.0,2
S04,c023,train,frame_000050.jpg,500,50.0,2
S04,c023,train,frame_000051.jpg,510,51.0,3
S04,c023,train,frame_000052.jpg,520,52.0,3
S04,c023,train,frame_000053.jpg,530,53.0,3
S04,c023,train,frame_000054.jpg,540,54.0,3
S04,c023,train,frame_000055.jpg,550,55.0,2
S04,c023,train,frame_000056.jpg,560,56.0,2
S04,c023,train,frame_000057.jpg,570,57.0,2
S04,c023,train,frame_000058.jpg,580,58.0,2
S04,c023,train,frame_000059.jpg,590,59.0,2
S04,c023,train,frame_000060.jpg,600,60.0,2
S04,c024,train,frame_000000.jpg,0,0.0,0
S04,c024,train,frame_000001.jpg,10,1.0,0
S04,c024,train,frame_000002.jpg,20,2.0,0
S04,c024,train,frame_000003.jpg,30,3.0,0
S04,c024,train,frame_000004.jpg,40,4.0,0
S04,c024,train,frame_000005.jpg,50,5.0,0
S04,c024,train,frame_000006.jpg,60,6.0,0
S04,c024,train,frame_000007.jpg,70,7.0,0
S04,c024,train,frame_000008.jpg,80,8.0,1
S04,c024,train,frame_000009.jpg,90,9.0,0
S04,c024,train,frame_000010.jpg,100,10.0,0
S04,c024,train,frame_000011.jpg,110,11.0,0
S04,c024,train,frame_000012.jpg,120,12.0,0
S04,c024,train,frame_000013.jpg,130,13.0,0
S04,c024,train,frame_000014.jpg,140,14.0,0
S04,c024,train,frame_000015.jpg,150,15.0,0
S04,c024,train,frame_000016.jpg,160,16.0,0
S04,c024,train,frame_000017.jpg,170,17.0,0
S04,c024,train,frame_000018.jpg,180,18.0,0
S04,c024,train,frame_000019.jpg,190,19.0,0
S04,c024,train,frame_000020.jpg,200,20.0,0
S04,c024,train,frame_000021.jpg,210,21.0,0
S04,c024,train,frame_000022.jpg,220,22.0,0
S04,c024,train,frame_000023.jpg,230,23.0,0
S04,c024,train,frame_000024.jpg,240,24.0,2
S04,c024,train,frame_000025.jpg,250,25.0,0
S04,c024,train,frame_000026.jpg,260,26.0,0
S04,c024,train,frame_000027.jpg,270,27.0,0
S04,c024,train,frame_000028.jpg,280,28.0,0
S04,c024,train,frame_000029.jpg,290,29.0,0
S04,c024,train,frame_000030.jpg,300,30.0,0
S04,c024,train,frame_000031.jpg,310,31.0,0
S04,c024,train,frame_000032.jpg,320,32.0,0
S04,c024,train,frame_000033.jpg,330,33.0,0
S04,c024,train,frame_000034.jpg,340,34.0,1
S04,c024,train,frame_000035.jpg,350,35.0,0
S04,c024,train,frame_000036.jpg,360,36.0,0
S04,c024,train,frame_000037.jpg,370,37.0,1
S04,c024,train,frame_000038.jpg,380,38.0,1
S04,c024,train,frame_000039.jpg,390,39.0,0
S04,c024,train,frame_000040.jpg,400,40.0,0
S04,c024,train,frame_000041.jpg,410,41.0,0
S04,c024,train,frame_000042.jpg,420,42.0,0
S04,c024,train,frame_000043.jpg,430,43.0,0
S04,c024,train,frame_000044.jpg,440,44.0,0
S04,c024,train,frame_000045.jpg,450,45.0,0
S04,c024,train,frame_000046.jpg,460,46.0,0
S04,c024,train,frame_000047.jpg,470,47.0,0
S04,c024,train,frame_000048.jpg,480,48.0,1
S04,c024,train,frame_000049.jpg,490,49.0,0
S04,c024,train,frame_000050.jpg,500,50.0,1
S04,c024,train,frame_000051.jpg,510,51.0,0
S04,c024,train,frame_000052.jpg,520,52.0,0
S04,c024,train,frame_000053.jpg,530,53.0,0
S04,c024,train,frame_000054.jpg,540,54.0,0
S04,c025,train,frame_000000.jpg,0,0.0,6
S04,c025,train,frame_000001.jpg,10,1.0,3
S04,c025,train,frame_000002.jpg,20,2.0,4
S04,c025,train,frame_000003.jpg,30,3.0,4
S04,c025,train,frame_000004.jpg,40,4.0,5
S04,c025,train,frame_000005.jpg,50,5.0,4
S04,c025,train,frame_000006.jpg,60,6.0,4
S04,c025,train,frame_000007.jpg,70,7.0,5
S04,c025,train,frame_000008.jpg,80,8.0,4
S04,c025,train,frame_000009.jpg,90,9.0,5
S04,c025,train,frame_000010.jpg,100,10.0,5
S04,c025,train,frame_000011.jpg,110,11.0,5
S04,c025,train,frame_000012.jpg,120,12.0,4
S04,c025,train,frame_000013.jpg,130,13.0,5
S04,c025,train,frame_000014.jpg,140,14.0,4
S04,c025,train,frame_000015.jpg,150,15.0,4
S04,c025,train,frame_000016.jpg,160,16.0,4
S04,c025,train,frame_000017.jpg,170,17.0,4
S04,c025,train,frame_000018.jpg,180,18.0,4
S04,c025,train,frame_000019.jpg,190,19.0,4
S04,c025,train,frame_000020.jpg,200,20.0,4
S04,c025,train,frame_000021.jpg,210,21.0,5
S04,c025,train,frame_000022.jpg,220,22.0,6
S04,c025,train,frame_000023.jpg,230,23.0,5
S04,c025,train,frame_000024.jpg,240,24.0,5
S04,c025,train,frame_000025.jpg,250,25.0,5
S04,c025,train,frame_000026.jpg,260,26.0,4
S04,c025,train,frame_000027.jpg,270,27.0,5
S04,c025,train,frame_000028.jpg,280,28.0,4
S04,c025,train,frame_000029.jpg,290,29.0,5
S04,c025,train,frame_000030.jpg,300,30.0,4
S04,c025,train,frame_000031.jpg,310,31.0,5
S04,c025,train,frame_000032.jpg,320,32.0,4
S04,c025,train,frame_000033.jpg,330,33.0,4
S04,c025,train,frame_000034.jpg,340,34.0,3
S04,c025,train,frame_000035.jpg,350,35.0,4
S04,c025,train,frame_000036.jpg,360,36.0,4
S04,c025,train,frame_000037.jpg,370,37.0,3
S04,c025,train,frame_000038.jpg,380,38.0,2
S04,c025,train,frame_000039.jpg,390,39.0,5
S04,c025,train,frame_000040.jpg,400,40.0,5
S04,c025,train,frame_000041.jpg,410,41.0,2
S04,c025,train,frame_000042.jpg,420,42.0,2
S04,c025,train,frame_000043.jpg,430,43.0,3
S04,c025,train,frame_000044.jpg,440,44.0,3
S04,c025,train,frame_000045.jpg,450,45.0,3
S04,c025,train,frame_000046.jpg,460,46.0,3
S04,c025,train,frame_000047.jpg,470,47.0,3
S04,c025,train,frame_000048.jpg,480,48.0,3
S04,c025,train,frame_000049.jpg,490,49.0,4
S04,c025,train,frame_000050.jpg,500,50.0,4
S04,c025,train,frame_000051.jpg,510,51.0,5
S04,c025,train,frame_000052.jpg,520,52.0,5
S04,c025,train,frame_000053.jpg,530,53.0,5
S04,c025,train,frame_000054.jpg,540,54.0,5
S04,c025,train,frame_000055.jpg,550,55.0,5
S04,c026,train,frame_000000.jpg,0,0.0,5
S04,c026,train,frame_000001.jpg,10,1.0,3
S04,c026,train,frame_000002.jpg,20,2.0,4
S04,c026,train,frame_000003.jpg,30,3.0,5
S04,c026,train,frame_000004.jpg,40,4.0,5
S04,c026,train,frame_000005.jpg,50,5.0,2
S04,c026,train,frame_000006.jpg,60,6.0,3
S04,c026,train,frame_000007.jpg,70,7.0,3
S04,c026,train,frame_000008.jpg,80,8.0,5
S04,c026,train,frame_000009.jpg,90,9.0,6
S04,c026,train,frame_000010.jpg,100,10.0,4
S04,c026,train,frame_000011.jpg,110,11.0,6
S04,c026,train,frame_000012.jpg,120,12.0,6
S04,c026,train,frame_000013.jpg,130,13.0,5
S04,c026,train,frame_000014.jpg,140,14.0,3
S04,c026,train,frame_000015.jpg,150,15.0,5
S04,c026,train,frame_000016.jpg,160,16.0,2
S04,c026,train,frame_000017.jpg,170,17.0,6
S04,c026,train,frame_000018.jpg,180,18.0,7
S04,c026,train,frame_000019.jpg,190,19.0,7
S04,c026,train,frame_000020.jpg,200,20.0,4
S04,c026,train,frame_000021.jpg,210,21.0,6
S04,c026,train,frame_000022.jpg,220,22.0,7
S04,c026,train,frame_000023.jpg,230,23.0,7
S04,c026,train,frame_000024.jpg,240,24.0,8
S04,c026,train,frame_000025.jpg,250,25.0,7
S04,c026,train,frame_000026.jpg,260,26.0,7
S04,c026,train,frame_000027.jpg,270,27.0,8
S04,c026,train,frame_000028.jpg,280,28.0,5
S04,c026,train,frame_000029.jpg,290,29.0,7
S04,c026,train,frame_000030.jpg,300,30.0,7
S04,c026,train,frame_000031.jpg,310,31.0,7
S04,c026,train,frame_000032.jpg,320,32.0,7
S04,c026,train,frame_000033.jpg,330,33.0,6
S04,c026,train,frame_000034.jpg,340,34.0,5
S04,c026,train,frame_000035.jpg,350,35.0,8
S04,c026,train,frame_000036.jpg,360,36.0,6
S04,c026,train,frame_000037.jpg,370,37.0,6
S04,c026,train,frame_000038.jpg,380,38.0,8
S04,c026,train,frame_000039.jpg,390,39.0,7
S04,c026,train,frame_000040.jpg,400,40.0,8
S04,c026,train,frame_000041.jpg,410,41.0,8
S04,c026,train,frame_000042.jpg,420,42.0,8
S04,c026,train,frame_000043.jpg,430,43.0,7
S04,c026,train,frame_000044.jpg,440,44.0,8
S04,c026,train,frame_000045.jpg,450,45.0,8
S04,c026,train,frame_000046.jpg,460,46.0,8
S04,c026,train,frame_000047.jpg,470,47.0,8
S04,c026,train,frame_000048.jpg,480,48.0,6
S04,c026,train,frame_000049.jpg,490,49.0,6
S04,c026,train,frame_000050.jpg,500,50.0,6
S04,c026,train,frame_000051.jpg,510,51.0,6
S04,c026,train,frame_000052.jpg,520,52.0,5
S04,c026,train,frame_000053.jpg,530,53.0,6
S04,c026,train,frame_000054.jpg,540,54.0,8
S04,c026,train,frame_000055.jpg,550,55.0,6
S04,c026,train,frame_000056.jpg,560,56.0,7
S04,c026,train,frame_000057.jpg,570,57.0,5
S04,c026,train,frame_000058.jpg,580,58.0,4
S04,c026,train,frame_000059.jpg,590,59.0,4
S04,c026,train,frame_000060.jpg,600,60.0,5
S04,c026,train,frame_000061.jpg,610,61.0,6
S04,c026,train,frame_000062.jpg,620,62.0,2
S04,c026,train,frame_000063.jpg,630,63.0,3
S04,c026,train,frame_000064.jpg,640,64.0,3
S04,c026,train,frame_000065.jpg,650,65.0,4
S04,c026,train,frame_000066.jpg,660,66.0,4
S04,c026,train,frame_000067.jpg,670,67.0,3
S04,c026,train,frame_000068.jpg,680,68.0,3
S04,c026,train,frame_000069.jpg,690,69.0,4
S04,c026,train,frame_000070.jpg,700,70.0,6
S04,c027,train,frame_000000.jpg,0,0.0,6
S04,c027,train,frame_000001.jpg,10,1.0,7
S04,c027,train,frame_000002.jpg,20,2.0,7
S04,c027,train,frame_000003.jpg,30,3.0,8
S04,c027,train,frame_000004.jpg,40,4.0,6
S04,c027,train,frame_000005.jpg,50,5.0,7
S04,c027,train,frame_000006.jpg,60,6.0,5
S04,c027,train,frame_000007.jpg,70,7.0,8
S04,c027,train,frame_000008.jpg,80,8.0,6
S04,c027,train,frame_000009.jpg,90,9.0,6
S04,c027,train,frame_000010.jpg,100,10.0,6
S04,c027,train,frame_000011.jpg,110,11.0,7
S04,c027,train,frame_000012.jpg,120,12.0,8
S04,c027,train,frame_000013.jpg,130,13.0,6
S04,c027,train,frame_000014.jpg,140,14.0,9
S04,c027,train,frame_000015.jpg,150,15.0,8
S04,c027,train,frame_000016.jpg,160,16.0,6
S04,c027,train,frame_000017.jpg,170,17.0,9
S04,c027,train,frame_000018.jpg,180,18.0,7
S04,c027,train,frame_000019.jpg,190,19.0,7
S04,c027,train,frame_000020.jpg,200,20.0,7
S04,c027,train,frame_000021.jpg,210,21.0,8
S04,c027,train,frame_000022.jpg,220,22.0,8
S04,c027,train,frame_000023.jpg,230,23.0,9
S04,c027,train,frame_000024.jpg,240,24.0,9
S04,c027,train,frame_000025.jpg,250,25.0,7
S04,c027,train,frame_000026.jpg,260,26.0,6
S04,c027,train,frame_000027.jpg,270,27.0,6
S04,c027,train,frame_000028.jpg,280,28.0,6
S04,c027,train,frame_000029.jpg,290,29.0,7
S04,c027,train,frame_000030.jpg,300,30.0,8
S04,c027,train,frame_000031.jpg,310,31.0,9
S04,c027,train,frame_000032.jpg,320,32.0,8
S04,c027,train,frame_000033.jpg,330,33.0,7
S04,c027,train,frame_000034.jpg,340,34.0,7
S04,c027,train,frame_000035.jpg,350,35.0,8
S04,c027,train,frame_000036.jpg,360,36.0,8
S04,c028,train,frame_000000.jpg,0,0.0,1
S04,c028,train,frame_000001.jpg,10,1.0,1
S04,c028,train,frame_000002.jpg,20,2.0,1
S04,c028,train,frame_000003.jpg,30,3.0,1
S04,c028,train,frame_000004.jpg,40,4.0,1
S04,c028,train,frame_000005.jpg,50,5.0,1
S04,c028,train,frame_000006.jpg,60,6.0,1
S04,c028,train,frame_000007.jpg,70,7.0,1
S04,c028,train,frame_000008.jpg,80,8.0,1
S04,c028,train,frame_000009.jpg,90,9.0,0
S04,c028,train,frame_000010.jpg,100,10.0,0
S04,c028,train,frame_000011.jpg,110,11.0,0
S04,c028,train,frame_000012.jpg,120,12.0,1
S04,c028,train,frame_000013.jpg,130,13.0,0
S04,c028,train,frame_000014.jpg,140,14.0,1
S04,c028,train,frame_000015.jpg,150,15.0,1
S04,c028,train,frame_000016.jpg,160,16.0,1
S04,c028,train,frame_000017.jpg,170,17.0,1
S04,c028,train,frame_000018.jpg,180,18.0,3
S04,c028,train,frame_000019.jpg,190,19.0,2
S04,c028,train,frame_000020.jpg,200,20.0,2
S04,c028,train,frame_000021.jpg,210,21.0,2
S04,c028,train,frame_000022.jpg,220,22.0,2
S04,c028,train,frame_000023.jpg,230,23.0,2
S04,c028,train,frame_000024.jpg,240,24.0,2
S04,c028,train,frame_000025.jpg,250,25.0,2
S04,c029,train,frame_000000.jpg,0,0.0,5
S04,c029,train,frame_000001.jpg,10,1.0,5
S04,c029,train,frame_000002.jpg,20,2.0,6
S04,c029,train,frame_000003.jpg,30,3.0,6
S04,c029,train,frame_000004.jpg,40,4.0,6
S04,c029,train,frame_000005.jpg,50,5.0,6
S04,c029,train,frame_000006.jpg,60,6.0,8
S04,c029,train,frame_000007.jpg,70,7.0,5
S04,c029,train,frame_000008.jpg,80,8.0,8
S04,c029,train,frame_000009.jpg,90,9.0,5
S04,c029,train,frame_000010.jpg,100,10.0,7
S04,c029,train,frame_000011.jpg,110,11.0,7
S04,c029,train,frame_000012.jpg,120,12.0,7
S04,c029,train,frame_000013.jpg,130,13.0,7
S04,c029,train,frame_000014.jpg,140,14.0,7
S04,c029,train,frame_000015.jpg,150,15.0,5
S04,c029,train,frame_000016.jpg,160,16.0,6
S04,c029,train,frame_000017.jpg,170,17.0,6
S04,c029,train,frame_000018.jpg,180,18.0,5
S04,c029,train,frame_000019.jpg,190,19.0,7
S04,c029,train,frame_000020.jpg,200,20.0,6
S04,c029,train,frame_000021.jpg,210,21.0,8
S04,c029,train,frame_000022.jpg,220,22.0,8
S04,c029,train,frame_000023.jpg,230,23.0,4
S04,c029,train,frame_000024.jpg,240,24.0,7
S04,c029,train,frame_000025.jpg,250,25.0,7
S04,c030,train,frame_000000.jpg,0,0.0,4
S04,c030,train,frame_000001.jpg,10,1.0,4
S04,c030,train,frame_000002.jpg,20,2.0,3
S04,c030,train,frame_000003.jpg,30,3.0,6
S04,c030,train,frame_000004.jpg,40,4.0,6
S04,c030,train,frame_000005.jpg,50,5.0,6
S04,c030,train,frame_000006.jpg,60,6.0,5
S04,c030,train,frame_000007.jpg,70,7.0,3
S04,c030,train,frame_000008.jpg,80,8.0,3
S04,c030,train,frame_000009.jpg,90,9.0,4
S04,c030,train,frame_000010.jpg,100,10.0,3
S04,c030,train,frame_000011.jpg,110,11.0,4
S04,c030,train,frame_000012.jpg,120,12.0,5
S04,c030,train,frame_000013.jpg,130,13.0,5
S04,c030,train,frame_000014.jpg,140,14.0,5
S04,c030,train,frame_000015.jpg,150,15.0,4
S04,c030,train,frame_000016.jpg,160,16.0,3
S04,c030,train,frame_000017.jpg,170,17.0,4
S04,c030,train,frame_000018.jpg,180,18.0,3
S04,c030,train,frame_000019.jpg,190,19.0,4
S04,c030,train,frame_000020.jpg,200,20.0,3
S04,c030,train,frame_000021.jpg,210,21.0,5
S04,c030,train,frame_000022.jpg,220,22.0,3
S04,c030,train,frame_000023.jpg,230,23.0,4
S04,c030,train,frame_000024.jpg,240,24.0,5
S04,c030,train,frame_000025.jpg,250,25.0,4
S04,c030,train,frame_000026.jpg,260,26.0,5
S04,c030,train,frame_000027.jpg,270,27.0,6
S04,c030,train,frame_000028.jpg,280,28.0,4
S04,c030,train,frame_000029.jpg,290,29.0,5
S04,c030,train,frame_000030.jpg,300,30.0,5
S04,c030,train,frame_000031.jpg,310,31.0,5
S04,c030,train,frame_000032.jpg,320,32.0,4
S04,c030,train,frame_000033.jpg,330,33.0,4
S04,c030,train,frame_000034.jpg,340,34.0,3
S04,c030,train,frame_000035.jpg,350,35.0,7
S04,c030,train,frame_000036.jpg,360,36.0,6
S04,c030,train,frame_000037.jpg,370,37.0,6
S04,c030,train,frame_000038.jpg,380,38.0,7
S04,c030,train,frame_000039.jpg,390,39.0,5
S04,c030,train,frame_000040.jpg,400,40.0,6
S04,c030,train,frame_000041.jpg,410,41.0,8
S04,c030,train,frame_000042.jpg,420,42.0,7
S04,c030,train,frame_000043.jpg,430,43.0,6
S04,c030,train,frame_000044.jpg,440,44.0,6
S04,c030,train,frame_000045.jpg,450,45.0,8
S04,c030,train,frame_000046.jpg,460,46.0,5
S04,c030,train,frame_000047.jpg,470,47.0,7
S04,c030,train,frame_000048.jpg,480,48.0,7
S04,c030,train,frame_000049.jpg,490,49.0,7
S04,c030,train,frame_000050.jpg,500,50.0,7
S04,c030,train,frame_000051.jpg,510,51.0,5
S04,c030,train,frame_000052.jpg,520,52.0,8
S04,c030,train,frame_000053.jpg,530,53.0,6
S04,c030,train,frame_000054.jpg,540,54.0,5
S04,c030,train,frame_000055.jpg,550,55.0,5
S04,c030,train,frame_000056.jpg,560,56.0,5
S04,c030,train,frame_000057.jpg,570,57.0,4
S04,c030,train,frame_000058.jpg,580,58.0,4
S04,c030,train,frame_000059.jpg,590,59.0,4
S04,c030,train,frame_000060.jpg,600,60.0,4
S04,c030,train,frame_000061.jpg,610,61.0,4
S04,c030,train,frame_000062.jpg,620,62.0,4
S04,c030,train,frame_000063.jpg,630,63.0,3
S04,c031,train,frame_000000.jpg,0,0.0,6
S04,c031,train,frame_000001.jpg,10,1.0,5
S04,c031,train,frame_000002.jpg,20,2.0,8
S04,c031,train,frame_000003.jpg,30,3.0,9
S04,c031,train,frame_000004.jpg,40,4.0,9
S04,c031,train,frame_000005.jpg,50,5.0,9
S04,c031,train,frame_000006.jpg,60,6.0,8
S04,c031,train,frame_000007.jpg,70,7.0,10
S04,c031,train,frame_000008.jpg,80,8.0,10
S04,c031,train,frame_000009.jpg,90,9.0,9
S04,c031,train,frame_000010.jpg,100,10.0,9
S04,c031,train,frame_000011.jpg,110,11.0,9
S04,c031,train,frame_000012.jpg,120,12.0,8
S04,c031,train,frame_000013.jpg,130,13.0,8
S04,c031,train,frame_000014.jpg,140,14.0,8
S04,c031,train,frame_000015.jpg,150,15.0,8
S04,c031,train,frame_000016.jpg,160,16.0,11
S04,c031,train,frame_000017.jpg,170,17.0,8
S04,c031,train,frame_000018.jpg,180,18.0,8
S04,c031,train,frame_000019.jpg,190,19.0,8
S04,c031,train,frame_000020.jpg,200,20.0,8
S04,c031,train,frame_000021.jpg,210,21.0,9
S04,c031,train,frame_000022.jpg,220,22.0,9
S04,c031,train,frame_000023.jpg,230,23.0,8
S04,c031,train,frame_000024.jpg,240,24.0,9
S04,c031,train,frame_000025.jpg,250,25.0,7
S04,c031,train,frame_000026.jpg,260,26.0,7
S04,c031,train,frame_000027.jpg,270,27.0,7
S04,c031,train,frame_000028.jpg,280,28.0,9
S04,c031,train,frame_000029.jpg,290,29.0,9
S04,c031,train,frame_000030.jpg,300,30.0,9
S04,c031,train,frame_000031.jpg,310,31.0,9
S04,c031,train,frame_000032.jpg,320,32.0,10
S04,c031,train,frame_000033.jpg,330,33.0,10
S04,c031,train,frame_000034.jpg,340,34.0,9
S04,c031,train,frame_000035.jpg,350,35.0,7
S04,c031,train,frame_000036.jpg,360,36.0,8
S04,c031,train,frame_000037.jpg,370,37.0,8
S04,c031,train,frame_000038.jpg,380,38.0,11
S04,c031,train,frame_000039.jpg,390,39.0,6
S04,c031,train,frame_000040.jpg,400,40.0,8
S04,c031,train,frame_000041.jpg,410,41.0,8
S04,c031,train,frame_000042.jpg,420,42.0,7
S04,c031,train,frame_000043.jpg,430,43.0,7
S04,c031,train,frame_000044.jpg,440,44.0,9
S04,c031,train,frame_000045.jpg,450,45.0,7
S04,c031,train,frame_000046.jpg,460,46.0,10
S04,c031,train,frame_000047.jpg,470,47.0,7
S04,c031,train,frame_000048.jpg,480,48.0,12
S04,c031,train,frame_000049.jpg,490,49.0,8
S04,c031,train,frame_000050.jpg,500,50.0,9
S04,c031,train,frame_000051.jpg,510,51.0,7
S04,c031,train,frame_000052.jpg,520,52.0,8
S04,c031,train,frame_000053.jpg,530,53.0,10
S04,c031,train,frame_000054.jpg,540,54.0,9
S04,c031,train,frame_000055.jpg,550,55.0,6
S04,c031,train,frame_000056.jpg,560,56.0,6
S04,c031,train,frame_000057.jpg,570,57.0,8
S04,c031,train,frame_000058.jpg,580,58.0,7
S04,c031,train,frame_000059.jpg,590,59.0,9
S04,c031,train,frame_000060.jpg,600,60.0,5
S04,c031,train,frame_000061.jpg,610,61.0,9
S04,c031,train,frame_000062.jpg,620,62.0,8
S04,c031,train,frame_000063.jpg,630,63.0,7
S04,c031,train,frame_000064.jpg,640,64.0,8
S04,c031,train,frame_000065.jpg,650,65.0,8
S04,c032,train,frame_000000.jpg,0,0.0,0
S04,c032,train,frame_000001.jpg,10,1.0,0
S04,c032,train,frame_000002.jpg,20,2.0,2
S04,c032,train,frame_000003.jpg,30,3.0,1
S04,c032,train,frame_000004.jpg,40,4.0,1
S04,c032,train,frame_000005.jpg,50,5.0,1
S04,c032,train,frame_000006.jpg,60,6.0,2
S04,c032,train,frame_000007.jpg,70,7.0,2
S04,c032,train,frame_000008.jpg,80,8.0,3
S04,c032,train,frame_000009.jpg,90,9.0,3
S04,c032,train,frame_000010.jpg,100,10.0,2
S04,c032,train,frame_000011.jpg,110,11.0,3
S04,c032,train,frame_000012.jpg,120,12.0,4
S04,c032,train,frame_000013.jpg,130,13.0,2
S04,c032,train,frame_000014.jpg,140,14.0,2
S04,c032,train,frame_000015.jpg,150,15.0,1
S04,c032,train,frame_000016.jpg,160,16.0,2
S04,c032,train,frame_000017.jpg,170,17.0,2
S04,c032,train,frame_000018.jpg,180,18.0,3
S04,c032,train,frame_000019.jpg,190,19.0,4
S04,c032,train,frame_000020.jpg,200,20.0,3
S04,c032,train,frame_000021.jpg,210,21.0,4
S04,c032,train,frame_000022.jpg,220,22.0,2
S04,c032,train,frame_000023.jpg,230,23.0,2
S04,c032,train,frame_000024.jpg,240,24.0,0
S04,c032,train,frame_000025.jpg,250,25.0,0
S04,c032,train,frame_000026.jpg,260,26.0,0
S04,c032,train,frame_000027.jpg,270,27.0,2
S04,c032,train,frame_000028.jpg,280,28.0,3
S04,c032,train,frame_000029.jpg,290,29.0,3
S04,c032,train,frame_000030.jpg,300,30.0,4
S04,c032,train,frame_000031.jpg,310,31.0,2
S04,c032,train,frame_000032.jpg,320,32.0,1
S04,c032,train,frame_000033.jpg,330,33.0,2
S04,c032,train,frame_000034.jpg,340,34.0,4
S04,c032,train,frame_000035.jpg,350,35.0,2
S04,c032,train,frame_000036.jpg,360,36.0,1
S04,c032,train,frame_000037.jpg,370,37.0,3
S04,c032,train,frame_000038.jpg,380,38.0,1
S04,c032,train,frame_000039.jpg,390,39.0,1
S04,c032,train,frame_000040.jpg,400,40.0,2
S04,c032,train,frame_000041.jpg,410,41.0,2
S04,c032,train,frame_000042.jpg,420,42.0,4
S04,c032,train,frame_000043.jpg,430,43.0,2
S04,c032,train,frame_000044.jpg,440,44.0,1
S04,c032,train,frame_000045.jpg,450,45.0,1
S04,c032,train,frame_000046.jpg,460,46.0,2
S04,c032,train,frame_000047.jpg,470,47.0,1
S04,c032,train,frame_000048.jpg,480,48.0,1
S04,c032,train,frame_000049.jpg,490,49.0,1
S04,c032,train,frame_000050.jpg,500,50.0,1
S04,c032,train,frame_000051.jpg,510,51.0,2
S04,c032,train,frame_000052.jpg,520,52.0,2
S04,c032,train,frame_000053.jpg,530,53.0,2
S04,c032,train,frame_000054.jpg,540,54.0,2
S04,c032,train,frame_000055.jpg,550,55.0,2
S04,c032,train,frame_000056.jpg,560,56.0,2
S04,c032,train,frame_000057.jpg,570,57.0,1
S04,c032,train,frame_000058.jpg,580,58.0,1
S04,c032,train,frame_000059.jpg,590,59.0,0
S04,c032,train,frame_000060.jpg,600,60.0,0
S04,c032,train,frame_000061.jpg,610,61.0,1
S04,c032,train,frame_000062.jpg,620,62.0,1
S04,c033,train,frame_000000.jpg,0,0.0,11
S04,c033,train,frame_000001.jpg,10,1.0,14
S04,c033,train,frame_000002.jpg,20,2.0,13
S04,c033,train,frame_000003.jpg,30,3.0,11
S04,c033,train,frame_000004.jpg,40,4.0,12
S04,c033,train,frame_000005.jpg,50,5.0,11
S04,c033,train,frame_000006.jpg,60,6.0,12
S04,c033,train,frame_000007.jpg,70,7.0,10
S04,c033,train,frame_000008.jpg,80,8.0,11
S04,c033,train,frame_000009.jpg,90,9.0,8
S04,c033,train,frame_000010.jpg,100,10.0,10
S04,c033,train,frame_000011.jpg,110,11.0,9
S04,c033,train,frame_000012.jpg,120,12.0,9
S04,c033,train,frame_000013.jpg,130,13.0,10
S04,c033,train,frame_000014.jpg,140,14.0,9
S04,c033,train,frame_000015.jpg,150,15.0,9
S04,c033,train,frame_000016.jpg,160,16.0,7
S04,c033,train,frame_000017.jpg,170,17.0,10
S04,c033,train,frame_000018.jpg,180,18.0,7
S04,c033,train,frame_000019.jpg,190,19.0,6
S04,c033,train,frame_000020.jpg,200,20.0,10
S04,c033,train,frame_000021.jpg,210,21.0,10
S04,c033,train,frame_000022.jpg,220,22.0,12
S04,c033,train,frame_000023.jpg,230,23.0,11
S04,c033,train,frame_000024.jpg,240,24.0,11
S04,c033,train,frame_000025.jpg,250,25.0,8
S04,c033,train,frame_000026.jpg,260,26.0,9
S04,c033,train,frame_000027.jpg,270,27.0,10
S04,c033,train,frame_000028.jpg,280,28.0,10
S04,c033,train,frame_000029.jpg,290,29.0,10
S04,c033,train,frame_000030.jpg,300,30.0,12
S04,c033,train,frame_000031.jpg,310,31.0,13
S04,c033,train,frame_000032.jpg,320,32.0,11
S04,c033,train,frame_000033.jpg,330,33.0,13
S04,c033,train,frame_000034.jpg,340,34.0,11
S04,c034,train,frame_000000.jpg,0,0.0,11
S04,c034,train,frame_000001.jpg,10,1.0,13
S04,c034,train,frame_000002.jpg,20,2.0,13
S04,c034,train,frame_000003.jpg,30,3.0,11
S04,c034,train,frame_000004.jpg,40,4.0,10
S04,c034,train,frame_000005.jpg,50,5.0,9
S04,c034,train,frame_000006.jpg,60,6.0,9
S04,c034,train,frame_000007.jpg,70,7.0,10
S04,c034,train,frame_000008.jpg,80,8.0,10
S04,c034,train,frame_000009.jpg,90,9.0,11
S04,c034,train,frame_000010.jpg,100,10.0,8
S04,c034,train,frame_000011.jpg,110,11.0,9
S04,c034,train,frame_000012.jpg,120,12.0,9
S04,c034,train,frame_000013.jpg,130,13.0,10
S04,c034,train,frame_000014.jpg,140,14.0,8
S04,c034,train,frame_000015.jpg,150,15.0,9
S04,c034,train,frame_000016.jpg,160,16.0,7
S04,c034,train,frame_000017.jpg,170,17.0,8
S04,c034,train,frame_000018.jpg,180,18.0,9
S04,c034,train,frame_000019.jpg,190,19.0,8
S04,c034,train,frame_000020.jpg,200,20.0,7
S04,c034,train,frame_000021.jpg,210,21.0,7
S04,c034,train,frame_000022.jpg,220,22.0,9
S04,c034,train,frame_000023.jpg,230,23.0,8
S04,c034,train,frame_000024.jpg,240,24.0,9
S04,c034,train,frame_000025.jpg,250,25.0,5
S04,c034,train,frame_000026.jpg,260,26.0,6
S04,c034,train,frame_000027.jpg,270,27.0,7
S04,c034,train,frame_000028.jpg,280,28.0,5
S04,c034,train,frame_000029.jpg,290,29.0,7
S04,c034,train,frame_000030.jpg,300,30.0,4
S04,c034,train,frame_000031.jpg,310,31.0,6
S04,c034,train,frame_000032.jpg,320,32.0,5
S04,c034,train,frame_000033.jpg,330,33.0,5
S04,c034,train,frame_000034.jpg,340,34.0,3
S04,c034,train,frame_000035.jpg,350,35.0,6
S04,c034,train,frame_000036.jpg,360,36.0,5
S04,c034,train,frame_000037.jpg,370,37.0,4
S04,c034,train,frame_000038.jpg,380,38.0,5
S04,c034,train,frame_000039.jpg,390,39.0,6
S04,c034,train,frame_000040.jpg,400,40.0,4
S04,c035,train,frame_000000.jpg,0,0.0,1
S04,c035,train,frame_000001.jpg,10,1.0,2
S04,c035,train,frame_000002.jpg,20,2.0,2
S04,c035,train,frame_000003.jpg,30,3.0,1
S04,c035,train,frame_000004.jpg,40,4.0,1
S04,c035,train,frame_000005.jpg,50,5.0,3
S04,c035,train,frame_000006.jpg,60,6.0,4
S04,c035,train,frame_000007.jpg,70,7.0,2
S04,c035,train,frame_000008.jpg,80,8.0,2
S04,c035,train,frame_000009.jpg,90,9.0,2
S04,c035,train,frame_000010.jpg,100,10.0,2
S04,c035,train,frame_000011.jpg,110,11.0,1
S04,c035,train,frame_000012.jpg,120,12.0,1
S04,c035,train,frame_000013.jpg,130,13.0,2
S04,c035,train,frame_000014.jpg,140,14.0,3
S04,c035,train,frame_000015.jpg,150,15.0,4
S04,c035,train,frame_000016.jpg,160,16.0,1
S04,c035,train,frame_000017.jpg,170,17.0,4
S04,c035,train,frame_000018.jpg,180,18.0,4
S04,c035,train,frame_000019.jpg,190,19.0,4
S04,c035,train,frame_000020.jpg,200,20.0,3
S04,c036,train,frame_000000.jpg,0,0.0,5
S04,c036,train,frame_000001.jpg,10,1.0,5
S04,c036,train,frame_000002.jpg,20,2.0,8
S04,c036,train,frame_000003.jpg,30,3.0,8
S04,c036,train,frame_000004.jpg,40,4.0,8
S04,c036,train,frame_000005.jpg,50,5.0,9
S04,c036,train,frame_000006.jpg,60,6.0,10
S04,c036,train,frame_000007.jpg,70,7.0,9
S04,c036,train,frame_000008.jpg,80,8.0,8
S04,c036,train,frame_000009.jpg,90,9.0,9
S04,c036,train,frame_000010.jpg,100,10.0,12
S04,c036,train,frame_000011.jpg,110,11.0,9
S04,c036,train,frame_000012.jpg,120,12.0,14
S04,c036,train,frame_000013.jpg,130,13.0,12
S04,c036,train,frame_000014.jpg,140,14.0,10
S04,c036,train,frame_000015.jpg,150,15.0,9
S04,c036,train,frame_000016.jpg,160,16.0,9
S04,c036,train,frame_000017.jpg,170,17.0,8
S04,c036,train,frame_000018.jpg,180,18.0,8
S04,c036,train,frame_000019.jpg,190,19.0,8
S04,c036,train,frame_000020.jpg,200,20.0,7
S04,c036,train,frame_000021.jpg,210,21.0,5
S04,c036,train,frame_000022.jpg,220,22.0,6
S04,c036,train,frame_000023.jpg,230,23.0,6
S04,c036,train,frame_000024.jpg,240,24.0,6
S04,c036,train,frame_000025.jpg,250,25.0,5
S04,c036,train,frame_000026.jpg,260,26.0,4
S04,c036,train,frame_000027.jpg,270,27.0,6
S04,c036,train,frame_000028.jpg,280,28.0,6
S04,c036,train,frame_000029.jpg,290,29.0,9
S04,c036,train,frame_000030.jpg,300,30.0,7
S04,c036,train,frame_000031.jpg,310,31.0,8
S04,c036,train,frame_000032.jpg,320,32.0,6
S04,c036,train,frame_000033.jpg,330,33.0,6
S04,c036,train,frame_000034.jpg,340,34.0,7
S04,c036,train,frame_000035.jpg,350,35.0,9
S04,c037,train,frame_000000.jpg,0,0.0,4
S04,c037,train,frame_000001.jpg,10,1.0,3
S04,c037,train,frame_000002.jpg,20,2.0,4
S04,c037,train,frame_000003.jpg,30,3.0,4
S04,c037,train,frame_000004.jpg,40,4.0,3
S04,c037,train,frame_000005.jpg,50,5.0,4
S04,c037,train,frame_000006.jpg,60,6.0,3
S04,c037,train,frame_000007.jpg,70,7.0,6
S04,c037,train,frame_000008.jpg,80,8.0,5
S04,c037,train,frame_000009.jpg,90,9.0,5
S04,c037,train,frame_000010.jpg,100,10.0,6
S04,c037,train,frame_000011.jpg,110,11.0,4
S04,c037,train,frame_000012.jpg,120,12.0,4
S04,c037,train,frame_000013.jpg,130,13.0,6
S04,c037,train,frame_000014.jpg,140,14.0,7
S04,c037,train,frame_000015.jpg,150,15.0,8
S04,c037,train,frame_000016.jpg,160,16.0,6
S04,c037,train,frame_000017.jpg,170,17.0,6
S04,c037,train,frame_000018.jpg,180,18.0,6
S04,c037,train,frame_000019.jpg,190,19.0,4
S04,c037,train,frame_000020.jpg,200,20.0,7
S04,c037,train,frame_000021.jpg,210,21.0,7
S04,c037,train,frame_000022.jpg,220,22.0,7
S04,c037,train,frame_000023.jpg,230,23.0,7
S04,c037,train,frame_000024.jpg,240,24.0,5
S04,c037,train,frame_000025.jpg,250,25.0,5
S04,c037,train,frame_000026.jpg,260,26.0,4
S04,c037,train,frame_000027.jpg,270,27.0,4
S04,c037,train,frame_000028.jpg,280,28.0,3
S04,c037,train,frame_000029.jpg,290,29.0,4
S04,c038,train,frame_000000.jpg,0,0.0,3
S04,c038,train,frame_000001.jpg,10,1.0,4
S04,c038,train,frame_000002.jpg,20,2.0,4
S04,c038,train,frame_000003.jpg,30,3.0,5
S04,c038,train,frame_000004.jpg,40,4.0,3
S04,c038,train,frame_000005.jpg,50,5.0,4
S04,c038,train,frame_000006.jpg,60,6.0,5
S04,c038,train,frame_000007.jpg,70,7.0,4
S04,c038,train,frame_000008.jpg,80,8.0,3
S04,c038,train,frame_000009.jpg,90,9.0,3
S04,c038,train,frame_000010.jpg,100,10.0,1
S04,c038,train,frame_000011.jpg,110,11.0,2
S04,c038,train,frame_000012.jpg,120,12.0,3
S04,c038,train,frame_000013.jpg,130,13.0,3
S04,c038,train,frame_000014.jpg,140,14.0,5
S04,c038,train,frame_000015.jpg,150,15.0,5
S04,c038,train,frame_000016.jpg,160,16.0,2
S04,c038,train,frame_000017.jpg,170,17.0,2
S04,c038,train,frame_000018.jpg,180,18.0,5
S04,c038,train,frame_000019.jpg,190,19.0,3
S04,c038,train,frame_000020.jpg,200,20.0,3
S04,c038,train,frame_000021.jpg,210,21.0,2
S04,c038,train,frame_000022.jpg,220,22.0,2
S04,c038,train,frame_000023.jpg,230,23.0,3
S04,c038,train,frame_000024.jpg,240,24.0,0
S04,c038,train,frame_000025.jpg,250,25.0,2
S04,c038,train,frame_000026.jpg,260,26.0,1
S04,c038,train,frame_000027.jpg,270,27.0,2
S04,c038,train,frame_000028.jpg,280,28.0,2
S04,c038,train,frame_000029.jpg,290,29.0,3
S04,c038,train,frame_000030.jpg,300,30.0,2
S04,c038,train,frame_000031.jpg,310,31.0,3
S04,c038,train,frame_000032.jpg,320,32.0,0
S04,c038,train,frame_000033.jpg,330,33.0,1
S04,c038,train,frame_000034.jpg,340,34.0,1
S04,c038,train,frame_000035.jpg,350,35.0,1
S04,c038,train,frame_000036.jpg,360,36.0,0
S04,c038,train,frame_000037.jpg,370,37.0,0
S04,c038,train,frame_000038.jpg,380,38.0,0
S04,c038,train,frame_000039.jpg,390,39.0,0
S04,c038,train,frame_000040.jpg,400,40.0,0
S04,c038,train,frame_000041.jpg,410,41.0,0
S04,c038,train,frame_000042.jpg,420,42.0,0
S04,c038,train,frame_000043.jpg,430,43.0,0
S04,c038,train,frame_000044.jpg,440,44.0,2
S04,c038,train,frame_000045.jpg,450,45.0,3
S04,c039,train,frame_000000.jpg,0,0.0,2
S04,c039,train,frame_000001.jpg,10,1.0,1
S04,c039,train,frame_000002.jpg,20,2.0,2
S04,c039,train,frame_000003.jpg,30,3.0,3
S04,c039,train,frame_000004.jpg,40,4.0,2
S04,c039,train,frame_000005.jpg,50,5.0,3
S04,c039,train,frame_000006.jpg,60,6.0,1
S04,c039,train,frame_000007.jpg,70,7.0,1
S04,c039,train,frame_000008.jpg,80,8.0,1
S04,c039,train,frame_000009.jpg,90,9.0,3
S04,c039,train,frame_000010.jpg,100,10.0,1
S04,c039,train,frame_000011.jpg,110,11.0,2
S04,c039,train,frame_000012.jpg,120,12.0,1
S04,c039,train,frame_000013.jpg,130,13.0,2
S04,c039,train,frame_000014.jpg,140,14.0,1
S04,c039,train,frame_000015.jpg,150,15.0,2
S04,c039,train,frame_000016.jpg,160,16.0,2
S04,c039,train,frame_000017.jpg,170,17.0,3
S04,c039,train,frame_000018.jpg,180,18.0,1
S04,c039,train,frame_000019.jpg,190,19.0,1
S04,c039,train,frame_000020.jpg,200,20.0,2
S04,c039,train,frame_000021.jpg,210,21.0,1
S04,c039,train,frame_000022.jpg,220,22.0,2
S04,c039,train,frame_000023.jpg,230,23.0,2
S04,c039,train,frame_000024.jpg,240,24.0,3
S04,c039,train,frame_000025.jpg,250,25.0,2
S04,c039,train,frame_000026.jpg,260,26.0,2
S04,c039,train,frame_000027.jpg,270,27.0,2
S04,c039,train,frame_000028.jpg,280,28.0,2
S04,c039,train,frame_000029.jpg,290,29.0,2
S04,c039,train,frame_000030.jpg,300,30.0,1
S04,c039,train,frame_000031.jpg,310,31.0,0
S04,c039,train,frame_000032.jpg,320,32.0,0
S04,c039,train,frame_000033.jpg,330,33.0,0
S04,c039,train,frame_000034.jpg,340,34.0,0
S04,c039,train,frame_000035.jpg,350,35.0,0
S04,c039,train,frame_000036.jpg,360,36.0,0
S04,c039,train,frame_000037.jpg,370,37.0,0
S04,c039,train,frame_000038.jpg,380,38.0,0
S04,c039,train,frame_000039.jpg,390,39.0,0
S04,c039,train,frame_000040.jpg,400,40.0,0
S04,c039,train,frame_000041.jpg,410,41.0,0
S04,c039,train,frame_000042.jpg,420,42.0,0
S04,c039,train,frame_000043.jpg,430,43.0,0
S04,c039,train,frame_000044.jpg,440,44.0,0
S04,c039,train,frame_000045.jpg,450,45.0,1
S04,c040,train,frame_000000.jpg,0,0.0,3
S04,c040,train,frame_000001.jpg,10,1.0,3
S04,c040,train,frame_000002.jpg,20,2.0,2
S04,c040,train,frame_000003.jpg,30,3.0,3
S04,c040,train,frame_000004.jpg,40,4.0,3
S04,c040,train,frame_000005.jpg,50,5.0,2
S04,c040,train,frame_000006.jpg,60,6.0,4
S04,c040,train,frame_000007.jpg,70,7.0,5
S04,c040,train,frame_000008.jpg,80,8.0,5
S04,c040,train,frame_000009.jpg,90,9.0,6
S04,c040,train,frame_000010.jpg,100,10.0,6
S04,c040,train,frame_000011.jpg,110,11.0,7
S04,c040,train,frame_000012.jpg,120,12.0,6
S04,c040,train,frame_000013.jpg,130,13.0,6
S04,c040,train,frame_000014.jpg,140,14.0,5
S04,c040,train,frame_000015.jpg,150,15.0,6
S04,c040,train,frame_000016.jpg,160,16.0,5
S04,c040,train,frame_000017.jpg,170,17.0,4
S04,c040,train,frame_000018.jpg,180,18.0,3
S04,c040,train,frame_000019.jpg,190,19.0,3
S04,c040,train,frame_000020.jpg,200,20.0,3
S04,c040,train,frame_000021.jpg,210,21.0,3
S04,c040,train,frame_000022.jpg,220,22.0,3
S04,c040,train,frame_000023.jpg,230,23.0,3
S04,c040,train,frame_000024.jpg,240,24.0,5
S04,c040,train,frame_000025.jpg,250,25.0,5
S04,c040,train,frame_000026.jpg,260,26.0,6
S04,c040,train,frame_000027.jpg,270,27.0,5
S04,c040,train,frame_000028.jpg,280,28.0,5
S04,c040,train,frame_000029.jpg,290,29.0,4
S04,c040,train,frame_000030.jpg,300,30.0,4
S04,c040,train,frame_000031.jpg,310,31.0,3
S04,c040,train,frame_000032.jpg,320,32.0,4
S04,c040,train,frame_000033.jpg,330,33.0,4
S04,c040,train,frame_000034.jpg,340,34.0,3
S04,c040,train,frame_000035.jpg,350,35.0,4
S04,c040,train,frame_000036.jpg,360,36.0,3
S04,c040,train,frame_000037.jpg,370,37.0,4
S04,c040,train,frame_000038.jpg,380,38.0,3
S04,c040,train,frame_000039.jpg,390,39.0,3
S04,c040,train,frame_000040.jpg,400,40.0,3
S04,c040,train,frame_000041.jpg,410,41.0,3
S04,c040,train,frame_000042.jpg,420,42.0,3
S04,c040,train,frame_000043.jpg,430,43.0,4
S04,c040,train,frame_000044.jpg,440,44.0,4
S04,c040,train,frame_000045.jpg,450,45.0,3
S05,c010,test,frame_000000.jpg,0,0.0,6
S05,c010,test,frame_000001.jpg,10,1.0,5
S05,c010,test,frame_000002.jpg,20,2.0,6
S05,c010,test,frame_000003.jpg,30,3.0,6
S05,c010,test,frame_000004.jpg,40,4.0,5
S05,c010,test,frame_000005.jpg,50,5.0,7
S05,c010,test,frame_000006.jpg,60,6.0,6
S05,c010,test,frame_000007.jpg,70,7.0,5
S05,c010,test,frame_000008.jpg,80,8.0,6
S05,c010,test,frame_000009.jpg,90,9.0,8
S05,c010,test,frame_000010.jpg,100,10.0,7
S05,c010,test,frame_000011.jpg,110,11.0,7
S05,c010,test,frame_000012.jpg,120,12.0,7
S05,c010,test,frame_000013.jpg,130,13.0,8
S05,c010,test,frame_000014.jpg,140,14.0,7
S05,c010,test,frame_000015.jpg,150,15.0,8
S05,c010,test,frame_000016.jpg,160,16.0,9
S05,c010,test,frame_000017.jpg,170,17.0,8
S05,c010,test,frame_000018.jpg,180,18.0,8
S05,c010,test,frame_000019.jpg,190,19.0,5
S05,c010,test,frame_000020.jpg,200,20.0,7
S05,c010,test,frame_000021.jpg,210,21.0,5
S05,c010,test,frame_000022.jpg,220,22.0,5
S05,c010,test,frame_000023.jpg,230,23.0,7
S05,c010,test,frame_000024.jpg,240,24.0,6
S05,c010,test,frame_000025.jpg,250,25.0,6
S05,c010,test,frame_000026.jpg,260,26.0,6
S05,c010,test,frame_000027.jpg,270,27.0,5
S05,c010,test,frame_000028.jpg,280,28.0,5
S05,c010,test,frame_000029.jpg,290,29.0,5
S05,c010,test,frame_000030.jpg,300,30.0,5
S05,c010,test,frame_000031.jpg,310,31.0,6
S05,c010,test,frame_000032.jpg,320,32.0,6
S05,c010,test,frame_000033.jpg,330,33.0,7
S05,c010,test,frame_000034.jpg,340,34.0,6
S05,c010,test,frame_000035.jpg,350,35.0,7
S05,c010,test,frame_000036.jpg,360,36.0,7
S05,c010,test,frame_000037.jpg,370,37.0,6
S05,c010,test,frame_000038.jpg,380,38.0,6
S05,c010,test,frame_000039.jpg,390,39.0,5
S05,c010,test,frame_000040.jpg,400,40.0,4
S05,c010,test,frame_000041.jpg,410,41.0,4
S05,c010,test,frame_000042.jpg,420,42.0,5
S05,c010,test,frame_000043.jpg,430,43.0,5
S05,c010,test,frame_000044.jpg,440,44.0,5
S05,c010,test,frame_000045.jpg,450,45.0,3
S05,c010,test,frame_000046.jpg,460,46.0,4
S05,c010,test,frame_000047.jpg,470,47.0,7
S05,c010,test,frame_000048.jpg,480,48.0,6
S05,c010,test,frame_000049.jpg,490,49.0,3
S05,c010,test,frame_000050.jpg,500,50.0,4
S05,c010,test,frame_000051.jpg,510,51.0,4
S05,c010,test,frame_000052.jpg,520,52.0,5
S05,c010,test,frame_000053.jpg,530,53.0,5
S05,c010,test,frame_000054.jpg,540,54.0,5
S05,c010,test,frame_000055.jpg,550,55.0,8
S05,c010,test,frame_000056.jpg,560,56.0,6
S05,c010,test,frame_000057.jpg,570,57.0,6
S05,c010,test,frame_000058.jpg,580,58.0,5
S05,c010,test,frame_000059.jpg,590,59.0,7
S05,c010,test,frame_000060.jpg,600,60.0,6
S05,c010,test,frame_000061.jpg,610,61.0,7
S05,c010,test,frame_000062.jpg,620,62.0,8
S05,c010,test,frame_000063.jpg,630,63.0,6
S05,c010,test,frame_000064.jpg,640,64.0,6
S05,c010,test,frame_000065.jpg,650,65.0,5
S05,c010,test,frame_000066.jpg,660,66.0,4
S05,c010,test,frame_000067.jpg,670,67.0,5
S05,c010,test,frame_000068.jpg,680,68.0,5
S05,c010,test,frame_000069.jpg,690,69.0,5
S05,c010,test,frame_000070.jpg,700,70.0,5
S05,c010,test,frame_000071.jpg,710,71.0,5
S05,c010,test,frame_000072.jpg,720,72.0,5
S05,c010,test,frame_000073.jpg,730,73.0,5
S05,c010,test,frame_000074.jpg,740,74.0,5
S05,c010,test,frame_000075.jpg,750,75.0,4
S05,c010,test,frame_000076.jpg,760,76.0,6
S05,c010,test,frame_000077.jpg,770,77.0,4
S05,c010,test,frame_000078.jpg,780,78.0,5
S05,c010,test,frame_000079.jpg,790,79.0,5
S05,c010,test,frame_000080.jpg,800,80.0,5
S05,c010,test,frame_000081.jpg,810,81.0,5
S05,c010,test,frame_000082.jpg,820,82.0,6
S05,c010,test,frame_000083.jpg,830,83.0,5
S05,c010,test,frame_000084.jpg,840,84.0,5
S05,c010,test,frame_000085.jpg,850,85.0,5
S05,c010,test,frame_000086.jpg,860,86.0,8
S05,c010,test,frame_000087.jpg,870,87.0,6
S05,c010,test,frame_000088.jpg,880,88.0,6
S05,c010,test,frame_000089.jpg,890,89.0,6
S05,c010,test,frame_000090.jpg,900,90.0,5
S05,c010,test,frame_000091.jpg,910,91.0,5
S05,c010,test,frame_000092.jpg,920,92.0,6
S05,c010,test,frame_000093.jpg,930,93.0,6
S05,c010,test,frame_000094.jpg,940,94.0,5
S05,c010,test,frame_000095.jpg,950,95.0,5
S05,c010,test,frame_000096.jpg,960,96.0,5
S05,c010,test,frame_000097.jpg,970,97.0,6
S05,c010,test,frame_000098.jpg,980,98.0,4
S05,c010,test,frame_000099.jpg,990,99.0,4
S05,c010,test,frame_000100.jpg,1000,100.0,4
S05,c010,test,frame_000101.jpg,1010,101.0,4
S05,c010,test,frame_000102.jpg,1020,102.0,5
S05,c010,test,frame_000103.jpg,1030,103.0,5
S05,c010,test,frame_000104.jpg,1040,104.0,4
S05,c010,test,frame_000105.jpg,1050,105.0,5
S05,c010,test,frame_000106.jpg,1060,106.0,4
S05,c010,test,frame_000107.jpg,1070,107.0,4
S05,c010,test,frame_000108.jpg,1080,108.0,5
S05,c010,test,frame_000109.jpg,1090,109.0,5
S05,c010,test,frame_000110.jpg,1100,110.0,5
S05,c010,test,frame_000111.jpg,1110,111.0,4
S05,c010,test,frame_000112.jpg,1120,112.0,4
S05,c010,test,frame_000113.jpg,1130,113.0,5
S05,c010,test,frame_000114.jpg,1140,114.0,6
S05,c010,test,frame_000115.jpg,1150,115.0,5
S05,c010,test,frame_000116.jpg,1160,116.0,5
S05,c010,test,frame_000117.jpg,1170,117.0,5
S05,c010,test,frame_000118.jpg,1180,118.0,5
S05,c010,test,frame_000119.jpg,1190,119.0,5
S05,c010,test,frame_000120.jpg,1200,120.0,5
S05,c010,test,frame_000121.jpg,1210,121.0,6
S05,c010,test,frame_000122.jpg,1220,122.0,5
S05,c010,test,frame_000123.jpg,1230,123.0,5
S05,c010,test,frame_000124.jpg,1240,124.0,5
S05,c010,test,frame_000125.jpg,1250,125.0,5
S05,c010,test,frame_000126.jpg,1260,126.0,6
S05,c010,test,frame_000127.jpg,1270,127.0,6
S05,c010,test,frame_000128.jpg,1280,128.0,5
S05,c010,test,frame_000129.jpg,1290,129.0,6
S05,c010,test,frame_000130.jpg,1300,130.0,7
S05,c010,test,frame_000131.jpg,1310,131.0,6
S05,c010,test,frame_000132.jpg,1320,132.0,6
S05,c010,test,frame_000133.jpg,1330,133.0,7
S05,c010,test,frame_000134.jpg,1340,134.0,6
S05,c010,test,frame_000135.jpg,1350,135.0,7
S05,c010,test,frame_000136.jpg,1360,136.0,5
S05,c010,test,frame_000137.jpg,1370,137.0,5
S05,c010,test,frame_000138.jpg,1380,138.0,4
S05,c010,test,frame_000139.jpg,1390,139.0,4
S05,c010,test,frame_000140.jpg,1400,140.0,4
S05,c010,test,frame_000141.jpg,1410,141.0,4
S05,c010,test,frame_000142.jpg,1420,142.0,5
S05,c010,test,frame_000143.jpg,1430,143.0,5
S05,c010,test,frame_000144.jpg,1440,144.0,4
S05,c010,test,frame_000145.jpg,1450,145.0,5
S05,c010,test,frame_000146.jpg,1460,146.0,5
S05,c010,test,frame_000147.jpg,1470,147.0,5
S05,c010,test,frame_000148.jpg,1480,148.0,5
S05,c010,test,frame_000149.jpg,1490,149.0,4
S05,c010,test,frame_000150.jpg,1500,150.0,5
S05,c010,test,frame_000151.jpg,1510,151.0,5
S05,c010,test,frame_000152.jpg,1520,152.0,5
S05,c010,test,frame_000153.jpg,1530,153.0,6
S05,c010,test,frame_000154.jpg,1540,154.0,6
S05,c010,test,frame_000155.jpg,1550,155.0,6
S05,c010,test,frame_000156.jpg,1560,156.0,6
S05,c010,test,frame_000157.jpg,1570,157.0,7
S05,c010,test,frame_000158.jpg,1580,158.0,7
S05,c010,test,frame_000159.jpg,1590,159.0,7
S05,c010,test,frame_000160.jpg,1600,160.0,7
S05,c010,test,frame_000161.jpg,1610,161.0,7
S05,c010,test,frame_000162.jpg,1620,162.0,7
S05,c010,test,frame_000163.jpg,1630,163.0,7
S05,c010,test,frame_000164.jpg,1640,164.0,8
S05,c010,test,frame_000165.jpg,1650,165.0,8
S05,c010,test,frame_000166.jpg,1660,166.0,8
S05,c010,test,frame_000167.jpg,1670,167.0,8
S05,c010,test,frame_000168.jpg,1680,168.0,9
S05,c010,test,frame_000169.jpg,1690,169.0,6
S05,c010,test,frame_000170.jpg,1700,170.0,7
S05,c010,test,frame_000171.jpg,1710,171.0,6
S05,c010,test,frame_000172.jpg,1720,172.0,5
S05,c010,test,frame_000173.jpg,1730,173.0,5
S05,c010,test,frame_000174.jpg,1740,174.0,5
S05,c010,test,frame_000175.jpg,1750,175.0,5
S05,c010,test,frame_000176.jpg,1760,176.0,5
S05,c010,test,frame_000177.jpg,1770,177.0,6
S05,c010,test,frame_000178.jpg,1780,178.0,6
S05,c010,test,frame_000179.jpg,1790,179.0,7
S05,c010,test,frame_000180.jpg,1800,180.0,7
S05,c010,test,frame_000181.jpg,1810,181.0,7
S05,c010,test,frame_000182.jpg,1820,182.0,7
S05,c010,test,frame_000183.jpg,1830,183.0,5
S05,c010,test,frame_000184.jpg,1840,184.0,6
S05,c010,test,frame_000185.jpg,1850,185.0,5
S05,c010,test,frame_000186.jpg,1860,186.0,5
S05,c010,test,frame_000187.jpg,1870,187.0,6
S05,c010,test,frame_000188.jpg,1880,188.0,5
S05,c010,test,frame_000189.jpg,1890,189.0,5
S05,c010,test,frame_000190.jpg,1900,190.0,4
S05,c010,test,frame_000191.jpg,1910,191.0,5
S05,c010,test,frame_000192.jpg,1920,192.0,4
S05,c010,test,frame_000193.jpg,1930,193.0,5
S05,c010,test,frame_000194.jpg,1940,194.0,5
S05,c010,test,frame_000195.jpg,1950,195.0,4
S05,c010,test,frame_000196.jpg,1960,196.0,6
S05,c010,test,frame_000197.jpg,1970,197.0,4
S05,c010,test,frame_000198.jpg,1980,198.0,5
S05,c010,test,frame_000199.jpg,1990,199.0,5
S05,c010,test,frame_000200.jpg,2000,200.0,4
S05,c010,test,frame_000201.jpg,2010,201.0,5
S05,c010,test,frame_000202.jpg,2020,202.0,5
S05,c010,test,frame_000203.jpg,2030,203.0,4
S05,c010,test,frame_000204.jpg,2040,204.0,4
S05,c010,test,frame_000205.jpg,2050,205.0,6
S05,c010,test,frame_000206.jpg,2060,206.0,6
S05,c010,test,frame_000207.jpg,2070,207.0,6
S05,c010,test,frame_000208.jpg,2080,208.0,4
S05,c010,test,frame_000209.jpg,2090,209.0,5
S05,c010,test,frame_000210.jpg,2100,210.0,6
S05,c010,test,frame_000211.jpg,2110,211.0,6
S05,c010,test,frame_000212.jpg,2120,212.0,7
S05,c010,test,frame_000213.jpg,2130,213.0,7
S05,c010,test,frame_000214.jpg,2140,214.0,8
S05,c010,test,frame_000215.jpg,2150,215.0,8
S05,c010,test,frame_000216.jpg,2160,216.0,7
S05,c010,test,frame_000217.jpg,2170,217.0,8
S05,c010,test,frame_000218.jpg,2180,218.0,8
S05,c010,test,frame_000219.jpg,2190,219.0,7
S05,c010,test,frame_000220.jpg,2200,220.0,7
S05,c010,test,frame_000221.jpg,2210,221.0,7
S05,c010,test,frame_000222.jpg,2220,222.0,5
S05,c010,test,frame_000223.jpg,2230,223.0,6
S05,c010,test,frame_000224.jpg,2240,224.0,5
S05,c010,test,frame_000225.jpg,2250,225.0,6
S05,c010,test,frame_000226.jpg,2260,226.0,6
S05,c010,test,frame_000227.jpg,2270,227.0,4
S05,c010,test,frame_000228.jpg,2280,228.0,4
S05,c010,test,frame_000229.jpg,2290,229.0,7
S05,c010,test,frame_000230.jpg,2300,230.0,4
S05,c010,test,frame_000231.jpg,2310,231.0,5
S05,c010,test,frame_000232.jpg,2320,232.0,5
S05,c010,test,frame_000233.jpg,2330,233.0,6
S05,c010,test,frame_000234.jpg,2340,234.0,5
S05,c010,test,frame_000235.jpg,2350,235.0,6
S05,c010,test,frame_000236.jpg,2360,236.0,5
S05,c010,test,frame_000237.jpg,2370,237.0,4
S05,c010,test,frame_000238.jpg,2380,238.0,4
S05,c010,test,frame_000239.jpg,2390,239.0,6
S05,c010,test,frame_000240.jpg,2400,240.0,4
S05,c010,test,frame_000241.jpg,2410,241.0,5
S05,c010,test,frame_000242.jpg,2420,242.0,6
S05,c010,test,frame_000243.jpg,2430,243.0,4
S05,c010,test,frame_000244.jpg,2440,244.0,4
S05,c010,test,frame_000245.jpg,2450,245.0,5
S05,c010,test,frame_000246.jpg,2460,246.0,6
S05,c010,test,frame_000247.jpg,2470,247.0,5
S05,c010,test,frame_000248.jpg,2480,248.0,5
S05,c010,test,frame_000249.jpg,2490,249.0,6
S05,c010,test,frame_000250.jpg,2500,250.0,5
S05,c010,test,frame_000251.jpg,2510,251.0,5
S05,c010,test,frame_000252.jpg,2520,252.0,6
S05,c010,test,frame_000253.jpg,2530,253.0,5
S05,c010,test,frame_000254.jpg,2540,254.0,6
S05,c010,test,frame_000255.jpg,2550,255.0,6
S05,c010,test,frame_000256.jpg,2560,256.0,7
S05,c010,test,frame_000257.jpg,2570,257.0,7
S05,c010,test,frame_000258.jpg,2580,258.0,7
S05,c010,test,frame_000259.jpg,2590,259.0,6
S05,c010,test,frame_000260.jpg,2600,260.0,8
S05,c010,test,frame_000261.jpg,2610,261.0,7
S05,c010,test,frame_000262.jpg,2620,262.0,7
S05,c010,test,frame_000263.jpg,2630,263.0,6
S05,c010,test,frame_000264.jpg,2640,264.0,6
S05,c010,test,frame_000265.jpg,2650,265.0,6
S05,c010,test,frame_000266.jpg,2660,266.0,6
S05,c010,test,frame_000267.jpg,2670,267.0,6
S05,c010,test,frame_000268.jpg,2680,268.0,5
S05,c010,test,frame_000269.jpg,2690,269.0,7
S05,c010,test,frame_000270.jpg,2700,270.0,6
S05,c010,test,frame_000271.jpg,2710,271.0,6
S05,c010,test,frame_000272.jpg,2720,272.0,5
S05,c010,test,frame_000273.jpg,2730,273.0,6
S05,c010,test,frame_000274.jpg,2740,274.0,5
S05,c010,test,frame_000275.jpg,2750,275.0,5
S05,c010,test,frame_000276.jpg,2760,276.0,5
S05,c010,test,frame_000277.jpg,2770,277.0,6
S05,c010,test,frame_000278.jpg,2780,278.0,7
S05,c010,test,frame_000279.jpg,2790,279.0,5
S05,c010,test,frame_000280.jpg,2800,280.0,5
S05,c010,test,frame_000281.jpg,2810,281.0,6
S05,c010,test,frame_000282.jpg,2820,282.0,4
S05,c010,test,frame_000283.jpg,2830,283.0,6
S05,c010,test,frame_000284.jpg,2840,284.0,5
S05,c010,test,frame_000285.jpg,2850,285.0,5
S05,c010,test,frame_000286.jpg,2860,286.0,3
S05,c010,test,frame_000287.jpg,2870,287.0,3
S05,c010,test,frame_000288.jpg,2880,288.0,4
S05,c010,test,frame_000289.jpg,2890,289.0,3
S05,c010,test,frame_000290.jpg,2900,290.0,3
S05,c010,test,frame_000291.jpg,2910,291.0,2
S05,c010,test,frame_000292.jpg,2920,292.0,6
S05,c010,test,frame_000293.jpg,2930,293.0,5
S05,c010,test,frame_000294.jpg,2940,294.0,5
S05,c010,test,frame_000295.jpg,2950,295.0,4
S05,c010,test,frame_000296.jpg,2960,296.0,2
S05,c010,test,frame_000297.jpg,2970,297.0,4
S05,c010,test,frame_000298.jpg,2980,298.0,4
S05,c010,test,frame_000299.jpg,2990,299.0,4
S05,c010,test,frame_000300.jpg,3000,300.0,4
S05,c010,test,frame_000301.jpg,3010,301.0,4
S05,c010,test,frame_000302.jpg,3020,302.0,5
S05,c010,test,frame_000303.jpg,3030,303.0,3
S05,c010,test,frame_000304.jpg,3040,304.0,6
S05,c010,test,frame_000305.jpg,3050,305.0,4
S05,c010,test,frame_000306.jpg,3060,306.0,3
S05,c010,test,frame_000307.jpg,3070,307.0,5
S05,c010,test,frame_000308.jpg,3080,308.0,5
S05,c010,test,frame_000309.jpg,3090,309.0,4
S05,c010,test,frame_000310.jpg,3100,310.0,6
S05,c010,test,frame_000311.jpg,3110,311.0,5
S05,c010,test,frame_000312.jpg,3120,312.0,5
S05,c010,test,frame_000313.jpg,3130,313.0,5
S05,c010,test,frame_000314.jpg,3140,314.0,4
S05,c010,test,frame_000315.jpg,3150,315.0,6
S05,c010,test,frame_000316.jpg,3160,316.0,6
S05,c010,test,frame_000317.jpg,3170,317.0,6
S05,c010,test,frame_000318.jpg,3180,318.0,6
S05,c010,test,frame_000319.jpg,3190,319.0,5
S05,c010,test,frame_000320.jpg,3200,320.0,4
S05,c010,test,frame_000321.jpg,3210,321.0,5
S05,c010,test,frame_000322.jpg,3220,322.0,5
S05,c010,test,frame_000323.jpg,3230,323.0,7
S05,c010,test,frame_000324.jpg,3240,324.0,7
S05,c010,test,frame_000325.jpg,3250,325.0,6
S05,c010,test,frame_000326.jpg,3260,326.0,7
S05,c010,test,frame_000327.jpg,3270,327.0,6
S05,c010,test,frame_000328.jpg,3280,328.0,6
S05,c010,test,frame_000329.jpg,3290,329.0,6
S05,c010,test,frame_000330.jpg,3300,330.0,5
S05,c010,test,frame_000331.jpg,3310,331.0,8
S05,c010,test,frame_000332.jpg,3320,332.0,5
S05,c010,test,frame_000333.jpg,3330,333.0,6
S05,c010,test,frame_000334.jpg,3340,334.0,7
S05,c010,test,frame_000335.jpg,3350,335.0,7
S05,c010,test,frame_000336.jpg,3360,336.0,5
S05,c010,test,frame_000337.jpg,3370,337.0,4
S05,c010,test,frame_000338.jpg,3380,338.0,5
S05,c010,test,frame_000339.jpg,3390,339.0,7
S05,c010,test,frame_000340.jpg,3400,340.0,5
S05,c010,test,frame_000341.jpg,3410,341.0,4
S05,c010,test,frame_000342.jpg,3420,342.0,5
S05,c010,test,frame_000343.jpg,3430,343.0,3
S05,c010,test,frame_000344.jpg,3440,344.0,2
S05,c010,test,frame_000345.jpg,3450,345.0,3
S05,c010,test,frame_000346.jpg,3460,346.0,2
S05,c010,test,frame_000347.jpg,3470,347.0,3
S05,c010,test,frame_000348.jpg,3480,348.0,3
S05,c010,test,frame_000349.jpg,3490,349.0,3
S05,c010,test,frame_000350.jpg,3500,350.0,3
S05,c010,test,frame_000351.jpg,3510,351.0,3
S05,c010,test,frame_000352.jpg,3520,352.0,4
S05,c010,test,frame_000353.jpg,3530,353.0,5
S05,c010,test,frame_000354.jpg,3540,354.0,4
S05,c010,test,frame_000355.jpg,3550,355.0,3
S05,c010,test,frame_000356.jpg,3560,356.0,4
S05,c010,test,frame_000357.jpg,3570,357.0,4
S05,c010,test,frame_000358.jpg,3580,358.0,2
S05,c010,test,frame_000359.jpg,3590,359.0,4
S05,c010,test,frame_000360.jpg,3600,360.0,3
S05,c010,test,frame_000361.jpg,3610,361.0,3
S05,c010,test,frame_000362.jpg,3620,362.0,4
S05,c010,test,frame_000363.jpg,3630,363.0,4
S05,c010,test,frame_000364.jpg,3640,364.0,3
S05,c010,test,frame_000365.jpg,3650,365.0,4
S05,c010,test,frame_000366.jpg,3660,366.0,3
S05,c010,test,frame_000367.jpg,3670,367.0,3
S05,c010,test,frame_000368.jpg,3680,368.0,3
S05,c010,test,frame_000369.jpg,3690,369.0,3
S05,c010,test,frame_000370.jpg,3700,370.0,5
S05,c010,test,frame_000371.jpg,3710,371.0,4
S05,c010,test,frame_000372.jpg,3720,372.0,3
S05,c010,test,frame_000373.jpg,3730,373.0,2
S05,c010,test,frame_000374.jpg,3740,374.0,3
S05,c010,test,frame_000375.jpg,3750,375.0,4
S05,c010,test,frame_000376.jpg,3760,376.0,4
S05,c010,test,frame_000377.jpg,3770,377.0,4
S05,c010,test,frame_000378.jpg,3780,378.0,2
S05,c010,test,frame_000379.jpg,3790,379.0,3
S05,c010,test,frame_000380.jpg,3800,380.0,4
S05,c010,test,frame_000381.jpg,3810,381.0,4
S05,c010,test,frame_000382.jpg,3820,382.0,4
S05,c010,test,frame_000383.jpg,3830,383.0,4
S05,c010,test,frame_000384.jpg,3840,384.0,5
S05,c010,test,frame_000385.jpg,3850,385.0,6
S05,c010,test,frame_000386.jpg,3860,386.0,6
S05,c010,test,frame_000387.jpg,3870,387.0,5
S05,c010,test,frame_000388.jpg,3880,388.0,6
S05,c010,test,frame_000389.jpg,3890,389.0,6
S05,c010,test,frame_000390.jpg,3900,390.0,6
S05,c010,test,frame_000391.jpg,3910,391.0,6
S05,c010,test,frame_000392.jpg,3920,392.0,5
S05,c010,test,frame_000393.jpg,3930,393.0,6
S05,c010,test,frame_000394.jpg,3940,394.0,6
S05,c010,test,frame_000395.jpg,3950,395.0,6
S05,c010,test,frame_000396.jpg,3960,396.0,4
S05,c010,test,frame_000397.jpg,3970,397.0,6
S05,c010,test,frame_000398.jpg,3980,398.0,6
S05,c010,test,frame_000399.jpg,3990,399.0,7
S05,c010,test,frame_000400.jpg,4000,400.0,6
S05,c010,test,frame_000401.jpg,4010,401.0,5
S05,c010,test,frame_000402.jpg,4020,402.0,5
S05,c010,test,frame_000403.jpg,4030,403.0,6
S05,c010,test,frame_000404.jpg,4040,404.0,7
S05,c010,test,frame_000405.jpg,4050,405.0,6
S05,c010,test,frame_000406.jpg,4060,406.0,5
S05,c010,test,frame_000407.jpg,4070,407.0,6
S05,c016,test,frame_000000.jpg,0,0.0,1
S05,c016,test,frame_000001.jpg,10,1.0,1
S05,c016,test,frame_000002.jpg,20,2.0,1
S05,c016,test,frame_000003.jpg,30,3.0,0
S05,c016,test,frame_000004.jpg,40,4.0,1
S05,c016,test,frame_000005.jpg,50,5.0,1
S05,c016,test,frame_000006.jpg,60,6.0,0
S05,c016,test,frame_000007.jpg,70,7.0,0
S05,c016,test,frame_000008.jpg,80,8.0,1
S05,c016,test,frame_000009.jpg,90,9.0,0
S05,c016,test,frame_000010.jpg,100,10.0,0
S05,c016,test,frame_000011.jpg,110,11.0,2
S05,c016,test,frame_000012.jpg,120,12.0,1
S05,c016,test,frame_000013.jpg,130,13.0,0
S05,c016,test,frame_000014.jpg,140,14.0,0
S05,c016,test,frame_000015.jpg,150,15.0,0
S05,c016,test,frame_000016.jpg,160,16.0,0
S05,c016,test,frame_000017.jpg,170,17.0,0
S05,c016,test,frame_000018.jpg,180,18.0,0
S05,c016,test,frame_000019.jpg,190,19.0,1
S05,c016,test,frame_000020.jpg,200,20.0,0
S05,c016,test,frame_000021.jpg,210,21.0,0
S05,c016,test,frame_000022.jpg,220,22.0,0
S05,c016,test,frame_000023.jpg,230,23.0,0
S05,c016,test,frame_000024.jpg,240,24.0,1
S05,c016,test,frame_000025.jpg,250,25.0,1
S05,c016,test,frame_000026.jpg,260,26.0,2
S05,c016,test,frame_000027.jpg,270,27.0,2
S05,c016,test,frame_000028.jpg,280,28.0,2
S05,c016,test,frame_000029.jpg,290,29.0,2
S05,c016,test,frame_000030.jpg,300,30.0,3
S05,c016,test,frame_000031.jpg,310,31.0,2
S05,c016,test,frame_000032.jpg,320,32.0,1
S05,c016,test,frame_000033.jpg,330,33.0,2
S05,c016,test,frame_000034.jpg,340,34.0,2
S05,c016,test,frame_000035.jpg,350,35.0,1
S05,c016,test,frame_000036.jpg,360,36.0,1
S05,c016,test,frame_000037.jpg,370,37.0,2
S05,c016,test,frame_000038.jpg,380,38.0,0
S05,c016,test,frame_000039.jpg,390,39.0,1
S05,c016,test,frame_000040.jpg,400,40.0,1
S05,c016,test,frame_000041.jpg,410,41.0,1
S05,c016,test,frame_000042.jpg,420,42.0,0
S05,c016,test,frame_000043.jpg,430,43.0,1
S05,c016,test,frame_000044.jpg,440,44.0,2
S05,c016,test,frame_000045.jpg,450,45.0,2
S05,c016,test,frame_000046.jpg,460,46.0,3
S05,c016,test,frame_000047.jpg,470,47.0,3
S05,c016,test,frame_000048.jpg,480,48.0,3
S05,c016,test,frame_000049.jpg,490,49.0,2
S05,c016,test,frame_000050.jpg,500,50.0,2
S05,c016,test,frame_000051.jpg,510,51.0,3
S05,c016,test,frame_000052.jpg,520,52.0,4
S05,c016,test,frame_000053.jpg,530,53.0,4
S05,c016,test,frame_000054.jpg,540,54.0,3
S05,c016,test,frame_000055.jpg,550,55.0,1
S05,c016,test,frame_000056.jpg,560,56.0,3
S05,c016,test,frame_000057.jpg,570,57.0,3
S05,c016,test,frame_000058.jpg,580,58.0,2
S05,c016,test,frame_000059.jpg,590,59.0,3
S05,c016,test,frame_000060.jpg,600,60.0,3
S05,c016,test,frame_000061.jpg,610,61.0,3
S05,c016,test,frame_000062.jpg,620,62.0,3
S05,c016,test,frame_000063.jpg,630,63.0,2
S05,c016,test,frame_000064.jpg,640,64.0,3
S05,c016,test,frame_000065.jpg,650,65.0,4
S05,c016,test,frame_000066.jpg,660,66.0,3
S05,c016,test,frame_000067.jpg,670,67.0,1
S05,c016,test,frame_000068.jpg,680,68.0,2
S05,c016,test,frame_000069.jpg,690,69.0,3
S05,c016,test,frame_000070.jpg,700,70.0,2
S05,c016,test,frame_000071.jpg,710,71.0,3
S05,c016,test,frame_000072.jpg,720,72.0,2
S05,c016,test,frame_000073.jpg,730,73.0,2
S05,c016,test,frame_000074.jpg,740,74.0,3
S05,c016,test,frame_000075.jpg,750,75.0,2
S05,c016,test,frame_000076.jpg,760,76.0,3
S05,c016,test,frame_000077.jpg,770,77.0,2
S05,c016,test,frame_000078.jpg,780,78.0,4
S05,c016,test,frame_000079.jpg,790,79.0,6
S05,c016,test,frame_000080.jpg,800,80.0,4
S05,c016,test,frame_000081.jpg,810,81.0,4
S05,c016,test,frame_000082.jpg,820,82.0,4
S05,c016,test,frame_000083.jpg,830,83.0,4
S05,c016,test,frame_000084.jpg,840,84.0,4
S05,c016,test,frame_000085.jpg,850,85.0,3
S05,c016,test,frame_000086.jpg,860,86.0,3
S05,c016,test,frame_000087.jpg,870,87.0,4
S05,c016,test,frame_000088.jpg,880,88.0,5
S05,c016,test,frame_000089.jpg,890,89.0,4
S05,c016,test,frame_000090.jpg,900,90.0,4
S05,c016,test,frame_000091.jpg,910,91.0,4
S05,c016,test,frame_000092.jpg,920,92.0,3
S05,c016,test,frame_000093.jpg,930,93.0,4
S05,c016,test,frame_000094.jpg,940,94.0,3
S05,c016,test,frame_000095.jpg,950,95.0,2
S05,c016,test,frame_000096.jpg,960,96.0,5
S05,c016,test,frame_000097.jpg,970,97.0,5
S05,c016,test,frame_000098.jpg,980,98.0,3
S05,c016,test,frame_000099.jpg,990,99.0,4
S05,c016,test,frame_000100.jpg,1000,100.0,4
S05,c016,test,frame_000101.jpg,1010,101.0,3
S05,c016,test,frame_000102.jpg,1020,102.0,4
S05,c016,test,frame_000103.jpg,1030,103.0,2
S05,c016,test,frame_000104.jpg,1040,104.0,3
S05,c016,test,frame_000105.jpg,1050,105.0,1
S05,c016,test,frame_000106.jpg,1060,106.0,1
S05,c016,test,frame_000107.jpg,1070,107.0,0
S05,c016,test,frame_000108.jpg,1080,108.0,1
S05,c016,test,frame_000109.jpg,1090,109.0,1
S05,c016,test,frame_000110.jpg,1100,110.0,0
S05,c016,test,frame_000111.jpg,1110,111.0,0
S05,c016,test,frame_000112.jpg,1120,112.0,0
S05,c016,test,frame_000113.jpg,1130,113.0,0
S05,c016,test,frame_000114.jpg,1140,114.0,1
S05,c016,test,frame_000115.jpg,1150,115.0,1
S05,c016,test,frame_000116.jpg,1160,116.0,1
S05,c016,test,frame_000117.jpg,1170,117.0,1
S05,c016,test,frame_000118.jpg,1180,118.0,2
S05,c016,test,frame_000119.jpg,1190,119.0,0
S05,c016,test,frame_000120.jpg,1200,120.0,0
S05,c016,test,frame_000121.jpg,1210,121.0,1
S05,c016,test,frame_000122.jpg,1220,122.0,1
S05,c016,test,frame_000123.jpg,1230,123.0,1
S05,c016,test,frame_000124.jpg,1240,124.0,1
S05,c016,test,frame_000125.jpg,1250,125.0,0
S05,c016,test,frame_000126.jpg,1260,126.0,0
S05,c016,test,frame_000127.jpg,1270,127.0,0
S05,c016,test,frame_000128.jpg,1280,128.0,2
S05,c016,test,frame_000129.jpg,1290,129.0,2
S05,c016,test,frame_000130.jpg,1300,130.0,1
S05,c016,test,frame_000131.jpg,1310,131.0,1
S05,c016,test,frame_000132.jpg,1320,132.0,1
S05,c016,test,frame_000133.jpg,1330,133.0,0
S05,c016,test,frame_000134.jpg,1340,134.0,1
S05,c016,test,frame_000135.jpg,1350,135.0,1
S05,c016,test,frame_000136.jpg,1360,136.0,1
S05,c016,test,frame_000137.jpg,1370,137.0,1
S05,c016,test,frame_000138.jpg,1380,138.0,1
S05,c016,test,frame_000139.jpg,1390,139.0,1
S05,c016,test,frame_000140.jpg,1400,140.0,0
S05,c016,test,frame_000141.jpg,1410,141.0,1
S05,c016,test,frame_000142.jpg,1420,142.0,0
S05,c016,test,frame_000143.jpg,1430,143.0,0
S05,c016,test,frame_000144.jpg,1440,144.0,1
S05,c016,test,frame_000145.jpg,1450,145.0,1
S05,c016,test,frame_000146.jpg,1460,146.0,1
S05,c016,test,frame_000147.jpg,1470,147.0,1
S05,c016,test,frame_000148.jpg,1480,148.0,0
S05,c016,test,frame_000149.jpg,1490,149.0,0
S05,c016,test,frame_000150.jpg,1500,150.0,0
S05,c016,test,frame_000151.jpg,1510,151.0,0
S05,c016,test,frame_000152.jpg,1520,152.0,0
S05,c016,test,frame_000153.jpg,1530,153.0,0
S05,c016,test,frame_000154.jpg,1540,154.0,0
S05,c016,test,frame_000155.jpg,1550,155.0,0
S05,c016,test,frame_000156.jpg,1560,156.0,0
S05,c016,test,frame_000157.jpg,1570,157.0,0
S05,c016,test,frame_000158.jpg,1580,158.0,1
S05,c016,test,frame_000159.jpg,1590,159.0,0
S05,c016,test,frame_000160.jpg,1600,160.0,1
S05,c016,test,frame_000161.jpg,1610,161.0,1
S05,c016,test,frame_000162.jpg,1620,162.0,1
S05,c016,test,frame_000163.jpg,1630,163.0,2
S05,c016,test,frame_000164.jpg,1640,164.0,2
S05,c016,test,frame_000165.jpg,1650,165.0,2
S05,c016,test,frame_000166.jpg,1660,166.0,2
S05,c016,test,frame_000167.jpg,1670,167.0,0
S05,c016,test,frame_000168.jpg,1680,168.0,1
S05,c016,test,frame_000169.jpg,1690,169.0,2
S05,c016,test,frame_000170.jpg,1700,170.0,2
S05,c016,test,frame_000171.jpg,1710,171.0,2
S05,c016,test,frame_000172.jpg,1720,172.0,1
S05,c016,test,frame_000173.jpg,1730,173.0,2
S05,c016,test,frame_000174.jpg,1740,174.0,3
S05,c016,test,frame_000175.jpg,1750,175.0,2
S05,c016,test,frame_000176.jpg,1760,176.0,2
S05,c016,test,frame_000177.jpg,1770,177.0,1
S05,c016,test,frame_000178.jpg,1780,178.0,2
S05,c016,test,frame_000179.jpg,1790,179.0,2
S05,c016,test,frame_000180.jpg,1800,180.0,1
S05,c016,test,frame_000181.jpg,1810,181.0,3
S05,c016,test,frame_000182.jpg,1820,182.0,1
S05,c016,test,frame_000183.jpg,1830,183.0,1
S05,c016,test,frame_000184.jpg,1840,184.0,0
S05,c016,test,frame_000185.jpg,1850,185.0,1
S05,c016,test,frame_000186.jpg,1860,186.0,1
S05,c016,test,frame_000187.jpg,1870,187.0,0
S05,c016,test,frame_000188.jpg,1880,188.0,0
S05,c016,test,frame_000189.jpg,1890,189.0,1
S05,c016,test,frame_000190.jpg,1900,190.0,1
S05,c016,test,frame_000191.jpg,1910,191.0,1
S05,c016,test,frame_000192.jpg,1920,192.0,1
S05,c016,test,frame_000193.jpg,1930,193.0,1
S05,c016,test,frame_000194.jpg,1940,194.0,1
S05,c016,test,frame_000195.jpg,1950,195.0,1
S05,c016,test,frame_000196.jpg,1960,196.0,1
S05,c016,test,frame_000197.jpg,1970,197.0,1
S05,c016,test,frame_000198.jpg,1980,198.0,0
S05,c016,test,frame_000199.jpg,1990,199.0,0
S05,c016,test,frame_000200.jpg,2000,200.0,1
S05,c016,test,frame_000201.jpg,2010,201.0,1
S05,c016,test,frame_000202.jpg,2020,202.0,1
S05,c016,test,frame_000203.jpg,2030,203.0,0
S05,c016,test,frame_000204.jpg,2040,204.0,1
S05,c016,test,frame_000205.jpg,2050,205.0,1
S05,c016,test,frame_000206.jpg,2060,206.0,0
S05,c016,test,frame_000207.jpg,2070,207.0,0
S05,c016,test,frame_000208.jpg,2080,208.0,0
S05,c016,test,frame_000209.jpg,2090,209.0,1
S05,c016,test,frame_000210.jpg,2100,210.0,2
S05,c016,test,frame_000211.jpg,2110,211.0,2
S05,c016,test,frame_000212.jpg,2120,212.0,1
S05,c016,test,frame_000213.jpg,2130,213.0,2
S05,c016,test,frame_000214.jpg,2140,214.0,1
S05,c016,test,frame_000215.jpg,2150,215.0,2
S05,c016,test,frame_000216.jpg,2160,216.0,2
S05,c016,test,frame_000217.jpg,2170,217.0,2
S05,c016,test,frame_000218.jpg,2180,218.0,1
S05,c016,test,frame_000219.jpg,2190,219.0,1
S05,c016,test,frame_000220.jpg,2200,220.0,2
S05,c016,test,frame_000221.jpg,2210,221.0,1
S05,c016,test,frame_000222.jpg,2220,222.0,2
S05,c016,test,frame_000223.jpg,2230,223.0,3
S05,c016,test,frame_000224.jpg,2240,224.0,3
S05,c016,test,frame_000225.jpg,2250,225.0,2
S05,c016,test,frame_000226.jpg,2260,226.0,4
S05,c016,test,frame_000227.jpg,2270,227.0,2
S05,c016,test,frame_000228.jpg,2280,228.0,2
S05,c016,test,frame_000229.jpg,2290,229.0,2
S05,c016,test,frame_000230.jpg,2300,230.0,2
S05,c016,test,frame_000231.jpg,2310,231.0,3
S05,c016,test,frame_000232.jpg,2320,232.0,2
S05,c016,test,frame_000233.jpg,2330,233.0,2
S05,c016,test,frame_000234.jpg,2340,234.0,3
S05,c016,test,frame_000235.jpg,2350,235.0,3
S05,c016,test,frame_000236.jpg,2360,236.0,2
S05,c016,test,frame_000237.jpg,2370,237.0,1
S05,c016,test,frame_000238.jpg,2380,238.0,0
S05,c016,test,frame_000239.jpg,2390,239.0,1
S05,c016,test,frame_000240.jpg,2400,240.0,1
S05,c016,test,frame_000241.jpg,2410,241.0,2
S05,c016,test,frame_000242.jpg,2420,242.0,0
S05,c016,test,frame_000243.jpg,2430,243.0,0
S05,c016,test,frame_000244.jpg,2440,244.0,0
S05,c016,test,frame_000245.jpg,2450,245.0,0
S05,c016,test,frame_000246.jpg,2460,246.0,0
S05,c016,test,frame_000247.jpg,2470,247.0,0
S05,c016,test,frame_000248.jpg,2480,248.0,0
S05,c016,test,frame_000249.jpg,2490,249.0,0
S05,c016,test,frame_000250.jpg,2500,250.0,0
S05,c016,test,frame_000251.jpg,2510,251.0,0
S05,c016,test,frame_000252.jpg,2520,252.0,0
S05,c016,test,frame_000253.jpg,2530,253.0,0
S05,c016,test,frame_000254.jpg,2540,254.0,0
S05,c016,test,frame_000255.jpg,2550,255.0,0
S05,c016,test,frame_000256.jpg,2560,256.0,0
S05,c016,test,frame_000257.jpg,2570,257.0,0
S05,c016,test,frame_000258.jpg,2580,258.0,0
S05,c016,test,frame_000259.jpg,2590,259.0,0
S05,c016,test,frame_000260.jpg,2600,260.0,0
S05,c016,test,frame_000261.jpg,2610,261.0,0
S05,c016,test,frame_000262.jpg,2620,262.0,0
S05,c016,test,frame_000263.jpg,2630,263.0,1
S05,c016,test,frame_000264.jpg,2640,264.0,1
S05,c016,test,frame_000265.jpg,2650,265.0,2
S05,c016,test,frame_000266.jpg,2660,266.0,2
S05,c016,test,frame_000267.jpg,2670,267.0,2
S05,c016,test,frame_000268.jpg,2680,268.0,2
S05,c016,test,frame_000269.jpg,2690,269.0,2
S05,c016,test,frame_000270.jpg,2700,270.0,0
S05,c016,test,frame_000271.jpg,2710,271.0,1
S05,c016,test,frame_000272.jpg,2720,272.0,2
S05,c016,test,frame_000273.jpg,2730,273.0,1
S05,c016,test,frame_000274.jpg,2740,274.0,0
S05,c016,test,frame_000275.jpg,2750,275.0,2
S05,c016,test,frame_000276.jpg,2760,276.0,0
S05,c016,test,frame_000277.jpg,2770,277.0,0
S05,c016,test,frame_000278.jpg,2780,278.0,0
S05,c016,test,frame_000279.jpg,2790,279.0,0
S05,c016,test,frame_000280.jpg,2800,280.0,1
S05,c016,test,frame_000281.jpg,2810,281.0,2
S05,c016,test,frame_000282.jpg,2820,282.0,2
S05,c016,test,frame_000283.jpg,2830,283.0,5
S05,c016,test,frame_000284.jpg,2840,284.0,3
S05,c016,test,frame_000285.jpg,2850,285.0,3
S05,c016,test,frame_000286.jpg,2860,286.0,2
S05,c016,test,frame_000287.jpg,2870,287.0,1
S05,c016,test,frame_000288.jpg,2880,288.0,1
S05,c016,test,frame_000289.jpg,2890,289.0,2
S05,c016,test,frame_000290.jpg,2900,290.0,3
S05,c016,test,frame_000291.jpg,2910,291.0,3
S05,c016,test,frame_000292.jpg,2920,292.0,3
S05,c016,test,frame_000293.jpg,2930,293.0,3
S05,c016,test,frame_000294.jpg,2940,294.0,3
S05,c016,test,frame_000295.jpg,2950,295.0,3
S05,c016,test,frame_000296.jpg,2960,296.0,3
S05,c016,test,frame_000297.jpg,2970,297.0,2
S05,c016,test,frame_000298.jpg,2980,298.0,2
S05,c016,test,frame_000299.jpg,2990,299.0,3
S05,c016,test,frame_000300.jpg,3000,300.0,3
S05,c016,test,frame_000301.jpg,3010,301.0,3
S05,c016,test,frame_000302.jpg,3020,302.0,3
S05,c016,test,frame_000303.jpg,3030,303.0,2
S05,c016,test,frame_000304.jpg,3040,304.0,3
S05,c016,test,frame_000305.jpg,3050,305.0,3
S05,c016,test,frame_000306.jpg,3060,306.0,1
S05,c016,test,frame_000307.jpg,3070,307.0,2
S05,c016,test,frame_000308.jpg,3080,308.0,2
S05,c016,test,frame_000309.jpg,3090,309.0,2
S05,c016,test,frame_000310.jpg,3100,310.0,3
S05,c016,test,frame_000311.jpg,3110,311.0,3
S05,c016,test,frame_000312.jpg,3120,312.0,3
S05,c016,test,frame_000313.jpg,3130,313.0,4
S05,c016,test,frame_000314.jpg,3140,314.0,4
S05,c016,test,frame_000315.jpg,3150,315.0,4
S05,c016,test,frame_000316.jpg,3160,316.0,4
S05,c016,test,frame_000317.jpg,3170,317.0,5
S05,c016,test,frame_000318.jpg,3180,318.0,4
S05,c016,test,frame_000319.jpg,3190,319.0,4
S05,c016,test,frame_000320.jpg,3200,320.0,2
S05,c016,test,frame_000321.jpg,3210,321.0,3
S05,c016,test,frame_000322.jpg,3220,322.0,4
S05,c016,test,frame_000323.jpg,3230,323.0,3
S05,c016,test,frame_000324.jpg,3240,324.0,3
S05,c016,test,frame_000325.jpg,3250,325.0,2
S05,c016,test,frame_000326.jpg,3260,326.0,1
S05,c016,test,frame_000327.jpg,3270,327.0,3
S05,c016,test,frame_000328.jpg,3280,328.0,2
S05,c016,test,frame_000329.jpg,3290,329.0,3
S05,c016,test,frame_000330.jpg,3300,330.0,2
S05,c016,test,frame_000331.jpg,3310,331.0,2
S05,c016,test,frame_000332.jpg,3320,332.0,2
S05,c016,test,frame_000333.jpg,3330,333.0,2
S05,c016,test,frame_000334.jpg,3340,334.0,3
S05,c016,test,frame_000335.jpg,3350,335.0,2
S05,c016,test,frame_000336.jpg,3360,336.0,2
S05,c016,test,frame_000337.jpg,3370,337.0,2
S05,c016,test,frame_000338.jpg,3380,338.0,4
S05,c016,test,frame_000339.jpg,3390,339.0,1
S05,c016,test,frame_000340.jpg,3400,340.0,3
S05,c016,test,frame_000341.jpg,3410,341.0,1
S05,c016,test,frame_000342.jpg,3420,342.0,2
S05,c016,test,frame_000343.jpg,3430,343.0,2
S05,c016,test,frame_000344.jpg,3440,344.0,3
S05,c016,test,frame_000345.jpg,3450,345.0,1
S05,c016,test,frame_000346.jpg,3460,346.0,2
S05,c016,test,frame_000347.jpg,3470,347.0,2
S05,c016,test,frame_000348.jpg,3480,348.0,1
S05,c016,test,frame_000349.jpg,3490,349.0,2
S05,c016,test,frame_000350.jpg,3500,350.0,3
S05,c016,test,frame_000351.jpg,3510,351.0,6
S05,c016,test,frame_000352.jpg,3520,352.0,5
S05,c016,test,frame_000353.jpg,3530,353.0,6
S05,c016,test,frame_000354.jpg,3540,354.0,6
S05,c016,test,frame_000355.jpg,3550,355.0,6
S05,c016,test,frame_000356.jpg,3560,356.0,4
S05,c016,test,frame_000357.jpg,3570,357.0,7
S05,c016,test,frame_000358.jpg,3580,358.0,7
S05,c016,test,frame_000359.jpg,3590,359.0,4
S05,c016,test,frame_000360.jpg,3600,360.0,5
S05,c016,test,frame_000361.jpg,3610,361.0,5
S05,c016,test,frame_000362.jpg,3620,362.0,6
S05,c016,test,frame_000363.jpg,3630,363.0,4
S05,c016,test,frame_000364.jpg,3640,364.0,3
S05,c016,test,frame_000365.jpg,3650,365.0,5
S05,c016,test,frame_000366.jpg,3660,366.0,3
S05,c016,test,frame_000367.jpg,3670,367.0,2
S05,c016,test,frame_000368.jpg,3680,368.0,4
S05,c016,test,frame_000369.jpg,3690,369.0,5
S05,c016,test,frame_000370.jpg,3700,370.0,3
S05,c016,test,frame_000371.jpg,3710,371.0,4
S05,c016,test,frame_000372.jpg,3720,372.0,4
S05,c016,test,frame_000373.jpg,3730,373.0,6
S05,c016,test,frame_000374.jpg,3740,374.0,5
S05,c016,test,frame_000375.jpg,3750,375.0,5
S05,c016,test,frame_000376.jpg,3760,376.0,5
S05,c016,test,frame_000377.jpg,3770,377.0,4
S05,c016,test,frame_000378.jpg,3780,378.0,5
S05,c016,test,frame_000379.jpg,3790,379.0,5
S05,c016,test,frame_000380.jpg,3800,380.0,4
S05,c016,test,frame_000381.jpg,3810,381.0,4
S05,c016,test,frame_000382.jpg,3820,382.0,4
S05,c016,test,frame_000383.jpg,3830,383.0,4
S05,c016,test,frame_000384.jpg,3840,384.0,4
S05,c016,test,frame_000385.jpg,3850,385.0,4
S05,c016,test,frame_000386.jpg,3860,386.0,3
S05,c016,test,frame_000387.jpg,3870,387.0,4
S05,c016,test,frame_000388.jpg,3880,388.0,5
S05,c016,test,frame_000389.jpg,3890,389.0,2
S05,c016,test,frame_000390.jpg,3900,390.0,4
S05,c016,test,frame_000391.jpg,3910,391.0,4
S05,c016,test,frame_000392.jpg,3920,392.0,5
S05,c016,test,frame_000393.jpg,3930,393.0,3
S05,c017,test,frame_000000.jpg,0,0.0,2
S05,c017,test,frame_000001.jpg,10,1.0,2
S05,c017,test,frame_000002.jpg,20,2.0,3
S05,c017,test,frame_000003.jpg,30,3.0,3
S05,c017,test,frame_000004.jpg,40,4.0,2
S05,c017,test,frame_000005.jpg,50,5.0,2
S05,c017,test,frame_000006.jpg,60,6.0,2
S05,c017,test,frame_000007.jpg,70,7.0,1
S05,c017,test,frame_000008.jpg,80,8.0,2
S05,c017,test,frame_000009.jpg,90,9.0,2
S05,c017,test,frame_000010.jpg,100,10.0,2
S05,c017,test,frame_000011.jpg,110,11.0,3
S05,c017,test,frame_000012.jpg,120,12.0,3
S05,c017,test,frame_000013.jpg,130,13.0,3
S05,c017,test,frame_000014.jpg,140,14.0,3
S05,c017,test,frame_000015.jpg,150,15.0,3
S05,c017,test,frame_000016.jpg,160,16.0,3
S05,c017,test,frame_000017.jpg,170,17.0,3
S05,c017,test,frame_000018.jpg,180,18.0,3
S05,c017,test,frame_000019.jpg,190,19.0,3
S05,c017,test,frame_000020.jpg,200,20.0,2
S05,c017,test,frame_000021.jpg,210,21.0,2
S05,c017,test,frame_000022.jpg,220,22.0,1
S05,c017,test,frame_000023.jpg,230,23.0,1
S05,c017,test,frame_000024.jpg,240,24.0,0
S05,c017,test,frame_000025.jpg,250,25.0,3
S05,c017,test,frame_000026.jpg,260,26.0,2
S05,c017,test,frame_000027.jpg,270,27.0,2
S05,c017,test,frame_000028.jpg,280,28.0,2
S05,c017,test,frame_000029.jpg,290,29.0,2
S05,c017,test,frame_000030.jpg,300,30.0,2
S05,c017,test,frame_000031.jpg,310,31.0,1
S05,c017,test,frame_000032.jpg,320,32.0,2
S05,c017,test,frame_000033.jpg,330,33.0,2
S05,c017,test,frame_000034.jpg,340,34.0,3
S05,c017,test,frame_000035.jpg,350,35.0,3
S05,c017,test,frame_000036.jpg,360,36.0,3
S05,c017,test,frame_000037.jpg,370,37.0,2
S05,c017,test,frame_000038.jpg,380,38.0,2
S05,c017,test,frame_000039.jpg,390,39.0,2
S05,c017,test,frame_000040.jpg,400,40.0,2
S05,c017,test,frame_000041.jpg,410,41.0,3
S05,c017,test,frame_000042.jpg,420,42.0,3
S05,c017,test,frame_000043.jpg,430,43.0,3
S05,c017,test,frame_000044.jpg,440,44.0,3
S05,c017,test,frame_000045.jpg,450,45.0,4
S05,c017,test,frame_000046.jpg,460,46.0,5
S05,c017,test,frame_000047.jpg,470,47.0,2
S05,c017,test,frame_000048.jpg,480,48.0,3
S05,c017,test,frame_000049.jpg,490,49.0,6
S05,c017,test,frame_000050.jpg,500,50.0,5
S05,c017,test,frame_000051.jpg,510,51.0,3
S05,c017,test,frame_000052.jpg,520,52.0,4
S05,c017,test,frame_000053.jpg,530,53.0,3
S05,c017,test,frame_000054.jpg,540,54.0,5
S05,c017,test,frame_000055.jpg,550,55.0,4
S05,c017,test,frame_000056.jpg,560,56.0,3
S05,c017,test,frame_000057.jpg,570,57.0,5
S05,c017,test,frame_000058.jpg,580,58.0,2
S05,c017,test,frame_000059.jpg,590,59.0,4
S05,c017,test,frame_000060.jpg,600,60.0,5
S05,c017,test,frame_000061.jpg,610,61.0,5
S05,c017,test,frame_000062.jpg,620,62.0,3
S05,c017,test,frame_000063.jpg,630,63.0,3
S05,c017,test,frame_000064.jpg,640,64.0,3
S05,c017,test,frame_000065.jpg,650,65.0,5
S05,c017,test,frame_000066.jpg,660,66.0,3
S05,c017,test,frame_000067.jpg,670,67.0,4
S05,c017,test,frame_000068.jpg,680,68.0,3
S05,c017,test,frame_000069.jpg,690,69.0,4
S05,c017,test,frame_000070.jpg,700,70.0,3
S05,c017,test,frame_000071.jpg,710,71.0,3
S05,c017,test,frame_000072.jpg,720,72.0,2
S05,c017,test,frame_000073.jpg,730,73.0,2
S05,c017,test,frame_000074.jpg,740,74.0,3
S05,c017,test,frame_000075.jpg,750,75.0,2
S05,c017,test,frame_000076.jpg,760,76.0,2
S05,c017,test,frame_000077.jpg,770,77.0,2
S05,c017,test,frame_000078.jpg,780,78.0,1
S05,c017,test,frame_000079.jpg,790,79.0,1
S05,c017,test,frame_000080.jpg,800,80.0,1
S05,c017,test,frame_000081.jpg,810,81.0,1
S05,c017,test,frame_000082.jpg,820,82.0,1
S05,c017,test,frame_000083.jpg,830,83.0,2
S05,c017,test,frame_000084.jpg,840,84.0,2
S05,c017,test,frame_000085.jpg,850,85.0,1
S05,c017,test,frame_000086.jpg,860,86.0,3
S05,c017,test,frame_000087.jpg,870,87.0,2
S05,c017,test,frame_000088.jpg,880,88.0,1
S05,c017,test,frame_000089.jpg,890,89.0,1
S05,c017,test,frame_000090.jpg,900,90.0,1
S05,c017,test,frame_000091.jpg,910,91.0,1
S05,c017,test,frame_000092.jpg,920,92.0,1
S05,c017,test,frame_000093.jpg,930,93.0,1
S05,c017,test,frame_000094.jpg,940,94.0,1
S05,c017,test,frame_000095.jpg,950,95.0,1
S05,c017,test,frame_000096.jpg,960,96.0,1
S05,c017,test,frame_000097.jpg,970,97.0,1
S05,c017,test,frame_000098.jpg,980,98.0,2
S05,c017,test,frame_000099.jpg,990,99.0,2
S05,c017,test,frame_000100.jpg,1000,100.0,2
S05,c017,test,frame_000101.jpg,1010,101.0,2
S05,c017,test,frame_000102.jpg,1020,102.0,2
S05,c017,test,frame_000103.jpg,1030,103.0,2
S05,c017,test,frame_000104.jpg,1040,104.0,3
S05,c017,test,frame_000105.jpg,1050,105.0,3
S05,c017,test,frame_000106.jpg,1060,106.0,4
S05,c017,test,frame_000107.jpg,1070,107.0,3
S05,c017,test,frame_000108.jpg,1080,108.0,3
S05,c017,test,frame_000109.jpg,1090,109.0,2
S05,c017,test,frame_000110.jpg,1100,110.0,3
S05,c017,test,frame_000111.jpg,1110,111.0,3
S05,c017,test,frame_000112.jpg,1120,112.0,2
S05,c017,test,frame_000113.jpg,1130,113.0,3
S05,c017,test,frame_000114.jpg,1140,114.0,3
S05,c017,test,frame_000115.jpg,1150,115.0,4
S05,c017,test,frame_000116.jpg,1160,116.0,3
S05,c017,test,frame_000117.jpg,1170,117.0,4
S05,c017,test,frame_000118.jpg,1180,118.0,3
S05,c017,test,frame_000119.jpg,1190,119.0,5
S05,c017,test,frame_000120.jpg,1200,120.0,3
S05,c017,test,frame_000121.jpg,1210,121.0,5
S05,c017,test,frame_000122.jpg,1220,122.0,2
S05,c017,test,frame_000123.jpg,1230,123.0,4
S05,c017,test,frame_000124.jpg,1240,124.0,4
S05,c017,test,frame_000125.jpg,1250,125.0,4
S05,c017,test,frame_000126.jpg,1260,126.0,4
S05,c017,test,frame_000127.jpg,1270,127.0,4
S05,c017,test,frame_000128.jpg,1280,128.0,4
S05,c017,test,frame_000129.jpg,1290,129.0,2
S05,c017,test,frame_000130.jpg,1300,130.0,3
S05,c017,test,frame_000131.jpg,1310,131.0,1
S05,c017,test,frame_000132.jpg,1320,132.0,1
S05,c017,test,frame_000133.jpg,1330,133.0,1
S05,c017,test,frame_000134.jpg,1340,134.0,2
S05,c017,test,frame_000135.jpg,1350,135.0,1
S05,c017,test,frame_000136.jpg,1360,136.0,2
S05,c017,test,frame_000137.jpg,1370,137.0,2
S05,c017,test,frame_000138.jpg,1380,138.0,2
S05,c017,test,frame_000139.jpg,1390,139.0,2
S05,c017,test,frame_000140.jpg,1400,140.0,2
S05,c017,test,frame_000141.jpg,1410,141.0,3
S05,c017,test,frame_000142.jpg,1420,142.0,3
S05,c017,test,frame_000143.jpg,1430,143.0,3
S05,c017,test,frame_000144.jpg,1440,144.0,4
S05,c017,test,frame_000145.jpg,1450,145.0,4
S05,c017,test,frame_000146.jpg,1460,146.0,3
S05,c017,test,frame_000147.jpg,1470,147.0,1
S05,c017,test,frame_000148.jpg,1480,148.0,3
S05,c017,test,frame_000149.jpg,1490,149.0,2
S05,c017,test,frame_000150.jpg,1500,150.0,2
S05,c017,test,frame_000151.jpg,1510,151.0,2
S05,c017,test,frame_000152.jpg,1520,152.0,2
S05,c017,test,frame_000153.jpg,1530,153.0,2
S05,c017,test,frame_000154.jpg,1540,154.0,3
S05,c017,test,frame_000155.jpg,1550,155.0,1
S05,c017,test,frame_000156.jpg,1560,156.0,1
S05,c017,test,frame_000157.jpg,1570,157.0,2
S05,c017,test,frame_000158.jpg,1580,158.0,2
S05,c017,test,frame_000159.jpg,1590,159.0,2
S05,c017,test,frame_000160.jpg,1600,160.0,2
S05,c017,test,frame_000161.jpg,1610,161.0,1
S05,c017,test,frame_000162.jpg,1620,162.0,3
S05,c017,test,frame_000163.jpg,1630,163.0,2
S05,c017,test,frame_000164.jpg,1640,164.0,2
S05,c017,test,frame_000165.jpg,1650,165.0,2
S05,c017,test,frame_000166.jpg,1660,166.0,2
S05,c017,test,frame_000167.jpg,1670,167.0,2
S05,c017,test,frame_000168.jpg,1680,168.0,2
S05,c017,test,frame_000169.jpg,1690,169.0,1
S05,c017,test,frame_000170.jpg,1700,170.0,2
S05,c017,test,frame_000171.jpg,1710,171.0,2
S05,c017,test,frame_000172.jpg,1720,172.0,3
S05,c017,test,frame_000173.jpg,1730,173.0,3
S05,c017,test,frame_000174.jpg,1740,174.0,2
S05,c017,test,frame_000175.jpg,1750,175.0,2
S05,c017,test,frame_000176.jpg,1760,176.0,2
S05,c017,test,frame_000177.jpg,1770,177.0,2
S05,c017,test,frame_000178.jpg,1780,178.0,3
S05,c017,test,frame_000179.jpg,1790,179.0,3
S05,c017,test,frame_000180.jpg,1800,180.0,3
S05,c017,test,frame_000181.jpg,1810,181.0,2
S05,c017,test,frame_000182.jpg,1820,182.0,2
S05,c017,test,frame_000183.jpg,1830,183.0,2
S05,c017,test,frame_000184.jpg,1840,184.0,3
S05,c017,test,frame_000185.jpg,1850,185.0,2
S05,c017,test,frame_000186.jpg,1860,186.0,2
S05,c017,test,frame_000187.jpg,1870,187.0,2
S05,c017,test,frame_000188.jpg,1880,188.0,3
S05,c017,test,frame_000189.jpg,1890,189.0,2
S05,c017,test,frame_000190.jpg,1900,190.0,3
S05,c017,test,frame_000191.jpg,1910,191.0,3
S05,c017,test,frame_000192.jpg,1920,192.0,3
S05,c017,test,frame_000193.jpg,1930,193.0,3
S05,c017,test,frame_000194.jpg,1940,194.0,1
S05,c017,test,frame_000195.jpg,1950,195.0,2
S05,c017,test,frame_000196.jpg,1960,196.0,1
S05,c017,test,frame_000197.jpg,1970,197.0,1
S05,c017,test,frame_000198.jpg,1980,198.0,1
S05,c017,test,frame_000199.jpg,1990,199.0,1
S05,c017,test,frame_000200.jpg,2000,200.0,1
S05,c017,test,frame_000201.jpg,2010,201.0,1
S05,c017,test,frame_000202.jpg,2020,202.0,1
S05,c017,test,frame_000203.jpg,2030,203.0,1
S05,c017,test,frame_000204.jpg,2040,204.0,1
S05,c017,test,frame_000205.jpg,2050,205.0,1
S05,c017,test,frame_000206.jpg,2060,206.0,1
S05,c017,test,frame_000207.jpg,2070,207.0,1
S05,c017,test,frame_000208.jpg,2080,208.0,1
S05,c017,test,frame_000209.jpg,2090,209.0,1
S05,c017,test,frame_000210.jpg,2100,210.0,1
S05,c017,test,frame_000211.jpg,2110,211.0,1
S05,c017,test,frame_000212.jpg,2120,212.0,1
S05,c017,test,frame_000213.jpg,2130,213.0,1
S05,c017,test,frame_000214.jpg,2140,214.0,1
S05,c017,test,frame_000215.jpg,2150,215.0,1
S05,c017,test,frame_000216.jpg,2160,216.0,1
S05,c017,test,frame_000217.jpg,2170,217.0,1
S05,c017,test,frame_000218.jpg,2180,218.0,1
S05,c017,test,frame_000219.jpg,2190,219.0,1
S05,c017,test,frame_000220.jpg,2200,220.0,1
S05,c017,test,frame_000221.jpg,2210,221.0,1
S05,c017,test,frame_000222.jpg,2220,222.0,1
S05,c017,test,frame_000223.jpg,2230,223.0,1
S05,c017,test,frame_000224.jpg,2240,224.0,1
S05,c017,test,frame_000225.jpg,2250,225.0,1
S05,c017,test,frame_000226.jpg,2260,226.0,3
S05,c017,test,frame_000227.jpg,2270,227.0,3
S05,c017,test,frame_000228.jpg,2280,228.0,4
S05,c017,test,frame_000229.jpg,2290,229.0,3
S05,c017,test,frame_000230.jpg,2300,230.0,3
S05,c017,test,frame_000231.jpg,2310,231.0,3
S05,c017,test,frame_000232.jpg,2320,232.0,5
S05,c017,test,frame_000233.jpg,2330,233.0,5
S05,c017,test,frame_000234.jpg,2340,234.0,4
S05,c017,test,frame_000235.jpg,2350,235.0,4
S05,c017,test,frame_000236.jpg,2360,236.0,5
S05,c017,test,frame_000237.jpg,2370,237.0,3
S05,c017,test,frame_000238.jpg,2380,238.0,3
S05,c017,test,frame_000239.jpg,2390,239.0,4
S05,c017,test,frame_000240.jpg,2400,240.0,4
S05,c017,test,frame_000241.jpg,2410,241.0,4
S05,c017,test,frame_000242.jpg,2420,242.0,4
S05,c017,test,frame_000243.jpg,2430,243.0,4
S05,c017,test,frame_000244.jpg,2440,244.0,3
S05,c017,test,frame_000245.jpg,2450,245.0,2
S05,c017,test,frame_000246.jpg,2460,246.0,4
S05,c017,test,frame_000247.jpg,2470,247.0,3
S05,c017,test,frame_000248.jpg,2480,248.0,4
S05,c017,test,frame_000249.jpg,2490,249.0,4
S05,c017,test,frame_000250.jpg,2500,250.0,3
S05,c017,test,frame_000251.jpg,2510,251.0,4
S05,c017,test,frame_000252.jpg,2520,252.0,4
S05,c017,test,frame_000253.jpg,2530,253.0,4
S05,c017,test,frame_000254.jpg,2540,254.0,3
S05,c017,test,frame_000255.jpg,2550,255.0,3
S05,c017,test,frame_000256.jpg,2560,256.0,6
S05,c017,test,frame_000257.jpg,2570,257.0,5
S05,c017,test,frame_000258.jpg,2580,258.0,4
S05,c017,test,frame_000259.jpg,2590,259.0,4
S05,c017,test,frame_000260.jpg,2600,260.0,3
S05,c017,test,frame_000261.jpg,2610,261.0,3
S05,c017,test,frame_000262.jpg,2620,262.0,2
S05,c017,test,frame_000263.jpg,2630,263.0,1
S05,c017,test,frame_000264.jpg,2640,264.0,3
S05,c017,test,frame_000265.jpg,2650,265.0,1
S05,c017,test,frame_000266.jpg,2660,266.0,1
S05,c017,test,frame_000267.jpg,2670,267.0,2
S05,c017,test,frame_000268.jpg,2680,268.0,2
S05,c017,test,frame_000269.jpg,2690,269.0,1
S05,c017,test,frame_000270.jpg,2700,270.0,1
S05,c017,test,frame_000271.jpg,2710,271.0,1
S05,c017,test,frame_000272.jpg,2720,272.0,1
S05,c017,test,frame_000273.jpg,2730,273.0,1
S05,c017,test,frame_000274.jpg,2740,274.0,1
S05,c017,test,frame_000275.jpg,2750,275.0,1
S05,c017,test,frame_000276.jpg,2760,276.0,1
S05,c017,test,frame_000277.jpg,2770,277.0,3
S05,c017,test,frame_000278.jpg,2780,278.0,2
S05,c017,test,frame_000279.jpg,2790,279.0,3
S05,c017,test,frame_000280.jpg,2800,280.0,3
S05,c017,test,frame_000281.jpg,2810,281.0,5
S05,c017,test,frame_000282.jpg,2820,282.0,4
S05,c017,test,frame_000283.jpg,2830,283.0,5
S05,c017,test,frame_000284.jpg,2840,284.0,3
S05,c017,test,frame_000285.jpg,2850,285.0,4
S05,c017,test,frame_000286.jpg,2860,286.0,6
S05,c017,test,frame_000287.jpg,2870,287.0,6
S05,c017,test,frame_000288.jpg,2880,288.0,4
S05,c017,test,frame_000289.jpg,2890,289.0,4
S05,c017,test,frame_000290.jpg,2900,290.0,3
S05,c017,test,frame_000291.jpg,2910,291.0,3
S05,c017,test,frame_000292.jpg,2920,292.0,2
S05,c017,test,frame_000293.jpg,2930,293.0,3
S05,c017,test,frame_000294.jpg,2940,294.0,4
S05,c017,test,frame_000295.jpg,2950,295.0,2
S05,c017,test,frame_000296.jpg,2960,296.0,3
S05,c017,test,frame_000297.jpg,2970,297.0,3
S05,c017,test,frame_000298.jpg,2980,298.0,3
S05,c017,test,frame_000299.jpg,2990,299.0,4
S05,c017,test,frame_000300.jpg,3000,300.0,4
S05,c017,test,frame_000301.jpg,3010,301.0,5
S05,c017,test,frame_000302.jpg,3020,302.0,5
S05,c017,test,frame_000303.jpg,3030,303.0,4
S05,c017,test,frame_000304.jpg,3040,304.0,5
S05,c017,test,frame_000305.jpg,3050,305.0,5
S05,c017,test,frame_000306.jpg,3060,306.0,5
S05,c017,test,frame_000307.jpg,3070,307.0,4
S05,c017,test,frame_000308.jpg,3080,308.0,4
S05,c017,test,frame_000309.jpg,3090,309.0,5
S05,c017,test,frame_000310.jpg,3100,310.0,3
S05,c017,test,frame_000311.jpg,3110,311.0,1
S05,c017,test,frame_000312.jpg,3120,312.0,2
S05,c017,test,frame_000313.jpg,3130,313.0,2
S05,c017,test,frame_000314.jpg,3140,314.0,2
S05,c017,test,frame_000315.jpg,3150,315.0,2
S05,c017,test,frame_000316.jpg,3160,316.0,2
S05,c017,test,frame_000317.jpg,3170,317.0,2
S05,c017,test,frame_000318.jpg,3180,318.0,3
S05,c017,test,frame_000319.jpg,3190,319.0,2
S05,c017,test,frame_000320.jpg,3200,320.0,2
S05,c017,test,frame_000321.jpg,3210,321.0,2
S05,c017,test,frame_000322.jpg,3220,322.0,1
S05,c017,test,frame_000323.jpg,3230,323.0,2
S05,c017,test,frame_000324.jpg,3240,324.0,2
S05,c017,test,frame_000325.jpg,3250,325.0,3
S05,c017,test,frame_000326.jpg,3260,326.0,3
S05,c017,test,frame_000327.jpg,3270,327.0,2
S05,c017,test,frame_000328.jpg,3280,328.0,2
S05,c017,test,frame_000329.jpg,3290,329.0,3
S05,c017,test,frame_000330.jpg,3300,330.0,3
S05,c017,test,frame_000331.jpg,3310,331.0,2
S05,c017,test,frame_000332.jpg,3320,332.0,4
S05,c017,test,frame_000333.jpg,3330,333.0,2
S05,c017,test,frame_000334.jpg,3340,334.0,3
S05,c017,test,frame_000335.jpg,3350,335.0,4
S05,c017,test,frame_000336.jpg,3360,336.0,2
S05,c017,test,frame_000337.jpg,3370,337.0,2
S05,c017,test,frame_000338.jpg,3380,338.0,5
S05,c017,test,frame_000339.jpg,3390,339.0,3
S05,c017,test,frame_000340.jpg,3400,340.0,1
S05,c017,test,frame_000341.jpg,3410,341.0,2
S05,c017,test,frame_000342.jpg,3420,342.0,3
S05,c017,test,frame_000343.jpg,3430,343.0,2
S05,c017,test,frame_000344.jpg,3440,344.0,4
S05,c017,test,frame_000345.jpg,3450,345.0,4
S05,c017,test,frame_000346.jpg,3460,346.0,3
S05,c017,test,frame_000347.jpg,3470,347.0,3
S05,c017,test,frame_000348.jpg,3480,348.0,3
S05,c017,test,frame_000349.jpg,3490,349.0,4
S05,c017,test,frame_000350.jpg,3500,350.0,1
S05,c017,test,frame_000351.jpg,3510,351.0,3
S05,c017,test,frame_000352.jpg,3520,352.0,4
S05,c017,test,frame_000353.jpg,3530,353.0,3
S05,c017,test,frame_000354.jpg,3540,354.0,4
S05,c017,test,frame_000355.jpg,3550,355.0,5
S05,c017,test,frame_000356.jpg,3560,356.0,3
S05,c017,test,frame_000357.jpg,3570,357.0,3
S05,c017,test,frame_000358.jpg,3580,358.0,1
S05,c017,test,frame_000359.jpg,3590,359.0,2
S05,c017,test,frame_000360.jpg,3600,360.0,3
S05,c017,test,frame_000361.jpg,3610,361.0,4
S05,c017,test,frame_000362.jpg,3620,362.0,4
S05,c017,test,frame_000363.jpg,3630,363.0,5
S05,c017,test,frame_000364.jpg,3640,364.0,5
S05,c017,test,frame_000365.jpg,3650,365.0,5
S05,c017,test,frame_000366.jpg,3660,366.0,6
S05,c017,test,frame_000367.jpg,3670,367.0,6
S05,c017,test,frame_000368.jpg,3680,368.0,3
S05,c017,test,frame_000369.jpg,3690,369.0,6
S05,c017,test,frame_000370.jpg,3700,370.0,4
S05,c017,test,frame_000371.jpg,3710,371.0,4
S05,c017,test,frame_000372.jpg,3720,372.0,5
S05,c017,test,frame_000373.jpg,3730,373.0,3
S05,c017,test,frame_000374.jpg,3740,374.0,6
S05,c017,test,frame_000375.jpg,3750,375.0,5
S05,c017,test,frame_000376.jpg,3760,376.0,5
S05,c017,test,frame_000377.jpg,3770,377.0,3
S05,c017,test,frame_000378.jpg,3780,378.0,5
S05,c017,test,frame_000379.jpg,3790,379.0,2
S05,c017,test,frame_000380.jpg,3800,380.0,3
S05,c017,test,frame_000381.jpg,3810,381.0,2
S05,c017,test,frame_000382.jpg,3820,382.0,1
S05,c017,test,frame_000383.jpg,3830,383.0,1
S05,c017,test,frame_000384.jpg,3840,384.0,2
S05,c017,test,frame_000385.jpg,3850,385.0,2
S05,c017,test,frame_000386.jpg,3860,386.0,2
S05,c017,test,frame_000387.jpg,3870,387.0,1
S05,c018,test,frame_000000.jpg,0,0.0,3
S05,c018,test,frame_000001.jpg,10,1.0,2
S05,c018,test,frame_000002.jpg,20,2.0,2
S05,c018,test,frame_000003.jpg,30,3.0,1
S05,c018,test,frame_000004.jpg,40,4.0,2
S05,c018,test,frame_000005.jpg,50,5.0,1
S05,c018,test,frame_000006.jpg,60,6.0,1
S05,c018,test,frame_000007.jpg,70,7.0,1
S05,c018,test,frame_000008.jpg,80,8.0,1
S05,c018,test,frame_000009.jpg,90,9.0,0
S05,c018,test,frame_000010.jpg,100,10.0,0
S05,c018,test,frame_000011.jpg,110,11.0,0
S05,c018,test,frame_000012.jpg,120,12.0,0
S05,c018,test,frame_000013.jpg,130,13.0,0
S05,c018,test,frame_000014.jpg,140,14.0,0
S05,c018,test,frame_000015.jpg,150,15.0,0
S05,c018,test,frame_000016.jpg,160,16.0,1
S05,c018,test,frame_000017.jpg,170,17.0,1
S05,c018,test,frame_000018.jpg,180,18.0,1
S05,c018,test,frame_000019.jpg,190,19.0,0
S05,c018,test,frame_000020.jpg,200,20.0,1
S05,c018,test,frame_000021.jpg,210,21.0,1
S05,c018,test,frame_000022.jpg,220,22.0,0
S05,c018,test,frame_000023.jpg,230,23.0,2
S05,c018,test,frame_000024.jpg,240,24.0,1
S05,c018,test,frame_000025.jpg,250,25.0,3
S05,c018,test,frame_000026.jpg,260,26.0,2
S05,c018,test,frame_000027.jpg,270,27.0,2
S05,c018,test,frame_000028.jpg,280,28.0,1
S05,c018,test,frame_000029.jpg,290,29.0,1
S05,c018,test,frame_000030.jpg,300,30.0,1
S05,c018,test,frame_000031.jpg,310,31.0,0
S05,c018,test,frame_000032.jpg,320,32.0,0
S05,c018,test,frame_000033.jpg,330,33.0,0
S05,c018,test,frame_000034.jpg,340,34.0,0
S05,c018,test,frame_000035.jpg,350,35.0,0
S05,c018,test,frame_000036.jpg,360,36.0,0
S05,c018,test,frame_000037.jpg,370,37.0,0
S05,c018,test,frame_000038.jpg,380,38.0,0
S05,c018,test,frame_000039.jpg,390,39.0,0
S05,c018,test,frame_000040.jpg,400,40.0,0
S05,c018,test,frame_000041.jpg,410,41.0,1
S05,c018,test,frame_000042.jpg,420,42.0,1
S05,c018,test,frame_000043.jpg,430,43.0,0
S05,c018,test,frame_000044.jpg,440,44.0,1
S05,c018,test,frame_000045.jpg,450,45.0,1
S05,c018,test,frame_000046.jpg,460,46.0,0
S05,c018,test,frame_000047.jpg,470,47.0,2
S05,c018,test,frame_000048.jpg,480,48.0,2
S05,c018,test,frame_000049.jpg,490,49.0,1
S05,c018,test,frame_000050.jpg,500,50.0,1
S05,c018,test,frame_000051.jpg,510,51.0,0
S05,c018,test,frame_000052.jpg,520,52.0,0
S05,c018,test,frame_000053.jpg,530,53.0,0
S05,c018,test,frame_000054.jpg,540,54.0,1
S05,c018,test,frame_000055.jpg,550,55.0,1
S05,c018,test,frame_000056.jpg,560,56.0,1
S05,c018,test,frame_000057.jpg,570,57.0,0
S05,c018,test,frame_000058.jpg,580,58.0,0
S05,c018,test,frame_000059.jpg,590,59.0,0
S05,c018,test,frame_000060.jpg,600,60.0,1
S05,c018,test,frame_000061.jpg,610,61.0,2
S05,c018,test,frame_000062.jpg,620,62.0,2
S05,c018,test,frame_000063.jpg,630,63.0,2
S05,c018,test,frame_000064.jpg,640,64.0,1
S05,c018,test,frame_000065.jpg,650,65.0,0
S05,c018,test,frame_000066.jpg,660,66.0,0
S05,c018,test,frame_000067.jpg,670,67.0,0
S05,c018,test,frame_000068.jpg,680,68.0,0
S05,c018,test,frame_000069.jpg,690,69.0,0
S05,c018,test,frame_000070.jpg,700,70.0,0
S05,c018,test,frame_000071.jpg,710,71.0,0
S05,c018,test,frame_000072.jpg,720,72.0,0
S05,c018,test,frame_000073.jpg,730,73.0,1
S05,c018,test,frame_000074.jpg,740,74.0,1
S05,c018,test,frame_000075.jpg,750,75.0,1
S05,c018,test,frame_000076.jpg,760,76.0,1
S05,c018,test,frame_000077.jpg,770,77.0,1
S05,c018,test,frame_000078.jpg,780,78.0,0
S05,c018,test,frame_000079.jpg,790,79.0,0
S05,c018,test,frame_000080.jpg,800,80.0,0
S05,c018,test,frame_000081.jpg,810,81.0,0
S05,c018,test,frame_000082.jpg,820,82.0,0
S05,c018,test,frame_000083.jpg,830,83.0,0
S05,c018,test,frame_000084.jpg,840,84.0,0
S05,c018,test,frame_000085.jpg,850,85.0,0
S05,c018,test,frame_000086.jpg,860,86.0,0
S05,c018,test,frame_000087.jpg,870,87.0,0
S05,c018,test,frame_000088.jpg,880,88.0,0
S05,c018,test,frame_000089.jpg,890,89.0,0
S05,c018,test,frame_000090.jpg,900,90.0,0
S05,c018,test,frame_000091.jpg,910,91.0,0
S05,c018,test,frame_000092.jpg,920,92.0,0
S05,c018,test,frame_000093.jpg,930,93.0,0
S05,c018,test,frame_000094.jpg,940,94.0,0
S05,c018,test,frame_000095.jpg,950,95.0,0
S05,c018,test,frame_000096.jpg,960,96.0,0
S05,c018,test,frame_000097.jpg,970,97.0,0
S05,c018,test,frame_000098.jpg,980,98.0,0
S05,c018,test,frame_000099.jpg,990,99.0,0
S05,c018,test,frame_000100.jpg,1000,100.0,0
S05,c018,test,frame_000101.jpg,1010,101.0,0
S05,c018,test,frame_000102.jpg,1020,102.0,0
S05,c018,test,frame_000103.jpg,1030,103.0,0
S05,c018,test,frame_000104.jpg,1040,104.0,0
S05,c018,test,frame_000105.jpg,1050,105.0,0
S05,c018,test,frame_000106.jpg,1060,106.0,0
S05,c018,test,frame_000107.jpg,1070,107.0,0
S05,c018,test,frame_000108.jpg,1080,108.0,0
S05,c018,test,frame_000109.jpg,1090,109.0,0
S05,c018,test,frame_000110.jpg,1100,110.0,1
S05,c018,test,frame_000111.jpg,1110,111.0,1
S05,c018,test,frame_000112.jpg,1120,112.0,1
S05,c018,test,frame_000113.jpg,1130,113.0,1
S05,c018,test,frame_000114.jpg,1140,114.0,1
S05,c018,test,frame_000115.jpg,1150,115.0,1
S05,c018,test,frame_000116.jpg,1160,116.0,1
S05,c018,test,frame_000117.jpg,1170,117.0,1
S05,c018,test,frame_000118.jpg,1180,118.0,1
S05,c018,test,frame_000119.jpg,1190,119.0,1
S05,c018,test,frame_000120.jpg,1200,120.0,0
S05,c018,test,frame_000121.jpg,1210,121.0,0
S05,c018,test,frame_000122.jpg,1220,122.0,0
S05,c018,test,frame_000123.jpg,1230,123.0,1
S05,c018,test,frame_000124.jpg,1240,124.0,1
S05,c018,test,frame_000125.jpg,1250,125.0,1
S05,c018,test,frame_000126.jpg,1260,126.0,0
S05,c018,test,frame_000127.jpg,1270,127.0,0
S05,c018,test,frame_000128.jpg,1280,128.0,0
S05,c018,test,frame_000129.jpg,1290,129.0,0
S05,c018,test,frame_000130.jpg,1300,130.0,1
S05,c018,test,frame_000131.jpg,1310,131.0,2
S05,c018,test,frame_000132.jpg,1320,132.0,3
S05,c018,test,frame_000133.jpg,1330,133.0,3
S05,c018,test,frame_000134.jpg,1340,134.0,3
S05,c018,test,frame_000135.jpg,1350,135.0,2
S05,c018,test,frame_000136.jpg,1360,136.0,1
S05,c018,test,frame_000137.jpg,1370,137.0,1
S05,c018,test,frame_000138.jpg,1380,138.0,0
S05,c018,test,frame_000139.jpg,1390,139.0,0
S05,c018,test,frame_000140.jpg,1400,140.0,1
S05,c018,test,frame_000141.jpg,1410,141.0,1
S05,c018,test,frame_000142.jpg,1420,142.0,1
S05,c018,test,frame_000143.jpg,1430,143.0,0
S05,c018,test,frame_000144.jpg,1440,144.0,0
S05,c018,test,frame_000145.jpg,1450,145.0,0
S05,c018,test,frame_000146.jpg,1460,146.0,0
S05,c018,test,frame_000147.jpg,1470,147.0,0
S05,c018,test,frame_000148.jpg,1480,148.0,1
S05,c018,test,frame_000149.jpg,1490,149.0,0
S05,c018,test,frame_000150.jpg,1500,150.0,1
S05,c018,test,frame_000151.jpg,1510,151.0,1
S05,c018,test,frame_000152.jpg,1520,152.0,1
S05,c018,test,frame_000153.jpg,1530,153.0,0
S05,c018,test,frame_000154.jpg,1540,154.0,0
S05,c018,test,frame_000155.jpg,1550,155.0,0
S05,c018,test,frame_000156.jpg,1560,156.0,0
S05,c018,test,frame_000157.jpg,1570,157.0,0
S05,c018,test,frame_000158.jpg,1580,158.0,0
S05,c018,test,frame_000159.jpg,1590,159.0,0
S05,c018,test,frame_000160.jpg,1600,160.0,0
S05,c018,test,frame_000161.jpg,1610,161.0,0
S05,c018,test,frame_000162.jpg,1620,162.0,0
S05,c018,test,frame_000163.jpg,1630,163.0,0
S05,c018,test,frame_000164.jpg,1640,164.0,0
S05,c018,test,frame_000165.jpg,1650,165.0,0
S05,c018,test,frame_000166.jpg,1660,166.0,0
S05,c018,test,frame_000167.jpg,1670,167.0,0
S05,c018,test,frame_000168.jpg,1680,168.0,0
S05,c018,test,frame_000169.jpg,1690,169.0,0
S05,c018,test,frame_000170.jpg,1700,170.0,0
S05,c018,test,frame_000171.jpg,1710,171.0,0
S05,c018,test,frame_000172.jpg,1720,172.0,0
S05,c018,test,frame_000173.jpg,1730,173.0,0
S05,c018,test,frame_000174.jpg,1740,174.0,0
S05,c018,test,frame_000175.jpg,1750,175.0,0
S05,c018,test,frame_000176.jpg,1760,176.0,1
S05,c018,test,frame_000177.jpg,1770,177.0,0
S05,c018,test,frame_000178.jpg,1780,178.0,1
S05,c018,test,frame_000179.jpg,1790,179.0,1
S05,c018,test,frame_000180.jpg,1800,180.0,1
S05,c018,test,frame_000181.jpg,1810,181.0,0
S05,c018,test,frame_000182.jpg,1820,182.0,1
S05,c018,test,frame_000183.jpg,1830,183.0,0
S05,c018,test,frame_000184.jpg,1840,184.0,0
S05,c018,test,frame_000185.jpg,1850,185.0,1
S05,c018,test,frame_000186.jpg,1860,186.0,1
S05,c018,test,frame_000187.jpg,1870,187.0,1
S05,c018,test,frame_000188.jpg,1880,188.0,0
S05,c018,test,frame_000189.jpg,1890,189.0,0
S05,c018,test,frame_000190.jpg,1900,190.0,0
S05,c018,test,frame_000191.jpg,1910,191.0,0
S05,c018,test,frame_000192.jpg,1920,192.0,0
S05,c018,test,frame_000193.jpg,1930,193.0,0
S05,c018,test,frame_000194.jpg,1940,194.0,0
S05,c018,test,frame_000195.jpg,1950,195.0,1
S05,c018,test,frame_000196.jpg,1960,196.0,1
S05,c018,test,frame_000197.jpg,1970,197.0,1
S05,c018,test,frame_000198.jpg,1980,198.0,1
S05,c018,test,frame_000199.jpg,1990,199.0,1
S05,c018,test,frame_000200.jpg,2000,200.0,0
S05,c018,test,frame_000201.jpg,2010,201.0,0
S05,c018,test,frame_000202.jpg,2020,202.0,0
S05,c018,test,frame_000203.jpg,2030,203.0,0
S05,c018,test,frame_000204.jpg,2040,204.0,0
S05,c018,test,frame_000205.jpg,2050,205.0,0
S05,c018,test,frame_000206.jpg,2060,206.0,0
S05,c018,test,frame_000207.jpg,2070,207.0,0
S05,c018,test,frame_000208.jpg,2080,208.0,0
S05,c018,test,frame_000209.jpg,2090,209.0,0
S05,c018,test,frame_000210.jpg,2100,210.0,0
S05,c018,test,frame_000211.jpg,2110,211.0,0
S05,c018,test,frame_000212.jpg,2120,212.0,0
S05,c018,test,frame_000213.jpg,2130,213.0,0
S05,c018,test,frame_000214.jpg,2140,214.0,0
S05,c018,test,frame_000215.jpg,2150,215.0,0
S05,c018,test,frame_000216.jpg,2160,216.0,0
S05,c018,test,frame_000217.jpg,2170,217.0,0
S05,c018,test,frame_000218.jpg,2180,218.0,0
S05,c018,test,frame_000219.jpg,2190,219.0,0
S05,c018,test,frame_000220.jpg,2200,220.0,0
S05,c018,test,frame_000221.jpg,2210,221.0,0
S05,c018,test,frame_000222.jpg,2220,222.0,0
S05,c018,test,frame_000223.jpg,2230,223.0,0
S05,c018,test,frame_000224.jpg,2240,224.0,0
S05,c018,test,frame_000225.jpg,2250,225.0,0
S05,c018,test,frame_000226.jpg,2260,226.0,0
S05,c018,test,frame_000227.jpg,2270,227.0,0
S05,c018,test,frame_000228.jpg,2280,228.0,0
S05,c018,test,frame_000229.jpg,2290,229.0,0
S05,c018,test,frame_000230.jpg,2300,230.0,0
S05,c018,test,frame_000231.jpg,2310,231.0,0
S05,c018,test,frame_000232.jpg,2320,232.0,0
S05,c018,test,frame_000233.jpg,2330,233.0,0
S05,c018,test,frame_000234.jpg,2340,234.0,0
S05,c018,test,frame_000235.jpg,2350,235.0,0
S05,c018,test,frame_000236.jpg,2360,236.0,0
S05,c018,test,frame_000237.jpg,2370,237.0,1
S05,c018,test,frame_000238.jpg,2380,238.0,2
S05,c018,test,frame_000239.jpg,2390,239.0,2
S05,c018,test,frame_000240.jpg,2400,240.0,2
S05,c018,test,frame_000241.jpg,2410,241.0,1
S05,c018,test,frame_000242.jpg,2420,242.0,1
S05,c018,test,frame_000243.jpg,2430,243.0,1
S05,c018,test,frame_000244.jpg,2440,244.0,1
S05,c018,test,frame_000245.jpg,2450,245.0,1
S05,c018,test,frame_000246.jpg,2460,246.0,2
S05,c018,test,frame_000247.jpg,2470,247.0,1
S05,c018,test,frame_000248.jpg,2480,248.0,3
S05,c018,test,frame_000249.jpg,2490,249.0,1
S05,c018,test,frame_000250.jpg,2500,250.0,3
S05,c018,test,frame_000251.jpg,2510,251.0,3
S05,c018,test,frame_000252.jpg,2520,252.0,2
S05,c018,test,frame_000253.jpg,2530,253.0,2
S05,c018,test,frame_000254.jpg,2540,254.0,2
S05,c018,test,frame_000255.jpg,2550,255.0,1
S05,c018,test,frame_000256.jpg,2560,256.0,1
S05,c018,test,frame_000257.jpg,2570,257.0,1
S05,c018,test,frame_000258.jpg,2580,258.0,0
S05,c018,test,frame_000259.jpg,2590,259.0,0
S05,c018,test,frame_000260.jpg,2600,260.0,0
S05,c018,test,frame_000261.jpg,2610,261.0,1
S05,c018,test,frame_000262.jpg,2620,262.0,2
S05,c018,test,frame_000263.jpg,2630,263.0,3
S05,c018,test,frame_000264.jpg,2640,264.0,2
S05,c018,test,frame_000265.jpg,2650,265.0,2
S05,c018,test,frame_000266.jpg,2660,266.0,2
S05,c018,test,frame_000267.jpg,2670,267.0,1
S05,c018,test,frame_000268.jpg,2680,268.0,1
S05,c018,test,frame_000269.jpg,2690,269.0,1
S05,c018,test,frame_000270.jpg,2700,270.0,1
S05,c018,test,frame_000271.jpg,2710,271.0,0
S05,c018,test,frame_000272.jpg,2720,272.0,0
S05,c018,test,frame_000273.jpg,2730,273.0,0
S05,c018,test,frame_000274.jpg,2740,274.0,0
S05,c018,test,frame_000275.jpg,2750,275.0,0
S05,c018,test,frame_000276.jpg,2760,276.0,0
S05,c018,test,frame_000277.jpg,2770,277.0,0
S05,c018,test,frame_000278.jpg,2780,278.0,0
S05,c018,test,frame_000279.jpg,2790,279.0,0
S05,c018,test,frame_000280.jpg,2800,280.0,0
S05,c018,test,frame_000281.jpg,2810,281.0,0
S05,c018,test,frame_000282.jpg,2820,282.0,0
S05,c018,test,frame_000283.jpg,2830,283.0,0
S05,c018,test,frame_000284.jpg,2840,284.0,0
S05,c018,test,frame_000285.jpg,2850,285.0,0
S05,c018,test,frame_000286.jpg,2860,286.0,0
S05,c018,test,frame_000287.jpg,2870,287.0,0
S05,c018,test,frame_000288.jpg,2880,288.0,0
S05,c018,test,frame_000289.jpg,2890,289.0,0
S05,c018,test,frame_000290.jpg,2900,290.0,1
S05,c018,test,frame_000291.jpg,2910,291.0,2
S05,c018,test,frame_000292.jpg,2920,292.0,1
S05,c018,test,frame_000293.jpg,2930,293.0,2
S05,c018,test,frame_000294.jpg,2940,294.0,1
S05,c018,test,frame_000295.jpg,2950,295.0,1
S05,c018,test,frame_000296.jpg,2960,296.0,1
S05,c018,test,frame_000297.jpg,2970,297.0,1
S05,c018,test,frame_000298.jpg,2980,298.0,0
S05,c018,test,frame_000299.jpg,2990,299.0,2
S05,c018,test,frame_000300.jpg,3000,300.0,1
S05,c018,test,frame_000301.jpg,3010,301.0,1
S05,c018,test,frame_000302.jpg,3020,302.0,0
S05,c018,test,frame_000303.jpg,3030,303.0,0
S05,c018,test,frame_000304.jpg,3040,304.0,0
S05,c018,test,frame_000305.jpg,3050,305.0,0
S05,c018,test,frame_000306.jpg,3060,306.0,0
S05,c018,test,frame_000307.jpg,3070,307.0,1
S05,c018,test,frame_000308.jpg,3080,308.0,0
S05,c018,test,frame_000309.jpg,3090,309.0,2
S05,c018,test,frame_000310.jpg,3100,310.0,4
S05,c018,test,frame_000311.jpg,3110,311.0,4
S05,c018,test,frame_000312.jpg,3120,312.0,3
S05,c018,test,frame_000313.jpg,3130,313.0,2
S05,c018,test,frame_000314.jpg,3140,314.0,2
S05,c018,test,frame_000315.jpg,3150,315.0,1
S05,c018,test,frame_000316.jpg,3160,316.0,0
S05,c018,test,frame_000317.jpg,3170,317.0,0
S05,c018,test,frame_000318.jpg,3180,318.0,1
S05,c018,test,frame_000319.jpg,3190,319.0,1
S05,c018,test,frame_000320.jpg,3200,320.0,0
S05,c018,test,frame_000321.jpg,3210,321.0,0
S05,c018,test,frame_000322.jpg,3220,322.0,0
S05,c018,test,frame_000323.jpg,3230,323.0,0
S05,c018,test,frame_000324.jpg,3240,324.0,0
S05,c018,test,frame_000325.jpg,3250,325.0,0
S05,c018,test,frame_000326.jpg,3260,326.0,0
S05,c018,test,frame_000327.jpg,3270,327.0,0
S05,c018,test,frame_000328.jpg,3280,328.0,0
S05,c018,test,frame_000329.jpg,3290,329.0,0
S05,c018,test,frame_000330.jpg,3300,330.0,0
S05,c018,test,frame_000331.jpg,3310,331.0,0
S05,c018,test,frame_000332.jpg,3320,332.0,0
S05,c018,test,frame_000333.jpg,3330,333.0,0
S05,c018,test,frame_000334.jpg,3340,334.0,0
S05,c018,test,frame_000335.jpg,3350,335.0,0
S05,c018,test,frame_000336.jpg,3360,336.0,0
S05,c018,test,frame_000337.jpg,3370,337.0,0
S05,c018,test,frame_000338.jpg,3380,338.0,0
S05,c018,test,frame_000339.jpg,3390,339.0,0
S05,c018,test,frame_000340.jpg,3400,340.0,0
S05,c018,test,frame_000341.jpg,3410,341.0,0
S05,c018,test,frame_000342.jpg,3420,342.0,0
S05,c018,test,frame_000343.jpg,3430,343.0,1
S05,c018,test,frame_000344.jpg,3440,344.0,1
S05,c018,test,frame_000345.jpg,3450,345.0,2
S05,c018,test,frame_000346.jpg,3460,346.0,2
S05,c018,test,frame_000347.jpg,3470,347.0,2
S05,c018,test,frame_000348.jpg,3480,348.0,0
S05,c018,test,frame_000349.jpg,3490,349.0,1
S05,c018,test,frame_000350.jpg,3500,350.0,1
S05,c018,test,frame_000351.jpg,3510,351.0,1
S05,c018,test,frame_000352.jpg,3520,352.0,0
S05,c018,test,frame_000353.jpg,3530,353.0,0
S05,c018,test,frame_000354.jpg,3540,354.0,0
S05,c018,test,frame_000355.jpg,3550,355.0,1
S05,c018,test,frame_000356.jpg,3560,356.0,2
S05,c018,test,frame_000357.jpg,3570,357.0,2
S05,c018,test,frame_000358.jpg,3580,358.0,2
S05,c018,test,frame_000359.jpg,3590,359.0,2
S05,c018,test,frame_000360.jpg,3600,360.0,1
S05,c018,test,frame_000361.jpg,3610,361.0,1
S05,c018,test,frame_000362.jpg,3620,362.0,0
S05,c018,test,frame_000363.jpg,3630,363.0,0
S05,c018,test,frame_000364.jpg,3640,364.0,0
S05,c018,test,frame_000365.jpg,3650,365.0,0
S05,c018,test,frame_000366.jpg,3660,366.0,0
S05,c018,test,frame_000367.jpg,3670,367.0,1
S05,c018,test,frame_000368.jpg,3680,368.0,1
S05,c018,test,frame_000369.jpg,3690,369.0,0
S05,c018,test,frame_000370.jpg,3700,370.0,1
S05,c018,test,frame_000371.jpg,3710,371.0,0
S05,c018,test,frame_000372.jpg,3720,372.0,0
S05,c018,test,frame_000373.jpg,3730,373.0,1
S05,c018,test,frame_000374.jpg,3740,374.0,1
S05,c018,test,frame_000375.jpg,3750,375.0,1
S05,c018,test,frame_000376.jpg,3760,376.0,2
S05,c018,test,frame_000377.jpg,3770,377.0,1
S05,c018,test,frame_000378.jpg,3780,378.0,2
S05,c018,test,frame_000379.jpg,3790,379.0,2
S05,c018,test,frame_000380.jpg,3800,380.0,1
S05,c018,test,frame_000381.jpg,3810,381.0,2
S05,c018,test,frame_000382.jpg,3820,382.0,1
S05,c018,test,frame_000383.jpg,3830,383.0,1
S05,c018,test,frame_000384.jpg,3840,384.0,1
S05,c019,test,frame_000000.jpg,0,0.0,0
S05,c019,test,frame_000001.jpg,10,1.0,0
S05,c019,test,frame_000002.jpg,20,2.0,0
S05,c019,test,frame_000003.jpg,30,3.0,0
S05,c019,test,frame_000004.jpg,40,4.0,0
S05,c019,test,frame_000005.jpg,50,5.0,0
S05,c019,test,frame_000006.jpg,60,6.0,1
S05,c019,test,frame_000007.jpg,70,7.0,0
S05,c019,test,frame_000008.jpg,80,8.0,1
S05,c019,test,frame_000009.jpg,90,9.0,0
S05,c019,test,frame_000010.jpg,100,10.0,1
S05,c019,test,frame_000011.jpg,110,11.0,0
S05,c019,test,frame_000012.jpg,120,12.0,0
S05,c019,test,frame_000013.jpg,130,13.0,0
S05,c019,test,frame_000014.jpg,140,14.0,1
S05,c019,test,frame_000015.jpg,150,15.0,0
S05,c019,test,frame_000016.jpg,160,16.0,0
S05,c019,test,frame_000017.jpg,170,17.0,0
S05,c019,test,frame_000018.jpg,180,18.0,0
S05,c019,test,frame_000019.jpg,190,19.0,0
S05,c019,test,frame_000020.jpg,200,20.0,1
S05,c019,test,frame_000021.jpg,210,21.0,0
S05,c019,test,frame_000022.jpg,220,22.0,0
S05,c019,test,frame_000023.jpg,230,23.0,1
S05,c019,test,frame_000024.jpg,240,24.0,0
S05,c019,test,frame_000025.jpg,250,25.0,2
S05,c019,test,frame_000026.jpg,260,26.0,1
S05,c019,test,frame_000027.jpg,270,27.0,1
S05,c019,test,frame_000028.jpg,280,28.0,1
S05,c019,test,frame_000029.jpg,290,29.0,2
S05,c019,test,frame_000030.jpg,300,30.0,2
S05,c019,test,frame_000031.jpg,310,31.0,2
S05,c019,test,frame_000032.jpg,320,32.0,1
S05,c019,test,frame_000033.jpg,330,33.0,2
S05,c019,test,frame_000034.jpg,340,34.0,1
S05,c019,test,frame_000035.jpg,350,35.0,1
S05,c019,test,frame_000036.jpg,360,36.0,1
S05,c019,test,frame_000037.jpg,370,37.0,1
S05,c019,test,frame_000038.jpg,380,38.0,0
S05,c019,test,frame_000039.jpg,390,39.0,0
S05,c019,test,frame_000040.jpg,400,40.0,0
S05,c019,test,frame_000041.jpg,410,41.0,0
S05,c019,test,frame_000042.jpg,420,42.0,0
S05,c019,test,frame_000043.jpg,430,43.0,0
S05,c019,test,frame_000044.jpg,440,44.0,0
S05,c019,test,frame_000045.jpg,450,45.0,1
S05,c019,test,frame_000046.jpg,460,46.0,0
S05,c019,test,frame_000047.jpg,470,47.0,0
S05,c019,test,frame_000048.jpg,480,48.0,0
S05,c019,test,frame_000049.jpg,490,49.0,0
S05,c019,test,frame_000050.jpg,500,50.0,0
S05,c019,test,frame_000051.jpg,510,51.0,1
S05,c019,test,frame_000052.jpg,520,52.0,0
S05,c019,test,frame_000053.jpg,530,53.0,0
S05,c019,test,frame_000054.jpg,540,54.0,0
S05,c019,test,frame_000055.jpg,550,55.0,0
S05,c019,test,frame_000056.jpg,560,56.0,0
S05,c019,test,frame_000057.jpg,570,57.0,0
S05,c019,test,frame_000058.jpg,580,58.0,0
S05,c019,test,frame_000059.jpg,590,59.0,0
S05,c019,test,frame_000060.jpg,600,60.0,0
S05,c019,test,frame_000061.jpg,610,61.0,0
S05,c019,test,frame_000062.jpg,620,62.0,1
S05,c019,test,frame_000063.jpg,630,63.0,0
S05,c019,test,frame_000064.jpg,640,64.0,0
S05,c019,test,frame_000065.jpg,650,65.0,0
S05,c019,test,frame_000066.jpg,660,66.0,0
S05,c019,test,frame_000067.jpg,670,67.0,0
S05,c019,test,frame_000068.jpg,680,68.0,0
S05,c019,test,frame_000069.jpg,690,69.0,1
S05,c019,test,frame_000070.jpg,700,70.0,0
S05,c019,test,frame_000071.jpg,710,71.0,0
S05,c019,test,frame_000072.jpg,720,72.0,0
S05,c019,test,frame_000073.jpg,730,73.0,0
S05,c019,test,frame_000074.jpg,740,74.0,0
S05,c019,test,frame_000075.jpg,750,75.0,0
S05,c019,test,frame_000076.jpg,760,76.0,0
S05,c019,test,frame_000077.jpg,770,77.0,0
S05,c019,test,frame_000078.jpg,780,78.0,0
S05,c019,test,frame_000079.jpg,790,79.0,0
S05,c019,test,frame_000080.jpg,800,80.0,0
S05,c019,test,frame_000081.jpg,810,81.0,0
S05,c019,test,frame_000082.jpg,820,82.0,1
S05,c019,test,frame_000083.jpg,830,83.0,0
S05,c019,test,frame_000084.jpg,840,84.0,0
S05,c019,test,frame_000085.jpg,850,85.0,0
S05,c019,test,frame_000086.jpg,860,86.0,0
S05,c019,test,frame_000087.jpg,870,87.0,0
S05,c019,test,frame_000088.jpg,880,88.0,0
S05,c019,test,frame_000089.jpg,890,89.0,0
S05,c019,test,frame_000090.jpg,900,90.0,0
S05,c019,test,frame_000091.jpg,910,91.0,0
S05,c019,test,frame_000092.jpg,920,92.0,0
S05,c019,test,frame_000093.jpg,930,93.0,0
S05,c019,test,frame_000094.jpg,940,94.0,0
S05,c019,test,frame_000095.jpg,950,95.0,0
S05,c019,test,frame_000096.jpg,960,96.0,0
S05,c019,test,frame_000097.jpg,970,97.0,0
S05,c019,test,frame_000098.jpg,980,98.0,0
S05,c019,test,frame_000099.jpg,990,99.0,0
S05,c019,test,frame_000100.jpg,1000,100.0,0
S05,c019,test,frame_000101.jpg,1010,101.0,0
S05,c019,test,frame_000102.jpg,1020,102.0,0
S05,c019,test,frame_000103.jpg,1030,103.0,0
S05,c019,test,frame_000104.jpg,1040,104.0,0
S05,c019,test,frame_000105.jpg,1050,105.0,0
S05,c019,test,frame_000106.jpg,1060,106.0,0
S05,c019,test,frame_000107.jpg,1070,107.0,0
S05,c019,test,frame_000108.jpg,1080,108.0,0
S05,c019,test,frame_000109.jpg,1090,109.0,0
S05,c019,test,frame_000110.jpg,1100,110.0,0
S05,c019,test,frame_000111.jpg,1110,111.0,0
S05,c019,test,frame_000112.jpg,1120,112.0,0
S05,c019,test,frame_000113.jpg,1130,113.0,0
S05,c019,test,frame_000114.jpg,1140,114.0,0
S05,c019,test,frame_000115.jpg,1150,115.0,0
S05,c019,test,frame_000116.jpg,1160,116.0,0
S05,c019,test,frame_000117.jpg,1170,117.0,0
S05,c019,test,frame_000118.jpg,1180,118.0,0
S05,c019,test,frame_000119.jpg,1190,119.0,0
S05,c019,test,frame_000120.jpg,1200,120.0,1
S05,c019,test,frame_000121.jpg,1210,121.0,0
S05,c019,test,frame_000122.jpg,1220,122.0,0
S05,c019,test,frame_000123.jpg,1230,123.0,0
S05,c019,test,frame_000124.jpg,1240,124.0,0
S05,c019,test,frame_000125.jpg,1250,125.0,1
S05,c019,test,frame_000126.jpg,1260,126.0,0
S05,c019,test,frame_000127.jpg,1270,127.0,0
S05,c019,test,frame_000128.jpg,1280,128.0,0
S05,c019,test,frame_000129.jpg,1290,129.0,0
S05,c019,test,frame_000130.jpg,1300,130.0,0
S05,c019,test,frame_000131.jpg,1310,131.0,1
S05,c019,test,frame_000132.jpg,1320,132.0,0
S05,c019,test,frame_000133.jpg,1330,133.0,0
S05,c019,test,frame_000134.jpg,1340,134.0,0
S05,c019,test,frame_000135.jpg,1350,135.0,0
S05,c019,test,frame_000136.jpg,1360,136.0,0
S05,c019,test,frame_000137.jpg,1370,137.0,1
S05,c019,test,frame_000138.jpg,1380,138.0,1
S05,c019,test,frame_000139.jpg,1390,139.0,0
S05,c019,test,frame_000140.jpg,1400,140.0,1
S05,c019,test,frame_000141.jpg,1410,141.0,0
S05,c019,test,frame_000142.jpg,1420,142.0,1
S05,c019,test,frame_000143.jpg,1430,143.0,0
S05,c019,test,frame_000144.jpg,1440,144.0,1
S05,c019,test,frame_000145.jpg,1450,145.0,0
S05,c019,test,frame_000146.jpg,1460,146.0,0
S05,c019,test,frame_000147.jpg,1470,147.0,0
S05,c019,test,frame_000148.jpg,1480,148.0,0
S05,c019,test,frame_000149.jpg,1490,149.0,0
S05,c019,test,frame_000150.jpg,1500,150.0,0
S05,c019,test,frame_000151.jpg,1510,151.0,0
S05,c019,test,frame_000152.jpg,1520,152.0,0
S05,c019,test,frame_000153.jpg,1530,153.0,0
S05,c019,test,frame_000154.jpg,1540,154.0,0
S05,c019,test,frame_000155.jpg,1550,155.0,0
S05,c019,test,frame_000156.jpg,1560,156.0,0
S05,c019,test,frame_000157.jpg,1570,157.0,0
S05,c019,test,frame_000158.jpg,1580,158.0,1
S05,c019,test,frame_000159.jpg,1590,159.0,0
S05,c019,test,frame_000160.jpg,1600,160.0,0
S05,c019,test,frame_000161.jpg,1610,161.0,0
S05,c019,test,frame_000162.jpg,1620,162.0,0
S05,c019,test,frame_000163.jpg,1630,163.0,0
S05,c019,test,frame_000164.jpg,1640,164.0,0
S05,c019,test,frame_000165.jpg,1650,165.0,0
S05,c019,test,frame_000166.jpg,1660,166.0,0
S05,c019,test,frame_000167.jpg,1670,167.0,0
S05,c019,test,frame_000168.jpg,1680,168.0,0
S05,c019,test,frame_000169.jpg,1690,169.0,0
S05,c019,test,frame_000170.jpg,1700,170.0,0
S05,c019,test,frame_000171.jpg,1710,171.0,0
S05,c019,test,frame_000172.jpg,1720,172.0,0
S05,c019,test,frame_000173.jpg,1730,173.0,0
S05,c019,test,frame_000174.jpg,1740,174.0,0
S05,c019,test,frame_000175.jpg,1750,175.0,0
S05,c019,test,frame_000176.jpg,1760,176.0,0
S05,c019,test,frame_000177.jpg,1770,177.0,0
S05,c019,test,frame_000178.jpg,1780,178.0,0
S05,c019,test,frame_000179.jpg,1790,179.0,0
S05,c019,test,frame_000180.jpg,1800,180.0,0
S05,c019,test,frame_000181.jpg,1810,181.0,0
S05,c019,test,frame_000182.jpg,1820,182.0,0
S05,c019,test,frame_000183.jpg,1830,183.0,0
S05,c019,test,frame_000184.jpg,1840,184.0,0
S05,c019,test,frame_000185.jpg,1850,185.0,0
S05,c019,test,frame_000186.jpg,1860,186.0,2
S05,c019,test,frame_000187.jpg,1870,187.0,0
S05,c019,test,frame_000188.jpg,1880,188.0,0
S05,c019,test,frame_000189.jpg,1890,189.0,0
S05,c019,test,frame_000190.jpg,1900,190.0,0
S05,c019,test,frame_000191.jpg,1910,191.0,0
S05,c019,test,frame_000192.jpg,1920,192.0,0
S05,c019,test,frame_000193.jpg,1930,193.0,1
S05,c019,test,frame_000194.jpg,1940,194.0,0
S05,c019,test,frame_000195.jpg,1950,195.0,0
S05,c019,test,frame_000196.jpg,1960,196.0,0
S05,c019,test,frame_000197.jpg,1970,197.0,0
S05,c019,test,frame_000198.jpg,1980,198.0,0
S05,c019,test,frame_000199.jpg,1990,199.0,0
S05,c019,test,frame_000200.jpg,2000,200.0,0
S05,c019,test,frame_000201.jpg,2010,201.0,0
S05,c019,test,frame_000202.jpg,2020,202.0,0
S05,c019,test,frame_000203.jpg,2030,203.0,0
S05,c019,test,frame_000204.jpg,2040,204.0,1
S05,c019,test,frame_000205.jpg,2050,205.0,0
S05,c019,test,frame_000206.jpg,2060,206.0,0
S05,c019,test,frame_000207.jpg,2070,207.0,0
S05,c019,test,frame_000208.jpg,2080,208.0,0
S05,c019,test,frame_000209.jpg,2090,209.0,0
S05,c019,test,frame_000210.jpg,2100,210.0,0
S05,c019,test,frame_000211.jpg,2110,211.0,0
S05,c019,test,frame_000212.jpg,2120,212.0,0
S05,c019,test,frame_000213.jpg,2130,213.0,0
S05,c019,test,frame_000214.jpg,2140,214.0,0
S05,c019,test,frame_000215.jpg,2150,215.0,0
S05,c019,test,frame_000216.jpg,2160,216.0,0
S05,c019,test,frame_000217.jpg,2170,217.0,0
S05,c019,test,frame_000218.jpg,2180,218.0,0
S05,c019,test,frame_000219.jpg,2190,219.0,0
S05,c019,test,frame_000220.jpg,2200,220.0,0
S05,c019,test,frame_000221.jpg,2210,221.0,0
S05,c019,test,frame_000222.jpg,2220,222.0,0
S05,c019,test,frame_000223.jpg,2230,223.0,0
S05,c019,test,frame_000224.jpg,2240,224.0,0
S05,c019,test,frame_000225.jpg,2250,225.0,0
S05,c019,test,frame_000226.jpg,2260,226.0,0
S05,c019,test,frame_000227.jpg,2270,227.0,0
S05,c019,test,frame_000228.jpg,2280,228.0,0
S05,c019,test,frame_000229.jpg,2290,229.0,0
S05,c019,test,frame_000230.jpg,2300,230.0,0
S05,c019,test,frame_000231.jpg,2310,231.0,0
S05,c019,test,frame_000232.jpg,2320,232.0,0
S05,c019,test,frame_000233.jpg,2330,233.0,0
S05,c019,test,frame_000234.jpg,2340,234.0,0
S05,c019,test,frame_000235.jpg,2350,235.0,0
S05,c019,test,frame_000236.jpg,2360,236.0,0
S05,c019,test,frame_000237.jpg,2370,237.0,0
S05,c019,test,frame_000238.jpg,2380,238.0,1
S05,c019,test,frame_000239.jpg,2390,239.0,1
S05,c019,test,frame_000240.jpg,2400,240.0,1
S05,c019,test,frame_000241.jpg,2410,241.0,1
S05,c019,test,frame_000242.jpg,2420,242.0,1
S05,c019,test,frame_000243.jpg,2430,243.0,0
S05,c019,test,frame_000244.jpg,2440,244.0,0
S05,c019,test,frame_000245.jpg,2450,245.0,1
S05,c019,test,frame_000246.jpg,2460,246.0,0
S05,c019,test,frame_000247.jpg,2470,247.0,0
S05,c019,test,frame_000248.jpg,2480,248.0,1
S05,c019,test,frame_000249.jpg,2490,249.0,0
S05,c019,test,frame_000250.jpg,2500,250.0,0
S05,c019,test,frame_000251.jpg,2510,251.0,0
S05,c019,test,frame_000252.jpg,2520,252.0,0
S05,c019,test,frame_000253.jpg,2530,253.0,0
S05,c019,test,frame_000254.jpg,2540,254.0,1
S05,c019,test,frame_000255.jpg,2550,255.0,1
S05,c019,test,frame_000256.jpg,2560,256.0,1
S05,c019,test,frame_000257.jpg,2570,257.0,0
S05,c019,test,frame_000258.jpg,2580,258.0,0
S05,c019,test,frame_000259.jpg,2590,259.0,1
S05,c019,test,frame_000260.jpg,2600,260.0,0
S05,c019,test,frame_000261.jpg,2610,261.0,0
S05,c019,test,frame_000262.jpg,2620,262.0,1
S05,c019,test,frame_000263.jpg,2630,263.0,0
S05,c019,test,frame_000264.jpg,2640,264.0,0
S05,c019,test,frame_000265.jpg,2650,265.0,0
S05,c019,test,frame_000266.jpg,2660,266.0,0
S05,c019,test,frame_000267.jpg,2670,267.0,0
S05,c019,test,frame_000268.jpg,2680,268.0,0
S05,c019,test,frame_000269.jpg,2690,269.0,0
S05,c019,test,frame_000270.jpg,2700,270.0,2
S05,c019,test,frame_000271.jpg,2710,271.0,1
S05,c019,test,frame_000272.jpg,2720,272.0,0
S05,c019,test,frame_000273.jpg,2730,273.0,1
S05,c019,test,frame_000274.jpg,2740,274.0,0
S05,c019,test,frame_000275.jpg,2750,275.0,0
S05,c019,test,frame_000276.jpg,2760,276.0,0
S05,c019,test,frame_000277.jpg,2770,277.0,0
S05,c019,test,frame_000278.jpg,2780,278.0,0
S05,c019,test,frame_000279.jpg,2790,279.0,0
S05,c019,test,frame_000280.jpg,2800,280.0,0
S05,c019,test,frame_000281.jpg,2810,281.0,0
S05,c019,test,frame_000282.jpg,2820,282.0,0
S05,c019,test,frame_000283.jpg,2830,283.0,0
S05,c019,test,frame_000284.jpg,2840,284.0,0
S05,c019,test,frame_000285.jpg,2850,285.0,0
S05,c019,test,frame_000286.jpg,2860,286.0,0
S05,c019,test,frame_000287.jpg,2870,287.0,0
S05,c019,test,frame_000288.jpg,2880,288.0,0
S05,c019,test,frame_000289.jpg,2890,289.0,0
S05,c019,test,frame_000290.jpg,2900,290.0,0
S05,c019,test,frame_000291.jpg,2910,291.0,0
S05,c019,test,frame_000292.jpg,2920,292.0,0
S05,c019,test,frame_000293.jpg,2930,293.0,0
S05,c019,test,frame_000294.jpg,2940,294.0,0
S05,c019,test,frame_000295.jpg,2950,295.0,1
S05,c019,test,frame_000296.jpg,2960,296.0,1
S05,c019,test,frame_000297.jpg,2970,297.0,1
S05,c019,test,frame_000298.jpg,2980,298.0,1
S05,c019,test,frame_000299.jpg,2990,299.0,1
S05,c019,test,frame_000300.jpg,3000,300.0,2
S05,c019,test,frame_000301.jpg,3010,301.0,1
S05,c019,test,frame_000302.jpg,3020,302.0,0
S05,c019,test,frame_000303.jpg,3030,303.0,1
S05,c019,test,frame_000304.jpg,3040,304.0,0
S05,c019,test,frame_000305.jpg,3050,305.0,0
S05,c019,test,frame_000306.jpg,3060,306.0,1
S05,c019,test,frame_000307.jpg,3070,307.0,2
S05,c019,test,frame_000308.jpg,3080,308.0,1
S05,c019,test,frame_000309.jpg,3090,309.0,1
S05,c019,test,frame_000310.jpg,3100,310.0,1
S05,c019,test,frame_000311.jpg,3110,311.0,0
S05,c019,test,frame_000312.jpg,3120,312.0,0
S05,c019,test,frame_000313.jpg,3130,313.0,0
S05,c019,test,frame_000314.jpg,3140,314.0,0
S05,c019,test,frame_000315.jpg,3150,315.0,0
S05,c019,test,frame_000316.jpg,3160,316.0,0
S05,c019,test,frame_000317.jpg,3170,317.0,1
S05,c019,test,frame_000318.jpg,3180,318.0,1
S05,c019,test,frame_000319.jpg,3190,319.0,0
S05,c019,test,frame_000320.jpg,3200,320.0,1
S05,c019,test,frame_000321.jpg,3210,321.0,1
S05,c019,test,frame_000322.jpg,3220,322.0,1
S05,c019,test,frame_000323.jpg,3230,323.0,0
S05,c019,test,frame_000324.jpg,3240,324.0,0
S05,c019,test,frame_000325.jpg,3250,325.0,0
S05,c019,test,frame_000326.jpg,3260,326.0,0
S05,c019,test,frame_000327.jpg,3270,327.0,0
S05,c019,test,frame_000328.jpg,3280,328.0,0
S05,c019,test,frame_000329.jpg,3290,329.0,0
S05,c019,test,frame_000330.jpg,3300,330.0,0
S05,c019,test,frame_000331.jpg,3310,331.0,0
S05,c019,test,frame_000332.jpg,3320,332.0,0
S05,c019,test,frame_000333.jpg,3330,333.0,0
S05,c019,test,frame_000334.jpg,3340,334.0,0
S05,c019,test,frame_000335.jpg,3350,335.0,0
S05,c019,test,frame_000336.jpg,3360,336.0,0
S05,c019,test,frame_000337.jpg,3370,337.0,0
S05,c019,test,frame_000338.jpg,3380,338.0,0
S05,c019,test,frame_000339.jpg,3390,339.0,0
S05,c019,test,frame_000340.jpg,3400,340.0,0
S05,c019,test,frame_000341.jpg,3410,341.0,0
S05,c019,test,frame_000342.jpg,3420,342.0,0
S05,c019,test,frame_000343.jpg,3430,343.0,0
S05,c019,test,frame_000344.jpg,3440,344.0,0
S05,c019,test,frame_000345.jpg,3450,345.0,0
S05,c019,test,frame_000346.jpg,3460,346.0,0
S05,c019,test,frame_000347.jpg,3470,347.0,0
S05,c019,test,frame_000348.jpg,3480,348.0,0
S05,c019,test,frame_000349.jpg,3490,349.0,1
S05,c019,test,frame_000350.jpg,3500,350.0,0
S05,c019,test,frame_000351.jpg,3510,351.0,0
S05,c019,test,frame_000352.jpg,3520,352.0,1
S05,c019,test,frame_000353.jpg,3530,353.0,1
S05,c019,test,frame_000354.jpg,3540,354.0,1
S05,c019,test,frame_000355.jpg,3550,355.0,1
S05,c019,test,frame_000356.jpg,3560,356.0,2
S05,c019,test,frame_000357.jpg,3570,357.0,0
S05,c019,test,frame_000358.jpg,3580,358.0,0
S05,c019,test,frame_000359.jpg,3590,359.0,1
S05,c019,test,frame_000360.jpg,3600,360.0,0
S05,c019,test,frame_000361.jpg,3610,361.0,0
S05,c019,test,frame_000362.jpg,3620,362.0,0
S05,c019,test,frame_000363.jpg,3630,363.0,1
S05,c019,test,frame_000364.jpg,3640,364.0,0
S05,c019,test,frame_000365.jpg,3650,365.0,0
S05,c019,test,frame_000366.jpg,3660,366.0,0
S05,c019,test,frame_000367.jpg,3670,367.0,1
S05,c019,test,frame_000368.jpg,3680,368.0,0
S05,c019,test,frame_000369.jpg,3690,369.0,0
S05,c019,test,frame_000370.jpg,3700,370.0,0
S05,c019,test,frame_000371.jpg,3710,371.0,0
S05,c019,test,frame_000372.jpg,3720,372.0,0
S05,c019,test,frame_000373.jpg,3730,373.0,0
S05,c019,test,frame_000374.jpg,3740,374.0,0
S05,c019,test,frame_000375.jpg,3750,375.0,0
S05,c019,test,frame_000376.jpg,3760,376.0,0
S05,c019,test,frame_000377.jpg,3770,377.0,0
S05,c019,test,frame_000378.jpg,3780,378.0,0
S05,c019,test,frame_000379.jpg,3790,379.0,0
S05,c019,test,frame_000380.jpg,3800,380.0,0
S05,c019,test,frame_000381.jpg,3810,381.0,0
S05,c019,test,frame_000382.jpg,3820,382.0,1
S05,c019,test,frame_000383.jpg,3830,383.0,0
S05,c019,test,frame_000384.jpg,3840,384.0,1
S05,c019,test,frame_000385.jpg,3850,385.0,0
S05,c019,test,frame_000386.jpg,3860,386.0,0
S05,c019,test,frame_000387.jpg,3870,387.0,1
S05,c019,test,frame_000388.jpg,3880,388.0,0
S05,c019,test,frame_000389.jpg,3890,389.0,1
S05,c020,test,frame_000000.jpg,0,0.0,4
S05,c020,test,frame_000001.jpg,10,1.0,3
S05,c020,test,frame_000002.jpg,20,2.0,3
S05,c020,test,frame_000003.jpg,30,3.0,3
S05,c020,test,frame_000004.jpg,40,4.0,4
S05,c020,test,frame_000005.jpg,50,5.0,3
S05,c020,test,frame_000006.jpg,60,6.0,5
S05,c020,test,frame_000007.jpg,70,7.0,5
S05,c020,test,frame_000008.jpg,80,8.0,4
S05,c020,test,frame_000009.jpg,90,9.0,3
S05,c020,test,frame_000010.jpg,100,10.0,3
S05,c020,test,frame_000011.jpg,110,11.0,3
S05,c020,test,frame_000012.jpg,120,12.0,4
S05,c020,test,frame_000013.jpg,130,13.0,3
S05,c020,test,frame_000014.jpg,140,14.0,4
S05,c020,test,frame_000015.jpg,150,15.0,3
S05,c020,test,frame_000016.jpg,160,16.0,4
S05,c020,test,frame_000017.jpg,170,17.0,4
S05,c020,test,frame_000018.jpg,180,18.0,2
S05,c020,test,frame_000019.jpg,190,19.0,3
S05,c020,test,frame_000020.jpg,200,20.0,3
S05,c020,test,frame_000021.jpg,210,21.0,4
S05,c020,test,frame_000022.jpg,220,22.0,4
S05,c020,test,frame_000023.jpg,230,23.0,4
S05,c020,test,frame_000024.jpg,240,24.0,3
S05,c020,test,frame_000025.jpg,250,25.0,5
S05,c020,test,frame_000026.jpg,260,26.0,4
S05,c020,test,frame_000027.jpg,270,27.0,3
S05,c020,test,frame_000028.jpg,280,28.0,3
S05,c020,test,frame_000029.jpg,290,29.0,4
S05,c020,test,frame_000030.jpg,300,30.0,4
S05,c020,test,frame_000031.jpg,310,31.0,5
S05,c020,test,frame_000032.jpg,320,32.0,3
S05,c020,test,frame_000033.jpg,330,33.0,3
S05,c020,test,frame_000034.jpg,340,34.0,3
S05,c020,test,frame_000035.jpg,350,35.0,4
S05,c020,test,frame_000036.jpg,360,36.0,2
S05,c020,test,frame_000037.jpg,370,37.0,4
S05,c020,test,frame_000038.jpg,380,38.0,4
S05,c020,test,frame_000039.jpg,390,39.0,4
S05,c020,test,frame_000040.jpg,400,40.0,4
S05,c020,test,frame_000041.jpg,410,41.0,5
S05,c020,test,frame_000042.jpg,420,42.0,6
S05,c020,test,frame_000043.jpg,430,43.0,3
S05,c020,test,frame_000044.jpg,440,44.0,7
S05,c020,test,frame_000045.jpg,450,45.0,5
S05,c020,test,frame_000046.jpg,460,46.0,3
S05,c020,test,frame_000047.jpg,470,47.0,5
S05,c020,test,frame_000048.jpg,480,48.0,5
S05,c020,test,frame_000049.jpg,490,49.0,3
S05,c020,test,frame_000050.jpg,500,50.0,4
S05,c020,test,frame_000051.jpg,510,51.0,4
S05,c020,test,frame_000052.jpg,520,52.0,5
S05,c020,test,frame_000053.jpg,530,53.0,4
S05,c020,test,frame_000054.jpg,540,54.0,3
S05,c020,test,frame_000055.jpg,550,55.0,3
S05,c020,test,frame_000056.jpg,560,56.0,3
S05,c020,test,frame_000057.jpg,570,57.0,3
S05,c020,test,frame_000058.jpg,580,58.0,4
S05,c020,test,frame_000059.jpg,590,59.0,5
S05,c020,test,frame_000060.jpg,600,60.0,4
S05,c020,test,frame_000061.jpg,610,61.0,6
S05,c020,test,frame_000062.jpg,620,62.0,4
S05,c020,test,frame_000063.jpg,630,63.0,5
S05,c020,test,frame_000064.jpg,640,64.0,3
S05,c020,test,frame_000065.jpg,650,65.0,2
S05,c020,test,frame_000066.jpg,660,66.0,3
S05,c020,test,frame_000067.jpg,670,67.0,5
S05,c020,test,frame_000068.jpg,680,68.0,4
S05,c020,test,frame_000069.jpg,690,69.0,3
S05,c020,test,frame_000070.jpg,700,70.0,3
S05,c020,test,frame_000071.jpg,710,71.0,2
S05,c020,test,frame_000072.jpg,720,72.0,2
S05,c020,test,frame_000073.jpg,730,73.0,2
S05,c020,test,frame_000074.jpg,740,74.0,3
S05,c020,test,frame_000075.jpg,750,75.0,2
S05,c020,test,frame_000076.jpg,760,76.0,2
S05,c020,test,frame_000077.jpg,770,77.0,2
S05,c020,test,frame_000078.jpg,780,78.0,2
S05,c020,test,frame_000079.jpg,790,79.0,4
S05,c020,test,frame_000080.jpg,800,80.0,4
S05,c020,test,frame_000081.jpg,810,81.0,5
S05,c020,test,frame_000082.jpg,820,82.0,5
S05,c020,test,frame_000083.jpg,830,83.0,3
S05,c020,test,frame_000084.jpg,840,84.0,3
S05,c020,test,frame_000085.jpg,850,85.0,3
S05,c020,test,frame_000086.jpg,860,86.0,5
S05,c020,test,frame_000087.jpg,870,87.0,4
S05,c020,test,frame_000088.jpg,880,88.0,3
S05,c020,test,frame_000089.jpg,890,89.0,4
S05,c020,test,frame_000090.jpg,900,90.0,5
S05,c020,test,frame_000091.jpg,910,91.0,3
S05,c020,test,frame_000092.jpg,920,92.0,4
S05,c020,test,frame_000093.jpg,930,93.0,4
S05,c020,test,frame_000094.jpg,940,94.0,4
S05,c020,test,frame_000095.jpg,950,95.0,4
S05,c020,test,frame_000096.jpg,960,96.0,3
S05,c020,test,frame_000097.jpg,970,97.0,3
S05,c020,test,frame_000098.jpg,980,98.0,4
S05,c020,test,frame_000099.jpg,990,99.0,4
S05,c020,test,frame_000100.jpg,1000,100.0,4
S05,c020,test,frame_000101.jpg,1010,101.0,4
S05,c020,test,frame_000102.jpg,1020,102.0,4
S05,c020,test,frame_000103.jpg,1030,103.0,4
S05,c020,test,frame_000104.jpg,1040,104.0,4
S05,c020,test,frame_000105.jpg,1050,105.0,4
S05,c020,test,frame_000106.jpg,1060,106.0,3
S05,c020,test,frame_000107.jpg,1070,107.0,3
S05,c020,test,frame_000108.jpg,1080,108.0,3
S05,c020,test,frame_000109.jpg,1090,109.0,2
S05,c020,test,frame_000110.jpg,1100,110.0,3
S05,c020,test,frame_000111.jpg,1110,111.0,3
S05,c020,test,frame_000112.jpg,1120,112.0,4
S05,c020,test,frame_000113.jpg,1130,113.0,3
S05,c020,test,frame_000114.jpg,1140,114.0,4
S05,c020,test,frame_000115.jpg,1150,115.0,3
S05,c020,test,frame_000116.jpg,1160,116.0,4
S05,c020,test,frame_000117.jpg,1170,117.0,3
S05,c020,test,frame_000118.jpg,1180,118.0,6
S05,c020,test,frame_000119.jpg,1190,119.0,4
S05,c020,test,frame_000120.jpg,1200,120.0,2
S05,c020,test,frame_000121.jpg,1210,121.0,3
S05,c020,test,frame_000122.jpg,1220,122.0,3
S05,c020,test,frame_000123.jpg,1230,123.0,3
S05,c020,test,frame_000124.jpg,1240,124.0,5
S05,c020,test,frame_000125.jpg,1250,125.0,4
S05,c020,test,frame_000126.jpg,1260,126.0,5
S05,c020,test,frame_000127.jpg,1270,127.0,3
S05,c020,test,frame_000128.jpg,1280,128.0,2
S05,c020,test,frame_000129.jpg,1290,129.0,4
S05,c020,test,frame_000130.jpg,1300,130.0,5
S05,c020,test,frame_000131.jpg,1310,131.0,6
S05,c020,test,frame_000132.jpg,1320,132.0,6
S05,c020,test,frame_000133.jpg,1330,133.0,5
S05,c020,test,frame_000134.jpg,1340,134.0,4
S05,c020,test,frame_000135.jpg,1350,135.0,4
S05,c020,test,frame_000136.jpg,1360,136.0,3
S05,c020,test,frame_000137.jpg,1370,137.0,3
S05,c020,test,frame_000138.jpg,1380,138.0,5
S05,c020,test,frame_000139.jpg,1390,139.0,4
S05,c020,test,frame_000140.jpg,1400,140.0,5
S05,c020,test,frame_000141.jpg,1410,141.0,2
S05,c020,test,frame_000142.jpg,1420,142.0,4
S05,c020,test,frame_000143.jpg,1430,143.0,4
S05,c020,test,frame_000144.jpg,1440,144.0,6
S05,c020,test,frame_000145.jpg,1450,145.0,4
S05,c020,test,frame_000146.jpg,1460,146.0,4
S05,c020,test,frame_000147.jpg,1470,147.0,4
S05,c020,test,frame_000148.jpg,1480,148.0,3
S05,c020,test,frame_000149.jpg,1490,149.0,4
S05,c020,test,frame_000150.jpg,1500,150.0,4
S05,c020,test,frame_000151.jpg,1510,151.0,4
S05,c020,test,frame_000152.jpg,1520,152.0,4
S05,c020,test,frame_000153.jpg,1530,153.0,4
S05,c020,test,frame_000154.jpg,1540,154.0,4
S05,c020,test,frame_000155.jpg,1550,155.0,4
S05,c020,test,frame_000156.jpg,1560,156.0,5
S05,c020,test,frame_000157.jpg,1570,157.0,4
S05,c020,test,frame_000158.jpg,1580,158.0,3
S05,c020,test,frame_000159.jpg,1590,159.0,5
S05,c020,test,frame_000160.jpg,1600,160.0,3
S05,c020,test,frame_000161.jpg,1610,161.0,3
S05,c020,test,frame_000162.jpg,1620,162.0,2
S05,c020,test,frame_000163.jpg,1630,163.0,3
S05,c020,test,frame_000164.jpg,1640,164.0,2
S05,c020,test,frame_000165.jpg,1650,165.0,3
S05,c020,test,frame_000166.jpg,1660,166.0,3
S05,c020,test,frame_000167.jpg,1670,167.0,3
S05,c020,test,frame_000168.jpg,1680,168.0,3
S05,c020,test,frame_000169.jpg,1690,169.0,3
S05,c020,test,frame_000170.jpg,1700,170.0,3
S05,c020,test,frame_000171.jpg,1710,171.0,3
S05,c020,test,frame_000172.jpg,1720,172.0,3
S05,c020,test,frame_000173.jpg,1730,173.0,3
S05,c020,test,frame_000174.jpg,1740,174.0,3
S05,c020,test,frame_000175.jpg,1750,175.0,2
S05,c020,test,frame_000176.jpg,1760,176.0,2
S05,c020,test,frame_000177.jpg,1770,177.0,2
S05,c020,test,frame_000178.jpg,1780,178.0,2
S05,c020,test,frame_000179.jpg,1790,179.0,2
S05,c020,test,frame_000180.jpg,1800,180.0,4
S05,c020,test,frame_000181.jpg,1810,181.0,2
S05,c020,test,frame_000182.jpg,1820,182.0,2
S05,c020,test,frame_000183.jpg,1830,183.0,5
S05,c020,test,frame_000184.jpg,1840,184.0,3
S05,c020,test,frame_000185.jpg,1850,185.0,6
S05,c020,test,frame_000186.jpg,1860,186.0,2
S05,c020,test,frame_000187.jpg,1870,187.0,3
S05,c020,test,frame_000188.jpg,1880,188.0,4
S05,c020,test,frame_000189.jpg,1890,189.0,3
S05,c020,test,frame_000190.jpg,1900,190.0,2
S05,c020,test,frame_000191.jpg,1910,191.0,6
S05,c020,test,frame_000192.jpg,1920,192.0,2
S05,c020,test,frame_000193.jpg,1930,193.0,4
S05,c020,test,frame_000194.jpg,1940,194.0,5
S05,c020,test,frame_000195.jpg,1950,195.0,3
S05,c020,test,frame_000196.jpg,1960,196.0,3
S05,c020,test,frame_000197.jpg,1970,197.0,4
S05,c020,test,frame_000198.jpg,1980,198.0,3
S05,c020,test,frame_000199.jpg,1990,199.0,3
S05,c020,test,frame_000200.jpg,2000,200.0,3
S05,c020,test,frame_000201.jpg,2010,201.0,4
S05,c020,test,frame_000202.jpg,2020,202.0,3
S05,c020,test,frame_000203.jpg,2030,203.0,4
S05,c020,test,frame_000204.jpg,2040,204.0,2
S05,c020,test,frame_000205.jpg,2050,205.0,4
S05,c020,test,frame_000206.jpg,2060,206.0,4
S05,c020,test,frame_000207.jpg,2070,207.0,3
S05,c020,test,frame_000208.jpg,2080,208.0,2
S05,c020,test,frame_000209.jpg,2090,209.0,4
S05,c020,test,frame_000210.jpg,2100,210.0,4
S05,c020,test,frame_000211.jpg,2110,211.0,4
S05,c020,test,frame_000212.jpg,2120,212.0,3
S05,c020,test,frame_000213.jpg,2130,213.0,2
S05,c020,test,frame_000214.jpg,2140,214.0,4
S05,c020,test,frame_000215.jpg,2150,215.0,5
S05,c020,test,frame_000216.jpg,2160,216.0,4
S05,c020,test,frame_000217.jpg,2170,217.0,4
S05,c020,test,frame_000218.jpg,2180,218.0,3
S05,c020,test,frame_000219.jpg,2190,219.0,4
S05,c020,test,frame_000220.jpg,2200,220.0,3
S05,c020,test,frame_000221.jpg,2210,221.0,3
S05,c020,test,frame_000222.jpg,2220,222.0,3
S05,c020,test,frame_000223.jpg,2230,223.0,5
S05,c020,test,frame_000224.jpg,2240,224.0,5
S05,c020,test,frame_000225.jpg,2250,225.0,5
S05,c020,test,frame_000226.jpg,2260,226.0,5
S05,c020,test,frame_000227.jpg,2270,227.0,5
S05,c020,test,frame_000228.jpg,2280,228.0,2
S05,c020,test,frame_000229.jpg,2290,229.0,3
S05,c020,test,frame_000230.jpg,2300,230.0,5
S05,c020,test,frame_000231.jpg,2310,231.0,4
S05,c020,test,frame_000232.jpg,2320,232.0,3
S05,c020,test,frame_000233.jpg,2330,233.0,5
S05,c020,test,frame_000234.jpg,2340,234.0,4
S05,c020,test,frame_000235.jpg,2350,235.0,7
S05,c020,test,frame_000236.jpg,2360,236.0,3
S05,c020,test,frame_000237.jpg,2370,237.0,4
S05,c020,test,frame_000238.jpg,2380,238.0,2
S05,c020,test,frame_000239.jpg,2390,239.0,3
S05,c020,test,frame_000240.jpg,2400,240.0,3
S05,c020,test,frame_000241.jpg,2410,241.0,4
S05,c020,test,frame_000242.jpg,2420,242.0,3
S05,c020,test,frame_000243.jpg,2430,243.0,3
S05,c020,test,frame_000244.jpg,2440,244.0,6
S05,c020,test,frame_000245.jpg,2450,245.0,6
S05,c020,test,frame_000246.jpg,2460,246.0,6
S05,c020,test,frame_000247.jpg,2470,247.0,7
S05,c020,test,frame_000248.jpg,2480,248.0,4
S05,c020,test,frame_000249.jpg,2490,249.0,6
S05,c020,test,frame_000250.jpg,2500,250.0,3
S05,c020,test,frame_000251.jpg,2510,251.0,3
S05,c020,test,frame_000252.jpg,2520,252.0,3
S05,c020,test,frame_000253.jpg,2530,253.0,5
S05,c020,test,frame_000254.jpg,2540,254.0,3
S05,c020,test,frame_000255.jpg,2550,255.0,5
S05,c020,test,frame_000256.jpg,2560,256.0,4
S05,c020,test,frame_000257.jpg,2570,257.0,4
S05,c020,test,frame_000258.jpg,2580,258.0,4
S05,c020,test,frame_000259.jpg,2590,259.0,3
S05,c020,test,frame_000260.jpg,2600,260.0,5
S05,c020,test,frame_000261.jpg,2610,261.0,6
S05,c020,test,frame_000262.jpg,2620,262.0,4
S05,c020,test,frame_000263.jpg,2630,263.0,5
S05,c020,test,frame_000264.jpg,2640,264.0,4
S05,c020,test,frame_000265.jpg,2650,265.0,3
S05,c020,test,frame_000266.jpg,2660,266.0,4
S05,c020,test,frame_000267.jpg,2670,267.0,4
S05,c020,test,frame_000268.jpg,2680,268.0,5
S05,c020,test,frame_000269.jpg,2690,269.0,7
S05,c020,test,frame_000270.jpg,2700,270.0,5
S05,c020,test,frame_000271.jpg,2710,271.0,4
S05,c020,test,frame_000272.jpg,2720,272.0,5
S05,c020,test,frame_000273.jpg,2730,273.0,4
S05,c020,test,frame_000274.jpg,2740,274.0,7
S05,c020,test,frame_000275.jpg,2750,275.0,5
S05,c020,test,frame_000276.jpg,2760,276.0,5
S05,c020,test,frame_000277.jpg,2770,277.0,4
S05,c020,test,frame_000278.jpg,2780,278.0,4
S05,c020,test,frame_000279.jpg,2790,279.0,4
S05,c020,test,frame_000280.jpg,2800,280.0,4
S05,c020,test,frame_000281.jpg,2810,281.0,4
S05,c020,test,frame_000282.jpg,2820,282.0,4
S05,c020,test,frame_000283.jpg,2830,283.0,4
S05,c020,test,frame_000284.jpg,2840,284.0,4
S05,c020,test,frame_000285.jpg,2850,285.0,4
S05,c020,test,frame_000286.jpg,2860,286.0,5
S05,c020,test,frame_000287.jpg,2870,287.0,5
S05,c020,test,frame_000288.jpg,2880,288.0,5
S05,c020,test,frame_000289.jpg,2890,289.0,5
S05,c020,test,frame_000290.jpg,2900,290.0,4
S05,c020,test,frame_000291.jpg,2910,291.0,4
S05,c020,test,frame_000292.jpg,2920,292.0,4
S05,c020,test,frame_000293.jpg,2930,293.0,4
S05,c020,test,frame_000294.jpg,2940,294.0,6
S05,c020,test,frame_000295.jpg,2950,295.0,3
S05,c020,test,frame_000296.jpg,2960,296.0,6
S05,c020,test,frame_000297.jpg,2970,297.0,5
S05,c020,test,frame_000298.jpg,2980,298.0,4
S05,c020,test,frame_000299.jpg,2990,299.0,4
S05,c020,test,frame_000300.jpg,3000,300.0,6
S05,c020,test,frame_000301.jpg,3010,301.0,3
S05,c020,test,frame_000302.jpg,3020,302.0,4
S05,c020,test,frame_000303.jpg,3030,303.0,4
S05,c020,test,frame_000304.jpg,3040,304.0,4
S05,c020,test,frame_000305.jpg,3050,305.0,4
S05,c020,test,frame_000306.jpg,3060,306.0,5
S05,c020,test,frame_000307.jpg,3070,307.0,6
S05,c020,test,frame_000308.jpg,3080,308.0,4
S05,c020,test,frame_000309.jpg,3090,309.0,5
S05,c020,test,frame_000310.jpg,3100,310.0,5
S05,c020,test,frame_000311.jpg,3110,311.0,2
S05,c020,test,frame_000312.jpg,3120,312.0,1
S05,c020,test,frame_000313.jpg,3130,313.0,3
S05,c020,test,frame_000314.jpg,3140,314.0,2
S05,c020,test,frame_000315.jpg,3150,315.0,5
S05,c020,test,frame_000316.jpg,3160,316.0,5
S05,c020,test,frame_000317.jpg,3170,317.0,5
S05,c020,test,frame_000318.jpg,3180,318.0,7
S05,c020,test,frame_000319.jpg,3190,319.0,4
S05,c020,test,frame_000320.jpg,3200,320.0,3
S05,c020,test,frame_000321.jpg,3210,321.0,2
S05,c020,test,frame_000322.jpg,3220,322.0,5
S05,c020,test,frame_000323.jpg,3230,323.0,3
S05,c020,test,frame_000324.jpg,3240,324.0,3
S05,c020,test,frame_000325.jpg,3250,325.0,3
S05,c020,test,frame_000326.jpg,3260,326.0,2
S05,c020,test,frame_000327.jpg,3270,327.0,2
S05,c020,test,frame_000328.jpg,3280,328.0,3
S05,c020,test,frame_000329.jpg,3290,329.0,4
S05,c020,test,frame_000330.jpg,3300,330.0,3
S05,c020,test,frame_000331.jpg,3310,331.0,3
S05,c020,test,frame_000332.jpg,3320,332.0,3
S05,c020,test,frame_000333.jpg,3330,333.0,2
S05,c020,test,frame_000334.jpg,3340,334.0,3
S05,c020,test,frame_000335.jpg,3350,335.0,2
S05,c020,test,frame_000336.jpg,3360,336.0,2
S05,c020,test,frame_000337.jpg,3370,337.0,4
S05,c020,test,frame_000338.jpg,3380,338.0,4
S05,c020,test,frame_000339.jpg,3390,339.0,4
S05,c020,test,frame_000340.jpg,3400,340.0,4
S05,c020,test,frame_000341.jpg,3410,341.0,4
S05,c020,test,frame_000342.jpg,3420,342.0,6
S05,c020,test,frame_000343.jpg,3430,343.0,6
S05,c020,test,frame_000344.jpg,3440,344.0,6
S05,c020,test,frame_000345.jpg,3450,345.0,5
S05,c020,test,frame_000346.jpg,3460,346.0,4
S05,c020,test,frame_000347.jpg,3470,347.0,3
S05,c020,test,frame_000348.jpg,3480,348.0,3
S05,c020,test,frame_000349.jpg,3490,349.0,3
S05,c020,test,frame_000350.jpg,3500,350.0,4
S05,c020,test,frame_000351.jpg,3510,351.0,4
S05,c020,test,frame_000352.jpg,3520,352.0,5
S05,c020,test,frame_000353.jpg,3530,353.0,6
S05,c020,test,frame_000354.jpg,3540,354.0,6
S05,c020,test,frame_000355.jpg,3550,355.0,6
S05,c020,test,frame_000356.jpg,3560,356.0,5
S05,c020,test,frame_000357.jpg,3570,357.0,4
S05,c020,test,frame_000358.jpg,3580,358.0,4
S05,c020,test,frame_000359.jpg,3590,359.0,4
S05,c020,test,frame_000360.jpg,3600,360.0,4
S05,c020,test,frame_000361.jpg,3610,361.0,5
S05,c020,test,frame_000362.jpg,3620,362.0,4
S05,c020,test,frame_000363.jpg,3630,363.0,5
S05,c020,test,frame_000364.jpg,3640,364.0,5
S05,c020,test,frame_000365.jpg,3650,365.0,5
S05,c020,test,frame_000366.jpg,3660,366.0,5
S05,c020,test,frame_000367.jpg,3670,367.0,6
S05,c020,test,frame_000368.jpg,3680,368.0,4
S05,c020,test,frame_000369.jpg,3690,369.0,4
S05,c020,test,frame_000370.jpg,3700,370.0,3
S05,c020,test,frame_000371.jpg,3710,371.0,3
S05,c020,test,frame_000372.jpg,3720,372.0,3
S05,c020,test,frame_000373.jpg,3730,373.0,4
S05,c020,test,frame_000374.jpg,3740,374.0,3
S05,c020,test,frame_000375.jpg,3750,375.0,4
S05,c020,test,frame_000376.jpg,3760,376.0,4
S05,c020,test,frame_000377.jpg,3770,377.0,4
S05,c020,test,frame_000378.jpg,3780,378.0,4
S05,c020,test,frame_000379.jpg,3790,379.0,4
S05,c020,test,frame_000380.jpg,3800,380.0,5
S05,c020,test,frame_000381.jpg,3810,381.0,5
S05,c020,test,frame_000382.jpg,3820,382.0,6
S05,c020,test,frame_000383.jpg,3830,383.0,5
S05,c020,test,frame_000384.jpg,3840,384.0,3
S05,c020,test,frame_000385.jpg,3850,385.0,6
S05,c020,test,frame_000386.jpg,3860,386.0,4
S05,c020,test,frame_000387.jpg,3870,387.0,5
S05,c020,test,frame_000388.jpg,3880,388.0,5
S05,c020,test,frame_000389.jpg,3890,389.0,5
S05,c020,test,frame_000390.jpg,3900,390.0,6
S05,c020,test,frame_000391.jpg,3910,391.0,4
S05,c020,test,frame_000392.jpg,3920,392.0,4
S05,c020,test,frame_000393.jpg,3930,393.0,5
S05,c020,test,frame_000394.jpg,3940,394.0,5
S05,c020,test,frame_000395.jpg,3950,395.0,5
S05,c020,test,frame_000396.jpg,3960,396.0,5
S05,c020,test,frame_000397.jpg,3970,397.0,5
S05,c021,test,frame_000000.jpg,0,0.0,7
S05,c021,test,frame_000001.jpg,10,1.0,7
S05,c021,test,frame_000002.jpg,20,2.0,8
S05,c021,test,frame_000003.jpg,30,3.0,8
S05,c021,test,frame_000004.jpg,40,4.0,10
S05,c021,test,frame_000005.jpg,50,5.0,9
S05,c021,test,frame_000006.jpg,60,6.0,9
S05,c021,test,frame_000007.jpg,70,7.0,9
S05,c021,test,frame_000008.jpg,80,8.0,11
S05,c021,test,frame_000009.jpg,90,9.0,10
S05,c021,test,frame_000010.jpg,100,10.0,10
S05,c021,test,frame_000011.jpg,110,11.0,11
S05,c021,test,frame_000012.jpg,120,12.0,10
S05,c021,test,frame_000013.jpg,130,13.0,10
S05,c021,test,frame_000014.jpg,140,14.0,9
S05,c021,test,frame_000015.jpg,150,15.0,8
S05,c021,test,frame_000016.jpg,160,16.0,8
S05,c021,test,frame_000017.jpg,170,17.0,10
S05,c021,test,frame_000018.jpg,180,18.0,7
S05,c021,test,frame_000019.jpg,190,19.0,9
S05,c021,test,frame_000020.jpg,200,20.0,9
S05,c021,test,frame_000021.jpg,210,21.0,8
S05,c021,test,frame_000022.jpg,220,22.0,7
S05,c021,test,frame_000023.jpg,230,23.0,7
S05,c021,test,frame_000024.jpg,240,24.0,8
S05,c021,test,frame_000025.jpg,250,25.0,6
S05,c021,test,frame_000026.jpg,260,26.0,7
S05,c021,test,frame_000027.jpg,270,27.0,8
S05,c021,test,frame_000028.jpg,280,28.0,6
S05,c021,test,frame_000029.jpg,290,29.0,8
S05,c021,test,frame_000030.jpg,300,30.0,9
S05,c021,test,frame_000031.jpg,310,31.0,9
S05,c021,test,frame_000032.jpg,320,32.0,11
S05,c021,test,frame_000033.jpg,330,33.0,7
S05,c021,test,frame_000034.jpg,340,34.0,10
S05,c021,test,frame_000035.jpg,350,35.0,10
S05,c021,test,frame_000036.jpg,360,36.0,10
S05,c021,test,frame_000037.jpg,370,37.0,11
S05,c021,test,frame_000038.jpg,380,38.0,11
S05,c021,test,frame_000039.jpg,390,39.0,7
S05,c021,test,frame_000040.jpg,400,40.0,8
S05,c021,test,frame_000041.jpg,410,41.0,10
S05,c021,test,frame_000042.jpg,420,42.0,8
S05,c021,test,frame_000043.jpg,430,43.0,7
S05,c021,test,frame_000044.jpg,440,44.0,8
S05,c021,test,frame_000045.jpg,450,45.0,9
S05,c021,test,frame_000046.jpg,460,46.0,7
S05,c021,test,frame_000047.jpg,470,47.0,8
S05,c021,test,frame_000048.jpg,480,48.0,6
S05,c021,test,frame_000049.jpg,490,49.0,8
S05,c021,test,frame_000050.jpg,500,50.0,8
S05,c021,test,frame_000051.jpg,510,51.0,9
S05,c021,test,frame_000052.jpg,520,52.0,9
S05,c021,test,frame_000053.jpg,530,53.0,7
S05,c021,test,frame_000054.jpg,540,54.0,7
S05,c021,test,frame_000055.jpg,550,55.0,8
S05,c021,test,frame_000056.jpg,560,56.0,7
S05,c021,test,frame_000057.jpg,570,57.0,6
S05,c021,test,frame_000058.jpg,580,58.0,8
S05,c021,test,frame_000059.jpg,590,59.0,8
S05,c021,test,frame_000060.jpg,600,60.0,8
S05,c021,test,frame_000061.jpg,610,61.0,7
S05,c021,test,frame_000062.jpg,620,62.0,7
S05,c021,test,frame_000063.jpg,630,63.0,8
S05,c021,test,frame_000064.jpg,640,64.0,8
S05,c021,test,frame_000065.jpg,650,65.0,7
S05,c021,test,frame_000066.jpg,660,66.0,8
S05,c021,test,frame_000067.jpg,670,67.0,9
S05,c021,test,frame_000068.jpg,680,68.0,6
S05,c021,test,frame_000069.jpg,690,69.0,8
S05,c021,test,frame_000070.jpg,700,70.0,9
S05,c021,test,frame_000071.jpg,710,71.0,9
S05,c021,test,frame_000072.jpg,720,72.0,10
S05,c021,test,frame_000073.jpg,730,73.0,8
S05,c021,test,frame_000074.jpg,740,74.0,8
S05,c021,test,frame_000075.jpg,750,75.0,8
S05,c021,test,frame_000076.jpg,760,76.0,10
S05,c021,test,frame_000077.jpg,770,77.0,9
S05,c021,test,frame_000078.jpg,780,78.0,7
S05,c021,test,frame_000079.jpg,790,79.0,7
S05,c021,test,frame_000080.jpg,800,80.0,7
S05,c021,test,frame_000081.jpg,810,81.0,7
S05,c021,test,frame_000082.jpg,820,82.0,5
S05,c021,test,frame_000083.jpg,830,83.0,7
S05,c021,test,frame_000084.jpg,840,84.0,8
S05,c021,test,frame_000085.jpg,850,85.0,7
S05,c021,test,frame_000086.jpg,860,86.0,9
S05,c021,test,frame_000087.jpg,870,87.0,8
S05,c021,test,frame_000088.jpg,880,88.0,7
S05,c021,test,frame_000089.jpg,890,89.0,6
S05,c021,test,frame_000090.jpg,900,90.0,6
S05,c021,test,frame_000091.jpg,910,91.0,7
S05,c021,test,frame_000092.jpg,920,92.0,7
S05,c021,test,frame_000093.jpg,930,93.0,7
S05,c021,test,frame_000094.jpg,940,94.0,6
S05,c021,test,frame_000095.jpg,950,95.0,7
S05,c021,test,frame_000096.jpg,960,96.0,7
S05,c021,test,frame_000097.jpg,970,97.0,7
S05,c021,test,frame_000098.jpg,980,98.0,7
S05,c021,test,frame_000099.jpg,990,99.0,7
S05,c021,test,frame_000100.jpg,1000,100.0,8
S05,c021,test,frame_000101.jpg,1010,101.0,7
S05,c021,test,frame_000102.jpg,1020,102.0,8
S05,c021,test,frame_000103.jpg,1030,103.0,8
S05,c021,test,frame_000104.jpg,1040,104.0,8
S05,c021,test,frame_000105.jpg,1050,105.0,7
S05,c021,test,frame_000106.jpg,1060,106.0,6
S05,c021,test,frame_000107.jpg,1070,107.0,8
S05,c021,test,frame_000108.jpg,1080,108.0,8
S05,c021,test,frame_000109.jpg,1090,109.0,8
S05,c021,test,frame_000110.jpg,1100,110.0,7
S05,c021,test,frame_000111.jpg,1110,111.0,8
S05,c021,test,frame_000112.jpg,1120,112.0,7
S05,c021,test,frame_000113.jpg,1130,113.0,8
S05,c021,test,frame_000114.jpg,1140,114.0,8
S05,c021,test,frame_000115.jpg,1150,115.0,8
S05,c021,test,frame_000116.jpg,1160,116.0,7
S05,c021,test,frame_000117.jpg,1170,117.0,8
S05,c021,test,frame_000118.jpg,1180,118.0,8
S05,c021,test,frame_000119.jpg,1190,119.0,7
S05,c021,test,frame_000120.jpg,1200,120.0,9
S05,c021,test,frame_000121.jpg,1210,121.0,9
S05,c021,test,frame_000122.jpg,1220,122.0,8
S05,c021,test,frame_000123.jpg,1230,123.0,10
S05,c021,test,frame_000124.jpg,1240,124.0,7
S05,c021,test,frame_000125.jpg,1250,125.0,8
S05,c021,test,frame_000126.jpg,1260,126.0,8
S05,c021,test,frame_000127.jpg,1270,127.0,7
S05,c021,test,frame_000128.jpg,1280,128.0,9
S05,c021,test,frame_000129.jpg,1290,129.0,11
S05,c021,test,frame_000130.jpg,1300,130.0,11
S05,c021,test,frame_000131.jpg,1310,131.0,8
S05,c021,test,frame_000132.jpg,1320,132.0,7
S05,c021,test,frame_000133.jpg,1330,133.0,9
S05,c021,test,frame_000134.jpg,1340,134.0,9
S05,c021,test,frame_000135.jpg,1350,135.0,9
S05,c021,test,frame_000136.jpg,1360,136.0,9
S05,c021,test,frame_000137.jpg,1370,137.0,10
S05,c021,test,frame_000138.jpg,1380,138.0,7
S05,c021,test,frame_000139.jpg,1390,139.0,7
S05,c021,test,frame_000140.jpg,1400,140.0,7
S05,c021,test,frame_000141.jpg,1410,141.0,10
S05,c021,test,frame_000142.jpg,1420,142.0,10
S05,c021,test,frame_000143.jpg,1430,143.0,9
S05,c021,test,frame_000144.jpg,1440,144.0,9
S05,c021,test,frame_000145.jpg,1450,145.0,8
S05,c021,test,frame_000146.jpg,1460,146.0,6
S05,c021,test,frame_000147.jpg,1470,147.0,8
S05,c021,test,frame_000148.jpg,1480,148.0,8
S05,c021,test,frame_000149.jpg,1490,149.0,7
S05,c021,test,frame_000150.jpg,1500,150.0,6
S05,c021,test,frame_000151.jpg,1510,151.0,7
S05,c021,test,frame_000152.jpg,1520,152.0,7
S05,c021,test,frame_000153.jpg,1530,153.0,8
S05,c021,test,frame_000154.jpg,1540,154.0,7
S05,c021,test,frame_000155.jpg,1550,155.0,7
S05,c021,test,frame_000156.jpg,1560,156.0,7
S05,c021,test,frame_000157.jpg,1570,157.0,6
S05,c021,test,frame_000158.jpg,1580,158.0,7
S05,c021,test,frame_000159.jpg,1590,159.0,8
S05,c021,test,frame_000160.jpg,1600,160.0,9
S05,c021,test,frame_000161.jpg,1610,161.0,8
S05,c021,test,frame_000162.jpg,1620,162.0,7
S05,c021,test,frame_000163.jpg,1630,163.0,8
S05,c021,test,frame_000164.jpg,1640,164.0,8
S05,c021,test,frame_000165.jpg,1650,165.0,6
S05,c021,test,frame_000166.jpg,1660,166.0,6
S05,c021,test,frame_000167.jpg,1670,167.0,6
S05,c021,test,frame_000168.jpg,1680,168.0,7
S05,c021,test,frame_000169.jpg,1690,169.0,8
S05,c021,test,frame_000170.jpg,1700,170.0,7
S05,c021,test,frame_000171.jpg,1710,171.0,7
S05,c021,test,frame_000172.jpg,1720,172.0,6
S05,c021,test,frame_000173.jpg,1730,173.0,7
S05,c021,test,frame_000174.jpg,1740,174.0,8
S05,c021,test,frame_000175.jpg,1750,175.0,7
S05,c021,test,frame_000176.jpg,1760,176.0,7
S05,c021,test,frame_000177.jpg,1770,177.0,8
S05,c021,test,frame_000178.jpg,1780,178.0,10
S05,c021,test,frame_000179.jpg,1790,179.0,9
S05,c021,test,frame_000180.jpg,1800,180.0,9
S05,c021,test,frame_000181.jpg,1810,181.0,7
S05,c021,test,frame_000182.jpg,1820,182.0,7
S05,c021,test,frame_000183.jpg,1830,183.0,8
S05,c021,test,frame_000184.jpg,1840,184.0,6
S05,c021,test,frame_000185.jpg,1850,185.0,8
S05,c021,test,frame_000186.jpg,1860,186.0,7
S05,c021,test,frame_000187.jpg,1870,187.0,8
S05,c021,test,frame_000188.jpg,1880,188.0,7
S05,c021,test,frame_000189.jpg,1890,189.0,8
S05,c021,test,frame_000190.jpg,1900,190.0,9
S05,c021,test,frame_000191.jpg,1910,191.0,10
S05,c021,test,frame_000192.jpg,1920,192.0,6
S05,c021,test,frame_000193.jpg,1930,193.0,8
S05,c021,test,frame_000194.jpg,1940,194.0,9
S05,c021,test,frame_000195.jpg,1950,195.0,9
S05,c021,test,frame_000196.jpg,1960,196.0,8
S05,c021,test,frame_000197.jpg,1970,197.0,8
S05,c021,test,frame_000198.jpg,1980,198.0,7
S05,c021,test,frame_000199.jpg,1990,199.0,7
S05,c021,test,frame_000200.jpg,2000,200.0,7
S05,c021,test,frame_000201.jpg,2010,201.0,6
S05,c021,test,frame_000202.jpg,2020,202.0,7
S05,c021,test,frame_000203.jpg,2030,203.0,8
S05,c021,test,frame_000204.jpg,2040,204.0,6
S05,c021,test,frame_000205.jpg,2050,205.0,7
S05,c021,test,frame_000206.jpg,2060,206.0,8
S05,c021,test,frame_000207.jpg,2070,207.0,7
S05,c021,test,frame_000208.jpg,2080,208.0,8
S05,c021,test,frame_000209.jpg,2090,209.0,7
S05,c021,test,frame_000210.jpg,2100,210.0,7
S05,c021,test,frame_000211.jpg,2110,211.0,8
S05,c021,test,frame_000212.jpg,2120,212.0,7
S05,c021,test,frame_000213.jpg,2130,213.0,8
S05,c021,test,frame_000214.jpg,2140,214.0,8
S05,c021,test,frame_000215.jpg,2150,215.0,8
S05,c021,test,frame_000216.jpg,2160,216.0,8
S05,c021,test,frame_000217.jpg,2170,217.0,6
S05,c021,test,frame_000218.jpg,2180,218.0,9
S05,c021,test,frame_000219.jpg,2190,219.0,9
S05,c021,test,frame_000220.jpg,2200,220.0,10
S05,c021,test,frame_000221.jpg,2210,221.0,9
S05,c021,test,frame_000222.jpg,2220,222.0,9
S05,c021,test,frame_000223.jpg,2230,223.0,7
S05,c021,test,frame_000224.jpg,2240,224.0,7
S05,c021,test,frame_000225.jpg,2250,225.0,7
S05,c021,test,frame_000226.jpg,2260,226.0,7
S05,c021,test,frame_000227.jpg,2270,227.0,7
S05,c021,test,frame_000228.jpg,2280,228.0,9
S05,c021,test,frame_000229.jpg,2290,229.0,7
S05,c021,test,frame_000230.jpg,2300,230.0,7
S05,c021,test,frame_000231.jpg,2310,231.0,8
S05,c021,test,frame_000232.jpg,2320,232.0,7
S05,c021,test,frame_000233.jpg,2330,233.0,7
S05,c021,test,frame_000234.jpg,2340,234.0,8
S05,c021,test,frame_000235.jpg,2350,235.0,7
S05,c021,test,frame_000236.jpg,2360,236.0,9
S05,c021,test,frame_000237.jpg,2370,237.0,8
S05,c021,test,frame_000238.jpg,2380,238.0,9
S05,c021,test,frame_000239.jpg,2390,239.0,7
S05,c021,test,frame_000240.jpg,2400,240.0,7
S05,c021,test,frame_000241.jpg,2410,241.0,9
S05,c021,test,frame_000242.jpg,2420,242.0,8
S05,c021,test,frame_000243.jpg,2430,243.0,8
S05,c021,test,frame_000244.jpg,2440,244.0,10
S05,c021,test,frame_000245.jpg,2450,245.0,8
S05,c021,test,frame_000246.jpg,2460,246.0,9
S05,c021,test,frame_000247.jpg,2470,247.0,10
S05,c021,test,frame_000248.jpg,2480,248.0,8
S05,c021,test,frame_000249.jpg,2490,249.0,9
S05,c021,test,frame_000250.jpg,2500,250.0,9
S05,c021,test,frame_000251.jpg,2510,251.0,8
S05,c021,test,frame_000252.jpg,2520,252.0,8
S05,c021,test,frame_000253.jpg,2530,253.0,8
S05,c021,test,frame_000254.jpg,2540,254.0,9
S05,c021,test,frame_000255.jpg,2550,255.0,10
S05,c021,test,frame_000256.jpg,2560,256.0,9
S05,c021,test,frame_000257.jpg,2570,257.0,10
S05,c021,test,frame_000258.jpg,2580,258.0,12
S05,c021,test,frame_000259.jpg,2590,259.0,10
S05,c021,test,frame_000260.jpg,2600,260.0,8
S05,c021,test,frame_000261.jpg,2610,261.0,10
S05,c021,test,frame_000262.jpg,2620,262.0,8
S05,c021,test,frame_000263.jpg,2630,263.0,10
S05,c021,test,frame_000264.jpg,2640,264.0,9
S05,c021,test,frame_000265.jpg,2650,265.0,9
S05,c021,test,frame_000266.jpg,2660,266.0,9
S05,c021,test,frame_000267.jpg,2670,267.0,7
S05,c021,test,frame_000268.jpg,2680,268.0,8
S05,c021,test,frame_000269.jpg,2690,269.0,7
S05,c021,test,frame_000270.jpg,2700,270.0,10
S05,c021,test,frame_000271.jpg,2710,271.0,8
S05,c021,test,frame_000272.jpg,2720,272.0,9
S05,c021,test,frame_000273.jpg,2730,273.0,5
S05,c021,test,frame_000274.jpg,2740,274.0,8
S05,c021,test,frame_000275.jpg,2750,275.0,7
S05,c021,test,frame_000276.jpg,2760,276.0,8
S05,c021,test,frame_000277.jpg,2770,277.0,7
S05,c021,test,frame_000278.jpg,2780,278.0,8
S05,c021,test,frame_000279.jpg,2790,279.0,8
S05,c021,test,frame_000280.jpg,2800,280.0,8
S05,c021,test,frame_000281.jpg,2810,281.0,6
S05,c021,test,frame_000282.jpg,2820,282.0,7
S05,c021,test,frame_000283.jpg,2830,283.0,8
S05,c021,test,frame_000284.jpg,2840,284.0,8
S05,c021,test,frame_000285.jpg,2850,285.0,9
S05,c021,test,frame_000286.jpg,2860,286.0,7
S05,c021,test,frame_000287.jpg,2870,287.0,7
S05,c021,test,frame_000288.jpg,2880,288.0,7
S05,c021,test,frame_000289.jpg,2890,289.0,7
S05,c021,test,frame_000290.jpg,2900,290.0,8
S05,c021,test,frame_000291.jpg,2910,291.0,6
S05,c021,test,frame_000292.jpg,2920,292.0,7
S05,c021,test,frame_000293.jpg,2930,293.0,7
S05,c021,test,frame_000294.jpg,2940,294.0,8
S05,c021,test,frame_000295.jpg,2950,295.0,6
S05,c021,test,frame_000296.jpg,2960,296.0,8
S05,c021,test,frame_000297.jpg,2970,297.0,9
S05,c021,test,frame_000298.jpg,2980,298.0,7
S05,c021,test,frame_000299.jpg,2990,299.0,9
S05,c021,test,frame_000300.jpg,3000,300.0,8
S05,c021,test,frame_000301.jpg,3010,301.0,9
S05,c021,test,frame_000302.jpg,3020,302.0,9
S05,c021,test,frame_000303.jpg,3030,303.0,9
S05,c021,test,frame_000304.jpg,3040,304.0,8
S05,c021,test,frame_000305.jpg,3050,305.0,11
S05,c021,test,frame_000306.jpg,3060,306.0,9
S05,c021,test,frame_000307.jpg,3070,307.0,10
S05,c021,test,frame_000308.jpg,3080,308.0,10
S05,c021,test,frame_000309.jpg,3090,309.0,9
S05,c021,test,frame_000310.jpg,3100,310.0,7
S05,c021,test,frame_000311.jpg,3110,311.0,10
S05,c021,test,frame_000312.jpg,3120,312.0,7
S05,c021,test,frame_000313.jpg,3130,313.0,7
S05,c021,test,frame_000314.jpg,3140,314.0,7
S05,c021,test,frame_000315.jpg,3150,315.0,10
S05,c021,test,frame_000316.jpg,3160,316.0,7
S05,c021,test,frame_000317.jpg,3170,317.0,7
S05,c021,test,frame_000318.jpg,3180,318.0,7
S05,c021,test,frame_000319.jpg,3190,319.0,10
S05,c021,test,frame_000320.jpg,3200,320.0,7
S05,c021,test,frame_000321.jpg,3210,321.0,8
S05,c021,test,frame_000322.jpg,3220,322.0,8
S05,c021,test,frame_000323.jpg,3230,323.0,7
S05,c021,test,frame_000324.jpg,3240,324.0,7
S05,c021,test,frame_000325.jpg,3250,325.0,7
S05,c021,test,frame_000326.jpg,3260,326.0,7
S05,c021,test,frame_000327.jpg,3270,327.0,7
S05,c021,test,frame_000328.jpg,3280,328.0,7
S05,c021,test,frame_000329.jpg,3290,329.0,6
S05,c021,test,frame_000330.jpg,3300,330.0,6
S05,c021,test,frame_000331.jpg,3310,331.0,8
S05,c021,test,frame_000332.jpg,3320,332.0,7
S05,c021,test,frame_000333.jpg,3330,333.0,7
S05,c021,test,frame_000334.jpg,3340,334.0,8
S05,c021,test,frame_000335.jpg,3350,335.0,8
S05,c021,test,frame_000336.jpg,3360,336.0,7
S05,c021,test,frame_000337.jpg,3370,337.0,8
S05,c021,test,frame_000338.jpg,3380,338.0,9
S05,c021,test,frame_000339.jpg,3390,339.0,8
S05,c021,test,frame_000340.jpg,3400,340.0,8
S05,c021,test,frame_000341.jpg,3410,341.0,8
S05,c021,test,frame_000342.jpg,3420,342.0,9
S05,c021,test,frame_000343.jpg,3430,343.0,7
S05,c021,test,frame_000344.jpg,3440,344.0,9
S05,c021,test,frame_000345.jpg,3450,345.0,9
S05,c021,test,frame_000346.jpg,3460,346.0,9
S05,c021,test,frame_000347.jpg,3470,347.0,8
S05,c021,test,frame_000348.jpg,3480,348.0,8
S05,c021,test,frame_000349.jpg,3490,349.0,8
S05,c021,test,frame_000350.jpg,3500,350.0,8
S05,c021,test,frame_000351.jpg,3510,351.0,8
S05,c021,test,frame_000352.jpg,3520,352.0,8
S05,c021,test,frame_000353.jpg,3530,353.0,9
S05,c021,test,frame_000354.jpg,3540,354.0,7
S05,c021,test,frame_000355.jpg,3550,355.0,9
S05,c021,test,frame_000356.jpg,3560,356.0,9
S05,c021,test,frame_000357.jpg,3570,357.0,10
S05,c021,test,frame_000358.jpg,3580,358.0,8
S05,c021,test,frame_000359.jpg,3590,359.0,9
S05,c021,test,frame_000360.jpg,3600,360.0,7
S05,c021,test,frame_000361.jpg,3610,361.0,7
S05,c021,test,frame_000362.jpg,3620,362.0,10
S05,c021,test,frame_000363.jpg,3630,363.0,7
S05,c021,test,frame_000364.jpg,3640,364.0,11
S05,c021,test,frame_000365.jpg,3650,365.0,9
S05,c021,test,frame_000366.jpg,3660,366.0,7
S05,c021,test,frame_000367.jpg,3670,367.0,8
S05,c021,test,frame_000368.jpg,3680,368.0,9
S05,c021,test,frame_000369.jpg,3690,369.0,9
S05,c021,test,frame_000370.jpg,3700,370.0,8
S05,c021,test,frame_000371.jpg,3710,371.0,9
S05,c021,test,frame_000372.jpg,3720,372.0,8
S05,c021,test,frame_000373.jpg,3730,373.0,7
S05,c021,test,frame_000374.jpg,3740,374.0,8
S05,c021,test,frame_000375.jpg,3750,375.0,8
S05,c021,test,frame_000376.jpg,3760,376.0,7
S05,c021,test,frame_000377.jpg,3770,377.0,7
S05,c021,test,frame_000378.jpg,3780,378.0,7
S05,c021,test,frame_000379.jpg,3790,379.0,8
S05,c021,test,frame_000380.jpg,3800,380.0,8
S05,c021,test,frame_000381.jpg,3810,381.0,7
S05,c021,test,frame_000382.jpg,3820,382.0,8
S05,c021,test,frame_000383.jpg,3830,383.0,9
S05,c021,test,frame_000384.jpg,3840,384.0,6
S05,c021,test,frame_000385.jpg,3850,385.0,8
S05,c021,test,frame_000386.jpg,3860,386.0,7
S05,c021,test,frame_000387.jpg,3870,387.0,10
S05,c021,test,frame_000388.jpg,3880,388.0,5
S05,c021,test,frame_000389.jpg,3890,389.0,8
S05,c021,test,frame_000390.jpg,3900,390.0,8
S05,c021,test,frame_000391.jpg,3910,391.0,7
S05,c021,test,frame_000392.jpg,3920,392.0,9
S05,c021,test,frame_000393.jpg,3930,393.0,8
S05,c021,test,frame_000394.jpg,3940,394.0,7
S05,c021,test,frame_000395.jpg,3950,395.0,8
S05,c021,test,frame_000396.jpg,3960,396.0,7
S05,c021,test,frame_000397.jpg,3970,397.0,7
S05,c021,test,frame_000398.jpg,3980,398.0,8
S05,c021,test,frame_000399.jpg,3990,399.0,8
S05,c021,test,frame_000400.jpg,4000,400.0,8
S05,c022,test,frame_000000.jpg,0,0.0,5
S05,c022,test,frame_000001.jpg,10,1.0,6
S05,c022,test,frame_000002.jpg,20,2.0,6
S05,c022,test,frame_000003.jpg,30,3.0,6
S05,c022,test,frame_000004.jpg,40,4.0,5
S05,c022,test,frame_000005.jpg,50,5.0,7
S05,c022,test,frame_000006.jpg,60,6.0,7
S05,c022,test,frame_000007.jpg,70,7.0,7
S05,c022,test,frame_000008.jpg,80,8.0,8
S05,c022,test,frame_000009.jpg,90,9.0,7
S05,c022,test,frame_000010.jpg,100,10.0,7
S05,c022,test,frame_000011.jpg,110,11.0,6
S05,c022,test,frame_000012.jpg,120,12.0,5
S05,c022,test,frame_000013.jpg,130,13.0,5
S05,c022,test,frame_000014.jpg,140,14.0,6
S05,c022,test,frame_000015.jpg,150,15.0,4
S05,c022,test,frame_000016.jpg,160,16.0,6
S05,c022,test,frame_000017.jpg,170,17.0,6
S05,c022,test,frame_000018.jpg,180,18.0,5
S05,c022,test,frame_000019.jpg,190,19.0,6
S05,c022,test,frame_000020.jpg,200,20.0,9
S05,c022,test,frame_000021.jpg,210,21.0,7
S05,c022,test,frame_000022.jpg,220,22.0,7
S05,c022,test,frame_000023.jpg,230,23.0,8
S05,c022,test,frame_000024.jpg,240,24.0,8
S05,c022,test,frame_000025.jpg,250,25.0,6
S05,c022,test,frame_000026.jpg,260,26.0,6
S05,c022,test,frame_000027.jpg,270,27.0,7
S05,c022,test,frame_000028.jpg,280,28.0,8
S05,c022,test,frame_000029.jpg,290,29.0,8
S05,c022,test,frame_000030.jpg,300,30.0,7
S05,c022,test,frame_000031.jpg,310,31.0,9
S05,c022,test,frame_000032.jpg,320,32.0,7
S05,c022,test,frame_000033.jpg,330,33.0,9
S05,c022,test,frame_000034.jpg,340,34.0,9
S05,c022,test,frame_000035.jpg,350,35.0,10
S05,c022,test,frame_000036.jpg,360,36.0,9
S05,c022,test,frame_000037.jpg,370,37.0,9
S05,c022,test,frame_000038.jpg,380,38.0,9
S05,c022,test,frame_000039.jpg,390,39.0,11
S05,c022,test,frame_000040.jpg,400,40.0,9
S05,c022,test,frame_000041.jpg,410,41.0,7
S05,c022,test,frame_000042.jpg,420,42.0,7
S05,c022,test,frame_000043.jpg,430,43.0,8
S05,c022,test,frame_000044.jpg,440,44.0,9
S05,c022,test,frame_000045.jpg,450,45.0,9
S05,c022,test,frame_000046.jpg,460,46.0,8
S05,c022,test,frame_000047.jpg,470,47.0,5
S05,c022,test,frame_000048.jpg,480,48.0,6
S05,c022,test,frame_000049.jpg,490,49.0,4
S05,c022,test,frame_000050.jpg,500,50.0,5
S05,c022,test,frame_000051.jpg,510,51.0,8
S05,c022,test,frame_000052.jpg,520,52.0,6
S05,c022,test,frame_000053.jpg,530,53.0,4
S05,c022,test,frame_000054.jpg,540,54.0,5
S05,c022,test,frame_000055.jpg,550,55.0,7
S05,c022,test,frame_000056.jpg,560,56.0,6
S05,c022,test,frame_000057.jpg,570,57.0,7
S05,c022,test,frame_000058.jpg,580,58.0,4
S05,c022,test,frame_000059.jpg,590,59.0,7
S05,c022,test,frame_000060.jpg,600,60.0,6
S05,c022,test,frame_000061.jpg,610,61.0,6
S05,c022,test,frame_000062.jpg,620,62.0,7
S05,c022,test,frame_000063.jpg,630,63.0,7
S05,c022,test,frame_000064.jpg,640,64.0,6
S05,c022,test,frame_000065.jpg,650,65.0,9
S05,c022,test,frame_000066.jpg,660,66.0,6
S05,c022,test,frame_000067.jpg,670,67.0,7
S05,c022,test,frame_000068.jpg,680,68.0,6
S05,c022,test,frame_000069.jpg,690,69.0,7
S05,c022,test,frame_000070.jpg,700,70.0,6
S05,c022,test,frame_000071.jpg,710,71.0,7
S05,c022,test,frame_000072.jpg,720,72.0,7
S05,c022,test,frame_000073.jpg,730,73.0,6
S05,c022,test,frame_000074.jpg,740,74.0,7
S05,c022,test,frame_000075.jpg,750,75.0,9
S05,c022,test,frame_000076.jpg,760,76.0,8
S05,c022,test,frame_000077.jpg,770,77.0,6
S05,c022,test,frame_000078.jpg,780,78.0,9
S05,c022,test,frame_000079.jpg,790,79.0,7
S05,c022,test,frame_000080.jpg,800,80.0,7
S05,c022,test,frame_000081.jpg,810,81.0,9
S05,c022,test,frame_000082.jpg,820,82.0,7
S05,c022,test,frame_000083.jpg,830,83.0,7
S05,c022,test,frame_000084.jpg,840,84.0,6
S05,c022,test,frame_000085.jpg,850,85.0,7
S05,c022,test,frame_000086.jpg,860,86.0,8
S05,c022,test,frame_000087.jpg,870,87.0,7
S05,c022,test,frame_000088.jpg,880,88.0,7
S05,c022,test,frame_000089.jpg,890,89.0,7
S05,c022,test,frame_000090.jpg,900,90.0,8
S05,c022,test,frame_000091.jpg,910,91.0,8
S05,c022,test,frame_000092.jpg,920,92.0,6
S05,c022,test,frame_000093.jpg,930,93.0,7
S05,c022,test,frame_000094.jpg,940,94.0,7
S05,c022,test,frame_000095.jpg,950,95.0,6
S05,c022,test,frame_000096.jpg,960,96.0,7
S05,c022,test,frame_000097.jpg,970,97.0,8
S05,c022,test,frame_000098.jpg,980,98.0,7
S05,c022,test,frame_000099.jpg,990,99.0,7
S05,c022,test,frame_000100.jpg,1000,100.0,7
S05,c022,test,frame_000101.jpg,1010,101.0,7
S05,c022,test,frame_000102.jpg,1020,102.0,8
S05,c022,test,frame_000103.jpg,1030,103.0,8
S05,c022,test,frame_000104.jpg,1040,104.0,6
S05,c022,test,frame_000105.jpg,1050,105.0,5
S05,c022,test,frame_000106.jpg,1060,106.0,10
S05,c022,test,frame_000107.jpg,1070,107.0,9
S05,c022,test,frame_000108.jpg,1080,108.0,8
S05,c022,test,frame_000109.jpg,1090,109.0,8
S05,c022,test,frame_000110.jpg,1100,110.0,8
S05,c022,test,frame_000111.jpg,1110,111.0,8
S05,c022,test,frame_000112.jpg,1120,112.0,7
S05,c022,test,frame_000113.jpg,1130,113.0,7
S05,c022,test,frame_000114.jpg,1140,114.0,10
S05,c022,test,frame_000115.jpg,1150,115.0,8
S05,c022,test,frame_000116.jpg,1160,116.0,8
S05,c022,test,frame_000117.jpg,1170,117.0,8
S05,c022,test,frame_000118.jpg,1180,118.0,8
S05,c022,test,frame_000119.jpg,1190,119.0,6
S05,c022,test,frame_000120.jpg,1200,120.0,8
S05,c022,test,frame_000121.jpg,1210,121.0,8
S05,c022,test,frame_000122.jpg,1220,122.0,8
S05,c022,test,frame_000123.jpg,1230,123.0,8
S05,c022,test,frame_000124.jpg,1240,124.0,8
S05,c022,test,frame_000125.jpg,1250,125.0,7
S05,c022,test,frame_000126.jpg,1260,126.0,6
S05,c022,test,frame_000127.jpg,1270,127.0,6
S05,c022,test,frame_000128.jpg,1280,128.0,7
S05,c022,test,frame_000129.jpg,1290,129.0,7
S05,c022,test,frame_000130.jpg,1300,130.0,7
S05,c022,test,frame_000131.jpg,1310,131.0,7
S05,c022,test,frame_000132.jpg,1320,132.0,8
S05,c022,test,frame_000133.jpg,1330,133.0,5
S05,c022,test,frame_000134.jpg,1340,134.0,6
S05,c022,test,frame_000135.jpg,1350,135.0,5
S05,c022,test,frame_000136.jpg,1360,136.0,6
S05,c022,test,frame_000137.jpg,1370,137.0,6
S05,c022,test,frame_000138.jpg,1380,138.0,5
S05,c022,test,frame_000139.jpg,1390,139.0,5
S05,c022,test,frame_000140.jpg,1400,140.0,6
S05,c022,test,frame_000141.jpg,1410,141.0,6
S05,c022,test,frame_000142.jpg,1420,142.0,7
S05,c022,test,frame_000143.jpg,1430,143.0,7
S05,c022,test,frame_000144.jpg,1440,144.0,7
S05,c022,test,frame_000145.jpg,1450,145.0,6
S05,c022,test,frame_000146.jpg,1460,146.0,8
S05,c022,test,frame_000147.jpg,1470,147.0,6
S05,c022,test,frame_000148.jpg,1480,148.0,8
S05,c022,test,frame_000149.jpg,1490,149.0,7
S05,c022,test,frame_000150.jpg,1500,150.0,8
S05,c022,test,frame_000151.jpg,1510,151.0,7
S05,c022,test,frame_000152.jpg,1520,152.0,7
S05,c022,test,frame_000153.jpg,1530,153.0,6
S05,c022,test,frame_000154.jpg,1540,154.0,8
S05,c022,test,frame_000155.jpg,1550,155.0,10
S05,c022,test,frame_000156.jpg,1560,156.0,7
S05,c022,test,frame_000157.jpg,1570,157.0,8
S05,c022,test,frame_000158.jpg,1580,158.0,7
S05,c022,test,frame_000159.jpg,1590,159.0,7
S05,c022,test,frame_000160.jpg,1600,160.0,9
S05,c022,test,frame_000161.jpg,1610,161.0,6
S05,c022,test,frame_000162.jpg,1620,162.0,7
S05,c022,test,frame_000163.jpg,1630,163.0,5
S05,c022,test,frame_000164.jpg,1640,164.0,6
S05,c022,test,frame_000165.jpg,1650,165.0,6
S05,c022,test,frame_000166.jpg,1660,166.0,6
S05,c022,test,frame_000167.jpg,1670,167.0,9
S05,c022,test,frame_000168.jpg,1680,168.0,7
S05,c022,test,frame_000169.jpg,1690,169.0,10
S05,c022,test,frame_000170.jpg,1700,170.0,9
S05,c022,test,frame_000171.jpg,1710,171.0,9
S05,c022,test,frame_000172.jpg,1720,172.0,7
S05,c022,test,frame_000173.jpg,1730,173.0,9
S05,c022,test,frame_000174.jpg,1740,174.0,7
S05,c022,test,frame_000175.jpg,1750,175.0,6
S05,c022,test,frame_000176.jpg,1760,176.0,8
S05,c022,test,frame_000177.jpg,1770,177.0,7
S05,c022,test,frame_000178.jpg,1780,178.0,7
S05,c022,test,frame_000179.jpg,1790,179.0,7
S05,c022,test,frame_000180.jpg,1800,180.0,6
S05,c022,test,frame_000181.jpg,1810,181.0,7
S05,c022,test,frame_000182.jpg,1820,182.0,7
S05,c022,test,frame_000183.jpg,1830,183.0,6
S05,c022,test,frame_000184.jpg,1840,184.0,8
S05,c022,test,frame_000185.jpg,1850,185.0,6
S05,c022,test,frame_000186.jpg,1860,186.0,7
S05,c022,test,frame_000187.jpg,1870,187.0,6
S05,c022,test,frame_000188.jpg,1880,188.0,6
S05,c022,test,frame_000189.jpg,1890,189.0,6
S05,c022,test,frame_000190.jpg,1900,190.0,6
S05,c022,test,frame_000191.jpg,1910,191.0,7
S05,c022,test,frame_000192.jpg,1920,192.0,5
S05,c022,test,frame_000193.jpg,1930,193.0,8
S05,c022,test,frame_000194.jpg,1940,194.0,6
S05,c022,test,frame_000195.jpg,1950,195.0,7
S05,c022,test,frame_000196.jpg,1960,196.0,7
S05,c022,test,frame_000197.jpg,1970,197.0,7
S05,c022,test,frame_000198.jpg,1980,198.0,9
S05,c022,test,frame_000199.jpg,1990,199.0,6
S05,c022,test,frame_000200.jpg,2000,200.0,6
S05,c022,test,frame_000201.jpg,2010,201.0,7
S05,c022,test,frame_000202.jpg,2020,202.0,5
S05,c022,test,frame_000203.jpg,2030,203.0,7
S05,c022,test,frame_000204.jpg,2040,204.0,6
S05,c022,test,frame_000205.jpg,2050,205.0,5
S05,c022,test,frame_000206.jpg,2060,206.0,6
S05,c022,test,frame_000207.jpg,2070,207.0,7
S05,c022,test,frame_000208.jpg,2080,208.0,5
S05,c022,test,frame_000209.jpg,2090,209.0,9
S05,c022,test,frame_000210.jpg,2100,210.0,6
S05,c022,test,frame_000211.jpg,2110,211.0,7
S05,c022,test,frame_000212.jpg,2120,212.0,7
S05,c022,test,frame_000213.jpg,2130,213.0,8
S05,c022,test,frame_000214.jpg,2140,214.0,9
S05,c022,test,frame_000215.jpg,2150,215.0,9
S05,c022,test,frame_000216.jpg,2160,216.0,8
S05,c022,test,frame_000217.jpg,2170,217.0,9
S05,c022,test,frame_000218.jpg,2180,218.0,10
S05,c022,test,frame_000219.jpg,2190,219.0,8
S05,c022,test,frame_000220.jpg,2200,220.0,8
S05,c022,test,frame_000221.jpg,2210,221.0,9
S05,c022,test,frame_000222.jpg,2220,222.0,7
S05,c022,test,frame_000223.jpg,2230,223.0,8
S05,c022,test,frame_000224.jpg,2240,224.0,5
S05,c022,test,frame_000225.jpg,2250,225.0,7
S05,c022,test,frame_000226.jpg,2260,226.0,6
S05,c022,test,frame_000227.jpg,2270,227.0,8
S05,c022,test,frame_000228.jpg,2280,228.0,7
S05,c022,test,frame_000229.jpg,2290,229.0,8
S05,c022,test,frame_000230.jpg,2300,230.0,7
S05,c022,test,frame_000231.jpg,2310,231.0,6
S05,c022,test,frame_000232.jpg,2320,232.0,5
S05,c022,test,frame_000233.jpg,2330,233.0,6
S05,c022,test,frame_000234.jpg,2340,234.0,5
S05,c022,test,frame_000235.jpg,2350,235.0,7
S05,c022,test,frame_000236.jpg,2360,236.0,10
S05,c022,test,frame_000237.jpg,2370,237.0,8
S05,c022,test,frame_000238.jpg,2380,238.0,8
S05,c022,test,frame_000239.jpg,2390,239.0,7
S05,c022,test,frame_000240.jpg,2400,240.0,6
S05,c022,test,frame_000241.jpg,2410,241.0,9
S05,c022,test,frame_000242.jpg,2420,242.0,6
S05,c022,test,frame_000243.jpg,2430,243.0,7
S05,c022,test,frame_000244.jpg,2440,244.0,7
S05,c022,test,frame_000245.jpg,2450,245.0,7
S05,c022,test,frame_000246.jpg,2460,246.0,8
S05,c022,test,frame_000247.jpg,2470,247.0,6
S05,c022,test,frame_000248.jpg,2480,248.0,7
S05,c022,test,frame_000249.jpg,2490,249.0,7
S05,c022,test,frame_000250.jpg,2500,250.0,6
S05,c022,test,frame_000251.jpg,2510,251.0,6
S05,c022,test,frame_000252.jpg,2520,252.0,7
S05,c022,test,frame_000253.jpg,2530,253.0,7
S05,c022,test,frame_000254.jpg,2540,254.0,7
S05,c022,test,frame_000255.jpg,2550,255.0,4
S05,c022,test,frame_000256.jpg,2560,256.0,6
S05,c022,test,frame_000257.jpg,2570,257.0,6
S05,c022,test,frame_000258.jpg,2580,258.0,5
S05,c022,test,frame_000259.jpg,2590,259.0,5
S05,c022,test,frame_000260.jpg,2600,260.0,6
S05,c022,test,frame_000261.jpg,2610,261.0,7
S05,c022,test,frame_000262.jpg,2620,262.0,8
S05,c022,test,frame_000263.jpg,2630,263.0,6
S05,c022,test,frame_000264.jpg,2640,264.0,6
S05,c022,test,frame_000265.jpg,2650,265.0,6
S05,c022,test,frame_000266.jpg,2660,266.0,6
S05,c022,test,frame_000267.jpg,2670,267.0,8
S05,c022,test,frame_000268.jpg,2680,268.0,6
S05,c022,test,frame_000269.jpg,2690,269.0,8
S05,c022,test,frame_000270.jpg,2700,270.0,7
S05,c022,test,frame_000271.jpg,2710,271.0,7
S05,c022,test,frame_000272.jpg,2720,272.0,6
S05,c022,test,frame_000273.jpg,2730,273.0,7
S05,c022,test,frame_000274.jpg,2740,274.0,8
S05,c022,test,frame_000275.jpg,2750,275.0,7
S05,c022,test,frame_000276.jpg,2760,276.0,7
S05,c022,test,frame_000277.jpg,2770,277.0,6
S05,c022,test,frame_000278.jpg,2780,278.0,7
S05,c022,test,frame_000279.jpg,2790,279.0,10
S05,c022,test,frame_000280.jpg,2800,280.0,9
S05,c022,test,frame_000281.jpg,2810,281.0,8
S05,c022,test,frame_000282.jpg,2820,282.0,10
S05,c022,test,frame_000283.jpg,2830,283.0,9
S05,c022,test,frame_000284.jpg,2840,284.0,9
S05,c022,test,frame_000285.jpg,2850,285.0,11
S05,c022,test,frame_000286.jpg,2860,286.0,8
S05,c022,test,frame_000287.jpg,2870,287.0,7
S05,c022,test,frame_000288.jpg,2880,288.0,8
S05,c022,test,frame_000289.jpg,2890,289.0,9
S05,c022,test,frame_000290.jpg,2900,290.0,10
S05,c022,test,frame_000291.jpg,2910,291.0,9
S05,c022,test,frame_000292.jpg,2920,292.0,9
S05,c022,test,frame_000293.jpg,2930,293.0,11
S05,c022,test,frame_000294.jpg,2940,294.0,10
S05,c022,test,frame_000295.jpg,2950,295.0,8
S05,c022,test,frame_000296.jpg,2960,296.0,9
S05,c022,test,frame_000297.jpg,2970,297.0,7
S05,c022,test,frame_000298.jpg,2980,298.0,7
S05,c022,test,frame_000299.jpg,2990,299.0,6
S05,c022,test,frame_000300.jpg,3000,300.0,6
S05,c022,test,frame_000301.jpg,3010,301.0,5
S05,c022,test,frame_000302.jpg,3020,302.0,5
S05,c022,test,frame_000303.jpg,3030,303.0,6
S05,c022,test,frame_000304.jpg,3040,304.0,7
S05,c022,test,frame_000305.jpg,3050,305.0,5
S05,c022,test,frame_000306.jpg,3060,306.0,6
S05,c022,test,frame_000307.jpg,3070,307.0,6
S05,c022,test,frame_000308.jpg,3080,308.0,7
S05,c022,test,frame_000309.jpg,3090,309.0,7
S05,c022,test,frame_000310.jpg,3100,310.0,6
S05,c022,test,frame_000311.jpg,3110,311.0,8
S05,c022,test,frame_000312.jpg,3120,312.0,7
S05,c022,test,frame_000313.jpg,3130,313.0,9
S05,c022,test,frame_000314.jpg,3140,314.0,8
S05,c022,test,frame_000315.jpg,3150,315.0,8
S05,c022,test,frame_000316.jpg,3160,316.0,6
S05,c022,test,frame_000317.jpg,3170,317.0,7
S05,c022,test,frame_000318.jpg,3180,318.0,8
S05,c022,test,frame_000319.jpg,3190,319.0,7
S05,c022,test,frame_000320.jpg,3200,320.0,8
S05,c022,test,frame_000321.jpg,3210,321.0,8
S05,c022,test,frame_000322.jpg,3220,322.0,9
S05,c022,test,frame_000323.jpg,3230,323.0,9
S05,c022,test,frame_000324.jpg,3240,324.0,9
S05,c022,test,frame_000325.jpg,3250,325.0,9
S05,c022,test,frame_000326.jpg,3260,326.0,9
S05,c022,test,frame_000327.jpg,3270,327.0,8
S05,c022,test,frame_000328.jpg,3280,328.0,8
S05,c022,test,frame_000329.jpg,3290,329.0,8
S05,c022,test,frame_000330.jpg,3300,330.0,7
S05,c022,test,frame_000331.jpg,3310,331.0,7
S05,c022,test,frame_000332.jpg,3320,332.0,8
S05,c022,test,frame_000333.jpg,3330,333.0,9
S05,c022,test,frame_000334.jpg,3340,334.0,8
S05,c022,test,frame_000335.jpg,3350,335.0,8
S05,c022,test,frame_000336.jpg,3360,336.0,10
S05,c022,test,frame_000337.jpg,3370,337.0,7
S05,c022,test,frame_000338.jpg,3380,338.0,6
S05,c022,test,frame_000339.jpg,3390,339.0,8
S05,c022,test,frame_000340.jpg,3400,340.0,8
S05,c022,test,frame_000341.jpg,3410,341.0,7
S05,c022,test,frame_000342.jpg,3420,342.0,10
S05,c022,test,frame_000343.jpg,3430,343.0,7
S05,c022,test,frame_000344.jpg,3440,344.0,9
S05,c022,test,frame_000345.jpg,3450,345.0,8
S05,c022,test,frame_000346.jpg,3460,346.0,8
S05,c022,test,frame_000347.jpg,3470,347.0,7
S05,c022,test,frame_000348.jpg,3480,348.0,7
S05,c022,test,frame_000349.jpg,3490,349.0,6
S05,c022,test,frame_000350.jpg,3500,350.0,7
S05,c022,test,frame_000351.jpg,3510,351.0,7
S05,c022,test,frame_000352.jpg,3520,352.0,7
S05,c022,test,frame_000353.jpg,3530,353.0,6
S05,c022,test,frame_000354.jpg,3540,354.0,6
S05,c022,test,frame_000355.jpg,3550,355.0,7
S05,c022,test,frame_000356.jpg,3560,356.0,5
S05,c022,test,frame_000357.jpg,3570,357.0,7
S05,c022,test,frame_000358.jpg,3580,358.0,6
S05,c022,test,frame_000359.jpg,3590,359.0,7
S05,c022,test,frame_000360.jpg,3600,360.0,7
S05,c022,test,frame_000361.jpg,3610,361.0,5
S05,c022,test,frame_000362.jpg,3620,362.0,8
S05,c022,test,frame_000363.jpg,3630,363.0,7
S05,c022,test,frame_000364.jpg,3640,364.0,6
S05,c022,test,frame_000365.jpg,3650,365.0,7
S05,c022,test,frame_000366.jpg,3660,366.0,7
S05,c022,test,frame_000367.jpg,3670,367.0,7
S05,c022,test,frame_000368.jpg,3680,368.0,5
S05,c022,test,frame_000369.jpg,3690,369.0,5
S05,c022,test,frame_000370.jpg,3700,370.0,5
S05,c022,test,frame_000371.jpg,3710,371.0,7
S05,c022,test,frame_000372.jpg,3720,372.0,5
S05,c022,test,frame_000373.jpg,3730,373.0,6
S05,c022,test,frame_000374.jpg,3740,374.0,6
S05,c022,test,frame_000375.jpg,3750,375.0,6
S05,c022,test,frame_000376.jpg,3760,376.0,7
S05,c022,test,frame_000377.jpg,3770,377.0,6
S05,c022,test,frame_000378.jpg,3780,378.0,8
S05,c022,test,frame_000379.jpg,3790,379.0,5
S05,c022,test,frame_000380.jpg,3800,380.0,8
S05,c022,test,frame_000381.jpg,3810,381.0,8
S05,c022,test,frame_000382.jpg,3820,382.0,8
S05,c022,test,frame_000383.jpg,3830,383.0,7
S05,c022,test,frame_000384.jpg,3840,384.0,8
S05,c022,test,frame_000385.jpg,3850,385.0,6
S05,c022,test,frame_000386.jpg,3860,386.0,7
S05,c022,test,frame_000387.jpg,3870,387.0,8
S05,c022,test,frame_000388.jpg,3880,388.0,8
S05,c022,test,frame_000389.jpg,3890,389.0,10
S05,c022,test,frame_000390.jpg,3900,390.0,9
S05,c022,test,frame_000391.jpg,3910,391.0,10
S05,c022,test,frame_000392.jpg,3920,392.0,10
S05,c022,test,frame_000393.jpg,3930,393.0,8
S05,c022,test,frame_000394.jpg,3940,394.0,8
S05,c022,test,frame_000395.jpg,3950,395.0,8
S05,c022,test,frame_000396.jpg,3960,396.0,7
S05,c022,test,frame_000397.jpg,3970,397.0,6
S05,c022,test,frame_000398.jpg,3980,398.0,6
S05,c022,test,frame_000399.jpg,3990,399.0,5
S05,c022,test,frame_000400.jpg,4000,400.0,6
S05,c022,test,frame_000401.jpg,4010,401.0,5
S05,c022,test,frame_000402.jpg,4020,402.0,8
S05,c022,test,frame_000403.jpg,4030,403.0,5
S05,c022,test,frame_000404.jpg,4040,404.0,6
S05,c022,test,frame_000405.jpg,4050,405.0,6
S05,c022,test,frame_000406.jpg,4060,406.0,6
S05,c022,test,frame_000407.jpg,4070,407.0,8
S05,c022,test,frame_000408.jpg,4080,408.0,8
S05,c022,test,frame_000409.jpg,4090,409.0,8
S05,c022,test,frame_000410.jpg,4100,410.0,9
S05,c022,test,frame_000411.jpg,4110,411.0,12
S05,c022,test,frame_000412.jpg,4120,412.0,8
S05,c022,test,frame_000413.jpg,4130,413.0,9
S05,c022,test,frame_000414.jpg,4140,414.0,9
S05,c022,test,frame_000415.jpg,4150,415.0,11
S05,c022,test,frame_000416.jpg,4160,416.0,9
S05,c022,test,frame_000417.jpg,4170,417.0,9
S05,c022,test,frame_000418.jpg,4180,418.0,10
S05,c022,test,frame_000419.jpg,4190,419.0,7
S05,c022,test,frame_000420.jpg,4200,420.0,8
S05,c022,test,frame_000421.jpg,4210,421.0,9
S05,c022,test,frame_000422.jpg,4220,422.0,10
S05,c022,test,frame_000423.jpg,4230,423.0,9
S05,c022,test,frame_000424.jpg,4240,424.0,8
S05,c022,test,frame_000425.jpg,4250,425.0,8
S05,c022,test,frame_000426.jpg,4260,426.0,8
S05,c022,test,frame_000427.jpg,4270,427.0,8
S05,c023,test,frame_000000.jpg,0,0.0,1
S05,c023,test,frame_000001.jpg,10,1.0,0
S05,c023,test,frame_000002.jpg,20,2.0,0
S05,c023,test,frame_000003.jpg,30,3.0,0
S05,c023,test,frame_000004.jpg,40,4.0,0
S05,c023,test,frame_000005.jpg,50,5.0,1
S05,c023,test,frame_000006.jpg,60,6.0,3
S05,c023,test,frame_000007.jpg,70,7.0,1
S05,c023,test,frame_000008.jpg,80,8.0,0
S05,c023,test,frame_000009.jpg,90,9.0,2
S05,c023,test,frame_000010.jpg,100,10.0,0
S05,c023,test,frame_000011.jpg,110,11.0,1
S05,c023,test,frame_000012.jpg,120,12.0,4
S05,c023,test,frame_000013.jpg,130,13.0,2
S05,c023,test,frame_000014.jpg,140,14.0,2
S05,c023,test,frame_000015.jpg,150,15.0,1
S05,c023,test,frame_000016.jpg,160,16.0,0
S05,c023,test,frame_000017.jpg,170,17.0,1
S05,c023,test,frame_000018.jpg,180,18.0,2
S05,c023,test,frame_000019.jpg,190,19.0,0
S05,c023,test,frame_000020.jpg,200,20.0,0
S05,c023,test,frame_000021.jpg,210,21.0,0
S05,c023,test,frame_000022.jpg,220,22.0,0
S05,c023,test,frame_000023.jpg,230,23.0,0
S05,c023,test,frame_000024.jpg,240,24.0,1
S05,c023,test,frame_000025.jpg,250,25.0,2
S05,c023,test,frame_000026.jpg,260,26.0,2
S05,c023,test,frame_000027.jpg,270,27.0,2
S05,c023,test,frame_000028.jpg,280,28.0,3
S05,c023,test,frame_000029.jpg,290,29.0,2
S05,c023,test,frame_000030.jpg,300,30.0,2
S05,c023,test,frame_000031.jpg,310,31.0,2
S05,c023,test,frame_000032.jpg,320,32.0,1
S05,c023,test,frame_000033.jpg,330,33.0,1
S05,c023,test,frame_000034.jpg,340,34.0,0
S05,c023,test,frame_000035.jpg,350,35.0,1
S05,c023,test,frame_000036.jpg,360,36.0,1
S05,c023,test,frame_000037.jpg,370,37.0,0
S05,c023,test,frame_000038.jpg,380,38.0,1
S05,c023,test,frame_000039.jpg,390,39.0,3
S05,c023,test,frame_000040.jpg,400,40.0,1
S05,c023,test,frame_000041.jpg,410,41.0,2
S05,c023,test,frame_000042.jpg,420,42.0,4
S05,c023,test,frame_000043.jpg,430,43.0,3
S05,c023,test,frame_000044.jpg,440,44.0,2
S05,c023,test,frame_000045.jpg,450,45.0,4
S05,c023,test,frame_000046.jpg,460,46.0,4
S05,c023,test,frame_000047.jpg,470,47.0,3
S05,c023,test,frame_000048.jpg,480,48.0,4
S05,c023,test,frame_000049.jpg,490,49.0,3
S05,c023,test,frame_000050.jpg,500,50.0,3
S05,c023,test,frame_000051.jpg,510,51.0,4
S05,c023,test,frame_000052.jpg,520,52.0,3
S05,c023,test,frame_000053.jpg,530,53.0,3
S05,c023,test,frame_000054.jpg,540,54.0,2
S05,c023,test,frame_000055.jpg,550,55.0,1
S05,c023,test,frame_000056.jpg,560,56.0,1
S05,c023,test,frame_000057.jpg,570,57.0,2
S05,c023,test,frame_000058.jpg,580,58.0,2
S05,c023,test,frame_000059.jpg,590,59.0,2
S05,c023,test,frame_000060.jpg,600,60.0,1
S05,c023,test,frame_000061.jpg,610,61.0,1
S05,c023,test,frame_000062.jpg,620,62.0,1
S05,c023,test,frame_000063.jpg,630,63.0,1
S05,c023,test,frame_000064.jpg,640,64.0,0
S05,c023,test,frame_000065.jpg,650,65.0,0
S05,c023,test,frame_000066.jpg,660,66.0,0
S05,c023,test,frame_000067.jpg,670,67.0,1
S05,c023,test,frame_000068.jpg,680,68.0,0
S05,c023,test,frame_000069.jpg,690,69.0,0
S05,c023,test,frame_000070.jpg,700,70.0,1
S05,c023,test,frame_000071.jpg,710,71.0,0
S05,c023,test,frame_000072.jpg,720,72.0,0
S05,c023,test,frame_000073.jpg,730,73.0,1
S05,c023,test,frame_000074.jpg,740,74.0,0
S05,c023,test,frame_000075.jpg,750,75.0,1
S05,c023,test,frame_000076.jpg,760,76.0,1
S05,c023,test,frame_000077.jpg,770,77.0,0
S05,c023,test,frame_000078.jpg,780,78.0,1
S05,c023,test,frame_000079.jpg,790,79.0,3
S05,c023,test,frame_000080.jpg,800,80.0,1
S05,c023,test,frame_000081.jpg,810,81.0,3
S05,c023,test,frame_000082.jpg,820,82.0,2
S05,c023,test,frame_000083.jpg,830,83.0,0
S05,c023,test,frame_000084.jpg,840,84.0,1
S05,c023,test,frame_000085.jpg,850,85.0,0
S05,c023,test,frame_000086.jpg,860,86.0,2
S05,c023,test,frame_000087.jpg,870,87.0,1
S05,c023,test,frame_000088.jpg,880,88.0,1
S05,c023,test,frame_000089.jpg,890,89.0,1
S05,c023,test,frame_000090.jpg,900,90.0,1
S05,c023,test,frame_000091.jpg,910,91.0,1
S05,c023,test,frame_000092.jpg,920,92.0,1
S05,c023,test,frame_000093.jpg,930,93.0,1
S05,c023,test,frame_000094.jpg,940,94.0,1
S05,c023,test,frame_000095.jpg,950,95.0,2
S05,c023,test,frame_000096.jpg,960,96.0,3
S05,c023,test,frame_000097.jpg,970,97.0,3
S05,c023,test,frame_000098.jpg,980,98.0,2
S05,c023,test,frame_000099.jpg,990,99.0,3
S05,c023,test,frame_000100.jpg,1000,100.0,1
S05,c023,test,frame_000101.jpg,1010,101.0,2
S05,c023,test,frame_000102.jpg,1020,102.0,3
S05,c023,test,frame_000103.jpg,1030,103.0,3
S05,c023,test,frame_000104.jpg,1040,104.0,1
S05,c023,test,frame_000105.jpg,1050,105.0,0
S05,c023,test,frame_000106.jpg,1060,106.0,2
S05,c023,test,frame_000107.jpg,1070,107.0,2
S05,c023,test,frame_000108.jpg,1080,108.0,3
S05,c023,test,frame_000109.jpg,1090,109.0,1
S05,c023,test,frame_000110.jpg,1100,110.0,1
S05,c023,test,frame_000111.jpg,1110,111.0,0
S05,c023,test,frame_000112.jpg,1120,112.0,1
S05,c023,test,frame_000113.jpg,1130,113.0,0
S05,c023,test,frame_000114.jpg,1140,114.0,0
S05,c023,test,frame_000115.jpg,1150,115.0,1
S05,c023,test,frame_000116.jpg,1160,116.0,3
S05,c023,test,frame_000117.jpg,1170,117.0,2
S05,c023,test,frame_000118.jpg,1180,118.0,1
S05,c023,test,frame_000119.jpg,1190,119.0,1
S05,c023,test,frame_000120.jpg,1200,120.0,1
S05,c023,test,frame_000121.jpg,1210,121.0,1
S05,c023,test,frame_000122.jpg,1220,122.0,1
S05,c023,test,frame_000123.jpg,1230,123.0,2
S05,c023,test,frame_000124.jpg,1240,124.0,1
S05,c023,test,frame_000125.jpg,1250,125.0,1
S05,c023,test,frame_000126.jpg,1260,126.0,1
S05,c023,test,frame_000127.jpg,1270,127.0,2
S05,c023,test,frame_000128.jpg,1280,128.0,2
S05,c023,test,frame_000129.jpg,1290,129.0,2
S05,c023,test,frame_000130.jpg,1300,130.0,0
S05,c023,test,frame_000131.jpg,1310,131.0,1
S05,c023,test,frame_000132.jpg,1320,132.0,1
S05,c023,test,frame_000133.jpg,1330,133.0,0
S05,c023,test,frame_000134.jpg,1340,134.0,0
S05,c023,test,frame_000135.jpg,1350,135.0,0
S05,c023,test,frame_000136.jpg,1360,136.0,0
S05,c023,test,frame_000137.jpg,1370,137.0,0
S05,c023,test,frame_000138.jpg,1380,138.0,0
S05,c023,test,frame_000139.jpg,1390,139.0,0
S05,c023,test,frame_000140.jpg,1400,140.0,0
S05,c023,test,frame_000141.jpg,1410,141.0,0
S05,c023,test,frame_000142.jpg,1420,142.0,0
S05,c023,test,frame_000143.jpg,1430,143.0,0
S05,c023,test,frame_000144.jpg,1440,144.0,0
S05,c023,test,frame_000145.jpg,1450,145.0,0
S05,c023,test,frame_000146.jpg,1460,146.0,0
S05,c023,test,frame_000147.jpg,1470,147.0,0
S05,c023,test,frame_000148.jpg,1480,148.0,0
S05,c023,test,frame_000149.jpg,1490,149.0,0
S05,c023,test,frame_000150.jpg,1500,150.0,0
S05,c023,test,frame_000151.jpg,1510,151.0,0
S05,c023,test,frame_000152.jpg,1520,152.0,1
S05,c023,test,frame_000153.jpg,1530,153.0,2
S05,c023,test,frame_000154.jpg,1540,154.0,3
S05,c023,test,frame_000155.jpg,1550,155.0,3
S05,c023,test,frame_000156.jpg,1560,156.0,2
S05,c023,test,frame_000157.jpg,1570,157.0,1
S05,c023,test,frame_000158.jpg,1580,158.0,1
S05,c023,test,frame_000159.jpg,1590,159.0,0
S05,c023,test,frame_000160.jpg,1600,160.0,0
S05,c023,test,frame_000161.jpg,1610,161.0,0
S05,c023,test,frame_000162.jpg,1620,162.0,0
S05,c023,test,frame_000163.jpg,1630,163.0,1
S05,c023,test,frame_000164.jpg,1640,164.0,1
S05,c023,test,frame_000165.jpg,1650,165.0,1
S05,c023,test,frame_000166.jpg,1660,166.0,1
S05,c023,test,frame_000167.jpg,1670,167.0,1
S05,c023,test,frame_000168.jpg,1680,168.0,1
S05,c023,test,frame_000169.jpg,1690,169.0,1
S05,c023,test,frame_000170.jpg,1700,170.0,1
S05,c023,test,frame_000171.jpg,1710,171.0,2
S05,c023,test,frame_000172.jpg,1720,172.0,0
S05,c023,test,frame_000173.jpg,1730,173.0,1
S05,c023,test,frame_000174.jpg,1740,174.0,2
S05,c023,test,frame_000175.jpg,1750,175.0,0
S05,c023,test,frame_000176.jpg,1760,176.0,1
S05,c023,test,frame_000177.jpg,1770,177.0,1
S05,c023,test,frame_000178.jpg,1780,178.0,1
S05,c023,test,frame_000179.jpg,1790,179.0,1
S05,c023,test,frame_000180.jpg,1800,180.0,2
S05,c023,test,frame_000181.jpg,1810,181.0,0
S05,c023,test,frame_000182.jpg,1820,182.0,1
S05,c023,test,frame_000183.jpg,1830,183.0,2
S05,c023,test,frame_000184.jpg,1840,184.0,0
S05,c023,test,frame_000185.jpg,1850,185.0,1
S05,c023,test,frame_000186.jpg,1860,186.0,1
S05,c023,test,frame_000187.jpg,1870,187.0,1
S05,c023,test,frame_000188.jpg,1880,188.0,1
S05,c023,test,frame_000189.jpg,1890,189.0,1
S05,c023,test,frame_000190.jpg,1900,190.0,2
S05,c023,test,frame_000191.jpg,1910,191.0,2
S05,c023,test,frame_000192.jpg,1920,192.0,2
S05,c023,test,frame_000193.jpg,1930,193.0,2
S05,c023,test,frame_000194.jpg,1940,194.0,3
S05,c023,test,frame_000195.jpg,1950,195.0,3
S05,c023,test,frame_000196.jpg,1960,196.0,4
S05,c023,test,frame_000197.jpg,1970,197.0,4
S05,c023,test,frame_000198.jpg,1980,198.0,2
S05,c023,test,frame_000199.jpg,1990,199.0,2
S05,c023,test,frame_000200.jpg,2000,200.0,3
S05,c023,test,frame_000201.jpg,2010,201.0,3
S05,c023,test,frame_000202.jpg,2020,202.0,4
S05,c023,test,frame_000203.jpg,2030,203.0,4
S05,c023,test,frame_000204.jpg,2040,204.0,2
S05,c023,test,frame_000205.jpg,2050,205.0,1
S05,c023,test,frame_000206.jpg,2060,206.0,2
S05,c023,test,frame_000207.jpg,2070,207.0,3
S05,c023,test,frame_000208.jpg,2080,208.0,3
S05,c023,test,frame_000209.jpg,2090,209.0,2
S05,c023,test,frame_000210.jpg,2100,210.0,2
S05,c023,test,frame_000211.jpg,2110,211.0,2
S05,c023,test,frame_000212.jpg,2120,212.0,1
S05,c023,test,frame_000213.jpg,2130,213.0,1
S05,c023,test,frame_000214.jpg,2140,214.0,1
S05,c023,test,frame_000215.jpg,2150,215.0,2
S05,c023,test,frame_000216.jpg,2160,216.0,1
S05,c023,test,frame_000217.jpg,2170,217.0,2
S05,c023,test,frame_000218.jpg,2180,218.0,2
S05,c023,test,frame_000219.jpg,2190,219.0,0
S05,c023,test,frame_000220.jpg,2200,220.0,1
S05,c023,test,frame_000221.jpg,2210,221.0,0
S05,c023,test,frame_000222.jpg,2220,222.0,3
S05,c023,test,frame_000223.jpg,2230,223.0,2
S05,c023,test,frame_000224.jpg,2240,224.0,2
S05,c023,test,frame_000225.jpg,2250,225.0,1
S05,c023,test,frame_000226.jpg,2260,226.0,0
S05,c023,test,frame_000227.jpg,2270,227.0,1
S05,c023,test,frame_000228.jpg,2280,228.0,1
S05,c023,test,frame_000229.jpg,2290,229.0,0
S05,c023,test,frame_000230.jpg,2300,230.0,0
S05,c023,test,frame_000231.jpg,2310,231.0,0
S05,c023,test,frame_000232.jpg,2320,232.0,2
S05,c023,test,frame_000233.jpg,2330,233.0,1
S05,c023,test,frame_000234.jpg,2340,234.0,2
S05,c023,test,frame_000235.jpg,2350,235.0,1
S05,c023,test,frame_000236.jpg,2360,236.0,1
S05,c023,test,frame_000237.jpg,2370,237.0,2
S05,c023,test,frame_000238.jpg,2380,238.0,2
S05,c023,test,frame_000239.jpg,2390,239.0,1
S05,c023,test,frame_000240.jpg,2400,240.0,1
S05,c023,test,frame_000241.jpg,2410,241.0,0
S05,c023,test,frame_000242.jpg,2420,242.0,2
S05,c023,test,frame_000243.jpg,2430,243.0,1
S05,c023,test,frame_000244.jpg,2440,244.0,1
S05,c023,test,frame_000245.jpg,2450,245.0,1
S05,c023,test,frame_000246.jpg,2460,246.0,1
S05,c023,test,frame_000247.jpg,2470,247.0,1
S05,c023,test,frame_000248.jpg,2480,248.0,1
S05,c023,test,frame_000249.jpg,2490,249.0,1
S05,c023,test,frame_000250.jpg,2500,250.0,1
S05,c023,test,frame_000251.jpg,2510,251.0,0
S05,c023,test,frame_000252.jpg,2520,252.0,0
S05,c023,test,frame_000253.jpg,2530,253.0,0
S05,c023,test,frame_000254.jpg,2540,254.0,0
S05,c023,test,frame_000255.jpg,2550,255.0,0
S05,c023,test,frame_000256.jpg,2560,256.0,0
S05,c023,test,frame_000257.jpg,2570,257.0,0
S05,c023,test,frame_000258.jpg,2580,258.0,0
S05,c023,test,frame_000259.jpg,2590,259.0,0
S05,c023,test,frame_000260.jpg,2600,260.0,0
S05,c023,test,frame_000261.jpg,2610,261.0,2
S05,c023,test,frame_000262.jpg,2620,262.0,1
S05,c023,test,frame_000263.jpg,2630,263.0,2
S05,c023,test,frame_000264.jpg,2640,264.0,1
S05,c023,test,frame_000265.jpg,2650,265.0,0
S05,c023,test,frame_000266.jpg,2660,266.0,1
S05,c023,test,frame_000267.jpg,2670,267.0,1
S05,c023,test,frame_000268.jpg,2680,268.0,1
S05,c023,test,frame_000269.jpg,2690,269.0,2
S05,c023,test,frame_000270.jpg,2700,270.0,2
S05,c023,test,frame_000271.jpg,2710,271.0,0
S05,c023,test,frame_000272.jpg,2720,272.0,0
S05,c023,test,frame_000273.jpg,2730,273.0,1
S05,c023,test,frame_000274.jpg,2740,274.0,1
S05,c023,test,frame_000275.jpg,2750,275.0,2
S05,c023,test,frame_000276.jpg,2760,276.0,1
S05,c023,test,frame_000277.jpg,2770,277.0,0
S05,c023,test,frame_000278.jpg,2780,278.0,1
S05,c023,test,frame_000279.jpg,2790,279.0,2
S05,c023,test,frame_000280.jpg,2800,280.0,3
S05,c023,test,frame_000281.jpg,2810,281.0,2
S05,c023,test,frame_000282.jpg,2820,282.0,1
S05,c023,test,frame_000283.jpg,2830,283.0,0
S05,c023,test,frame_000284.jpg,2840,284.0,1
S05,c023,test,frame_000285.jpg,2850,285.0,1
S05,c023,test,frame_000286.jpg,2860,286.0,3
S05,c023,test,frame_000287.jpg,2870,287.0,3
S05,c023,test,frame_000288.jpg,2880,288.0,3
S05,c023,test,frame_000289.jpg,2890,289.0,2
S05,c023,test,frame_000290.jpg,2900,290.0,0
S05,c023,test,frame_000291.jpg,2910,291.0,1
S05,c023,test,frame_000292.jpg,2920,292.0,1
S05,c023,test,frame_000293.jpg,2930,293.0,1
S05,c023,test,frame_000294.jpg,2940,294.0,1
S05,c023,test,frame_000295.jpg,2950,295.0,1
S05,c023,test,frame_000296.jpg,2960,296.0,3
S05,c023,test,frame_000297.jpg,2970,297.0,1
S05,c023,test,frame_000298.jpg,2980,298.0,1
S05,c023,test,frame_000299.jpg,2990,299.0,1
S05,c023,test,frame_000300.jpg,3000,300.0,0
S05,c023,test,frame_000301.jpg,3010,301.0,2
S05,c023,test,frame_000302.jpg,3020,302.0,1
S05,c023,test,frame_000303.jpg,3030,303.0,2
S05,c023,test,frame_000304.jpg,3040,304.0,1
S05,c023,test,frame_000305.jpg,3050,305.0,0
S05,c023,test,frame_000306.jpg,3060,306.0,0
S05,c023,test,frame_000307.jpg,3070,307.0,0
S05,c023,test,frame_000308.jpg,3080,308.0,0
S05,c023,test,frame_000309.jpg,3090,309.0,0
S05,c023,test,frame_000310.jpg,3100,310.0,0
S05,c023,test,frame_000311.jpg,3110,311.0,0
S05,c023,test,frame_000312.jpg,3120,312.0,0
S05,c023,test,frame_000313.jpg,3130,313.0,1
S05,c023,test,frame_000314.jpg,3140,314.0,2
S05,c023,test,frame_000315.jpg,3150,315.0,3
S05,c023,test,frame_000316.jpg,3160,316.0,2
S05,c023,test,frame_000317.jpg,3170,317.0,2
S05,c023,test,frame_000318.jpg,3180,318.0,0
S05,c023,test,frame_000319.jpg,3190,319.0,0
S05,c023,test,frame_000320.jpg,3200,320.0,0
S05,c023,test,frame_000321.jpg,3210,321.0,0
S05,c023,test,frame_000322.jpg,3220,322.0,0
S05,c023,test,frame_000323.jpg,3230,323.0,0
S05,c023,test,frame_000324.jpg,3240,324.0,1
S05,c023,test,frame_000325.jpg,3250,325.0,2
S05,c023,test,frame_000326.jpg,3260,326.0,1
S05,c023,test,frame_000327.jpg,3270,327.0,2
S05,c023,test,frame_000328.jpg,3280,328.0,1
S05,c023,test,frame_000329.jpg,3290,329.0,2
S05,c023,test,frame_000330.jpg,3300,330.0,1
S05,c023,test,frame_000331.jpg,3310,331.0,1
S05,c023,test,frame_000332.jpg,3320,332.0,2
S05,c023,test,frame_000333.jpg,3330,333.0,3
S05,c023,test,frame_000334.jpg,3340,334.0,1
S05,c023,test,frame_000335.jpg,3350,335.0,2
S05,c023,test,frame_000336.jpg,3360,336.0,1
S05,c023,test,frame_000337.jpg,3370,337.0,1
S05,c023,test,frame_000338.jpg,3380,338.0,1
S05,c023,test,frame_000339.jpg,3390,339.0,1
S05,c023,test,frame_000340.jpg,3400,340.0,1
S05,c023,test,frame_000341.jpg,3410,341.0,1
S05,c023,test,frame_000342.jpg,3420,342.0,0
S05,c023,test,frame_000343.jpg,3430,343.0,0
S05,c023,test,frame_000344.jpg,3440,344.0,0
S05,c023,test,frame_000345.jpg,3450,345.0,0
S05,c023,test,frame_000346.jpg,3460,346.0,0
S05,c023,test,frame_000347.jpg,3470,347.0,0
S05,c023,test,frame_000348.jpg,3480,348.0,2
S05,c023,test,frame_000349.jpg,3490,349.0,3
S05,c023,test,frame_000350.jpg,3500,350.0,1
S05,c023,test,frame_000351.jpg,3510,351.0,2
S05,c023,test,frame_000352.jpg,3520,352.0,2
S05,c023,test,frame_000353.jpg,3530,353.0,0
S05,c023,test,frame_000354.jpg,3540,354.0,1
S05,c023,test,frame_000355.jpg,3550,355.0,1
S05,c023,test,frame_000356.jpg,3560,356.0,0
S05,c023,test,frame_000357.jpg,3570,357.0,0
S05,c023,test,frame_000358.jpg,3580,358.0,0
S05,c023,test,frame_000359.jpg,3590,359.0,0
S05,c023,test,frame_000360.jpg,3600,360.0,0
S05,c023,test,frame_000361.jpg,3610,361.0,0
S05,c023,test,frame_000362.jpg,3620,362.0,0
S05,c023,test,frame_000363.jpg,3630,363.0,0
S05,c023,test,frame_000364.jpg,3640,364.0,1
S05,c023,test,frame_000365.jpg,3650,365.0,0
S05,c023,test,frame_000366.jpg,3660,366.0,0
S05,c023,test,frame_000367.jpg,3670,367.0,1
S05,c023,test,frame_000368.jpg,3680,368.0,0
S05,c023,test,frame_000369.jpg,3690,369.0,1
S05,c023,test,frame_000370.jpg,3700,370.0,0
S05,c023,test,frame_000371.jpg,3710,371.0,0
S05,c023,test,frame_000372.jpg,3720,372.0,0
S05,c023,test,frame_000373.jpg,3730,373.0,0
S05,c023,test,frame_000374.jpg,3740,374.0,0
S05,c023,test,frame_000375.jpg,3750,375.0,0
S05,c023,test,frame_000376.jpg,3760,376.0,0
S05,c023,test,frame_000377.jpg,3770,377.0,0
S05,c023,test,frame_000378.jpg,3780,378.0,0
S05,c023,test,frame_000379.jpg,3790,379.0,0
S05,c023,test,frame_000380.jpg,3800,380.0,0
S05,c023,test,frame_000381.jpg,3810,381.0,0
S05,c023,test,frame_000382.jpg,3820,382.0,1
S05,c023,test,frame_000383.jpg,3830,383.0,2
S05,c023,test,frame_000384.jpg,3840,384.0,1
S05,c023,test,frame_000385.jpg,3850,385.0,2
S05,c023,test,frame_000386.jpg,3860,386.0,1
S05,c023,test,frame_000387.jpg,3870,387.0,0
S05,c023,test,frame_000388.jpg,3880,388.0,1
S05,c023,test,frame_000389.jpg,3890,389.0,1
S05,c023,test,frame_000390.jpg,3900,390.0,2
S05,c023,test,frame_000391.jpg,3910,391.0,0
S05,c023,test,frame_000392.jpg,3920,392.0,2
S05,c023,test,frame_000393.jpg,3930,393.0,2
S05,c023,test,frame_000394.jpg,3940,394.0,1
S05,c023,test,frame_000395.jpg,3950,395.0,2
S05,c023,test,frame_000396.jpg,3960,396.0,0
S05,c023,test,frame_000397.jpg,3970,397.0,1
S05,c023,test,frame_000398.jpg,3980,398.0,1
S05,c023,test,frame_000399.jpg,3990,399.0,1
S05,c023,test,frame_000400.jpg,4000,400.0,0
S05,c023,test,frame_000401.jpg,4010,401.0,0
S05,c023,test,frame_000402.jpg,4020,402.0,0
S05,c023,test,frame_000403.jpg,4030,403.0,0
S05,c023,test,frame_000404.jpg,4040,404.0,0
S05,c023,test,frame_000405.jpg,4050,405.0,0
S05,c023,test,frame_000406.jpg,4060,406.0,0
S05,c023,test,frame_000407.jpg,4070,407.0,0
S05,c023,test,frame_000408.jpg,4080,408.0,0
S05,c023,test,frame_000409.jpg,4090,409.0,0
S05,c023,test,frame_000410.jpg,4100,410.0,0
S05,c023,test,frame_000411.jpg,4110,411.0,0
S05,c023,test,frame_000412.jpg,4120,412.0,0
S05,c023,test,frame_000413.jpg,4130,413.0,1
S05,c023,test,frame_000414.jpg,4140,414.0,1
S05,c023,test,frame_000415.jpg,4150,415.0,2
S05,c023,test,frame_000416.jpg,4160,416.0,3
S05,c023,test,frame_000417.jpg,4170,417.0,1
S05,c023,test,frame_000418.jpg,4180,418.0,3
S05,c023,test,frame_000419.jpg,4190,419.0,2
S05,c023,test,frame_000420.jpg,4200,420.0,2
S05,c023,test,frame_000421.jpg,4210,421.0,4
S05,c023,test,frame_000422.jpg,4220,422.0,3
S05,c023,test,frame_000423.jpg,4230,423.0,1
S05,c023,test,frame_000424.jpg,4240,424.0,2
S05,c023,test,frame_000425.jpg,4250,425.0,1
S05,c024,test,frame_000000.jpg,0,0.0,0
S05,c024,test,frame_000001.jpg,10,1.0,0
S05,c024,test,frame_000002.jpg,20,2.0,0
S05,c024,test,frame_000003.jpg,30,3.0,0
S05,c024,test,frame_000004.jpg,40,4.0,0
S05,c024,test,frame_000005.jpg,50,5.0,0
S05,c024,test,frame_000006.jpg,60,6.0,0
S05,c024,test,frame_000007.jpg,70,7.0,0
S05,c024,test,frame_000008.jpg,80,8.0,0
S05,c024,test,frame_000009.jpg,90,9.0,0
S05,c024,test,frame_000010.jpg,100,10.0,0
S05,c024,test,frame_000011.jpg,110,11.0,0
S05,c024,test,frame_000012.jpg,120,12.0,1
S05,c024,test,frame_000013.jpg,130,13.0,0
S05,c024,test,frame_000014.jpg,140,14.0,0
S05,c024,test,frame_000015.jpg,150,15.0,0
S05,c024,test,frame_000016.jpg,160,16.0,0
S05,c024,test,frame_000017.jpg,170,17.0,0
S05,c024,test,frame_000018.jpg,180,18.0,1
S05,c024,test,frame_000019.jpg,190,19.0,1
S05,c024,test,frame_000020.jpg,200,20.0,1
S05,c024,test,frame_000021.jpg,210,21.0,1
S05,c024,test,frame_000022.jpg,220,22.0,0
S05,c024,test,frame_000023.jpg,230,23.0,0
S05,c024,test,frame_000024.jpg,240,24.0,0
S05,c024,test,frame_000025.jpg,250,25.0,0
S05,c024,test,frame_000026.jpg,260,26.0,0
S05,c024,test,frame_000027.jpg,270,27.0,1
S05,c024,test,frame_000028.jpg,280,28.0,0
S05,c024,test,frame_000029.jpg,290,29.0,0
S05,c024,test,frame_000030.jpg,300,30.0,0
S05,c024,test,frame_000031.jpg,310,31.0,0
S05,c024,test,frame_000032.jpg,320,32.0,0
S05,c024,test,frame_000033.jpg,330,33.0,0
S05,c024,test,frame_000034.jpg,340,34.0,0
S05,c024,test,frame_000035.jpg,350,35.0,0
S05,c024,test,frame_000036.jpg,360,36.0,0
S05,c024,test,frame_000037.jpg,370,37.0,0
S05,c024,test,frame_000038.jpg,380,38.0,0
S05,c024,test,frame_000039.jpg,390,39.0,0
S05,c024,test,frame_000040.jpg,400,40.0,0
S05,c024,test,frame_000041.jpg,410,41.0,0
S05,c024,test,frame_000042.jpg,420,42.0,0
S05,c024,test,frame_000043.jpg,430,43.0,0
S05,c024,test,frame_000044.jpg,440,44.0,0
S05,c024,test,frame_000045.jpg,450,45.0,1
S05,c024,test,frame_000046.jpg,460,46.0,1
S05,c024,test,frame_000047.jpg,470,47.0,1
S05,c024,test,frame_000048.jpg,480,48.0,1
S05,c024,test,frame_000049.jpg,490,49.0,1
S05,c024,test,frame_000050.jpg,500,50.0,2
S05,c024,test,frame_000051.jpg,510,51.0,1
S05,c024,test,frame_000052.jpg,520,52.0,1
S05,c024,test,frame_000053.jpg,530,53.0,1
S05,c024,test,frame_000054.jpg,540,54.0,1
S05,c024,test,frame_000055.jpg,550,55.0,1
S05,c024,test,frame_000056.jpg,560,56.0,1
S05,c024,test,frame_000057.jpg,570,57.0,1
S05,c024,test,frame_000058.jpg,580,58.0,1
S05,c024,test,frame_000059.jpg,590,59.0,0
S05,c024,test,frame_000060.jpg,600,60.0,0
S05,c024,test,frame_000061.jpg,610,61.0,0
S05,c024,test,frame_000062.jpg,620,62.0,0
S05,c024,test,frame_000063.jpg,630,63.0,0
S05,c024,test,frame_000064.jpg,640,64.0,0
S05,c024,test,frame_000065.jpg,650,65.0,0
S05,c024,test,frame_000066.jpg,660,66.0,0
S05,c024,test,frame_000067.jpg,670,67.0,0
S05,c024,test,frame_000068.jpg,680,68.0,0
S05,c024,test,frame_000069.jpg,690,69.0,0
S05,c024,test,frame_000070.jpg,700,70.0,0
S05,c024,test,frame_000071.jpg,710,71.0,0
S05,c024,test,frame_000072.jpg,720,72.0,0
S05,c024,test,frame_000073.jpg,730,73.0,0
S05,c024,test,frame_000074.jpg,740,74.0,0
S05,c024,test,frame_000075.jpg,750,75.0,0
S05,c024,test,frame_000076.jpg,760,76.0,0
S05,c024,test,frame_000077.jpg,770,77.0,0
S05,c024,test,frame_000078.jpg,780,78.0,0
S05,c024,test,frame_000079.jpg,790,79.0,0
S05,c024,test,frame_000080.jpg,800,80.0,0
S05,c024,test,frame_000081.jpg,810,81.0,0
S05,c024,test,frame_000082.jpg,820,82.0,0
S05,c024,test,frame_000083.jpg,830,83.0,0
S05,c024,test,frame_000084.jpg,840,84.0,0
S05,c024,test,frame_000085.jpg,850,85.0,1
S05,c024,test,frame_000086.jpg,860,86.0,1
S05,c024,test,frame_000087.jpg,870,87.0,1
S05,c024,test,frame_000088.jpg,880,88.0,1
S05,c024,test,frame_000089.jpg,890,89.0,1
S05,c024,test,frame_000090.jpg,900,90.0,1
S05,c024,test,frame_000091.jpg,910,91.0,1
S05,c024,test,frame_000092.jpg,920,92.0,1
S05,c024,test,frame_000093.jpg,930,93.0,1
S05,c024,test,frame_000094.jpg,940,94.0,1
S05,c024,test,frame_000095.jpg,950,95.0,1
S05,c024,test,frame_000096.jpg,960,96.0,1
S05,c024,test,frame_000097.jpg,970,97.0,1
S05,c024,test,frame_000098.jpg,980,98.0,1
S05,c024,test,frame_000099.jpg,990,99.0,1
S05,c024,test,frame_000100.jpg,1000,100.0,2
S05,c024,test,frame_000101.jpg,1010,101.0,1
S05,c024,test,frame_000102.jpg,1020,102.0,1
S05,c024,test,frame_000103.jpg,1030,103.0,1
S05,c024,test,frame_000104.jpg,1040,104.0,2
S05,c024,test,frame_000105.jpg,1050,105.0,1
S05,c024,test,frame_000106.jpg,1060,106.0,0
S05,c024,test,frame_000107.jpg,1070,107.0,1
S05,c024,test,frame_000108.jpg,1080,108.0,1
S05,c024,test,frame_000109.jpg,1090,109.0,0
S05,c024,test,frame_000110.jpg,1100,110.0,0
S05,c024,test,frame_000111.jpg,1110,111.0,0
S05,c024,test,frame_000112.jpg,1120,112.0,1
S05,c024,test,frame_000113.jpg,1130,113.0,0
S05,c024,test,frame_000114.jpg,1140,114.0,0
S05,c024,test,frame_000115.jpg,1150,115.0,0
S05,c024,test,frame_000116.jpg,1160,116.0,0
S05,c024,test,frame_000117.jpg,1170,117.0,0
S05,c024,test,frame_000118.jpg,1180,118.0,0
S05,c024,test,frame_000119.jpg,1190,119.0,0
S05,c024,test,frame_000120.jpg,1200,120.0,0
S05,c024,test,frame_000121.jpg,1210,121.0,0
S05,c024,test,frame_000122.jpg,1220,122.0,0
S05,c024,test,frame_000123.jpg,1230,123.0,0
S05,c024,test,frame_000124.jpg,1240,124.0,1
S05,c024,test,frame_000125.jpg,1250,125.0,0
S05,c024,test,frame_000126.jpg,1260,126.0,0
S05,c024,test,frame_000127.jpg,1270,127.0,0
S05,c024,test,frame_000128.jpg,1280,128.0,1
S05,c024,test,frame_000129.jpg,1290,129.0,0
S05,c024,test,frame_000130.jpg,1300,130.0,0
S05,c024,test,frame_000131.jpg,1310,131.0,0
S05,c024,test,frame_000132.jpg,1320,132.0,0
S05,c024,test,frame_000133.jpg,1330,133.0,1
S05,c024,test,frame_000134.jpg,1340,134.0,1
S05,c024,test,frame_000135.jpg,1350,135.0,0
S05,c024,test,frame_000136.jpg,1360,136.0,1
S05,c024,test,frame_000137.jpg,1370,137.0,0
S05,c024,test,frame_000138.jpg,1380,138.0,0
S05,c024,test,frame_000139.jpg,1390,139.0,0
S05,c024,test,frame_000140.jpg,1400,140.0,0
S05,c024,test,frame_000141.jpg,1410,141.0,0
S05,c024,test,frame_000142.jpg,1420,142.0,0
S05,c024,test,frame_000143.jpg,1430,143.0,0
S05,c024,test,frame_000144.jpg,1440,144.0,0
S05,c024,test,frame_000145.jpg,1450,145.0,0
S05,c024,test,frame_000146.jpg,1460,146.0,0
S05,c024,test,frame_000147.jpg,1470,147.0,0
S05,c024,test,frame_000148.jpg,1480,148.0,0
S05,c024,test,frame_000149.jpg,1490,149.0,0
S05,c024,test,frame_000150.jpg,1500,150.0,0
S05,c024,test,frame_000151.jpg,1510,151.0,0
S05,c024,test,frame_000152.jpg,1520,152.0,0
S05,c024,test,frame_000153.jpg,1530,153.0,0
S05,c024,test,frame_000154.jpg,1540,154.0,0
S05,c024,test,frame_000155.jpg,1550,155.0,0
S05,c024,test,frame_000156.jpg,1560,156.0,1
S05,c024,test,frame_000157.jpg,1570,157.0,0
S05,c024,test,frame_000158.jpg,1580,158.0,0
S05,c024,test,frame_000159.jpg,1590,159.0,1
S05,c024,test,frame_000160.jpg,1600,160.0,1
S05,c024,test,frame_000161.jpg,1610,161.0,0
S05,c024,test,frame_000162.jpg,1620,162.0,1
S05,c024,test,frame_000163.jpg,1630,163.0,1
S05,c024,test,frame_000164.jpg,1640,164.0,0
S05,c024,test,frame_000165.jpg,1650,165.0,0
S05,c024,test,frame_000166.jpg,1660,166.0,0
S05,c024,test,frame_000167.jpg,1670,167.0,0
S05,c024,test,frame_000168.jpg,1680,168.0,0
S05,c024,test,frame_000169.jpg,1690,169.0,1
S05,c024,test,frame_000170.jpg,1700,170.0,0
S05,c024,test,frame_000171.jpg,1710,171.0,0
S05,c024,test,frame_000172.jpg,1720,172.0,0
S05,c024,test,frame_000173.jpg,1730,173.0,0
S05,c024,test,frame_000174.jpg,1740,174.0,0
S05,c024,test,frame_000175.jpg,1750,175.0,0
S05,c024,test,frame_000176.jpg,1760,176.0,0
S05,c024,test,frame_000177.jpg,1770,177.0,0
S05,c024,test,frame_000178.jpg,1780,178.0,1
S05,c024,test,frame_000179.jpg,1790,179.0,0
S05,c024,test,frame_000180.jpg,1800,180.0,1
S05,c024,test,frame_000181.jpg,1810,181.0,2
S05,c024,test,frame_000182.jpg,1820,182.0,2
S05,c024,test,frame_000183.jpg,1830,183.0,1
S05,c024,test,frame_000184.jpg,1840,184.0,2
S05,c024,test,frame_000185.jpg,1850,185.0,1
S05,c024,test,frame_000186.jpg,1860,186.0,1
S05,c024,test,frame_000187.jpg,1870,187.0,1
S05,c024,test,frame_000188.jpg,1880,188.0,0
S05,c024,test,frame_000189.jpg,1890,189.0,1
S05,c024,test,frame_000190.jpg,1900,190.0,1
S05,c024,test,frame_000191.jpg,1910,191.0,1
S05,c024,test,frame_000192.jpg,1920,192.0,2
S05,c024,test,frame_000193.jpg,1930,193.0,2
S05,c024,test,frame_000194.jpg,1940,194.0,2
S05,c024,test,frame_000195.jpg,1950,195.0,2
S05,c024,test,frame_000196.jpg,1960,196.0,1
S05,c024,test,frame_000197.jpg,1970,197.0,2
S05,c024,test,frame_000198.jpg,1980,198.0,1
S05,c024,test,frame_000199.jpg,1990,199.0,1
S05,c024,test,frame_000200.jpg,2000,200.0,1
S05,c024,test,frame_000201.jpg,2010,201.0,1
S05,c024,test,frame_000202.jpg,2020,202.0,1
S05,c024,test,frame_000203.jpg,2030,203.0,1
S05,c024,test,frame_000204.jpg,2040,204.0,1
S05,c024,test,frame_000205.jpg,2050,205.0,1
S05,c024,test,frame_000206.jpg,2060,206.0,1
S05,c024,test,frame_000207.jpg,2070,207.0,1
S05,c024,test,frame_000208.jpg,2080,208.0,1
S05,c024,test,frame_000209.jpg,2090,209.0,1
S05,c024,test,frame_000210.jpg,2100,210.0,1
S05,c024,test,frame_000211.jpg,2110,211.0,1
S05,c024,test,frame_000212.jpg,2120,212.0,1
S05,c024,test,frame_000213.jpg,2130,213.0,1
S05,c024,test,frame_000214.jpg,2140,214.0,1
S05,c024,test,frame_000215.jpg,2150,215.0,1
S05,c024,test,frame_000216.jpg,2160,216.0,2
S05,c024,test,frame_000217.jpg,2170,217.0,0
S05,c024,test,frame_000218.jpg,2180,218.0,0
S05,c024,test,frame_000219.jpg,2190,219.0,0
S05,c024,test,frame_000220.jpg,2200,220.0,0
S05,c024,test,frame_000221.jpg,2210,221.0,0
S05,c024,test,frame_000222.jpg,2220,222.0,0
S05,c024,test,frame_000223.jpg,2230,223.0,0
S05,c024,test,frame_000224.jpg,2240,224.0,0
S05,c024,test,frame_000225.jpg,2250,225.0,0
S05,c024,test,frame_000226.jpg,2260,226.0,0
S05,c024,test,frame_000227.jpg,2270,227.0,1
S05,c024,test,frame_000228.jpg,2280,228.0,0
S05,c024,test,frame_000229.jpg,2290,229.0,1
S05,c024,test,frame_000230.jpg,2300,230.0,0
S05,c024,test,frame_000231.jpg,2310,231.0,0
S05,c024,test,frame_000232.jpg,2320,232.0,1
S05,c024,test,frame_000233.jpg,2330,233.0,1
S05,c024,test,frame_000234.jpg,2340,234.0,0
S05,c024,test,frame_000235.jpg,2350,235.0,0
S05,c024,test,frame_000236.jpg,2360,236.0,0
S05,c024,test,frame_000237.jpg,2370,237.0,0
S05,c024,test,frame_000238.jpg,2380,238.0,0
S05,c024,test,frame_000239.jpg,2390,239.0,2
S05,c024,test,frame_000240.jpg,2400,240.0,0
S05,c024,test,frame_000241.jpg,2410,241.0,0
S05,c024,test,frame_000242.jpg,2420,242.0,0
S05,c024,test,frame_000243.jpg,2430,243.0,0
S05,c024,test,frame_000244.jpg,2440,244.0,0
S05,c024,test,frame_000245.jpg,2450,245.0,0
S05,c024,test,frame_000246.jpg,2460,246.0,0
S05,c024,test,frame_000247.jpg,2470,247.0,0
S05,c024,test,frame_000248.jpg,2480,248.0,0
S05,c024,test,frame_000249.jpg,2490,249.0,0
S05,c024,test,frame_000250.jpg,2500,250.0,0
S05,c024,test,frame_000251.jpg,2510,251.0,0
S05,c024,test,frame_000252.jpg,2520,252.0,0
S05,c024,test,frame_000253.jpg,2530,253.0,1
S05,c024,test,frame_000254.jpg,2540,254.0,1
S05,c024,test,frame_000255.jpg,2550,255.0,1
S05,c024,test,frame_000256.jpg,2560,256.0,1
S05,c024,test,frame_000257.jpg,2570,257.0,1
S05,c024,test,frame_000258.jpg,2580,258.0,1
S05,c024,test,frame_000259.jpg,2590,259.0,1
S05,c024,test,frame_000260.jpg,2600,260.0,1
S05,c024,test,frame_000261.jpg,2610,261.0,1
S05,c024,test,frame_000262.jpg,2620,262.0,0
S05,c024,test,frame_000263.jpg,2630,263.0,0
S05,c024,test,frame_000264.jpg,2640,264.0,0
S05,c024,test,frame_000265.jpg,2650,265.0,0
S05,c024,test,frame_000266.jpg,2660,266.0,0
S05,c024,test,frame_000267.jpg,2670,267.0,0
S05,c024,test,frame_000268.jpg,2680,268.0,0
S05,c024,test,frame_000269.jpg,2690,269.0,0
S05,c024,test,frame_000270.jpg,2700,270.0,0
S05,c024,test,frame_000271.jpg,2710,271.0,0
S05,c024,test,frame_000272.jpg,2720,272.0,0
S05,c024,test,frame_000273.jpg,2730,273.0,0
S05,c024,test,frame_000274.jpg,2740,274.0,0
S05,c024,test,frame_000275.jpg,2750,275.0,1
S05,c024,test,frame_000276.jpg,2760,276.0,0
S05,c024,test,frame_000277.jpg,2770,277.0,0
S05,c024,test,frame_000278.jpg,2780,278.0,0
S05,c024,test,frame_000279.jpg,2790,279.0,0
S05,c024,test,frame_000280.jpg,2800,280.0,1
S05,c024,test,frame_000281.jpg,2810,281.0,1
S05,c024,test,frame_000282.jpg,2820,282.0,0
S05,c024,test,frame_000283.jpg,2830,283.0,0
S05,c024,test,frame_000284.jpg,2840,284.0,1
S05,c024,test,frame_000285.jpg,2850,285.0,0
S05,c024,test,frame_000286.jpg,2860,286.0,0
S05,c024,test,frame_000287.jpg,2870,287.0,0
S05,c024,test,frame_000288.jpg,2880,288.0,1
S05,c024,test,frame_000289.jpg,2890,289.0,0
S05,c024,test,frame_000290.jpg,2900,290.0,0
S05,c024,test,frame_000291.jpg,2910,291.0,1
S05,c024,test,frame_000292.jpg,2920,292.0,0
S05,c024,test,frame_000293.jpg,2930,293.0,1
S05,c024,test,frame_000294.jpg,2940,294.0,0
S05,c024,test,frame_000295.jpg,2950,295.0,0
S05,c024,test,frame_000296.jpg,2960,296.0,0
S05,c024,test,frame_000297.jpg,2970,297.0,0
S05,c024,test,frame_000298.jpg,2980,298.0,1
S05,c024,test,frame_000299.jpg,2990,299.0,0
S05,c024,test,frame_000300.jpg,3000,300.0,0
S05,c024,test,frame_000301.jpg,3010,301.0,1
S05,c024,test,frame_000302.jpg,3020,302.0,0
S05,c024,test,frame_000303.jpg,3030,303.0,0
S05,c024,test,frame_000304.jpg,3040,304.0,1
S05,c024,test,frame_000305.jpg,3050,305.0,1
S05,c024,test,frame_000306.jpg,3060,306.0,0
S05,c024,test,frame_000307.jpg,3070,307.0,0
S05,c024,test,frame_000308.jpg,3080,308.0,1
S05,c024,test,frame_000309.jpg,3090,309.0,0
S05,c024,test,frame_000310.jpg,3100,310.0,0
S05,c024,test,frame_000311.jpg,3110,311.0,0
S05,c024,test,frame_000312.jpg,3120,312.0,0
S05,c024,test,frame_000313.jpg,3130,313.0,0
S05,c024,test,frame_000314.jpg,3140,314.0,0
S05,c024,test,frame_000315.jpg,3150,315.0,0
S05,c024,test,frame_000316.jpg,3160,316.0,1
S05,c024,test,frame_000317.jpg,3170,317.0,0
S05,c024,test,frame_000318.jpg,3180,318.0,0
S05,c024,test,frame_000319.jpg,3190,319.0,0
S05,c024,test,frame_000320.jpg,3200,320.0,0
S05,c024,test,frame_000321.jpg,3210,321.0,1
S05,c024,test,frame_000322.jpg,3220,322.0,0
S05,c024,test,frame_000323.jpg,3230,323.0,0
S05,c024,test,frame_000324.jpg,3240,324.0,0
S05,c024,test,frame_000325.jpg,3250,325.0,0
S05,c024,test,frame_000326.jpg,3260,326.0,0
S05,c024,test,frame_000327.jpg,3270,327.0,1
S05,c024,test,frame_000328.jpg,3280,328.0,0
S05,c024,test,frame_000329.jpg,3290,329.0,0
S05,c024,test,frame_000330.jpg,3300,330.0,0
S05,c024,test,frame_000331.jpg,3310,331.0,0
S05,c024,test,frame_000332.jpg,3320,332.0,1
S05,c024,test,frame_000333.jpg,3330,333.0,0
S05,c024,test,frame_000334.jpg,3340,334.0,0
S05,c024,test,frame_000335.jpg,3350,335.0,0
S05,c024,test,frame_000336.jpg,3360,336.0,0
S05,c024,test,frame_000337.jpg,3370,337.0,1
S05,c024,test,frame_000338.jpg,3380,338.0,1
S05,c024,test,frame_000339.jpg,3390,339.0,0
S05,c024,test,frame_000340.jpg,3400,340.0,0
S05,c024,test,frame_000341.jpg,3410,341.0,0
S05,c024,test,frame_000342.jpg,3420,342.0,0
S05,c024,test,frame_000343.jpg,3430,343.0,0
S05,c024,test,frame_000344.jpg,3440,344.0,1
S05,c024,test,frame_000345.jpg,3450,345.0,0
S05,c024,test,frame_000346.jpg,3460,346.0,0
S05,c024,test,frame_000347.jpg,3470,347.0,0
S05,c024,test,frame_000348.jpg,3480,348.0,0
S05,c024,test,frame_000349.jpg,3490,349.0,0
S05,c024,test,frame_000350.jpg,3500,350.0,0
S05,c024,test,frame_000351.jpg,3510,351.0,0
S05,c024,test,frame_000352.jpg,3520,352.0,0
S05,c024,test,frame_000353.jpg,3530,353.0,0
S05,c024,test,frame_000354.jpg,3540,354.0,1
S05,c024,test,frame_000355.jpg,3550,355.0,0
S05,c024,test,frame_000356.jpg,3560,356.0,1
S05,c024,test,frame_000357.jpg,3570,357.0,0
S05,c024,test,frame_000358.jpg,3580,358.0,0
S05,c024,test,frame_000359.jpg,3590,359.0,1
S05,c024,test,frame_000360.jpg,3600,360.0,0
S05,c024,test,frame_000361.jpg,3610,361.0,0
S05,c024,test,frame_000362.jpg,3620,362.0,0
S05,c024,test,frame_000363.jpg,3630,363.0,0
S05,c024,test,frame_000364.jpg,3640,364.0,0
S05,c024,test,frame_000365.jpg,3650,365.0,1
S05,c024,test,frame_000366.jpg,3660,366.0,1
S05,c024,test,frame_000367.jpg,3670,367.0,1
S05,c024,test,frame_000368.jpg,3680,368.0,1
S05,c024,test,frame_000369.jpg,3690,369.0,0
S05,c024,test,frame_000370.jpg,3700,370.0,0
S05,c024,test,frame_000371.jpg,3710,371.0,0
S05,c024,test,frame_000372.jpg,3720,372.0,0
S05,c024,test,frame_000373.jpg,3730,373.0,0
S05,c024,test,frame_000374.jpg,3740,374.0,1
S05,c024,test,frame_000375.jpg,3750,375.0,0
S05,c024,test,frame_000376.jpg,3760,376.0,0
S05,c024,test,frame_000377.jpg,3770,377.0,0
S05,c024,test,frame_000378.jpg,3780,378.0,0
S05,c024,test,frame_000379.jpg,3790,379.0,0
S05,c024,test,frame_000380.jpg,3800,380.0,0
S05,c024,test,frame_000381.jpg,3810,381.0,0
S05,c024,test,frame_000382.jpg,3820,382.0,0
S05,c024,test,frame_000383.jpg,3830,383.0,0
S05,c024,test,frame_000384.jpg,3840,384.0,0
S05,c024,test,frame_000385.jpg,3850,385.0,0
S05,c024,test,frame_000386.jpg,3860,386.0,0
S05,c024,test,frame_000387.jpg,3870,387.0,0
S05,c024,test,frame_000388.jpg,3880,388.0,0
S05,c024,test,frame_000389.jpg,3890,389.0,0
S05,c024,test,frame_000390.jpg,3900,390.0,1
S05,c024,test,frame_000391.jpg,3910,391.0,0
S05,c024,test,frame_000392.jpg,3920,392.0,0
S05,c024,test,frame_000393.jpg,3930,393.0,0
S05,c024,test,frame_000394.jpg,3940,394.0,0
S05,c024,test,frame_000395.jpg,3950,395.0,1
S05,c024,test,frame_000396.jpg,3960,396.0,0
S05,c024,test,frame_000397.jpg,3970,397.0,0
S05,c024,test,frame_000398.jpg,3980,398.0,0
S05,c024,test,frame_000399.jpg,3990,399.0,0
S05,c024,test,frame_000400.jpg,4000,400.0,1
S05,c024,test,frame_000401.jpg,4010,401.0,0
S05,c024,test,frame_000402.jpg,4020,402.0,0
S05,c024,test,frame_000403.jpg,4030,403.0,1
S05,c024,test,frame_000404.jpg,4040,404.0,0
S05,c024,test,frame_000405.jpg,4050,405.0,0
S05,c024,test,frame_000406.jpg,4060,406.0,0
S05,c024,test,frame_000407.jpg,4070,407.0,0
S05,c024,test,frame_000408.jpg,4080,408.0,0
S05,c024,test,frame_000409.jpg,4090,409.0,0
S05,c024,test,frame_000410.jpg,4100,410.0,0
S05,c024,test,frame_000411.jpg,4110,411.0,0
S05,c024,test,frame_000412.jpg,4120,412.0,0
S05,c024,test,frame_000413.jpg,4130,413.0,0
S05,c024,test,frame_000414.jpg,4140,414.0,0
S05,c024,test,frame_000415.jpg,4150,415.0,0
S05,c024,test,frame_000416.jpg,4160,416.0,2
S05,c024,test,frame_000417.jpg,4170,417.0,0
S05,c024,test,frame_000418.jpg,4180,418.0,1
S05,c024,test,frame_000419.jpg,4190,419.0,0
S05,c024,test,frame_000420.jpg,4200,420.0,1
S05,c024,test,frame_000421.jpg,4210,421.0,1
S05,c024,test,frame_000422.jpg,4220,422.0,0
S05,c024,test,frame_000423.jpg,4230,423.0,1
S05,c024,test,frame_000424.jpg,4240,424.0,0
S05,c024,test,frame_000425.jpg,4250,425.0,0
S05,c024,test,frame_000426.jpg,4260,426.0,1
S05,c024,test,frame_000427.jpg,4270,427.0,1
S05,c024,test,frame_000428.jpg,4280,428.0,0
S05,c024,test,frame_000429.jpg,4290,429.0,1
S05,c025,test,frame_000000.jpg,0,0.0,2
S05,c025,test,frame_000001.jpg,10,1.0,0
S05,c025,test,frame_000002.jpg,20,2.0,1
S05,c025,test,frame_000003.jpg,30,3.0,1
S05,c025,test,frame_000004.jpg,40,4.0,1
S05,c025,test,frame_000005.jpg,50,5.0,0
S05,c025,test,frame_000006.jpg,60,6.0,0
S05,c025,test,frame_000007.jpg,70,7.0,0
S05,c025,test,frame_000008.jpg,80,8.0,0
S05,c025,test,frame_000009.jpg,90,9.0,0
S05,c025,test,frame_000010.jpg,100,10.0,0
S05,c025,test,frame_000011.jpg,110,11.0,1
S05,c025,test,frame_000012.jpg,120,12.0,1
S05,c025,test,frame_000013.jpg,130,13.0,0
S05,c025,test,frame_000014.jpg,140,14.0,1
S05,c025,test,frame_000015.jpg,150,15.0,1
S05,c025,test,frame_000016.jpg,160,16.0,0
S05,c025,test,frame_000017.jpg,170,17.0,1
S05,c025,test,frame_000018.jpg,180,18.0,1
S05,c025,test,frame_000019.jpg,190,19.0,1
S05,c025,test,frame_000020.jpg,200,20.0,0
S05,c025,test,frame_000021.jpg,210,21.0,0
S05,c025,test,frame_000022.jpg,220,22.0,0
S05,c025,test,frame_000023.jpg,230,23.0,0
S05,c025,test,frame_000024.jpg,240,24.0,0
S05,c025,test,frame_000025.jpg,250,25.0,0
S05,c025,test,frame_000026.jpg,260,26.0,0
S05,c025,test,frame_000027.jpg,270,27.0,0
S05,c025,test,frame_000028.jpg,280,28.0,0
S05,c025,test,frame_000029.jpg,290,29.0,1
S05,c025,test,frame_000030.jpg,300,30.0,1
S05,c025,test,frame_000031.jpg,310,31.0,1
S05,c025,test,frame_000032.jpg,320,32.0,1
S05,c025,test,frame_000033.jpg,330,33.0,0
S05,c025,test,frame_000034.jpg,340,34.0,0
S05,c025,test,frame_000035.jpg,350,35.0,0
S05,c025,test,frame_000036.jpg,360,36.0,0
S05,c025,test,frame_000037.jpg,370,37.0,0
S05,c025,test,frame_000038.jpg,380,38.0,0
S05,c025,test,frame_000039.jpg,390,39.0,0
S05,c025,test,frame_000040.jpg,400,40.0,0
S05,c025,test,frame_000041.jpg,410,41.0,1
S05,c025,test,frame_000042.jpg,420,42.0,0
S05,c025,test,frame_000043.jpg,430,43.0,1
S05,c025,test,frame_000044.jpg,440,44.0,2
S05,c025,test,frame_000045.jpg,450,45.0,2
S05,c025,test,frame_000046.jpg,460,46.0,3
S05,c025,test,frame_000047.jpg,470,47.0,3
S05,c025,test,frame_000048.jpg,480,48.0,2
S05,c025,test,frame_000049.jpg,490,49.0,3
S05,c025,test,frame_000050.jpg,500,50.0,4
S05,c025,test,frame_000051.jpg,510,51.0,2
S05,c025,test,frame_000052.jpg,520,52.0,4
S05,c025,test,frame_000053.jpg,530,53.0,2
S05,c025,test,frame_000054.jpg,540,54.0,1
S05,c025,test,frame_000055.jpg,550,55.0,1
S05,c025,test,frame_000056.jpg,560,56.0,0
S05,c025,test,frame_000057.jpg,570,57.0,0
S05,c025,test,frame_000058.jpg,580,58.0,0
S05,c025,test,frame_000059.jpg,590,59.0,0
S05,c025,test,frame_000060.jpg,600,60.0,0
S05,c025,test,frame_000061.jpg,610,61.0,0
S05,c025,test,frame_000062.jpg,620,62.0,0
S05,c025,test,frame_000063.jpg,630,63.0,1
S05,c025,test,frame_000064.jpg,640,64.0,0
S05,c025,test,frame_000065.jpg,650,65.0,0
S05,c025,test,frame_000066.jpg,660,66.0,0
S05,c025,test,frame_000067.jpg,670,67.0,0
S05,c025,test,frame_000068.jpg,680,68.0,0
S05,c025,test,frame_000069.jpg,690,69.0,0
S05,c025,test,frame_000070.jpg,700,70.0,0
S05,c025,test,frame_000071.jpg,710,71.0,0
S05,c025,test,frame_000072.jpg,720,72.0,0
S05,c025,test,frame_000073.jpg,730,73.0,0
S05,c025,test,frame_000074.jpg,740,74.0,0
S05,c025,test,frame_000075.jpg,750,75.0,0
S05,c025,test,frame_000076.jpg,760,76.0,0
S05,c025,test,frame_000077.jpg,770,77.0,0
S05,c025,test,frame_000078.jpg,780,78.0,0
S05,c025,test,frame_000079.jpg,790,79.0,1
S05,c025,test,frame_000080.jpg,800,80.0,2
S05,c025,test,frame_000081.jpg,810,81.0,1
S05,c025,test,frame_000082.jpg,820,82.0,2
S05,c025,test,frame_000083.jpg,830,83.0,2
S05,c025,test,frame_000084.jpg,840,84.0,2
S05,c025,test,frame_000085.jpg,850,85.0,1
S05,c025,test,frame_000086.jpg,860,86.0,1
S05,c025,test,frame_000087.jpg,870,87.0,0
S05,c025,test,frame_000088.jpg,880,88.0,1
S05,c025,test,frame_000089.jpg,890,89.0,0
S05,c025,test,frame_000090.jpg,900,90.0,0
S05,c025,test,frame_000091.jpg,910,91.0,1
S05,c025,test,frame_000092.jpg,920,92.0,1
S05,c025,test,frame_000093.jpg,930,93.0,1
S05,c025,test,frame_000094.jpg,940,94.0,1
S05,c025,test,frame_000095.jpg,950,95.0,3
S05,c025,test,frame_000096.jpg,960,96.0,4
S05,c025,test,frame_000097.jpg,970,97.0,3
S05,c025,test,frame_000098.jpg,980,98.0,2
S05,c025,test,frame_000099.jpg,990,99.0,5
S05,c025,test,frame_000100.jpg,1000,100.0,4
S05,c025,test,frame_000101.jpg,1010,101.0,4
S05,c025,test,frame_000102.jpg,1020,102.0,4
S05,c025,test,frame_000103.jpg,1030,103.0,2
S05,c025,test,frame_000104.jpg,1040,104.0,2
S05,c025,test,frame_000105.jpg,1050,105.0,2
S05,c025,test,frame_000106.jpg,1060,106.0,1
S05,c025,test,frame_000107.jpg,1070,107.0,3
S05,c025,test,frame_000108.jpg,1080,108.0,4
S05,c025,test,frame_000109.jpg,1090,109.0,2
S05,c025,test,frame_000110.jpg,1100,110.0,1
S05,c025,test,frame_000111.jpg,1110,111.0,1
S05,c025,test,frame_000112.jpg,1120,112.0,0
S05,c025,test,frame_000113.jpg,1130,113.0,1
S05,c025,test,frame_000114.jpg,1140,114.0,0
S05,c025,test,frame_000115.jpg,1150,115.0,0
S05,c025,test,frame_000116.jpg,1160,116.0,0
S05,c025,test,frame_000117.jpg,1170,117.0,1
S05,c025,test,frame_000118.jpg,1180,118.0,1
S05,c025,test,frame_000119.jpg,1190,119.0,1
S05,c025,test,frame_000120.jpg,1200,120.0,0
S05,c025,test,frame_000121.jpg,1210,121.0,1
S05,c025,test,frame_000122.jpg,1220,122.0,1
S05,c025,test,frame_000123.jpg,1230,123.0,2
S05,c025,test,frame_000124.jpg,1240,124.0,2
S05,c025,test,frame_000125.jpg,1250,125.0,0
S05,c025,test,frame_000126.jpg,1260,126.0,0
S05,c025,test,frame_000127.jpg,1270,127.0,0
S05,c025,test,frame_000128.jpg,1280,128.0,1
S05,c025,test,frame_000129.jpg,1290,129.0,2
S05,c025,test,frame_000130.jpg,1300,130.0,2
S05,c025,test,frame_000131.jpg,1310,131.0,3
S05,c025,test,frame_000132.jpg,1320,132.0,2
S05,c025,test,frame_000133.jpg,1330,133.0,1
S05,c025,test,frame_000134.jpg,1340,134.0,1
S05,c025,test,frame_000135.jpg,1350,135.0,2
S05,c025,test,frame_000136.jpg,1360,136.0,0
S05,c025,test,frame_000137.jpg,1370,137.0,0
S05,c025,test,frame_000138.jpg,1380,138.0,0
S05,c025,test,frame_000139.jpg,1390,139.0,0
S05,c025,test,frame_000140.jpg,1400,140.0,0
S05,c025,test,frame_000141.jpg,1410,141.0,0
S05,c025,test,frame_000142.jpg,1420,142.0,0
S05,c025,test,frame_000143.jpg,1430,143.0,0
S05,c025,test,frame_000144.jpg,1440,144.0,0
S05,c025,test,frame_000145.jpg,1450,145.0,1
S05,c025,test,frame_000146.jpg,1460,146.0,1
S05,c025,test,frame_000147.jpg,1470,147.0,0
S05,c025,test,frame_000148.jpg,1480,148.0,1
S05,c025,test,frame_000149.jpg,1490,149.0,0
S05,c025,test,frame_000150.jpg,1500,150.0,1
S05,c025,test,frame_000151.jpg,1510,151.0,0
S05,c025,test,frame_000152.jpg,1520,152.0,1
S05,c025,test,frame_000153.jpg,1530,153.0,0
S05,c025,test,frame_000154.jpg,1540,154.0,2
S05,c025,test,frame_000155.jpg,1550,155.0,2
S05,c025,test,frame_000156.jpg,1560,156.0,1
S05,c025,test,frame_000157.jpg,1570,157.0,3
S05,c025,test,frame_000158.jpg,1580,158.0,3
S05,c025,test,frame_000159.jpg,1590,159.0,0
S05,c025,test,frame_000160.jpg,1600,160.0,0
S05,c025,test,frame_000161.jpg,1610,161.0,1
S05,c025,test,frame_000162.jpg,1620,162.0,0
S05,c025,test,frame_000163.jpg,1630,163.0,0
S05,c025,test,frame_000164.jpg,1640,164.0,1
S05,c025,test,frame_000165.jpg,1650,165.0,1
S05,c025,test,frame_000166.jpg,1660,166.0,0
S05,c025,test,frame_000167.jpg,1670,167.0,0
S05,c025,test,frame_000168.jpg,1680,168.0,1
S05,c025,test,frame_000169.jpg,1690,169.0,1
S05,c025,test,frame_000170.jpg,1700,170.0,1
S05,c025,test,frame_000171.jpg,1710,171.0,1
S05,c025,test,frame_000172.jpg,1720,172.0,1
S05,c025,test,frame_000173.jpg,1730,173.0,1
S05,c025,test,frame_000174.jpg,1740,174.0,0
S05,c025,test,frame_000175.jpg,1750,175.0,0
S05,c025,test,frame_000176.jpg,1760,176.0,1
S05,c025,test,frame_000177.jpg,1770,177.0,1
S05,c025,test,frame_000178.jpg,1780,178.0,2
S05,c025,test,frame_000179.jpg,1790,179.0,2
S05,c025,test,frame_000180.jpg,1800,180.0,1
S05,c025,test,frame_000181.jpg,1810,181.0,0
S05,c025,test,frame_000182.jpg,1820,182.0,0
S05,c025,test,frame_000183.jpg,1830,183.0,0
S05,c025,test,frame_000184.jpg,1840,184.0,0
S05,c025,test,frame_000185.jpg,1850,185.0,0
S05,c025,test,frame_000186.jpg,1860,186.0,0
S05,c025,test,frame_000187.jpg,1870,187.0,0
S05,c025,test,frame_000188.jpg,1880,188.0,1
S05,c025,test,frame_000189.jpg,1890,189.0,0
S05,c025,test,frame_000190.jpg,1900,190.0,1
S05,c025,test,frame_000191.jpg,1910,191.0,1
S05,c025,test,frame_000192.jpg,1920,192.0,1
S05,c025,test,frame_000193.jpg,1930,193.0,1
S05,c025,test,frame_000194.jpg,1940,194.0,1
S05,c025,test,frame_000195.jpg,1950,195.0,1
S05,c025,test,frame_000196.jpg,1960,196.0,1
S05,c025,test,frame_000197.jpg,1970,197.0,1
S05,c025,test,frame_000198.jpg,1980,198.0,1
S05,c025,test,frame_000199.jpg,1990,199.0,1
S05,c025,test,frame_000200.jpg,2000,200.0,1
S05,c025,test,frame_000201.jpg,2010,201.0,1
S05,c025,test,frame_000202.jpg,2020,202.0,1
S05,c025,test,frame_000203.jpg,2030,203.0,1
S05,c025,test,frame_000204.jpg,2040,204.0,2
S05,c025,test,frame_000205.jpg,2050,205.0,1
S05,c025,test,frame_000206.jpg,2060,206.0,1
S05,c025,test,frame_000207.jpg,2070,207.0,1
S05,c025,test,frame_000208.jpg,2080,208.0,2
S05,c025,test,frame_000209.jpg,2090,209.0,1
S05,c025,test,frame_000210.jpg,2100,210.0,3
S05,c025,test,frame_000211.jpg,2110,211.0,2
S05,c025,test,frame_000212.jpg,2120,212.0,1
S05,c025,test,frame_000213.jpg,2130,213.0,2
S05,c025,test,frame_000214.jpg,2140,214.0,1
S05,c025,test,frame_000215.jpg,2150,215.0,0
S05,c025,test,frame_000216.jpg,2160,216.0,0
S05,c025,test,frame_000217.jpg,2170,217.0,0
S05,c025,test,frame_000218.jpg,2180,218.0,0
S05,c025,test,frame_000219.jpg,2190,219.0,0
S05,c025,test,frame_000220.jpg,2200,220.0,0
S05,c025,test,frame_000221.jpg,2210,221.0,1
S05,c025,test,frame_000222.jpg,2220,222.0,1
S05,c025,test,frame_000223.jpg,2230,223.0,2
S05,c025,test,frame_000224.jpg,2240,224.0,1
S05,c025,test,frame_000225.jpg,2250,225.0,0
S05,c025,test,frame_000226.jpg,2260,226.0,0
S05,c025,test,frame_000227.jpg,2270,227.0,1
S05,c025,test,frame_000228.jpg,2280,228.0,0
S05,c025,test,frame_000229.jpg,2290,229.0,0
S05,c025,test,frame_000230.jpg,2300,230.0,1
S05,c025,test,frame_000231.jpg,2310,231.0,1
S05,c025,test,frame_000232.jpg,2320,232.0,1
S05,c025,test,frame_000233.jpg,2330,233.0,0
S05,c025,test,frame_000234.jpg,2340,234.0,1
S05,c025,test,frame_000235.jpg,2350,235.0,2
S05,c025,test,frame_000236.jpg,2360,236.0,2
S05,c025,test,frame_000237.jpg,2370,237.0,1
S05,c025,test,frame_000238.jpg,2380,238.0,1
S05,c025,test,frame_000239.jpg,2390,239.0,1
S05,c025,test,frame_000240.jpg,2400,240.0,2
S05,c025,test,frame_000241.jpg,2410,241.0,2
S05,c025,test,frame_000242.jpg,2420,242.0,2
S05,c025,test,frame_000243.jpg,2430,243.0,2
S05,c025,test,frame_000244.jpg,2440,244.0,2
S05,c025,test,frame_000245.jpg,2450,245.0,2
S05,c025,test,frame_000246.jpg,2460,246.0,2
S05,c025,test,frame_000247.jpg,2470,247.0,2
S05,c025,test,frame_000248.jpg,2480,248.0,1
S05,c025,test,frame_000249.jpg,2490,249.0,1
S05,c025,test,frame_000250.jpg,2500,250.0,1
S05,c025,test,frame_000251.jpg,2510,251.0,1
S05,c025,test,frame_000252.jpg,2520,252.0,1
S05,c025,test,frame_000253.jpg,2530,253.0,1
S05,c025,test,frame_000254.jpg,2540,254.0,2
S05,c025,test,frame_000255.jpg,2550,255.0,1
S05,c025,test,frame_000256.jpg,2560,256.0,0
S05,c025,test,frame_000257.jpg,2570,257.0,1
S05,c025,test,frame_000258.jpg,2580,258.0,0
S05,c025,test,frame_000259.jpg,2590,259.0,0
S05,c025,test,frame_000260.jpg,2600,260.0,0
S05,c025,test,frame_000261.jpg,2610,261.0,0
S05,c025,test,frame_000262.jpg,2620,262.0,0
S05,c025,test,frame_000263.jpg,2630,263.0,0
S05,c025,test,frame_000264.jpg,2640,264.0,0
S05,c025,test,frame_000265.jpg,2650,265.0,0
S05,c025,test,frame_000266.jpg,2660,266.0,0
S05,c025,test,frame_000267.jpg,2670,267.0,0
S05,c025,test,frame_000268.jpg,2680,268.0,0
S05,c025,test,frame_000269.jpg,2690,269.0,1
S05,c025,test,frame_000270.jpg,2700,270.0,1
S05,c025,test,frame_000271.jpg,2710,271.0,2
S05,c025,test,frame_000272.jpg,2720,272.0,0
S05,c025,test,frame_000273.jpg,2730,273.0,1
S05,c025,test,frame_000274.jpg,2740,274.0,2
S05,c025,test,frame_000275.jpg,2750,275.0,1
S05,c025,test,frame_000276.jpg,2760,276.0,1
S05,c025,test,frame_000277.jpg,2770,277.0,0
S05,c025,test,frame_000278.jpg,2780,278.0,1
S05,c025,test,frame_000279.jpg,2790,279.0,3
S05,c025,test,frame_000280.jpg,2800,280.0,2
S05,c025,test,frame_000281.jpg,2810,281.0,0
S05,c025,test,frame_000282.jpg,2820,282.0,0
S05,c025,test,frame_000283.jpg,2830,283.0,0
S05,c025,test,frame_000284.jpg,2840,284.0,0
S05,c025,test,frame_000285.jpg,2850,285.0,1
S05,c025,test,frame_000286.jpg,2860,286.0,1
S05,c025,test,frame_000287.jpg,2870,287.0,1
S05,c025,test,frame_000288.jpg,2880,288.0,3
S05,c025,test,frame_000289.jpg,2890,289.0,2
S05,c025,test,frame_000290.jpg,2900,290.0,0
S05,c025,test,frame_000291.jpg,2910,291.0,0
S05,c025,test,frame_000292.jpg,2920,292.0,1
S05,c025,test,frame_000293.jpg,2930,293.0,1
S05,c025,test,frame_000294.jpg,2940,294.0,1
S05,c025,test,frame_000295.jpg,2950,295.0,1
S05,c025,test,frame_000296.jpg,2960,296.0,1
S05,c025,test,frame_000297.jpg,2970,297.0,1
S05,c025,test,frame_000298.jpg,2980,298.0,1
S05,c025,test,frame_000299.jpg,2990,299.0,2
S05,c025,test,frame_000300.jpg,3000,300.0,1
S05,c025,test,frame_000301.jpg,3010,301.0,2
S05,c025,test,frame_000302.jpg,3020,302.0,1
S05,c025,test,frame_000303.jpg,3030,303.0,1
S05,c025,test,frame_000304.jpg,3040,304.0,1
S05,c025,test,frame_000305.jpg,3050,305.0,0
S05,c025,test,frame_000306.jpg,3060,306.0,0
S05,c025,test,frame_000307.jpg,3070,307.0,0
S05,c025,test,frame_000308.jpg,3080,308.0,1
S05,c025,test,frame_000309.jpg,3090,309.0,1
S05,c025,test,frame_000310.jpg,3100,310.0,0
S05,c025,test,frame_000311.jpg,3110,311.0,0
S05,c025,test,frame_000312.jpg,3120,312.0,0
S05,c025,test,frame_000313.jpg,3130,313.0,0
S05,c025,test,frame_000314.jpg,3140,314.0,0
S05,c025,test,frame_000315.jpg,3150,315.0,1
S05,c025,test,frame_000316.jpg,3160,316.0,1
S05,c025,test,frame_000317.jpg,3170,317.0,2
S05,c025,test,frame_000318.jpg,3180,318.0,1
S05,c025,test,frame_000319.jpg,3190,319.0,1
S05,c025,test,frame_000320.jpg,3200,320.0,0
S05,c025,test,frame_000321.jpg,3210,321.0,0
S05,c025,test,frame_000322.jpg,3220,322.0,0
S05,c025,test,frame_000323.jpg,3230,323.0,0
S05,c025,test,frame_000324.jpg,3240,324.0,0
S05,c025,test,frame_000325.jpg,3250,325.0,1
S05,c025,test,frame_000326.jpg,3260,326.0,2
S05,c025,test,frame_000327.jpg,3270,327.0,2
S05,c025,test,frame_000328.jpg,3280,328.0,0
S05,c025,test,frame_000329.jpg,3290,329.0,0
S05,c025,test,frame_000330.jpg,3300,330.0,0
S05,c025,test,frame_000331.jpg,3310,331.0,0
S05,c025,test,frame_000332.jpg,3320,332.0,1
S05,c025,test,frame_000333.jpg,3330,333.0,1
S05,c025,test,frame_000334.jpg,3340,334.0,0
S05,c025,test,frame_000335.jpg,3350,335.0,0
S05,c025,test,frame_000336.jpg,3360,336.0,0
S05,c025,test,frame_000337.jpg,3370,337.0,0
S05,c025,test,frame_000338.jpg,3380,338.0,1
S05,c025,test,frame_000339.jpg,3390,339.0,1
S05,c025,test,frame_000340.jpg,3400,340.0,0
S05,c025,test,frame_000341.jpg,3410,341.0,0
S05,c025,test,frame_000342.jpg,3420,342.0,0
S05,c025,test,frame_000343.jpg,3430,343.0,0
S05,c025,test,frame_000344.jpg,3440,344.0,0
S05,c025,test,frame_000345.jpg,3450,345.0,0
S05,c025,test,frame_000346.jpg,3460,346.0,0
S05,c025,test,frame_000347.jpg,3470,347.0,0
S05,c025,test,frame_000348.jpg,3480,348.0,1
S05,c025,test,frame_000349.jpg,3490,349.0,1
S05,c025,test,frame_000350.jpg,3500,350.0,1
S05,c025,test,frame_000351.jpg,3510,351.0,1
S05,c025,test,frame_000352.jpg,3520,352.0,2
S05,c025,test,frame_000353.jpg,3530,353.0,1
S05,c025,test,frame_000354.jpg,3540,354.0,1
S05,c025,test,frame_000355.jpg,3550,355.0,0
S05,c025,test,frame_000356.jpg,3560,356.0,1
S05,c025,test,frame_000357.jpg,3570,357.0,1
S05,c025,test,frame_000358.jpg,3580,358.0,0
S05,c025,test,frame_000359.jpg,3590,359.0,0
S05,c025,test,frame_000360.jpg,3600,360.0,0
S05,c025,test,frame_000361.jpg,3610,361.0,1
S05,c025,test,frame_000362.jpg,3620,362.0,1
S05,c025,test,frame_000363.jpg,3630,363.0,1
S05,c025,test,frame_000364.jpg,3640,364.0,0
S05,c025,test,frame_000365.jpg,3650,365.0,1
S05,c025,test,frame_000366.jpg,3660,366.0,1
S05,c025,test,frame_000367.jpg,3670,367.0,1
S05,c025,test,frame_000368.jpg,3680,368.0,0
S05,c025,test,frame_000369.jpg,3690,369.0,2
S05,c025,test,frame_000370.jpg,3700,370.0,2
S05,c025,test,frame_000371.jpg,3710,371.0,0
S05,c025,test,frame_000372.jpg,3720,372.0,1
S05,c025,test,frame_000373.jpg,3730,373.0,1
S05,c025,test,frame_000374.jpg,3740,374.0,0
S05,c025,test,frame_000375.jpg,3750,375.0,2
S05,c025,test,frame_000376.jpg,3760,376.0,2
S05,c025,test,frame_000377.jpg,3770,377.0,0
S05,c025,test,frame_000378.jpg,3780,378.0,0
S05,c025,test,frame_000379.jpg,3790,379.0,1
S05,c025,test,frame_000380.jpg,3800,380.0,1
S05,c025,test,frame_000381.jpg,3810,381.0,1
S05,c025,test,frame_000382.jpg,3820,382.0,2
S05,c025,test,frame_000383.jpg,3830,383.0,1
S05,c025,test,frame_000384.jpg,3840,384.0,1
S05,c025,test,frame_000385.jpg,3850,385.0,1
S05,c025,test,frame_000386.jpg,3860,386.0,1
S05,c025,test,frame_000387.jpg,3870,387.0,1
S05,c025,test,frame_000388.jpg,3880,388.0,0
S05,c025,test,frame_000389.jpg,3890,389.0,0
S05,c025,test,frame_000390.jpg,3900,390.0,0
S05,c025,test,frame_000391.jpg,3910,391.0,0
S05,c025,test,frame_000392.jpg,3920,392.0,0
S05,c025,test,frame_000393.jpg,3930,393.0,0
S05,c025,test,frame_000394.jpg,3940,394.0,1
S05,c025,test,frame_000395.jpg,3950,395.0,2
S05,c025,test,frame_000396.jpg,3960,396.0,0
S05,c025,test,frame_000397.jpg,3970,397.0,1
S05,c025,test,frame_000398.jpg,3980,398.0,2
S05,c025,test,frame_000399.jpg,3990,399.0,0
S05,c025,test,frame_000400.jpg,4000,400.0,0
S05,c025,test,frame_000401.jpg,4010,401.0,0
S05,c025,test,frame_000402.jpg,4020,402.0,0
S05,c025,test,frame_000403.jpg,4030,403.0,0
S05,c025,test,frame_000404.jpg,4040,404.0,1
S05,c025,test,frame_000405.jpg,4050,405.0,0
S05,c025,test,frame_000406.jpg,4060,406.0,0
S05,c025,test,frame_000407.jpg,4070,407.0,2
S05,c025,test,frame_000408.jpg,4080,408.0,2
S05,c025,test,frame_000409.jpg,4090,409.0,0
S05,c025,test,frame_000410.jpg,4100,410.0,3
S05,c025,test,frame_000411.jpg,4110,411.0,0
S05,c025,test,frame_000412.jpg,4120,412.0,1
S05,c025,test,frame_000413.jpg,4130,413.0,2
S05,c025,test,frame_000414.jpg,4140,414.0,1
S05,c025,test,frame_000415.jpg,4150,415.0,1
S05,c025,test,frame_000416.jpg,4160,416.0,2
S05,c025,test,frame_000417.jpg,4170,417.0,0
S05,c025,test,frame_000418.jpg,4180,418.0,2
S05,c025,test,frame_000419.jpg,4190,419.0,1
S05,c025,test,frame_000420.jpg,4200,420.0,0
S05,c025,test,frame_000421.jpg,4210,421.0,1
S05,c025,test,frame_000422.jpg,4220,422.0,1
S05,c025,test,frame_000423.jpg,4230,423.0,1
S05,c025,test,frame_000424.jpg,4240,424.0,1
S05,c025,test,frame_000425.jpg,4250,425.0,0
S05,c025,test,frame_000426.jpg,4260,426.0,0
S05,c025,test,frame_000427.jpg,4270,427.0,2
S05,c026,test,frame_000000.jpg,0,0.0,10
S05,c026,test,frame_000001.jpg,10,1.0,9
S05,c026,test,frame_000002.jpg,20,2.0,11
S05,c026,test,frame_000003.jpg,30,3.0,11
S05,c026,test,frame_000004.jpg,40,4.0,10
S05,c026,test,frame_000005.jpg,50,5.0,10
S05,c026,test,frame_000006.jpg,60,6.0,10
S05,c026,test,frame_000007.jpg,70,7.0,11
S05,c026,test,frame_000008.jpg,80,8.0,11
S05,c026,test,frame_000009.jpg,90,9.0,8
S05,c026,test,frame_000010.jpg,100,10.0,7
S05,c026,test,frame_000011.jpg,110,11.0,9
S05,c026,test,frame_000012.jpg,120,12.0,9
S05,c026,test,frame_000013.jpg,130,13.0,9
S05,c026,test,frame_000014.jpg,140,14.0,9
S05,c026,test,frame_000015.jpg,150,15.0,8
S05,c026,test,frame_000016.jpg,160,16.0,8
S05,c026,test,frame_000017.jpg,170,17.0,7
S05,c026,test,frame_000018.jpg,180,18.0,9
S05,c026,test,frame_000019.jpg,190,19.0,9
S05,c026,test,frame_000020.jpg,200,20.0,7
S05,c026,test,frame_000021.jpg,210,21.0,9
S05,c026,test,frame_000022.jpg,220,22.0,7
S05,c026,test,frame_000023.jpg,230,23.0,8
S05,c026,test,frame_000024.jpg,240,24.0,8
S05,c026,test,frame_000025.jpg,250,25.0,7
S05,c026,test,frame_000026.jpg,260,26.0,8
S05,c026,test,frame_000027.jpg,270,27.0,7
S05,c026,test,frame_000028.jpg,280,28.0,9
S05,c026,test,frame_000029.jpg,290,29.0,7
S05,c026,test,frame_000030.jpg,300,30.0,10
S05,c026,test,frame_000031.jpg,310,31.0,10
S05,c026,test,frame_000032.jpg,320,32.0,8
S05,c026,test,frame_000033.jpg,330,33.0,8
S05,c026,test,frame_000034.jpg,340,34.0,10
S05,c026,test,frame_000035.jpg,350,35.0,10
S05,c026,test,frame_000036.jpg,360,36.0,11
S05,c026,test,frame_000037.jpg,370,37.0,11
S05,c026,test,frame_000038.jpg,380,38.0,11
S05,c026,test,frame_000039.jpg,390,39.0,11
S05,c026,test,frame_000040.jpg,400,40.0,11
S05,c026,test,frame_000041.jpg,410,41.0,9
S05,c026,test,frame_000042.jpg,420,42.0,9
S05,c026,test,frame_000043.jpg,430,43.0,10
S05,c026,test,frame_000044.jpg,440,44.0,8
S05,c026,test,frame_000045.jpg,450,45.0,8
S05,c026,test,frame_000046.jpg,460,46.0,11
S05,c026,test,frame_000047.jpg,470,47.0,10
S05,c026,test,frame_000048.jpg,480,48.0,10
S05,c026,test,frame_000049.jpg,490,49.0,8
S05,c026,test,frame_000050.jpg,500,50.0,8
S05,c026,test,frame_000051.jpg,510,51.0,9
S05,c026,test,frame_000052.jpg,520,52.0,8
S05,c026,test,frame_000053.jpg,530,53.0,9
S05,c026,test,frame_000054.jpg,540,54.0,10
S05,c026,test,frame_000055.jpg,550,55.0,13
S05,c026,test,frame_000056.jpg,560,56.0,11
S05,c026,test,frame_000057.jpg,570,57.0,12
S05,c026,test,frame_000058.jpg,580,58.0,12
S05,c026,test,frame_000059.jpg,590,59.0,12
S05,c026,test,frame_000060.jpg,600,60.0,9
S05,c026,test,frame_000061.jpg,610,61.0,8
S05,c026,test,frame_000062.jpg,620,62.0,9
S05,c026,test,frame_000063.jpg,630,63.0,9
S05,c026,test,frame_000064.jpg,640,64.0,8
S05,c026,test,frame_000065.jpg,650,65.0,9
S05,c026,test,frame_000066.jpg,660,66.0,7
S05,c026,test,frame_000067.jpg,670,67.0,9
S05,c026,test,frame_000068.jpg,680,68.0,9
S05,c026,test,frame_000069.jpg,690,69.0,10
S05,c026,test,frame_000070.jpg,700,70.0,7
S05,c026,test,frame_000071.jpg,710,71.0,9
S05,c026,test,frame_000072.jpg,720,72.0,10
S05,c026,test,frame_000073.jpg,730,73.0,9
S05,c026,test,frame_000074.jpg,740,74.0,6
S05,c026,test,frame_000075.jpg,750,75.0,6
S05,c026,test,frame_000076.jpg,760,76.0,8
S05,c026,test,frame_000077.jpg,770,77.0,6
S05,c026,test,frame_000078.jpg,780,78.0,8
S05,c026,test,frame_000079.jpg,790,79.0,7
S05,c026,test,frame_000080.jpg,800,80.0,6
S05,c026,test,frame_000081.jpg,810,81.0,7
S05,c026,test,frame_000082.jpg,820,82.0,7
S05,c026,test,frame_000083.jpg,830,83.0,8
S05,c026,test,frame_000084.jpg,840,84.0,11
S05,c026,test,frame_000085.jpg,850,85.0,10
S05,c026,test,frame_000086.jpg,860,86.0,13
S05,c026,test,frame_000087.jpg,870,87.0,9
S05,c026,test,frame_000088.jpg,880,88.0,6
S05,c026,test,frame_000089.jpg,890,89.0,10
S05,c026,test,frame_000090.jpg,900,90.0,10
S05,c026,test,frame_000091.jpg,910,91.0,11
S05,c026,test,frame_000092.jpg,920,92.0,10
S05,c026,test,frame_000093.jpg,930,93.0,11
S05,c026,test,frame_000094.jpg,940,94.0,12
S05,c026,test,frame_000095.jpg,950,95.0,11
S05,c026,test,frame_000096.jpg,960,96.0,9
S05,c026,test,frame_000097.jpg,970,97.0,14
S05,c026,test,frame_000098.jpg,980,98.0,12
S05,c026,test,frame_000099.jpg,990,99.0,11
S05,c026,test,frame_000100.jpg,1000,100.0,11
S05,c026,test,frame_000101.jpg,1010,101.0,11
S05,c026,test,frame_000102.jpg,1020,102.0,11
S05,c026,test,frame_000103.jpg,1030,103.0,12
S05,c026,test,frame_000104.jpg,1040,104.0,10
S05,c026,test,frame_000105.jpg,1050,105.0,10
S05,c026,test,frame_000106.jpg,1060,106.0,9
S05,c026,test,frame_000107.jpg,1070,107.0,8
S05,c026,test,frame_000108.jpg,1080,108.0,9
S05,c026,test,frame_000109.jpg,1090,109.0,7
S05,c026,test,frame_000110.jpg,1100,110.0,9
S05,c026,test,frame_000111.jpg,1110,111.0,11
S05,c026,test,frame_000112.jpg,1120,112.0,10
S05,c026,test,frame_000113.jpg,1130,113.0,10
S05,c026,test,frame_000114.jpg,1140,114.0,10
S05,c026,test,frame_000115.jpg,1150,115.0,8
S05,c026,test,frame_000116.jpg,1160,116.0,7
S05,c026,test,frame_000117.jpg,1170,117.0,9
S05,c026,test,frame_000118.jpg,1180,118.0,8
S05,c026,test,frame_000119.jpg,1190,119.0,8
S05,c026,test,frame_000120.jpg,1200,120.0,9
S05,c026,test,frame_000121.jpg,1210,121.0,9
S05,c026,test,frame_000122.jpg,1220,122.0,8
S05,c026,test,frame_000123.jpg,1230,123.0,10
S05,c026,test,frame_000124.jpg,1240,124.0,9
S05,c026,test,frame_000125.jpg,1250,125.0,8
S05,c026,test,frame_000126.jpg,1260,126.0,10
S05,c026,test,frame_000127.jpg,1270,127.0,10
S05,c026,test,frame_000128.jpg,1280,128.0,8
S05,c026,test,frame_000129.jpg,1290,129.0,9
S05,c026,test,frame_000130.jpg,1300,130.0,9
S05,c026,test,frame_000131.jpg,1310,131.0,10
S05,c026,test,frame_000132.jpg,1320,132.0,10
S05,c026,test,frame_000133.jpg,1330,133.0,13
S05,c026,test,frame_000134.jpg,1340,134.0,11
S05,c026,test,frame_000135.jpg,1350,135.0,12
S05,c026,test,frame_000136.jpg,1360,136.0,11
S05,c026,test,frame_000137.jpg,1370,137.0,10
S05,c026,test,frame_000138.jpg,1380,138.0,11
S05,c026,test,frame_000139.jpg,1390,139.0,8
S05,c026,test,frame_000140.jpg,1400,140.0,9
S05,c026,test,frame_000141.jpg,1410,141.0,6
S05,c026,test,frame_000142.jpg,1420,142.0,7
S05,c026,test,frame_000143.jpg,1430,143.0,9
S05,c026,test,frame_000144.jpg,1440,144.0,11
S05,c026,test,frame_000145.jpg,1450,145.0,8
S05,c026,test,frame_000146.jpg,1460,146.0,10
S05,c026,test,frame_000147.jpg,1470,147.0,9
S05,c026,test,frame_000148.jpg,1480,148.0,9
S05,c026,test,frame_000149.jpg,1490,149.0,7
S05,c026,test,frame_000150.jpg,1500,150.0,6
S05,c026,test,frame_000151.jpg,1510,151.0,8
S05,c026,test,frame_000152.jpg,1520,152.0,5
S05,c026,test,frame_000153.jpg,1530,153.0,7
S05,c026,test,frame_000154.jpg,1540,154.0,5
S05,c026,test,frame_000155.jpg,1550,155.0,5
S05,c026,test,frame_000156.jpg,1560,156.0,8
S05,c026,test,frame_000157.jpg,1570,157.0,6
S05,c026,test,frame_000158.jpg,1580,158.0,9
S05,c026,test,frame_000159.jpg,1590,159.0,7
S05,c026,test,frame_000160.jpg,1600,160.0,9
S05,c026,test,frame_000161.jpg,1610,161.0,7
S05,c026,test,frame_000162.jpg,1620,162.0,10
S05,c026,test,frame_000163.jpg,1630,163.0,10
S05,c026,test,frame_000164.jpg,1640,164.0,8
S05,c026,test,frame_000165.jpg,1650,165.0,9
S05,c026,test,frame_000166.jpg,1660,166.0,8
S05,c026,test,frame_000167.jpg,1670,167.0,7
S05,c026,test,frame_000168.jpg,1680,168.0,9
S05,c026,test,frame_000169.jpg,1690,169.0,6
S05,c026,test,frame_000170.jpg,1700,170.0,7
S05,c026,test,frame_000171.jpg,1710,171.0,8
S05,c026,test,frame_000172.jpg,1720,172.0,10
S05,c026,test,frame_000173.jpg,1730,173.0,10
S05,c026,test,frame_000174.jpg,1740,174.0,10
S05,c026,test,frame_000175.jpg,1750,175.0,11
S05,c026,test,frame_000176.jpg,1760,176.0,9
S05,c026,test,frame_000177.jpg,1770,177.0,9
S05,c026,test,frame_000178.jpg,1780,178.0,10
S05,c026,test,frame_000179.jpg,1790,179.0,11
S05,c026,test,frame_000180.jpg,1800,180.0,13
S05,c026,test,frame_000181.jpg,1810,181.0,12
S05,c026,test,frame_000182.jpg,1820,182.0,11
S05,c026,test,frame_000183.jpg,1830,183.0,6
S05,c026,test,frame_000184.jpg,1840,184.0,10
S05,c026,test,frame_000185.jpg,1850,185.0,9
S05,c026,test,frame_000186.jpg,1860,186.0,9
S05,c026,test,frame_000187.jpg,1870,187.0,11
S05,c026,test,frame_000188.jpg,1880,188.0,11
S05,c026,test,frame_000189.jpg,1890,189.0,10
S05,c026,test,frame_000190.jpg,1900,190.0,10
S05,c026,test,frame_000191.jpg,1910,191.0,10
S05,c026,test,frame_000192.jpg,1920,192.0,8
S05,c026,test,frame_000193.jpg,1930,193.0,5
S05,c026,test,frame_000194.jpg,1940,194.0,8
S05,c026,test,frame_000195.jpg,1950,195.0,10
S05,c026,test,frame_000196.jpg,1960,196.0,8
S05,c026,test,frame_000197.jpg,1970,197.0,8
S05,c026,test,frame_000198.jpg,1980,198.0,9
S05,c026,test,frame_000199.jpg,1990,199.0,9
S05,c026,test,frame_000200.jpg,2000,200.0,8
S05,c026,test,frame_000201.jpg,2010,201.0,8
S05,c026,test,frame_000202.jpg,2020,202.0,8
S05,c026,test,frame_000203.jpg,2030,203.0,8
S05,c026,test,frame_000204.jpg,2040,204.0,9
S05,c026,test,frame_000205.jpg,2050,205.0,8
S05,c026,test,frame_000206.jpg,2060,206.0,9
S05,c026,test,frame_000207.jpg,2070,207.0,7
S05,c026,test,frame_000208.jpg,2080,208.0,8
S05,c026,test,frame_000209.jpg,2090,209.0,7
S05,c026,test,frame_000210.jpg,2100,210.0,9
S05,c026,test,frame_000211.jpg,2110,211.0,9
S05,c026,test,frame_000212.jpg,2120,212.0,10
S05,c026,test,frame_000213.jpg,2130,213.0,13
S05,c026,test,frame_000214.jpg,2140,214.0,11
S05,c026,test,frame_000215.jpg,2150,215.0,13
S05,c026,test,frame_000216.jpg,2160,216.0,10
S05,c026,test,frame_000217.jpg,2170,217.0,10
S05,c026,test,frame_000218.jpg,2180,218.0,12
S05,c026,test,frame_000219.jpg,2190,219.0,10
S05,c026,test,frame_000220.jpg,2200,220.0,12
S05,c026,test,frame_000221.jpg,2210,221.0,12
S05,c026,test,frame_000222.jpg,2220,222.0,9
S05,c026,test,frame_000223.jpg,2230,223.0,10
S05,c026,test,frame_000224.jpg,2240,224.0,9
S05,c026,test,frame_000225.jpg,2250,225.0,9
S05,c026,test,frame_000226.jpg,2260,226.0,9
S05,c026,test,frame_000227.jpg,2270,227.0,10
S05,c026,test,frame_000228.jpg,2280,228.0,10
S05,c026,test,frame_000229.jpg,2290,229.0,11
S05,c026,test,frame_000230.jpg,2300,230.0,12
S05,c026,test,frame_000231.jpg,2310,231.0,8
S05,c026,test,frame_000232.jpg,2320,232.0,8
S05,c026,test,frame_000233.jpg,2330,233.0,9
S05,c026,test,frame_000234.jpg,2340,234.0,7
S05,c026,test,frame_000235.jpg,2350,235.0,9
S05,c026,test,frame_000236.jpg,2360,236.0,6
S05,c026,test,frame_000237.jpg,2370,237.0,6
S05,c026,test,frame_000238.jpg,2380,238.0,6
S05,c026,test,frame_000239.jpg,2390,239.0,6
S05,c026,test,frame_000240.jpg,2400,240.0,9
S05,c026,test,frame_000241.jpg,2410,241.0,7
S05,c026,test,frame_000242.jpg,2420,242.0,5
S05,c026,test,frame_000243.jpg,2430,243.0,9
S05,c026,test,frame_000244.jpg,2440,244.0,7
S05,c026,test,frame_000245.jpg,2450,245.0,8
S05,c026,test,frame_000246.jpg,2460,246.0,8
S05,c026,test,frame_000247.jpg,2470,247.0,7
S05,c026,test,frame_000248.jpg,2480,248.0,8
S05,c026,test,frame_000249.jpg,2490,249.0,9
S05,c026,test,frame_000250.jpg,2500,250.0,7
S05,c026,test,frame_000251.jpg,2510,251.0,7
S05,c026,test,frame_000252.jpg,2520,252.0,10
S05,c026,test,frame_000253.jpg,2530,253.0,6
S05,c026,test,frame_000254.jpg,2540,254.0,6
S05,c026,test,frame_000255.jpg,2550,255.0,7
S05,c026,test,frame_000256.jpg,2560,256.0,7
S05,c026,test,frame_000257.jpg,2570,257.0,6
S05,c026,test,frame_000258.jpg,2580,258.0,7
S05,c026,test,frame_000259.jpg,2590,259.0,7
S05,c026,test,frame_000260.jpg,2600,260.0,11
S05,c026,test,frame_000261.jpg,2610,261.0,10
S05,c026,test,frame_000262.jpg,2620,262.0,8
S05,c026,test,frame_000263.jpg,2630,263.0,9
S05,c026,test,frame_000264.jpg,2640,264.0,8
S05,c026,test,frame_000265.jpg,2650,265.0,8
S05,c026,test,frame_000266.jpg,2660,266.0,8
S05,c026,test,frame_000267.jpg,2670,267.0,8
S05,c026,test,frame_000268.jpg,2680,268.0,8
S05,c026,test,frame_000269.jpg,2690,269.0,10
S05,c026,test,frame_000270.jpg,2700,270.0,6
S05,c026,test,frame_000271.jpg,2710,271.0,8
S05,c026,test,frame_000272.jpg,2720,272.0,6
S05,c026,test,frame_000273.jpg,2730,273.0,5
S05,c026,test,frame_000274.jpg,2740,274.0,8
S05,c026,test,frame_000275.jpg,2750,275.0,8
S05,c026,test,frame_000276.jpg,2760,276.0,9
S05,c026,test,frame_000277.jpg,2770,277.0,6
S05,c026,test,frame_000278.jpg,2780,278.0,6
S05,c026,test,frame_000279.jpg,2790,279.0,6
S05,c026,test,frame_000280.jpg,2800,280.0,6
S05,c026,test,frame_000281.jpg,2810,281.0,7
S05,c026,test,frame_000282.jpg,2820,282.0,8
S05,c026,test,frame_000283.jpg,2830,283.0,7
S05,c026,test,frame_000284.jpg,2840,284.0,6
S05,c026,test,frame_000285.jpg,2850,285.0,7
S05,c026,test,frame_000286.jpg,2860,286.0,8
S05,c026,test,frame_000287.jpg,2870,287.0,7
S05,c026,test,frame_000288.jpg,2880,288.0,8
S05,c026,test,frame_000289.jpg,2890,289.0,7
S05,c026,test,frame_000290.jpg,2900,290.0,8
S05,c026,test,frame_000291.jpg,2910,291.0,7
S05,c026,test,frame_000292.jpg,2920,292.0,8
S05,c026,test,frame_000293.jpg,2930,293.0,10
S05,c026,test,frame_000294.jpg,2940,294.0,9
S05,c026,test,frame_000295.jpg,2950,295.0,8
S05,c026,test,frame_000296.jpg,2960,296.0,9
S05,c026,test,frame_000297.jpg,2970,297.0,10
S05,c026,test,frame_000298.jpg,2980,298.0,7
S05,c026,test,frame_000299.jpg,2990,299.0,12
S05,c026,test,frame_000300.jpg,3000,300.0,9
S05,c026,test,frame_000301.jpg,3010,301.0,10
S05,c026,test,frame_000302.jpg,3020,302.0,13
S05,c026,test,frame_000303.jpg,3030,303.0,11
S05,c026,test,frame_000304.jpg,3040,304.0,9
S05,c026,test,frame_000305.jpg,3050,305.0,10
S05,c026,test,frame_000306.jpg,3060,306.0,10
S05,c026,test,frame_000307.jpg,3070,307.0,11
S05,c026,test,frame_000308.jpg,3080,308.0,10
S05,c026,test,frame_000309.jpg,3090,309.0,9
S05,c026,test,frame_000310.jpg,3100,310.0,8
S05,c026,test,frame_000311.jpg,3110,311.0,9
S05,c026,test,frame_000312.jpg,3120,312.0,8
S05,c026,test,frame_000313.jpg,3130,313.0,9
S05,c026,test,frame_000314.jpg,3140,314.0,7
S05,c026,test,frame_000315.jpg,3150,315.0,8
S05,c026,test,frame_000316.jpg,3160,316.0,7
S05,c026,test,frame_000317.jpg,3170,317.0,8
S05,c026,test,frame_000318.jpg,3180,318.0,8
S05,c026,test,frame_000319.jpg,3190,319.0,8
S05,c026,test,frame_000320.jpg,3200,320.0,9
S05,c026,test,frame_000321.jpg,3210,321.0,9
S05,c026,test,frame_000322.jpg,3220,322.0,8
S05,c026,test,frame_000323.jpg,3230,323.0,6
S05,c026,test,frame_000324.jpg,3240,324.0,6
S05,c026,test,frame_000325.jpg,3250,325.0,7
S05,c026,test,frame_000326.jpg,3260,326.0,6
S05,c026,test,frame_000327.jpg,3270,327.0,8
S05,c026,test,frame_000328.jpg,3280,328.0,6
S05,c026,test,frame_000329.jpg,3290,329.0,8
S05,c026,test,frame_000330.jpg,3300,330.0,6
S05,c026,test,frame_000331.jpg,3310,331.0,6
S05,c026,test,frame_000332.jpg,3320,332.0,6
S05,c026,test,frame_000333.jpg,3330,333.0,8
S05,c026,test,frame_000334.jpg,3340,334.0,6
S05,c026,test,frame_000335.jpg,3350,335.0,8
S05,c026,test,frame_000336.jpg,3360,336.0,6
S05,c026,test,frame_000337.jpg,3370,337.0,8
S05,c026,test,frame_000338.jpg,3380,338.0,7
S05,c026,test,frame_000339.jpg,3390,339.0,8
S05,c026,test,frame_000340.jpg,3400,340.0,7
S05,c026,test,frame_000341.jpg,3410,341.0,5
S05,c026,test,frame_000342.jpg,3420,342.0,7
S05,c026,test,frame_000343.jpg,3430,343.0,7
S05,c026,test,frame_000344.jpg,3440,344.0,7
S05,c026,test,frame_000345.jpg,3450,345.0,5
S05,c026,test,frame_000346.jpg,3460,346.0,5
S05,c026,test,frame_000347.jpg,3470,347.0,6
S05,c026,test,frame_000348.jpg,3480,348.0,6
S05,c026,test,frame_000349.jpg,3490,349.0,6
S05,c026,test,frame_000350.jpg,3500,350.0,5
S05,c026,test,frame_000351.jpg,3510,351.0,7
S05,c026,test,frame_000352.jpg,3520,352.0,6
S05,c026,test,frame_000353.jpg,3530,353.0,9
S05,c026,test,frame_000354.jpg,3540,354.0,7
S05,c026,test,frame_000355.jpg,3550,355.0,6
S05,c026,test,frame_000356.jpg,3560,356.0,7
S05,c026,test,frame_000357.jpg,3570,357.0,7
S05,c026,test,frame_000358.jpg,3580,358.0,8
S05,c026,test,frame_000359.jpg,3590,359.0,5
S05,c026,test,frame_000360.jpg,3600,360.0,7
S05,c026,test,frame_000361.jpg,3610,361.0,7
S05,c026,test,frame_000362.jpg,3620,362.0,6
S05,c026,test,frame_000363.jpg,3630,363.0,9
S05,c026,test,frame_000364.jpg,3640,364.0,11
S05,c026,test,frame_000365.jpg,3650,365.0,7
S05,c026,test,frame_000366.jpg,3660,366.0,7
S05,c026,test,frame_000367.jpg,3670,367.0,8
S05,c026,test,frame_000368.jpg,3680,368.0,9
S05,c026,test,frame_000369.jpg,3690,369.0,8
S05,c026,test,frame_000370.jpg,3700,370.0,6
S05,c026,test,frame_000371.jpg,3710,371.0,7
S05,c026,test,frame_000372.jpg,3720,372.0,6
S05,c026,test,frame_000373.jpg,3730,373.0,8
S05,c026,test,frame_000374.jpg,3740,374.0,10
S05,c026,test,frame_000375.jpg,3750,375.0,10
S05,c026,test,frame_000376.jpg,3760,376.0,10
S05,c026,test,frame_000377.jpg,3770,377.0,10
S05,c026,test,frame_000378.jpg,3780,378.0,10
S05,c026,test,frame_000379.jpg,3790,379.0,7
S05,c026,test,frame_000380.jpg,3800,380.0,9
S05,c026,test,frame_000381.jpg,3810,381.0,6
S05,c026,test,frame_000382.jpg,3820,382.0,9
S05,c026,test,frame_000383.jpg,3830,383.0,8
S05,c026,test,frame_000384.jpg,3840,384.0,9
S05,c026,test,frame_000385.jpg,3850,385.0,8
S05,c026,test,frame_000386.jpg,3860,386.0,5
S05,c026,test,frame_000387.jpg,3870,387.0,7
S05,c026,test,frame_000388.jpg,3880,388.0,8
S05,c026,test,frame_000389.jpg,3890,389.0,10
S05,c026,test,frame_000390.jpg,3900,390.0,7
S05,c026,test,frame_000391.jpg,3910,391.0,8
S05,c026,test,frame_000392.jpg,3920,392.0,7
S05,c026,test,frame_000393.jpg,3930,393.0,8
S05,c026,test,frame_000394.jpg,3940,394.0,9
S05,c026,test,frame_000395.jpg,3950,395.0,8
S05,c026,test,frame_000396.jpg,3960,396.0,8
S05,c026,test,frame_000397.jpg,3970,397.0,9
S05,c026,test,frame_000398.jpg,3980,398.0,9
S05,c026,test,frame_000399.jpg,3990,399.0,8
S05,c026,test,frame_000400.jpg,4000,400.0,9
S05,c026,test,frame_000401.jpg,4010,401.0,9
S05,c026,test,frame_000402.jpg,4020,402.0,9
S05,c026,test,frame_000403.jpg,4030,403.0,10
S05,c026,test,frame_000404.jpg,4040,404.0,8
S05,c026,test,frame_000405.jpg,4050,405.0,10
S05,c026,test,frame_000406.jpg,4060,406.0,11
S05,c026,test,frame_000407.jpg,4070,407.0,9
S05,c026,test,frame_000408.jpg,4080,408.0,8
S05,c026,test,frame_000409.jpg,4090,409.0,5
S05,c026,test,frame_000410.jpg,4100,410.0,5
S05,c026,test,frame_000411.jpg,4110,411.0,6
S05,c026,test,frame_000412.jpg,4120,412.0,5
S05,c026,test,frame_000413.jpg,4130,413.0,6
S05,c026,test,frame_000414.jpg,4140,414.0,7
S05,c026,test,frame_000415.jpg,4150,415.0,9
S05,c026,test,frame_000416.jpg,4160,416.0,6
S05,c026,test,frame_000417.jpg,4170,417.0,7
S05,c027,test,frame_000000.jpg,0,0.0,8
S05,c027,test,frame_000001.jpg,10,1.0,8
S05,c027,test,frame_000002.jpg,20,2.0,10
S05,c027,test,frame_000003.jpg,30,3.0,7
S05,c027,test,frame_000004.jpg,40,4.0,5
S05,c027,test,frame_000005.jpg,50,5.0,5
S05,c027,test,frame_000006.jpg,60,6.0,7
S05,c027,test,frame_000007.jpg,70,7.0,7
S05,c027,test,frame_000008.jpg,80,8.0,6
S05,c027,test,frame_000009.jpg,90,9.0,6
S05,c027,test,frame_000010.jpg,100,10.0,7
S05,c027,test,frame_000011.jpg,110,11.0,8
S05,c027,test,frame_000012.jpg,120,12.0,9
S05,c027,test,frame_000013.jpg,130,13.0,9
S05,c027,test,frame_000014.jpg,140,14.0,8
S05,c027,test,frame_000015.jpg,150,15.0,8
S05,c027,test,frame_000016.jpg,160,16.0,7
S05,c027,test,frame_000017.jpg,170,17.0,7
S05,c027,test,frame_000018.jpg,180,18.0,5
S05,c027,test,frame_000019.jpg,190,19.0,7
S05,c027,test,frame_000020.jpg,200,20.0,8
S05,c027,test,frame_000021.jpg,210,21.0,7
S05,c027,test,frame_000022.jpg,220,22.0,7
S05,c027,test,frame_000023.jpg,230,23.0,7
S05,c027,test,frame_000024.jpg,240,24.0,8
S05,c027,test,frame_000025.jpg,250,25.0,9
S05,c027,test,frame_000026.jpg,260,26.0,8
S05,c027,test,frame_000027.jpg,270,27.0,8
S05,c027,test,frame_000028.jpg,280,28.0,7
S05,c027,test,frame_000029.jpg,290,29.0,7
S05,c027,test,frame_000030.jpg,300,30.0,8
S05,c027,test,frame_000031.jpg,310,31.0,5
S05,c027,test,frame_000032.jpg,320,32.0,6
S05,c027,test,frame_000033.jpg,330,33.0,5
S05,c027,test,frame_000034.jpg,340,34.0,8
S05,c027,test,frame_000035.jpg,350,35.0,5
S05,c027,test,frame_000036.jpg,360,36.0,5
S05,c027,test,frame_000037.jpg,370,37.0,6
S05,c027,test,frame_000038.jpg,380,38.0,7
S05,c027,test,frame_000039.jpg,390,39.0,5
S05,c027,test,frame_000040.jpg,400,40.0,7
S05,c027,test,frame_000041.jpg,410,41.0,6
S05,c027,test,frame_000042.jpg,420,42.0,5
S05,c027,test,frame_000043.jpg,430,43.0,5
S05,c027,test,frame_000044.jpg,440,44.0,5
S05,c027,test,frame_000045.jpg,450,45.0,5
S05,c027,test,frame_000046.jpg,460,46.0,5
S05,c027,test,frame_000047.jpg,470,47.0,5
S05,c027,test,frame_000048.jpg,480,48.0,6
S05,c027,test,frame_000049.jpg,490,49.0,6
S05,c027,test,frame_000050.jpg,500,50.0,5
S05,c027,test,frame_000051.jpg,510,51.0,4
S05,c027,test,frame_000052.jpg,520,52.0,5
S05,c027,test,frame_000053.jpg,530,53.0,5
S05,c027,test,frame_000054.jpg,540,54.0,6
S05,c027,test,frame_000055.jpg,550,55.0,7
S05,c027,test,frame_000056.jpg,560,56.0,8
S05,c027,test,frame_000057.jpg,570,57.0,9
S05,c027,test,frame_000058.jpg,580,58.0,7
S05,c027,test,frame_000059.jpg,590,59.0,7
S05,c027,test,frame_000060.jpg,600,60.0,6
S05,c027,test,frame_000061.jpg,610,61.0,6
S05,c027,test,frame_000062.jpg,620,62.0,7
S05,c027,test,frame_000063.jpg,630,63.0,6
S05,c027,test,frame_000064.jpg,640,64.0,8
S05,c027,test,frame_000065.jpg,650,65.0,4
S05,c027,test,frame_000066.jpg,660,66.0,6
S05,c027,test,frame_000067.jpg,670,67.0,6
S05,c027,test,frame_000068.jpg,680,68.0,9
S05,c027,test,frame_000069.jpg,690,69.0,8
S05,c027,test,frame_000070.jpg,700,70.0,8
S05,c027,test,frame_000071.jpg,710,71.0,7
S05,c027,test,frame_000072.jpg,720,72.0,8
S05,c027,test,frame_000073.jpg,730,73.0,8
S05,c027,test,frame_000074.jpg,740,74.0,7
S05,c027,test,frame_000075.jpg,750,75.0,8
S05,c027,test,frame_000076.jpg,760,76.0,6
S05,c027,test,frame_000077.jpg,770,77.0,5
S05,c027,test,frame_000078.jpg,780,78.0,4
S05,c027,test,frame_000079.jpg,790,79.0,7
S05,c027,test,frame_000080.jpg,800,80.0,8
S05,c027,test,frame_000081.jpg,810,81.0,8
S05,c027,test,frame_000082.jpg,820,82.0,7
S05,c027,test,frame_000083.jpg,830,83.0,5
S05,c027,test,frame_000084.jpg,840,84.0,6
S05,c027,test,frame_000085.jpg,850,85.0,8
S05,c027,test,frame_000086.jpg,860,86.0,8
S05,c027,test,frame_000087.jpg,870,87.0,9
S05,c027,test,frame_000088.jpg,880,88.0,8
S05,c027,test,frame_000089.jpg,890,89.0,6
S05,c027,test,frame_000090.jpg,900,90.0,7
S05,c027,test,frame_000091.jpg,910,91.0,6
S05,c027,test,frame_000092.jpg,920,92.0,7
S05,c027,test,frame_000093.jpg,930,93.0,7
S05,c027,test,frame_000094.jpg,940,94.0,7
S05,c027,test,frame_000095.jpg,950,95.0,8
S05,c027,test,frame_000096.jpg,960,96.0,6
S05,c027,test,frame_000097.jpg,970,97.0,7
S05,c027,test,frame_000098.jpg,980,98.0,7
S05,c027,test,frame_000099.jpg,990,99.0,8
S05,c027,test,frame_000100.jpg,1000,100.0,9
S05,c027,test,frame_000101.jpg,1010,101.0,9
S05,c027,test,frame_000102.jpg,1020,102.0,9
S05,c027,test,frame_000103.jpg,1030,103.0,8
S05,c027,test,frame_000104.jpg,1040,104.0,9
S05,c027,test,frame_000105.jpg,1050,105.0,8
S05,c027,test,frame_000106.jpg,1060,106.0,8
S05,c027,test,frame_000107.jpg,1070,107.0,8
S05,c027,test,frame_000108.jpg,1080,108.0,5
S05,c027,test,frame_000109.jpg,1090,109.0,6
S05,c027,test,frame_000110.jpg,1100,110.0,3
S05,c027,test,frame_000111.jpg,1110,111.0,4
S05,c027,test,frame_000112.jpg,1120,112.0,8
S05,c027,test,frame_000113.jpg,1130,113.0,8
S05,c027,test,frame_000114.jpg,1140,114.0,8
S05,c027,test,frame_000115.jpg,1150,115.0,7
S05,c027,test,frame_000116.jpg,1160,116.0,6
S05,c027,test,frame_000117.jpg,1170,117.0,7
S05,c027,test,frame_000118.jpg,1180,118.0,8
S05,c027,test,frame_000119.jpg,1190,119.0,8
S05,c027,test,frame_000120.jpg,1200,120.0,9
S05,c027,test,frame_000121.jpg,1210,121.0,7
S05,c027,test,frame_000122.jpg,1220,122.0,5
S05,c027,test,frame_000123.jpg,1230,123.0,4
S05,c027,test,frame_000124.jpg,1240,124.0,8
S05,c027,test,frame_000125.jpg,1250,125.0,6
S05,c027,test,frame_000126.jpg,1260,126.0,7
S05,c027,test,frame_000127.jpg,1270,127.0,7
S05,c027,test,frame_000128.jpg,1280,128.0,6
S05,c027,test,frame_000129.jpg,1290,129.0,6
S05,c027,test,frame_000130.jpg,1300,130.0,5
S05,c027,test,frame_000131.jpg,1310,131.0,6
S05,c027,test,frame_000132.jpg,1320,132.0,7
S05,c027,test,frame_000133.jpg,1330,133.0,5
S05,c027,test,frame_000134.jpg,1340,134.0,7
S05,c027,test,frame_000135.jpg,1350,135.0,6
S05,c027,test,frame_000136.jpg,1360,136.0,9
S05,c027,test,frame_000137.jpg,1370,137.0,8
S05,c027,test,frame_000138.jpg,1380,138.0,7
S05,c027,test,frame_000139.jpg,1390,139.0,6
S05,c027,test,frame_000140.jpg,1400,140.0,7
S05,c027,test,frame_000141.jpg,1410,141.0,10
S05,c027,test,frame_000142.jpg,1420,142.0,11
S05,c027,test,frame_000143.jpg,1430,143.0,8
S05,c027,test,frame_000144.jpg,1440,144.0,9
S05,c027,test,frame_000145.jpg,1450,145.0,11
S05,c027,test,frame_000146.jpg,1460,146.0,8
S05,c027,test,frame_000147.jpg,1470,147.0,7
S05,c027,test,frame_000148.jpg,1480,148.0,8
S05,c027,test,frame_000149.jpg,1490,149.0,8
S05,c027,test,frame_000150.jpg,1500,150.0,9
S05,c027,test,frame_000151.jpg,1510,151.0,11
S05,c027,test,frame_000152.jpg,1520,152.0,10
S05,c027,test,frame_000153.jpg,1530,153.0,11
S05,c027,test,frame_000154.jpg,1540,154.0,11
S05,c027,test,frame_000155.jpg,1550,155.0,11
S05,c027,test,frame_000156.jpg,1560,156.0,12
S05,c027,test,frame_000157.jpg,1570,157.0,8
S05,c027,test,frame_000158.jpg,1580,158.0,7
S05,c027,test,frame_000159.jpg,1590,159.0,6
S05,c027,test,frame_000160.jpg,1600,160.0,8
S05,c027,test,frame_000161.jpg,1610,161.0,8
S05,c027,test,frame_000162.jpg,1620,162.0,10
S05,c027,test,frame_000163.jpg,1630,163.0,8
S05,c027,test,frame_000164.jpg,1640,164.0,9
S05,c027,test,frame_000165.jpg,1650,165.0,9
S05,c027,test,frame_000166.jpg,1660,166.0,7
S05,c027,test,frame_000167.jpg,1670,167.0,13
S05,c027,test,frame_000168.jpg,1680,168.0,10
S05,c027,test,frame_000169.jpg,1690,169.0,12
S05,c027,test,frame_000170.jpg,1700,170.0,10
S05,c027,test,frame_000171.jpg,1710,171.0,9
S05,c027,test,frame_000172.jpg,1720,172.0,10
S05,c027,test,frame_000173.jpg,1730,173.0,10
S05,c027,test,frame_000174.jpg,1740,174.0,11
S05,c027,test,frame_000175.jpg,1750,175.0,8
S05,c027,test,frame_000176.jpg,1760,176.0,10
S05,c027,test,frame_000177.jpg,1770,177.0,9
S05,c027,test,frame_000178.jpg,1780,178.0,9
S05,c027,test,frame_000179.jpg,1790,179.0,9
S05,c027,test,frame_000180.jpg,1800,180.0,10
S05,c027,test,frame_000181.jpg,1810,181.0,6
S05,c027,test,frame_000182.jpg,1820,182.0,10
S05,c027,test,frame_000183.jpg,1830,183.0,7
S05,c027,test,frame_000184.jpg,1840,184.0,9
S05,c027,test,frame_000185.jpg,1850,185.0,9
S05,c027,test,frame_000186.jpg,1860,186.0,11
S05,c027,test,frame_000187.jpg,1870,187.0,10
S05,c027,test,frame_000188.jpg,1880,188.0,9
S05,c027,test,frame_000189.jpg,1890,189.0,10
S05,c027,test,frame_000190.jpg,1900,190.0,9
S05,c027,test,frame_000191.jpg,1910,191.0,8
S05,c027,test,frame_000192.jpg,1920,192.0,8
S05,c027,test,frame_000193.jpg,1930,193.0,8
S05,c027,test,frame_000194.jpg,1940,194.0,7
S05,c027,test,frame_000195.jpg,1950,195.0,10
S05,c027,test,frame_000196.jpg,1960,196.0,9
S05,c027,test,frame_000197.jpg,1970,197.0,10
S05,c027,test,frame_000198.jpg,1980,198.0,10
S05,c027,test,frame_000199.jpg,1990,199.0,9
S05,c027,test,frame_000200.jpg,2000,200.0,9
S05,c027,test,frame_000201.jpg,2010,201.0,9
S05,c027,test,frame_000202.jpg,2020,202.0,11
S05,c027,test,frame_000203.jpg,2030,203.0,10
S05,c027,test,frame_000204.jpg,2040,204.0,9
S05,c027,test,frame_000205.jpg,2050,205.0,6
S05,c027,test,frame_000206.jpg,2060,206.0,5
S05,c027,test,frame_000207.jpg,2070,207.0,10
S05,c027,test,frame_000208.jpg,2080,208.0,9
S05,c027,test,frame_000209.jpg,2090,209.0,6
S05,c027,test,frame_000210.jpg,2100,210.0,10
S05,c027,test,frame_000211.jpg,2110,211.0,7
S05,c027,test,frame_000212.jpg,2120,212.0,12
S05,c027,test,frame_000213.jpg,2130,213.0,13
S05,c027,test,frame_000214.jpg,2140,214.0,10
S05,c027,test,frame_000215.jpg,2150,215.0,10
S05,c027,test,frame_000216.jpg,2160,216.0,9
S05,c027,test,frame_000217.jpg,2170,217.0,10
S05,c027,test,frame_000218.jpg,2180,218.0,9
S05,c027,test,frame_000219.jpg,2190,219.0,9
S05,c027,test,frame_000220.jpg,2200,220.0,11
S05,c027,test,frame_000221.jpg,2210,221.0,9
S05,c027,test,frame_000222.jpg,2220,222.0,11
S05,c027,test,frame_000223.jpg,2230,223.0,12
S05,c027,test,frame_000224.jpg,2240,224.0,11
S05,c027,test,frame_000225.jpg,2250,225.0,9
S05,c027,test,frame_000226.jpg,2260,226.0,11
S05,c027,test,frame_000227.jpg,2270,227.0,12
S05,c027,test,frame_000228.jpg,2280,228.0,11
S05,c027,test,frame_000229.jpg,2290,229.0,8
S05,c027,test,frame_000230.jpg,2300,230.0,6
S05,c027,test,frame_000231.jpg,2310,231.0,9
S05,c027,test,frame_000232.jpg,2320,232.0,8
S05,c027,test,frame_000233.jpg,2330,233.0,10
S05,c027,test,frame_000234.jpg,2340,234.0,10
S05,c027,test,frame_000235.jpg,2350,235.0,11
S05,c027,test,frame_000236.jpg,2360,236.0,10
S05,c027,test,frame_000237.jpg,2370,237.0,11
S05,c027,test,frame_000238.jpg,2380,238.0,12
S05,c027,test,frame_000239.jpg,2390,239.0,11
S05,c027,test,frame_000240.jpg,2400,240.0,10
S05,c027,test,frame_000241.jpg,2410,241.0,9
S05,c027,test,frame_000242.jpg,2420,242.0,10
S05,c027,test,frame_000243.jpg,2430,243.0,9
S05,c027,test,frame_000244.jpg,2440,244.0,12
S05,c027,test,frame_000245.jpg,2450,245.0,8
S05,c027,test,frame_000246.jpg,2460,246.0,8
S05,c027,test,frame_000247.jpg,2470,247.0,6
S05,c027,test,frame_000248.jpg,2480,248.0,9
S05,c027,test,frame_000249.jpg,2490,249.0,10
S05,c027,test,frame_000250.jpg,2500,250.0,8
S05,c027,test,frame_000251.jpg,2510,251.0,10
S05,c027,test,frame_000252.jpg,2520,252.0,10
S05,c027,test,frame_000253.jpg,2530,253.0,10
S05,c027,test,frame_000254.jpg,2540,254.0,9
S05,c027,test,frame_000255.jpg,2550,255.0,11
S05,c027,test,frame_000256.jpg,2560,256.0,10
S05,c027,test,frame_000257.jpg,2570,257.0,9
S05,c027,test,frame_000258.jpg,2580,258.0,11
S05,c027,test,frame_000259.jpg,2590,259.0,13
S05,c027,test,frame_000260.jpg,2600,260.0,12
S05,c027,test,frame_000261.jpg,2610,261.0,10
S05,c027,test,frame_000262.jpg,2620,262.0,7
S05,c027,test,frame_000263.jpg,2630,263.0,10
S05,c027,test,frame_000264.jpg,2640,264.0,10
S05,c027,test,frame_000265.jpg,2650,265.0,8
S05,c027,test,frame_000266.jpg,2660,266.0,10
S05,c027,test,frame_000267.jpg,2670,267.0,9
S05,c027,test,frame_000268.jpg,2680,268.0,8
S05,c027,test,frame_000269.jpg,2690,269.0,10
S05,c027,test,frame_000270.jpg,2700,270.0,13
S05,c027,test,frame_000271.jpg,2710,271.0,9
S05,c027,test,frame_000272.jpg,2720,272.0,7
S05,c027,test,frame_000273.jpg,2730,273.0,6
S05,c027,test,frame_000274.jpg,2740,274.0,8
S05,c027,test,frame_000275.jpg,2750,275.0,9
S05,c027,test,frame_000276.jpg,2760,276.0,9
S05,c027,test,frame_000277.jpg,2770,277.0,8
S05,c027,test,frame_000278.jpg,2780,278.0,8
S05,c027,test,frame_000279.jpg,2790,279.0,8
S05,c027,test,frame_000280.jpg,2800,280.0,8
S05,c027,test,frame_000281.jpg,2810,281.0,9
S05,c027,test,frame_000282.jpg,2820,282.0,8
S05,c027,test,frame_000283.jpg,2830,283.0,12
S05,c027,test,frame_000284.jpg,2840,284.0,8
S05,c027,test,frame_000285.jpg,2850,285.0,9
S05,c027,test,frame_000286.jpg,2860,286.0,11
S05,c027,test,frame_000287.jpg,2870,287.0,11
S05,c027,test,frame_000288.jpg,2880,288.0,9
S05,c027,test,frame_000289.jpg,2890,289.0,11
S05,c027,test,frame_000290.jpg,2900,290.0,8
S05,c027,test,frame_000291.jpg,2910,291.0,9
S05,c027,test,frame_000292.jpg,2920,292.0,11
S05,c027,test,frame_000293.jpg,2930,293.0,10
S05,c027,test,frame_000294.jpg,2940,294.0,10
S05,c027,test,frame_000295.jpg,2950,295.0,11
S05,c027,test,frame_000296.jpg,2960,296.0,11
S05,c027,test,frame_000297.jpg,2970,297.0,8
S05,c027,test,frame_000298.jpg,2980,298.0,6
S05,c027,test,frame_000299.jpg,2990,299.0,10
S05,c027,test,frame_000300.jpg,3000,300.0,9
S05,c027,test,frame_000301.jpg,3010,301.0,9
S05,c027,test,frame_000302.jpg,3020,302.0,8
S05,c027,test,frame_000303.jpg,3030,303.0,8
S05,c027,test,frame_000304.jpg,3040,304.0,10
S05,c027,test,frame_000305.jpg,3050,305.0,10
S05,c027,test,frame_000306.jpg,3060,306.0,5
S05,c027,test,frame_000307.jpg,3070,307.0,7
S05,c027,test,frame_000308.jpg,3080,308.0,10
S05,c027,test,frame_000309.jpg,3090,309.0,9
S05,c027,test,frame_000310.jpg,3100,310.0,7
S05,c027,test,frame_000311.jpg,3110,311.0,7
S05,c027,test,frame_000312.jpg,3120,312.0,10
S05,c027,test,frame_000313.jpg,3130,313.0,9
S05,c027,test,frame_000314.jpg,3140,314.0,10
S05,c027,test,frame_000315.jpg,3150,315.0,11
S05,c027,test,frame_000316.jpg,3160,316.0,7
S05,c027,test,frame_000317.jpg,3170,317.0,5
S05,c027,test,frame_000318.jpg,3180,318.0,8
S05,c027,test,frame_000319.jpg,3190,319.0,5
S05,c027,test,frame_000320.jpg,3200,320.0,8
S05,c027,test,frame_000321.jpg,3210,321.0,9
S05,c027,test,frame_000322.jpg,3220,322.0,11
S05,c027,test,frame_000323.jpg,3230,323.0,10
S05,c027,test,frame_000324.jpg,3240,324.0,7
S05,c027,test,frame_000325.jpg,3250,325.0,10
S05,c027,test,frame_000326.jpg,3260,326.0,10
S05,c027,test,frame_000327.jpg,3270,327.0,10
S05,c027,test,frame_000328.jpg,3280,328.0,8
S05,c027,test,frame_000329.jpg,3290,329.0,11
S05,c027,test,frame_000330.jpg,3300,330.0,13
S05,c027,test,frame_000331.jpg,3310,331.0,13
S05,c027,test,frame_000332.jpg,3320,332.0,13
S05,c027,test,frame_000333.jpg,3330,333.0,11
S05,c027,test,frame_000334.jpg,3340,334.0,10
S05,c027,test,frame_000335.jpg,3350,335.0,10
S05,c027,test,frame_000336.jpg,3360,336.0,14
S05,c027,test,frame_000337.jpg,3370,337.0,13
S05,c027,test,frame_000338.jpg,3380,338.0,9
S05,c027,test,frame_000339.jpg,3390,339.0,8
S05,c027,test,frame_000340.jpg,3400,340.0,12
S05,c027,test,frame_000341.jpg,3410,341.0,13
S05,c027,test,frame_000342.jpg,3420,342.0,14
S05,c027,test,frame_000343.jpg,3430,343.0,11
S05,c027,test,frame_000344.jpg,3440,344.0,10
S05,c027,test,frame_000345.jpg,3450,345.0,9
S05,c027,test,frame_000346.jpg,3460,346.0,10
S05,c027,test,frame_000347.jpg,3470,347.0,9
S05,c027,test,frame_000348.jpg,3480,348.0,11
S05,c027,test,frame_000349.jpg,3490,349.0,13
S05,c027,test,frame_000350.jpg,3500,350.0,13
S05,c027,test,frame_000351.jpg,3510,351.0,12
S05,c027,test,frame_000352.jpg,3520,352.0,13
S05,c027,test,frame_000353.jpg,3530,353.0,14
S05,c027,test,frame_000354.jpg,3540,354.0,10
S05,c027,test,frame_000355.jpg,3550,355.0,12
S05,c027,test,frame_000356.jpg,3560,356.0,8
S05,c027,test,frame_000357.jpg,3570,357.0,13
S05,c027,test,frame_000358.jpg,3580,358.0,13
S05,c027,test,frame_000359.jpg,3590,359.0,10
S05,c027,test,frame_000360.jpg,3600,360.0,10
S05,c027,test,frame_000361.jpg,3610,361.0,11
S05,c027,test,frame_000362.jpg,3620,362.0,12
S05,c027,test,frame_000363.jpg,3630,363.0,15
S05,c027,test,frame_000364.jpg,3640,364.0,11
S05,c027,test,frame_000365.jpg,3650,365.0,14
S05,c027,test,frame_000366.jpg,3660,366.0,12
S05,c027,test,frame_000367.jpg,3670,367.0,13
S05,c027,test,frame_000368.jpg,3680,368.0,13
S05,c027,test,frame_000369.jpg,3690,369.0,12
S05,c027,test,frame_000370.jpg,3700,370.0,12
S05,c027,test,frame_000371.jpg,3710,371.0,10
S05,c027,test,frame_000372.jpg,3720,372.0,10
S05,c027,test,frame_000373.jpg,3730,373.0,14
S05,c027,test,frame_000374.jpg,3740,374.0,11
S05,c027,test,frame_000375.jpg,3750,375.0,12
S05,c027,test,frame_000376.jpg,3760,376.0,11
S05,c027,test,frame_000377.jpg,3770,377.0,10
S05,c027,test,frame_000378.jpg,3780,378.0,12
S05,c027,test,frame_000379.jpg,3790,379.0,12
S05,c027,test,frame_000380.jpg,3800,380.0,10
S05,c027,test,frame_000381.jpg,3810,381.0,11
S05,c027,test,frame_000382.jpg,3820,382.0,12
S05,c027,test,frame_000383.jpg,3830,383.0,11
S05,c027,test,frame_000384.jpg,3840,384.0,13
S05,c028,test,frame_000000.jpg,0,0.0,3
S05,c028,test,frame_000001.jpg,10,1.0,3
S05,c028,test,frame_000002.jpg,20,2.0,4
S05,c028,test,frame_000003.jpg,30,3.0,2
S05,c028,test,frame_000004.jpg,40,4.0,2
S05,c028,test,frame_000005.jpg,50,5.0,5
S05,c028,test,frame_000006.jpg,60,6.0,3
S05,c028,test,frame_000007.jpg,70,7.0,3
S05,c028,test,frame_000008.jpg,80,8.0,4
S05,c028,test,frame_000009.jpg,90,9.0,4
S05,c028,test,frame_000010.jpg,100,10.0,4
S05,c028,test,frame_000011.jpg,110,11.0,4
S05,c028,test,frame_000012.jpg,120,12.0,3
S05,c028,test,frame_000013.jpg,130,13.0,4
S05,c028,test,frame_000014.jpg,140,14.0,3
S05,c028,test,frame_000015.jpg,150,15.0,3
S05,c028,test,frame_000016.jpg,160,16.0,4
S05,c028,test,frame_000017.jpg,170,17.0,4
S05,c028,test,frame_000018.jpg,180,18.0,5
S05,c028,test,frame_000019.jpg,190,19.0,4
S05,c028,test,frame_000020.jpg,200,20.0,5
S05,c028,test,frame_000021.jpg,210,21.0,4
S05,c028,test,frame_000022.jpg,220,22.0,4
S05,c028,test,frame_000023.jpg,230,23.0,4
S05,c028,test,frame_000024.jpg,240,24.0,4
S05,c028,test,frame_000025.jpg,250,25.0,5
S05,c028,test,frame_000026.jpg,260,26.0,6
S05,c028,test,frame_000027.jpg,270,27.0,5
S05,c028,test,frame_000028.jpg,280,28.0,5
S05,c028,test,frame_000029.jpg,290,29.0,4
S05,c028,test,frame_000030.jpg,300,30.0,3
S05,c028,test,frame_000031.jpg,310,31.0,3
S05,c028,test,frame_000032.jpg,320,32.0,5
S05,c028,test,frame_000033.jpg,330,33.0,4
S05,c028,test,frame_000034.jpg,340,34.0,5
S05,c028,test,frame_000035.jpg,350,35.0,4
S05,c028,test,frame_000036.jpg,360,36.0,3
S05,c028,test,frame_000037.jpg,370,37.0,3
S05,c028,test,frame_000038.jpg,380,38.0,6
S05,c028,test,frame_000039.jpg,390,39.0,2
S05,c028,test,frame_000040.jpg,400,40.0,1
S05,c028,test,frame_000041.jpg,410,41.0,1
S05,c028,test,frame_000042.jpg,420,42.0,2
S05,c028,test,frame_000043.jpg,430,43.0,2
S05,c028,test,frame_000044.jpg,440,44.0,5
S05,c028,test,frame_000045.jpg,450,45.0,4
S05,c028,test,frame_000046.jpg,460,46.0,3
S05,c028,test,frame_000047.jpg,470,47.0,4
S05,c028,test,frame_000048.jpg,480,48.0,4
S05,c028,test,frame_000049.jpg,490,49.0,5
S05,c028,test,frame_000050.jpg,500,50.0,5
S05,c028,test,frame_000051.jpg,510,51.0,5
S05,c028,test,frame_000052.jpg,520,52.0,5
S05,c028,test,frame_000053.jpg,530,53.0,3
S05,c028,test,frame_000054.jpg,540,54.0,4
S05,c028,test,frame_000055.jpg,550,55.0,4
S05,c028,test,frame_000056.jpg,560,56.0,3
S05,c028,test,frame_000057.jpg,570,57.0,3
S05,c028,test,frame_000058.jpg,580,58.0,3
S05,c028,test,frame_000059.jpg,590,59.0,4
S05,c028,test,frame_000060.jpg,600,60.0,2
S05,c028,test,frame_000061.jpg,610,61.0,2
S05,c028,test,frame_000062.jpg,620,62.0,3
S05,c028,test,frame_000063.jpg,630,63.0,4
S05,c028,test,frame_000064.jpg,640,64.0,2
S05,c028,test,frame_000065.jpg,650,65.0,3
S05,c028,test,frame_000066.jpg,660,66.0,3
S05,c028,test,frame_000067.jpg,670,67.0,4
S05,c028,test,frame_000068.jpg,680,68.0,4
S05,c028,test,frame_000069.jpg,690,69.0,2
S05,c028,test,frame_000070.jpg,700,70.0,3
S05,c028,test,frame_000071.jpg,710,71.0,3
S05,c028,test,frame_000072.jpg,720,72.0,4
S05,c028,test,frame_000073.jpg,730,73.0,2
S05,c028,test,frame_000074.jpg,740,74.0,3
S05,c028,test,frame_000075.jpg,750,75.0,2
S05,c028,test,frame_000076.jpg,760,76.0,3
S05,c028,test,frame_000077.jpg,770,77.0,3
S05,c028,test,frame_000078.jpg,780,78.0,2
S05,c028,test,frame_000079.jpg,790,79.0,2
S05,c028,test,frame_000080.jpg,800,80.0,5
S05,c028,test,frame_000081.jpg,810,81.0,4
S05,c028,test,frame_000082.jpg,820,82.0,4
S05,c028,test,frame_000083.jpg,830,83.0,2
S05,c028,test,frame_000084.jpg,840,84.0,0
S05,c028,test,frame_000085.jpg,850,85.0,4
S05,c028,test,frame_000086.jpg,860,86.0,4
S05,c028,test,frame_000087.jpg,870,87.0,2
S05,c028,test,frame_000088.jpg,880,88.0,3
S05,c028,test,frame_000089.jpg,890,89.0,3
S05,c028,test,frame_000090.jpg,900,90.0,4
S05,c028,test,frame_000091.jpg,910,91.0,5
S05,c028,test,frame_000092.jpg,920,92.0,3
S05,c028,test,frame_000093.jpg,930,93.0,3
S05,c028,test,frame_000094.jpg,940,94.0,5
S05,c028,test,frame_000095.jpg,950,95.0,4
S05,c028,test,frame_000096.jpg,960,96.0,4
S05,c028,test,frame_000097.jpg,970,97.0,4
S05,c028,test,frame_000098.jpg,980,98.0,4
S05,c028,test,frame_000099.jpg,990,99.0,5
S05,c028,test,frame_000100.jpg,1000,100.0,6
S05,c028,test,frame_000101.jpg,1010,101.0,3
S05,c028,test,frame_000102.jpg,1020,102.0,2
S05,c028,test,frame_000103.jpg,1030,103.0,5
S05,c028,test,frame_000104.jpg,1040,104.0,3
S05,c028,test,frame_000105.jpg,1050,105.0,5
S05,c028,test,frame_000106.jpg,1060,106.0,4
S05,c028,test,frame_000107.jpg,1070,107.0,5
S05,c028,test,frame_000108.jpg,1080,108.0,6
S05,c028,test,frame_000109.jpg,1090,109.0,5
S05,c028,test,frame_000110.jpg,1100,110.0,7
S05,c028,test,frame_000111.jpg,1110,111.0,7
S05,c028,test,frame_000112.jpg,1120,112.0,8
S05,c028,test,frame_000113.jpg,1130,113.0,7
S05,c028,test,frame_000114.jpg,1140,114.0,8
S05,c028,test,frame_000115.jpg,1150,115.0,6
S05,c028,test,frame_000116.jpg,1160,116.0,4
S05,c028,test,frame_000117.jpg,1170,117.0,4
S05,c028,test,frame_000118.jpg,1180,118.0,4
S05,c028,test,frame_000119.jpg,1190,119.0,3
S05,c028,test,frame_000120.jpg,1200,120.0,2
S05,c028,test,frame_000121.jpg,1210,121.0,3
S05,c028,test,frame_000122.jpg,1220,122.0,5
S05,c028,test,frame_000123.jpg,1230,123.0,4
S05,c028,test,frame_000124.jpg,1240,124.0,3
S05,c028,test,frame_000125.jpg,1250,125.0,4
S05,c028,test,frame_000126.jpg,1260,126.0,2
S05,c028,test,frame_000127.jpg,1270,127.0,3
S05,c028,test,frame_000128.jpg,1280,128.0,2
S05,c028,test,frame_000129.jpg,1290,129.0,5
S05,c028,test,frame_000130.jpg,1300,130.0,6
S05,c028,test,frame_000131.jpg,1310,131.0,4
S05,c028,test,frame_000132.jpg,1320,132.0,3
S05,c028,test,frame_000133.jpg,1330,133.0,5
S05,c028,test,frame_000134.jpg,1340,134.0,4
S05,c028,test,frame_000135.jpg,1350,135.0,3
S05,c028,test,frame_000136.jpg,1360,136.0,4
S05,c028,test,frame_000137.jpg,1370,137.0,6
S05,c028,test,frame_000138.jpg,1380,138.0,4
S05,c028,test,frame_000139.jpg,1390,139.0,5
S05,c028,test,frame_000140.jpg,1400,140.0,5
S05,c028,test,frame_000141.jpg,1410,141.0,6
S05,c028,test,frame_000142.jpg,1420,142.0,7
S05,c028,test,frame_000143.jpg,1430,143.0,4
S05,c028,test,frame_000144.jpg,1440,144.0,2
S05,c028,test,frame_000145.jpg,1450,145.0,3
S05,c028,test,frame_000146.jpg,1460,146.0,3
S05,c028,test,frame_000147.jpg,1470,147.0,5
S05,c028,test,frame_000148.jpg,1480,148.0,4
S05,c028,test,frame_000149.jpg,1490,149.0,4
S05,c028,test,frame_000150.jpg,1500,150.0,1
S05,c028,test,frame_000151.jpg,1510,151.0,2
S05,c028,test,frame_000152.jpg,1520,152.0,2
S05,c028,test,frame_000153.jpg,1530,153.0,3
S05,c028,test,frame_000154.jpg,1540,154.0,2
S05,c028,test,frame_000155.jpg,1550,155.0,2
S05,c028,test,frame_000156.jpg,1560,156.0,2
S05,c028,test,frame_000157.jpg,1570,157.0,3
S05,c028,test,frame_000158.jpg,1580,158.0,3
S05,c028,test,frame_000159.jpg,1590,159.0,3
S05,c028,test,frame_000160.jpg,1600,160.0,3
S05,c028,test,frame_000161.jpg,1610,161.0,5
S05,c028,test,frame_000162.jpg,1620,162.0,6
S05,c028,test,frame_000163.jpg,1630,163.0,6
S05,c028,test,frame_000164.jpg,1640,164.0,5
S05,c028,test,frame_000165.jpg,1650,165.0,5
S05,c028,test,frame_000166.jpg,1660,166.0,5
S05,c028,test,frame_000167.jpg,1670,167.0,6
S05,c028,test,frame_000168.jpg,1680,168.0,6
S05,c028,test,frame_000169.jpg,1690,169.0,6
S05,c028,test,frame_000170.jpg,1700,170.0,6
S05,c028,test,frame_000171.jpg,1710,171.0,5
S05,c028,test,frame_000172.jpg,1720,172.0,5
S05,c028,test,frame_000173.jpg,1730,173.0,4
S05,c028,test,frame_000174.jpg,1740,174.0,3
S05,c028,test,frame_000175.jpg,1750,175.0,6
S05,c028,test,frame_000176.jpg,1760,176.0,7
S05,c028,test,frame_000177.jpg,1770,177.0,8
S05,c028,test,frame_000178.jpg,1780,178.0,5
S05,c028,test,frame_000179.jpg,1790,179.0,5
S05,c028,test,frame_000180.jpg,1800,180.0,5
S05,c028,test,frame_000181.jpg,1810,181.0,8
S05,c028,test,frame_000182.jpg,1820,182.0,6
S05,c028,test,frame_000183.jpg,1830,183.0,5
S05,c028,test,frame_000184.jpg,1840,184.0,4
S05,c028,test,frame_000185.jpg,1850,185.0,6
S05,c028,test,frame_000186.jpg,1860,186.0,3
S05,c028,test,frame_000187.jpg,1870,187.0,6
S05,c028,test,frame_000188.jpg,1880,188.0,6
S05,c028,test,frame_000189.jpg,1890,189.0,8
S05,c028,test,frame_000190.jpg,1900,190.0,6
S05,c028,test,frame_000191.jpg,1910,191.0,5
S05,c028,test,frame_000192.jpg,1920,192.0,4
S05,c028,test,frame_000193.jpg,1930,193.0,5
S05,c028,test,frame_000194.jpg,1940,194.0,5
S05,c028,test,frame_000195.jpg,1950,195.0,3
S05,c028,test,frame_000196.jpg,1960,196.0,5
S05,c028,test,frame_000197.jpg,1970,197.0,4
S05,c028,test,frame_000198.jpg,1980,198.0,4
S05,c028,test,frame_000199.jpg,1990,199.0,4
S05,c028,test,frame_000200.jpg,2000,200.0,5
S05,c028,test,frame_000201.jpg,2010,201.0,4
S05,c028,test,frame_000202.jpg,2020,202.0,5
S05,c028,test,frame_000203.jpg,2030,203.0,4
S05,c028,test,frame_000204.jpg,2040,204.0,3
S05,c028,test,frame_000205.jpg,2050,205.0,4
S05,c028,test,frame_000206.jpg,2060,206.0,4
S05,c028,test,frame_000207.jpg,2070,207.0,4
S05,c028,test,frame_000208.jpg,2080,208.0,3
S05,c028,test,frame_000209.jpg,2090,209.0,5
S05,c028,test,frame_000210.jpg,2100,210.0,3
S05,c028,test,frame_000211.jpg,2110,211.0,3
S05,c028,test,frame_000212.jpg,2120,212.0,4
S05,c028,test,frame_000213.jpg,2130,213.0,4
S05,c028,test,frame_000214.jpg,2140,214.0,7
S05,c028,test,frame_000215.jpg,2150,215.0,5
S05,c028,test,frame_000216.jpg,2160,216.0,5
S05,c028,test,frame_000217.jpg,2170,217.0,6
S05,c028,test,frame_000218.jpg,2180,218.0,8
S05,c028,test,frame_000219.jpg,2190,219.0,7
S05,c028,test,frame_000220.jpg,2200,220.0,6
S05,c028,test,frame_000221.jpg,2210,221.0,6
S05,c028,test,frame_000222.jpg,2220,222.0,5
S05,c028,test,frame_000223.jpg,2230,223.0,5
S05,c028,test,frame_000224.jpg,2240,224.0,6
S05,c028,test,frame_000225.jpg,2250,225.0,8
S05,c028,test,frame_000226.jpg,2260,226.0,7
S05,c028,test,frame_000227.jpg,2270,227.0,5
S05,c028,test,frame_000228.jpg,2280,228.0,6
S05,c028,test,frame_000229.jpg,2290,229.0,5
S05,c028,test,frame_000230.jpg,2300,230.0,7
S05,c028,test,frame_000231.jpg,2310,231.0,9
S05,c028,test,frame_000232.jpg,2320,232.0,8
S05,c028,test,frame_000233.jpg,2330,233.0,7
S05,c028,test,frame_000234.jpg,2340,234.0,7
S05,c028,test,frame_000235.jpg,2350,235.0,5
S05,c028,test,frame_000236.jpg,2360,236.0,5
S05,c028,test,frame_000237.jpg,2370,237.0,4
S05,c028,test,frame_000238.jpg,2380,238.0,5
S05,c028,test,frame_000239.jpg,2390,239.0,5
S05,c028,test,frame_000240.jpg,2400,240.0,4
S05,c028,test,frame_000241.jpg,2410,241.0,4
S05,c028,test,frame_000242.jpg,2420,242.0,4
S05,c028,test,frame_000243.jpg,2430,243.0,6
S05,c028,test,frame_000244.jpg,2440,244.0,7
S05,c028,test,frame_000245.jpg,2450,245.0,7
S05,c028,test,frame_000246.jpg,2460,246.0,7
S05,c028,test,frame_000247.jpg,2470,247.0,7
S05,c028,test,frame_000248.jpg,2480,248.0,6
S05,c028,test,frame_000249.jpg,2490,249.0,5
S05,c028,test,frame_000250.jpg,2500,250.0,4
S05,c028,test,frame_000251.jpg,2510,251.0,4
S05,c028,test,frame_000252.jpg,2520,252.0,4
S05,c028,test,frame_000253.jpg,2530,253.0,5
S05,c028,test,frame_000254.jpg,2540,254.0,7
S05,c028,test,frame_000255.jpg,2550,255.0,5
S05,c028,test,frame_000256.jpg,2560,256.0,8
S05,c028,test,frame_000257.jpg,2570,257.0,7
S05,c028,test,frame_000258.jpg,2580,258.0,6
S05,c028,test,frame_000259.jpg,2590,259.0,5
S05,c028,test,frame_000260.jpg,2600,260.0,7
S05,c028,test,frame_000261.jpg,2610,261.0,5
S05,c028,test,frame_000262.jpg,2620,262.0,5
S05,c028,test,frame_000263.jpg,2630,263.0,4
S05,c028,test,frame_000264.jpg,2640,264.0,4
S05,c028,test,frame_000265.jpg,2650,265.0,4
S05,c028,test,frame_000266.jpg,2660,266.0,4
S05,c028,test,frame_000267.jpg,2670,267.0,3
S05,c028,test,frame_000268.jpg,2680,268.0,4
S05,c028,test,frame_000269.jpg,2690,269.0,4
S05,c028,test,frame_000270.jpg,2700,270.0,4
S05,c028,test,frame_000271.jpg,2710,271.0,4
S05,c028,test,frame_000272.jpg,2720,272.0,3
S05,c028,test,frame_000273.jpg,2730,273.0,5
S05,c028,test,frame_000274.jpg,2740,274.0,4
S05,c028,test,frame_000275.jpg,2750,275.0,2
S05,c028,test,frame_000276.jpg,2760,276.0,2
S05,c028,test,frame_000277.jpg,2770,277.0,2
S05,c028,test,frame_000278.jpg,2780,278.0,3
S05,c028,test,frame_000279.jpg,2790,279.0,3
S05,c028,test,frame_000280.jpg,2800,280.0,3
S05,c028,test,frame_000281.jpg,2810,281.0,5
S05,c028,test,frame_000282.jpg,2820,282.0,5
S05,c028,test,frame_000283.jpg,2830,283.0,4
S05,c028,test,frame_000284.jpg,2840,284.0,4
S05,c028,test,frame_000285.jpg,2850,285.0,6
S05,c028,test,frame_000286.jpg,2860,286.0,4
S05,c028,test,frame_000287.jpg,2870,287.0,6
S05,c028,test,frame_000288.jpg,2880,288.0,5
S05,c028,test,frame_000289.jpg,2890,289.0,4
S05,c028,test,frame_000290.jpg,2900,290.0,4
S05,c028,test,frame_000291.jpg,2910,291.0,4
S05,c028,test,frame_000292.jpg,2920,292.0,5
S05,c028,test,frame_000293.jpg,2930,293.0,4
S05,c028,test,frame_000294.jpg,2940,294.0,5
S05,c028,test,frame_000295.jpg,2950,295.0,6
S05,c028,test,frame_000296.jpg,2960,296.0,7
S05,c028,test,frame_000297.jpg,2970,297.0,6
S05,c028,test,frame_000298.jpg,2980,298.0,6
S05,c028,test,frame_000299.jpg,2990,299.0,3
S05,c028,test,frame_000300.jpg,3000,300.0,3
S05,c028,test,frame_000301.jpg,3010,301.0,1
S05,c028,test,frame_000302.jpg,3020,302.0,3
S05,c028,test,frame_000303.jpg,3030,303.0,5
S05,c028,test,frame_000304.jpg,3040,304.0,4
S05,c028,test,frame_000305.jpg,3050,305.0,5
S05,c028,test,frame_000306.jpg,3060,306.0,4
S05,c028,test,frame_000307.jpg,3070,307.0,4
S05,c028,test,frame_000308.jpg,3080,308.0,4
S05,c028,test,frame_000309.jpg,3090,309.0,5
S05,c028,test,frame_000310.jpg,3100,310.0,5
S05,c028,test,frame_000311.jpg,3110,311.0,3
S05,c028,test,frame_000312.jpg,3120,312.0,4
S05,c028,test,frame_000313.jpg,3130,313.0,4
S05,c028,test,frame_000314.jpg,3140,314.0,7
S05,c028,test,frame_000315.jpg,3150,315.0,7
S05,c028,test,frame_000316.jpg,3160,316.0,5
S05,c028,test,frame_000317.jpg,3170,317.0,5
S05,c028,test,frame_000318.jpg,3180,318.0,5
S05,c028,test,frame_000319.jpg,3190,319.0,5
S05,c028,test,frame_000320.jpg,3200,320.0,5
S05,c028,test,frame_000321.jpg,3210,321.0,4
S05,c028,test,frame_000322.jpg,3220,322.0,6
S05,c028,test,frame_000323.jpg,3230,323.0,6
S05,c028,test,frame_000324.jpg,3240,324.0,4
S05,c028,test,frame_000325.jpg,3250,325.0,3
S05,c028,test,frame_000326.jpg,3260,326.0,6
S05,c028,test,frame_000327.jpg,3270,327.0,5
S05,c028,test,frame_000328.jpg,3280,328.0,6
S05,c028,test,frame_000329.jpg,3290,329.0,4
S05,c028,test,frame_000330.jpg,3300,330.0,6
S05,c028,test,frame_000331.jpg,3310,331.0,7
S05,c028,test,frame_000332.jpg,3320,332.0,5
S05,c028,test,frame_000333.jpg,3330,333.0,5
S05,c028,test,frame_000334.jpg,3340,334.0,6
S05,c028,test,frame_000335.jpg,3350,335.0,5
S05,c028,test,frame_000336.jpg,3360,336.0,6
S05,c028,test,frame_000337.jpg,3370,337.0,6
S05,c028,test,frame_000338.jpg,3380,338.0,5
S05,c028,test,frame_000339.jpg,3390,339.0,7
S05,c028,test,frame_000340.jpg,3400,340.0,7
S05,c028,test,frame_000341.jpg,3410,341.0,6
S05,c028,test,frame_000342.jpg,3420,342.0,5
S05,c028,test,frame_000343.jpg,3430,343.0,6
S05,c028,test,frame_000344.jpg,3440,344.0,5
S05,c028,test,frame_000345.jpg,3450,345.0,8
S05,c028,test,frame_000346.jpg,3460,346.0,8
S05,c028,test,frame_000347.jpg,3470,347.0,4
S05,c028,test,frame_000348.jpg,3480,348.0,4
S05,c028,test,frame_000349.jpg,3490,349.0,6
S05,c028,test,frame_000350.jpg,3500,350.0,8
S05,c028,test,frame_000351.jpg,3510,351.0,6
S05,c028,test,frame_000352.jpg,3520,352.0,6
S05,c028,test,frame_000353.jpg,3530,353.0,3
S05,c028,test,frame_000354.jpg,3540,354.0,4
S05,c028,test,frame_000355.jpg,3550,355.0,7
S05,c028,test,frame_000356.jpg,3560,356.0,8
S05,c028,test,frame_000357.jpg,3570,357.0,6
S05,c028,test,frame_000358.jpg,3580,358.0,5
S05,c028,test,frame_000359.jpg,3590,359.0,5
S05,c028,test,frame_000360.jpg,3600,360.0,5
S05,c028,test,frame_000361.jpg,3610,361.0,6
S05,c028,test,frame_000362.jpg,3620,362.0,6
S05,c028,test,frame_000363.jpg,3630,363.0,6
S05,c028,test,frame_000364.jpg,3640,364.0,5
S05,c028,test,frame_000365.jpg,3650,365.0,6
S05,c028,test,frame_000366.jpg,3660,366.0,5
S05,c028,test,frame_000367.jpg,3670,367.0,6
S05,c028,test,frame_000368.jpg,3680,368.0,5
S05,c028,test,frame_000369.jpg,3690,369.0,7
S05,c028,test,frame_000370.jpg,3700,370.0,7
S05,c028,test,frame_000371.jpg,3710,371.0,7
S05,c028,test,frame_000372.jpg,3720,372.0,5
S05,c028,test,frame_000373.jpg,3730,373.0,6
S05,c028,test,frame_000374.jpg,3740,374.0,9
S05,c028,test,frame_000375.jpg,3750,375.0,8
S05,c028,test,frame_000376.jpg,3760,376.0,9
S05,c028,test,frame_000377.jpg,3770,377.0,7
S05,c028,test,frame_000378.jpg,3780,378.0,6
S05,c028,test,frame_000379.jpg,3790,379.0,7
S05,c028,test,frame_000380.jpg,3800,380.0,8
S05,c028,test,frame_000381.jpg,3810,381.0,9
S05,c028,test,frame_000382.jpg,3820,382.0,6
S05,c029,test,frame_000000.jpg,0,0.0,4
S05,c029,test,frame_000001.jpg,10,1.0,4
S05,c029,test,frame_000002.jpg,20,2.0,4
S05,c029,test,frame_000003.jpg,30,3.0,6
S05,c029,test,frame_000004.jpg,40,4.0,4
S05,c029,test,frame_000005.jpg,50,5.0,5
S05,c029,test,frame_000006.jpg,60,6.0,6
S05,c029,test,frame_000007.jpg,70,7.0,4
S05,c029,test,frame_000008.jpg,80,8.0,6
S05,c029,test,frame_000009.jpg,90,9.0,5
S05,c029,test,frame_000010.jpg,100,10.0,6
S05,c029,test,frame_000011.jpg,110,11.0,6
S05,c029,test,frame_000012.jpg,120,12.0,7
S05,c029,test,frame_000013.jpg,130,13.0,4
S05,c029,test,frame_000014.jpg,140,14.0,6
S05,c029,test,frame_000015.jpg,150,15.0,6
S05,c029,test,frame_000016.jpg,160,16.0,4
S05,c029,test,frame_000017.jpg,170,17.0,4
S05,c029,test,frame_000018.jpg,180,18.0,3
S05,c029,test,frame_000019.jpg,190,19.0,5
S05,c029,test,frame_000020.jpg,200,20.0,2
S05,c029,test,frame_000021.jpg,210,21.0,4
S05,c029,test,frame_000022.jpg,220,22.0,5
S05,c029,test,frame_000023.jpg,230,23.0,6
S05,c029,test,frame_000024.jpg,240,24.0,5
S05,c029,test,frame_000025.jpg,250,25.0,3
S05,c029,test,frame_000026.jpg,260,26.0,4
S05,c029,test,frame_000027.jpg,270,27.0,5
S05,c029,test,frame_000028.jpg,280,28.0,5
S05,c029,test,frame_000029.jpg,290,29.0,5
S05,c029,test,frame_000030.jpg,300,30.0,8
S05,c029,test,frame_000031.jpg,310,31.0,6
S05,c029,test,frame_000032.jpg,320,32.0,4
S05,c029,test,frame_000033.jpg,330,33.0,5
S05,c029,test,frame_000034.jpg,340,34.0,6
S05,c029,test,frame_000035.jpg,350,35.0,4
S05,c029,test,frame_000036.jpg,360,36.0,5
S05,c029,test,frame_000037.jpg,370,37.0,3
S05,c029,test,frame_000038.jpg,380,38.0,3
S05,c029,test,frame_000039.jpg,390,39.0,4
S05,c029,test,frame_000040.jpg,400,40.0,4
S05,c029,test,frame_000041.jpg,410,41.0,4
S05,c029,test,frame_000042.jpg,420,42.0,4
S05,c029,test,frame_000043.jpg,430,43.0,3
S05,c029,test,frame_000044.jpg,440,44.0,5
S05,c029,test,frame_000045.jpg,450,45.0,4
S05,c029,test,frame_000046.jpg,460,46.0,3
S05,c029,test,frame_000047.jpg,470,47.0,4
S05,c029,test,frame_000048.jpg,480,48.0,3
S05,c029,test,frame_000049.jpg,490,49.0,3
S05,c029,test,frame_000050.jpg,500,50.0,4
S05,c029,test,frame_000051.jpg,510,51.0,4
S05,c029,test,frame_000052.jpg,520,52.0,4
S05,c029,test,frame_000053.jpg,530,53.0,3
S05,c029,test,frame_000054.jpg,540,54.0,5
S05,c029,test,frame_000055.jpg,550,55.0,3
S05,c029,test,frame_000056.jpg,560,56.0,5
S05,c029,test,frame_000057.jpg,570,57.0,5
S05,c029,test,frame_000058.jpg,580,58.0,4
S05,c029,test,frame_000059.jpg,590,59.0,6
S05,c029,test,frame_000060.jpg,600,60.0,5
S05,c029,test,frame_000061.jpg,610,61.0,5
S05,c029,test,frame_000062.jpg,620,62.0,4
S05,c029,test,frame_000063.jpg,630,63.0,4
S05,c029,test,frame_000064.jpg,640,64.0,6
S05,c029,test,frame_000065.jpg,650,65.0,6
S05,c029,test,frame_000066.jpg,660,66.0,5
S05,c029,test,frame_000067.jpg,670,67.0,5
S05,c029,test,frame_000068.jpg,680,68.0,6
S05,c029,test,frame_000069.jpg,690,69.0,5
S05,c029,test,frame_000070.jpg,700,70.0,8
S05,c029,test,frame_000071.jpg,710,71.0,6
S05,c029,test,frame_000072.jpg,720,72.0,5
S05,c029,test,frame_000073.jpg,730,73.0,6
S05,c029,test,frame_000074.jpg,740,74.0,7
S05,c029,test,frame_000075.jpg,750,75.0,6
S05,c029,test,frame_000076.jpg,760,76.0,8
S05,c029,test,frame_000077.jpg,770,77.0,7
S05,c029,test,frame_000078.jpg,780,78.0,6
S05,c029,test,frame_000079.jpg,790,79.0,6
S05,c029,test,frame_000080.jpg,800,80.0,7
S05,c029,test,frame_000081.jpg,810,81.0,7
S05,c029,test,frame_000082.jpg,820,82.0,6
S05,c029,test,frame_000083.jpg,830,83.0,5
S05,c029,test,frame_000084.jpg,840,84.0,4
S05,c029,test,frame_000085.jpg,850,85.0,5
S05,c029,test,frame_000086.jpg,860,86.0,3
S05,c029,test,frame_000087.jpg,870,87.0,2
S05,c029,test,frame_000088.jpg,880,88.0,3
S05,c029,test,frame_000089.jpg,890,89.0,4
S05,c029,test,frame_000090.jpg,900,90.0,5
S05,c029,test,frame_000091.jpg,910,91.0,5
S05,c029,test,frame_000092.jpg,920,92.0,5
S05,c029,test,frame_000093.jpg,930,93.0,4
S05,c029,test,frame_000094.jpg,940,94.0,5
S05,c029,test,frame_000095.jpg,950,95.0,5
S05,c029,test,frame_000096.jpg,960,96.0,5
S05,c029,test,frame_000097.jpg,970,97.0,5
S05,c029,test,frame_000098.jpg,980,98.0,4
S05,c029,test,frame_000099.jpg,990,99.0,7
S05,c029,test,frame_000100.jpg,1000,100.0,4
S05,c029,test,frame_000101.jpg,1010,101.0,5
S05,c029,test,frame_000102.jpg,1020,102.0,4
S05,c029,test,frame_000103.jpg,1030,103.0,5
S05,c029,test,frame_000104.jpg,1040,104.0,6
S05,c029,test,frame_000105.jpg,1050,105.0,7
S05,c029,test,frame_000106.jpg,1060,106.0,7
S05,c029,test,frame_000107.jpg,1070,107.0,6
S05,c029,test,frame_000108.jpg,1080,108.0,3
S05,c029,test,frame_000109.jpg,1090,109.0,4
S05,c029,test,frame_000110.jpg,1100,110.0,4
S05,c029,test,frame_000111.jpg,1110,111.0,6
S05,c029,test,frame_000112.jpg,1120,112.0,5
S05,c029,test,frame_000113.jpg,1130,113.0,4
S05,c029,test,frame_000114.jpg,1140,114.0,3
S05,c029,test,frame_000115.jpg,1150,115.0,6
S05,c029,test,frame_000116.jpg,1160,116.0,4
S05,c029,test,frame_000117.jpg,1170,117.0,6
S05,c029,test,frame_000118.jpg,1180,118.0,7
S05,c029,test,frame_000119.jpg,1190,119.0,6
S05,c029,test,frame_000120.jpg,1200,120.0,6
S05,c029,test,frame_000121.jpg,1210,121.0,3
S05,c029,test,frame_000122.jpg,1220,122.0,6
S05,c029,test,frame_000123.jpg,1230,123.0,4
S05,c029,test,frame_000124.jpg,1240,124.0,3
S05,c029,test,frame_000125.jpg,1250,125.0,4
S05,c029,test,frame_000126.jpg,1260,126.0,5
S05,c029,test,frame_000127.jpg,1270,127.0,6
S05,c029,test,frame_000128.jpg,1280,128.0,5
S05,c029,test,frame_000129.jpg,1290,129.0,3
S05,c029,test,frame_000130.jpg,1300,130.0,3
S05,c029,test,frame_000131.jpg,1310,131.0,3
S05,c029,test,frame_000132.jpg,1320,132.0,4
S05,c029,test,frame_000133.jpg,1330,133.0,5
S05,c029,test,frame_000134.jpg,1340,134.0,6
S05,c029,test,frame_000135.jpg,1350,135.0,3
S05,c029,test,frame_000136.jpg,1360,136.0,4
S05,c029,test,frame_000137.jpg,1370,137.0,3
S05,c029,test,frame_000138.jpg,1380,138.0,4
S05,c029,test,frame_000139.jpg,1390,139.0,4
S05,c029,test,frame_000140.jpg,1400,140.0,3
S05,c029,test,frame_000141.jpg,1410,141.0,3
S05,c029,test,frame_000142.jpg,1420,142.0,7
S05,c029,test,frame_000143.jpg,1430,143.0,7
S05,c029,test,frame_000144.jpg,1440,144.0,5
S05,c029,test,frame_000145.jpg,1450,145.0,7
S05,c029,test,frame_000146.jpg,1460,146.0,4
S05,c029,test,frame_000147.jpg,1470,147.0,5
S05,c029,test,frame_000148.jpg,1480,148.0,5
S05,c029,test,frame_000149.jpg,1490,149.0,6
S05,c029,test,frame_000150.jpg,1500,150.0,5
S05,c029,test,frame_000151.jpg,1510,151.0,7
S05,c029,test,frame_000152.jpg,1520,152.0,6
S05,c029,test,frame_000153.jpg,1530,153.0,6
S05,c029,test,frame_000154.jpg,1540,154.0,6
S05,c029,test,frame_000155.jpg,1550,155.0,5
S05,c029,test,frame_000156.jpg,1560,156.0,4
S05,c029,test,frame_000157.jpg,1570,157.0,3
S05,c029,test,frame_000158.jpg,1580,158.0,6
S05,c029,test,frame_000159.jpg,1590,159.0,4
S05,c029,test,frame_000160.jpg,1600,160.0,6
S05,c029,test,frame_000161.jpg,1610,161.0,8
S05,c029,test,frame_000162.jpg,1620,162.0,8
S05,c029,test,frame_000163.jpg,1630,163.0,11
S05,c029,test,frame_000164.jpg,1640,164.0,9
S05,c029,test,frame_000165.jpg,1650,165.0,7
S05,c029,test,frame_000166.jpg,1660,166.0,6
S05,c029,test,frame_000167.jpg,1670,167.0,9
S05,c029,test,frame_000168.jpg,1680,168.0,7
S05,c029,test,frame_000169.jpg,1690,169.0,4
S05,c029,test,frame_000170.jpg,1700,170.0,5
S05,c029,test,frame_000171.jpg,1710,171.0,6
S05,c029,test,frame_000172.jpg,1720,172.0,7
S05,c029,test,frame_000173.jpg,1730,173.0,7
S05,c029,test,frame_000174.jpg,1740,174.0,6
S05,c029,test,frame_000175.jpg,1750,175.0,8
S05,c029,test,frame_000176.jpg,1760,176.0,6
S05,c029,test,frame_000177.jpg,1770,177.0,7
S05,c029,test,frame_000178.jpg,1780,178.0,6
S05,c029,test,frame_000179.jpg,1790,179.0,6
S05,c029,test,frame_000180.jpg,1800,180.0,6
S05,c029,test,frame_000181.jpg,1810,181.0,4
S05,c029,test,frame_000182.jpg,1820,182.0,6
S05,c029,test,frame_000183.jpg,1830,183.0,7
S05,c029,test,frame_000184.jpg,1840,184.0,6
S05,c029,test,frame_000185.jpg,1850,185.0,5
S05,c029,test,frame_000186.jpg,1860,186.0,5
S05,c029,test,frame_000187.jpg,1870,187.0,4
S05,c029,test,frame_000188.jpg,1880,188.0,4
S05,c029,test,frame_000189.jpg,1890,189.0,4
S05,c029,test,frame_000190.jpg,1900,190.0,5
S05,c029,test,frame_000191.jpg,1910,191.0,4
S05,c029,test,frame_000192.jpg,1920,192.0,4
S05,c029,test,frame_000193.jpg,1930,193.0,5
S05,c029,test,frame_000194.jpg,1940,194.0,5
S05,c029,test,frame_000195.jpg,1950,195.0,4
S05,c029,test,frame_000196.jpg,1960,196.0,5
S05,c029,test,frame_000197.jpg,1970,197.0,6
S05,c029,test,frame_000198.jpg,1980,198.0,5
S05,c029,test,frame_000199.jpg,1990,199.0,3
S05,c029,test,frame_000200.jpg,2000,200.0,4
S05,c029,test,frame_000201.jpg,2010,201.0,2
S05,c029,test,frame_000202.jpg,2020,202.0,4
S05,c029,test,frame_000203.jpg,2030,203.0,5
S05,c029,test,frame_000204.jpg,2040,204.0,3
S05,c029,test,frame_000205.jpg,2050,205.0,4
S05,c029,test,frame_000206.jpg,2060,206.0,4
S05,c029,test,frame_000207.jpg,2070,207.0,5
S05,c029,test,frame_000208.jpg,2080,208.0,5
S05,c029,test,frame_000209.jpg,2090,209.0,6
S05,c029,test,frame_000210.jpg,2100,210.0,7
S05,c029,test,frame_000211.jpg,2110,211.0,7
S05,c029,test,frame_000212.jpg,2120,212.0,7
S05,c029,test,frame_000213.jpg,2130,213.0,6
S05,c029,test,frame_000214.jpg,2140,214.0,6
S05,c029,test,frame_000215.jpg,2150,215.0,7
S05,c029,test,frame_000216.jpg,2160,216.0,6
S05,c029,test,frame_000217.jpg,2170,217.0,6
S05,c029,test,frame_000218.jpg,2180,218.0,7
S05,c029,test,frame_000219.jpg,2190,219.0,6
S05,c029,test,frame_000220.jpg,2200,220.0,5
S05,c029,test,frame_000221.jpg,2210,221.0,4
S05,c029,test,frame_000222.jpg,2220,222.0,5
S05,c029,test,frame_000223.jpg,2230,223.0,4
S05,c029,test,frame_000224.jpg,2240,224.0,5
S05,c029,test,frame_000225.jpg,2250,225.0,5
S05,c029,test,frame_000226.jpg,2260,226.0,6
S05,c029,test,frame_000227.jpg,2270,227.0,5
S05,c029,test,frame_000228.jpg,2280,228.0,6
S05,c029,test,frame_000229.jpg,2290,229.0,6
S05,c029,test,frame_000230.jpg,2300,230.0,7
S05,c029,test,frame_000231.jpg,2310,231.0,6
S05,c029,test,frame_000232.jpg,2320,232.0,7
S05,c029,test,frame_000233.jpg,2330,233.0,6
S05,c029,test,frame_000234.jpg,2340,234.0,4
S05,c029,test,frame_000235.jpg,2350,235.0,6
S05,c029,test,frame_000236.jpg,2360,236.0,5
S05,c029,test,frame_000237.jpg,2370,237.0,9
S05,c029,test,frame_000238.jpg,2380,238.0,8
S05,c029,test,frame_000239.jpg,2390,239.0,9
S05,c029,test,frame_000240.jpg,2400,240.0,6
S05,c029,test,frame_000241.jpg,2410,241.0,7
S05,c029,test,frame_000242.jpg,2420,242.0,7
S05,c029,test,frame_000243.jpg,2430,243.0,7
S05,c029,test,frame_000244.jpg,2440,244.0,5
S05,c029,test,frame_000245.jpg,2450,245.0,5
S05,c029,test,frame_000246.jpg,2460,246.0,5
S05,c029,test,frame_000247.jpg,2470,247.0,8
S05,c029,test,frame_000248.jpg,2480,248.0,7
S05,c029,test,frame_000249.jpg,2490,249.0,8
S05,c029,test,frame_000250.jpg,2500,250.0,7
S05,c029,test,frame_000251.jpg,2510,251.0,6
S05,c029,test,frame_000252.jpg,2520,252.0,7
S05,c029,test,frame_000253.jpg,2530,253.0,6
S05,c029,test,frame_000254.jpg,2540,254.0,6
S05,c029,test,frame_000255.jpg,2550,255.0,6
S05,c029,test,frame_000256.jpg,2560,256.0,6
S05,c029,test,frame_000257.jpg,2570,257.0,9
S05,c029,test,frame_000258.jpg,2580,258.0,9
S05,c029,test,frame_000259.jpg,2590,259.0,8
S05,c029,test,frame_000260.jpg,2600,260.0,7
S05,c029,test,frame_000261.jpg,2610,261.0,7
S05,c029,test,frame_000262.jpg,2620,262.0,8
S05,c029,test,frame_000263.jpg,2630,263.0,4
S05,c029,test,frame_000264.jpg,2640,264.0,4
S05,c029,test,frame_000265.jpg,2650,265.0,4
S05,c029,test,frame_000266.jpg,2660,266.0,4
S05,c029,test,frame_000267.jpg,2670,267.0,6
S05,c029,test,frame_000268.jpg,2680,268.0,7
S05,c029,test,frame_000269.jpg,2690,269.0,7
S05,c029,test,frame_000270.jpg,2700,270.0,4
S05,c029,test,frame_000271.jpg,2710,271.0,4
S05,c029,test,frame_000272.jpg,2720,272.0,4
S05,c029,test,frame_000273.jpg,2730,273.0,5
S05,c029,test,frame_000274.jpg,2740,274.0,6
S05,c029,test,frame_000275.jpg,2750,275.0,4
S05,c029,test,frame_000276.jpg,2760,276.0,8
S05,c029,test,frame_000277.jpg,2770,277.0,6
S05,c029,test,frame_000278.jpg,2780,278.0,7
S05,c029,test,frame_000279.jpg,2790,279.0,7
S05,c029,test,frame_000280.jpg,2800,280.0,6
S05,c029,test,frame_000281.jpg,2810,281.0,4
S05,c029,test,frame_000282.jpg,2820,282.0,6
S05,c029,test,frame_000283.jpg,2830,283.0,4
S05,c029,test,frame_000284.jpg,2840,284.0,5
S05,c029,test,frame_000285.jpg,2850,285.0,7
S05,c029,test,frame_000286.jpg,2860,286.0,6
S05,c029,test,frame_000287.jpg,2870,287.0,8
S05,c029,test,frame_000288.jpg,2880,288.0,9
S05,c029,test,frame_000289.jpg,2890,289.0,9
S05,c029,test,frame_000290.jpg,2900,290.0,7
S05,c029,test,frame_000291.jpg,2910,291.0,8
S05,c029,test,frame_000292.jpg,2920,292.0,9
S05,c029,test,frame_000293.jpg,2930,293.0,9
S05,c029,test,frame_000294.jpg,2940,294.0,9
S05,c029,test,frame_000295.jpg,2950,295.0,8
S05,c029,test,frame_000296.jpg,2960,296.0,5
S05,c029,test,frame_000297.jpg,2970,297.0,8
S05,c029,test,frame_000298.jpg,2980,298.0,7
S05,c029,test,frame_000299.jpg,2990,299.0,7
S05,c029,test,frame_000300.jpg,3000,300.0,7
S05,c029,test,frame_000301.jpg,3010,301.0,5
S05,c029,test,frame_000302.jpg,3020,302.0,5
S05,c029,test,frame_000303.jpg,3030,303.0,4
S05,c029,test,frame_000304.jpg,3040,304.0,2
S05,c029,test,frame_000305.jpg,3050,305.0,3
S05,c029,test,frame_000306.jpg,3060,306.0,2
S05,c029,test,frame_000307.jpg,3070,307.0,3
S05,c029,test,frame_000308.jpg,3080,308.0,3
S05,c029,test,frame_000309.jpg,3090,309.0,2
S05,c029,test,frame_000310.jpg,3100,310.0,5
S05,c029,test,frame_000311.jpg,3110,311.0,4
S05,c029,test,frame_000312.jpg,3120,312.0,5
S05,c029,test,frame_000313.jpg,3130,313.0,5
S05,c029,test,frame_000314.jpg,3140,314.0,7
S05,c029,test,frame_000315.jpg,3150,315.0,7
S05,c029,test,frame_000316.jpg,3160,316.0,8
S05,c029,test,frame_000317.jpg,3170,317.0,5
S05,c029,test,frame_000318.jpg,3180,318.0,6
S05,c029,test,frame_000319.jpg,3190,319.0,6
S05,c029,test,frame_000320.jpg,3200,320.0,6
S05,c029,test,frame_000321.jpg,3210,321.0,5
S05,c029,test,frame_000322.jpg,3220,322.0,4
S05,c029,test,frame_000323.jpg,3230,323.0,3
S05,c029,test,frame_000324.jpg,3240,324.0,4
S05,c029,test,frame_000325.jpg,3250,325.0,3
S05,c029,test,frame_000326.jpg,3260,326.0,5
S05,c029,test,frame_000327.jpg,3270,327.0,7
S05,c029,test,frame_000328.jpg,3280,328.0,7
S05,c029,test,frame_000329.jpg,3290,329.0,5
S05,c029,test,frame_000330.jpg,3300,330.0,6
S05,c029,test,frame_000331.jpg,3310,331.0,4
S05,c029,test,frame_000332.jpg,3320,332.0,4
S05,c029,test,frame_000333.jpg,3330,333.0,5
S05,c029,test,frame_000334.jpg,3340,334.0,6
S05,c029,test,frame_000335.jpg,3350,335.0,4
S05,c029,test,frame_000336.jpg,3360,336.0,5
S05,c029,test,frame_000337.jpg,3370,337.0,6
S05,c029,test,frame_000338.jpg,3380,338.0,7
S05,c029,test,frame_000339.jpg,3390,339.0,8
S05,c029,test,frame_000340.jpg,3400,340.0,9
S05,c029,test,frame_000341.jpg,3410,341.0,6
S05,c029,test,frame_000342.jpg,3420,342.0,5
S05,c029,test,frame_000343.jpg,3430,343.0,3
S05,c029,test,frame_000344.jpg,3440,344.0,5
S05,c029,test,frame_000345.jpg,3450,345.0,6
S05,c029,test,frame_000346.jpg,3460,346.0,7
S05,c029,test,frame_000347.jpg,3470,347.0,5
S05,c029,test,frame_000348.jpg,3480,348.0,3
S05,c029,test,frame_000349.jpg,3490,349.0,3
S05,c029,test,frame_000350.jpg,3500,350.0,2
S05,c029,test,frame_000351.jpg,3510,351.0,4
S05,c029,test,frame_000352.jpg,3520,352.0,5
S05,c029,test,frame_000353.jpg,3530,353.0,5
S05,c029,test,frame_000354.jpg,3540,354.0,4
S05,c033,test,frame_000000.jpg,0,0.0,4
S05,c033,test,frame_000001.jpg,10,1.0,7
S05,c033,test,frame_000002.jpg,20,2.0,6
S05,c033,test,frame_000003.jpg,30,3.0,8
S05,c033,test,frame_000004.jpg,40,4.0,6
S05,c033,test,frame_000005.jpg,50,5.0,4
S05,c033,test,frame_000006.jpg,60,6.0,5
S05,c033,test,frame_000007.jpg,70,7.0,4
S05,c033,test,frame_000008.jpg,80,8.0,6
S05,c033,test,frame_000009.jpg,90,9.0,6
S05,c033,test,frame_000010.jpg,100,10.0,7
S05,c033,test,frame_000011.jpg,110,11.0,6
S05,c033,test,frame_000012.jpg,120,12.0,6
S05,c033,test,frame_000013.jpg,130,13.0,5
S05,c033,test,frame_000014.jpg,140,14.0,6
S05,c033,test,frame_000015.jpg,150,15.0,7
S05,c033,test,frame_000016.jpg,160,16.0,5
S05,c033,test,frame_000017.jpg,170,17.0,5
S05,c033,test,frame_000018.jpg,180,18.0,7
S05,c033,test,frame_000019.jpg,190,19.0,7
S05,c033,test,frame_000020.jpg,200,20.0,5
S05,c033,test,frame_000021.jpg,210,21.0,6
S05,c033,test,frame_000022.jpg,220,22.0,8
S05,c033,test,frame_000023.jpg,230,23.0,7
S05,c033,test,frame_000024.jpg,240,24.0,9
S05,c033,test,frame_000025.jpg,250,25.0,7
S05,c033,test,frame_000026.jpg,260,26.0,8
S05,c033,test,frame_000027.jpg,270,27.0,5
S05,c033,test,frame_000028.jpg,280,28.0,6
S05,c033,test,frame_000029.jpg,290,29.0,9
S05,c033,test,frame_000030.jpg,300,30.0,7
S05,c033,test,frame_000031.jpg,310,31.0,8
S05,c033,test,frame_000032.jpg,320,32.0,7
S05,c033,test,frame_000033.jpg,330,33.0,8
S05,c033,test,frame_000034.jpg,340,34.0,7
S05,c033,test,frame_000035.jpg,350,35.0,9
S05,c033,test,frame_000036.jpg,360,36.0,9
S05,c033,test,frame_000037.jpg,370,37.0,8
S05,c033,test,frame_000038.jpg,380,38.0,9
S05,c033,test,frame_000039.jpg,390,39.0,10
S05,c033,test,frame_000040.jpg,400,40.0,10
S05,c033,test,frame_000041.jpg,410,41.0,8
S05,c033,test,frame_000042.jpg,420,42.0,9
S05,c033,test,frame_000043.jpg,430,43.0,10
S05,c033,test,frame_000044.jpg,440,44.0,9
S05,c033,test,frame_000045.jpg,450,45.0,9
S05,c033,test,frame_000046.jpg,460,46.0,9
S05,c033,test,frame_000047.jpg,470,47.0,12
S05,c033,test,frame_000048.jpg,480,48.0,7
S05,c033,test,frame_000049.jpg,490,49.0,10
S05,c033,test,frame_000050.jpg,500,50.0,9
S05,c033,test,frame_000051.jpg,510,51.0,6
S05,c033,test,frame_000052.jpg,520,52.0,8
S05,c033,test,frame_000053.jpg,530,53.0,10
S05,c033,test,frame_000054.jpg,540,54.0,10
S05,c033,test,frame_000055.jpg,550,55.0,12
S05,c033,test,frame_000056.jpg,560,56.0,11
S05,c033,test,frame_000057.jpg,570,57.0,10
S05,c033,test,frame_000058.jpg,580,58.0,11
S05,c033,test,frame_000059.jpg,590,59.0,9
S05,c033,test,frame_000060.jpg,600,60.0,11
S05,c033,test,frame_000061.jpg,610,61.0,9
S05,c033,test,frame_000062.jpg,620,62.0,8
S05,c033,test,frame_000063.jpg,630,63.0,6
S05,c033,test,frame_000064.jpg,640,64.0,9
S05,c033,test,frame_000065.jpg,650,65.0,9
S05,c033,test,frame_000066.jpg,660,66.0,9
S05,c033,test,frame_000067.jpg,670,67.0,11
S05,c033,test,frame_000068.jpg,680,68.0,10
S05,c033,test,frame_000069.jpg,690,69.0,12
S05,c033,test,frame_000070.jpg,700,70.0,14
S05,c033,test,frame_000071.jpg,710,71.0,11
S05,c033,test,frame_000072.jpg,720,72.0,9
S05,c033,test,frame_000073.jpg,730,73.0,8
S05,c033,test,frame_000074.jpg,740,74.0,9
S05,c033,test,frame_000075.jpg,750,75.0,8
S05,c033,test,frame_000076.jpg,760,76.0,11
S05,c033,test,frame_000077.jpg,770,77.0,12
S05,c033,test,frame_000078.jpg,780,78.0,12
S05,c033,test,frame_000079.jpg,790,79.0,10
S05,c033,test,frame_000080.jpg,800,80.0,9
S05,c033,test,frame_000081.jpg,810,81.0,10
S05,c033,test,frame_000082.jpg,820,82.0,9
S05,c033,test,frame_000083.jpg,830,83.0,11
S05,c033,test,frame_000084.jpg,840,84.0,11
S05,c033,test,frame_000085.jpg,850,85.0,12
S05,c033,test,frame_000086.jpg,860,86.0,11
S05,c033,test,frame_000087.jpg,870,87.0,9
S05,c033,test,frame_000088.jpg,880,88.0,11
S05,c033,test,frame_000089.jpg,890,89.0,7
S05,c033,test,frame_000090.jpg,900,90.0,10
S05,c033,test,frame_000091.jpg,910,91.0,11
S05,c033,test,frame_000092.jpg,920,92.0,12
S05,c033,test,frame_000093.jpg,930,93.0,11
S05,c033,test,frame_000094.jpg,940,94.0,8
S05,c033,test,frame_000095.jpg,950,95.0,11
S05,c033,test,frame_000096.jpg,960,96.0,9
S05,c033,test,frame_000097.jpg,970,97.0,8
S05,c033,test,frame_000098.jpg,980,98.0,11
S05,c033,test,frame_000099.jpg,990,99.0,9
S05,c033,test,frame_000100.jpg,1000,100.0,10
S05,c033,test,frame_000101.jpg,1010,101.0,9
S05,c033,test,frame_000102.jpg,1020,102.0,7
S05,c033,test,frame_000103.jpg,1030,103.0,8
S05,c033,test,frame_000104.jpg,1040,104.0,11
S05,c033,test,frame_000105.jpg,1050,105.0,7
S05,c033,test,frame_000106.jpg,1060,106.0,8
S05,c033,test,frame_000107.jpg,1070,107.0,10
S05,c033,test,frame_000108.jpg,1080,108.0,10
S05,c033,test,frame_000109.jpg,1090,109.0,11
S05,c033,test,frame_000110.jpg,1100,110.0,11
S05,c033,test,frame_000111.jpg,1110,111.0,10
S05,c033,test,frame_000112.jpg,1120,112.0,11
S05,c033,test,frame_000113.jpg,1130,113.0,10
S05,c033,test,frame_000114.jpg,1140,114.0,12
S05,c033,test,frame_000115.jpg,1150,115.0,7
S05,c033,test,frame_000116.jpg,1160,116.0,9
S05,c033,test,frame_000117.jpg,1170,117.0,8
S05,c033,test,frame_000118.jpg,1180,118.0,8
S05,c033,test,frame_000119.jpg,1190,119.0,9
S05,c033,test,frame_000120.jpg,1200,120.0,9
S05,c033,test,frame_000121.jpg,1210,121.0,9
S05,c033,test,frame_000122.jpg,1220,122.0,6
S05,c033,test,frame_000123.jpg,1230,123.0,11
S05,c033,test,frame_000124.jpg,1240,124.0,7
S05,c033,test,frame_000125.jpg,1250,125.0,13
S05,c033,test,frame_000126.jpg,1260,126.0,14
S05,c033,test,frame_000127.jpg,1270,127.0,11
S05,c033,test,frame_000128.jpg,1280,128.0,9
S05,c033,test,frame_000129.jpg,1290,129.0,12
S05,c033,test,frame_000130.jpg,1300,130.0,13
S05,c033,test,frame_000131.jpg,1310,131.0,12
S05,c033,test,frame_000132.jpg,1320,132.0,15
S05,c033,test,frame_000133.jpg,1330,133.0,10
S05,c033,test,frame_000134.jpg,1340,134.0,13
S05,c033,test,frame_000135.jpg,1350,135.0,14
S05,c033,test,frame_000136.jpg,1360,136.0,11
S05,c033,test,frame_000137.jpg,1370,137.0,12
S05,c033,test,frame_000138.jpg,1380,138.0,12
S05,c033,test,frame_000139.jpg,1390,139.0,13
S05,c033,test,frame_000140.jpg,1400,140.0,13
S05,c033,test,frame_000141.jpg,1410,141.0,15
S05,c033,test,frame_000142.jpg,1420,142.0,15
S05,c033,test,frame_000143.jpg,1430,143.0,14
S05,c033,test,frame_000144.jpg,1440,144.0,13
S05,c033,test,frame_000145.jpg,1450,145.0,11
S05,c033,test,frame_000146.jpg,1460,146.0,10
S05,c033,test,frame_000147.jpg,1470,147.0,12
S05,c033,test,frame_000148.jpg,1480,148.0,15
S05,c033,test,frame_000149.jpg,1490,149.0,16
S05,c033,test,frame_000150.jpg,1500,150.0,18
S05,c033,test,frame_000151.jpg,1510,151.0,14
S05,c033,test,frame_000152.jpg,1520,152.0,13
S05,c033,test,frame_000153.jpg,1530,153.0,13
S05,c033,test,frame_000154.jpg,1540,154.0,12
S05,c033,test,frame_000155.jpg,1550,155.0,15
S05,c033,test,frame_000156.jpg,1560,156.0,15
S05,c033,test,frame_000157.jpg,1570,157.0,16
S05,c033,test,frame_000158.jpg,1580,158.0,14
S05,c033,test,frame_000159.jpg,1590,159.0,12
S05,c033,test,frame_000160.jpg,1600,160.0,14
S05,c033,test,frame_000161.jpg,1610,161.0,15
S05,c033,test,frame_000162.jpg,1620,162.0,14
S05,c033,test,frame_000163.jpg,1630,163.0,15
S05,c033,test,frame_000164.jpg,1640,164.0,13
S05,c033,test,frame_000165.jpg,1650,165.0,16
S05,c033,test,frame_000166.jpg,1660,166.0,16
S05,c033,test,frame_000167.jpg,1670,167.0,18
S05,c033,test,frame_000168.jpg,1680,168.0,16
S05,c033,test,frame_000169.jpg,1690,169.0,18
S05,c033,test,frame_000170.jpg,1700,170.0,16
S05,c033,test,frame_000171.jpg,1710,171.0,14
S05,c033,test,frame_000172.jpg,1720,172.0,13
S05,c033,test,frame_000173.jpg,1730,173.0,14
S05,c033,test,frame_000174.jpg,1740,174.0,14
S05,c033,test,frame_000175.jpg,1750,175.0,11
S05,c033,test,frame_000176.jpg,1760,176.0,11
S05,c033,test,frame_000177.jpg,1770,177.0,10
S05,c033,test,frame_000178.jpg,1780,178.0,10
S05,c033,test,frame_000179.jpg,1790,179.0,11
S05,c033,test,frame_000180.jpg,1800,180.0,9
S05,c033,test,frame_000181.jpg,1810,181.0,12
S05,c033,test,frame_000182.jpg,1820,182.0,8
S05,c033,test,frame_000183.jpg,1830,183.0,8
S05,c033,test,frame_000184.jpg,1840,184.0,12
S05,c033,test,frame_000185.jpg,1850,185.0,9
S05,c033,test,frame_000186.jpg,1860,186.0,11
S05,c033,test,frame_000187.jpg,1870,187.0,13
S05,c033,test,frame_000188.jpg,1880,188.0,12
S05,c033,test,frame_000189.jpg,1890,189.0,11
S05,c033,test,frame_000190.jpg,1900,190.0,10
S05,c033,test,frame_000191.jpg,1910,191.0,14
S05,c033,test,frame_000192.jpg,1920,192.0,15
S05,c033,test,frame_000193.jpg,1930,193.0,11
S05,c033,test,frame_000194.jpg,1940,194.0,12
S05,c033,test,frame_000195.jpg,1950,195.0,13
S05,c033,test,frame_000196.jpg,1960,196.0,11
S05,c033,test,frame_000197.jpg,1970,197.0,11
S05,c033,test,frame_000198.jpg,1980,198.0,12
S05,c033,test,frame_000199.jpg,1990,199.0,14
S05,c033,test,frame_000200.jpg,2000,200.0,12
S05,c033,test,frame_000201.jpg,2010,201.0,11
S05,c033,test,frame_000202.jpg,2020,202.0,14
S05,c033,test,frame_000203.jpg,2030,203.0,14
S05,c033,test,frame_000204.jpg,2040,204.0,11
S05,c033,test,frame_000205.jpg,2050,205.0,10
S05,c033,test,frame_000206.jpg,2060,206.0,11
S05,c033,test,frame_000207.jpg,2070,207.0,11
S05,c033,test,frame_000208.jpg,2080,208.0,14
S05,c033,test,frame_000209.jpg,2090,209.0,12
S05,c033,test,frame_000210.jpg,2100,210.0,13
S05,c033,test,frame_000211.jpg,2110,211.0,12
S05,c033,test,frame_000212.jpg,2120,212.0,9
S05,c033,test,frame_000213.jpg,2130,213.0,11
S05,c033,test,frame_000214.jpg,2140,214.0,12
S05,c033,test,frame_000215.jpg,2150,215.0,10
S05,c033,test,frame_000216.jpg,2160,216.0,12
S05,c033,test,frame_000217.jpg,2170,217.0,12
S05,c033,test,frame_000218.jpg,2180,218.0,13
S05,c033,test,frame_000219.jpg,2190,219.0,11
S05,c033,test,frame_000220.jpg,2200,220.0,13
S05,c033,test,frame_000221.jpg,2210,221.0,10
S05,c033,test,frame_000222.jpg,2220,222.0,9
S05,c033,test,frame_000223.jpg,2230,223.0,11
S05,c033,test,frame_000224.jpg,2240,224.0,10
S05,c033,test,frame_000225.jpg,2250,225.0,11
S05,c033,test,frame_000226.jpg,2260,226.0,10
S05,c033,test,frame_000227.jpg,2270,227.0,9
S05,c033,test,frame_000228.jpg,2280,228.0,7
S05,c033,test,frame_000229.jpg,2290,229.0,7
S05,c033,test,frame_000230.jpg,2300,230.0,10
S05,c033,test,frame_000231.jpg,2310,231.0,11
S05,c033,test,frame_000232.jpg,2320,232.0,9
S05,c033,test,frame_000233.jpg,2330,233.0,12
S05,c033,test,frame_000234.jpg,2340,234.0,14
S05,c033,test,frame_000235.jpg,2350,235.0,11
S05,c033,test,frame_000236.jpg,2360,236.0,13
S05,c033,test,frame_000237.jpg,2370,237.0,14
S05,c033,test,frame_000238.jpg,2380,238.0,11
S05,c033,test,frame_000239.jpg,2390,239.0,7
S05,c033,test,frame_000240.jpg,2400,240.0,11
S05,c033,test,frame_000241.jpg,2410,241.0,11
S05,c033,test,frame_000242.jpg,2420,242.0,10
S05,c033,test,frame_000243.jpg,2430,243.0,8
S05,c033,test,frame_000244.jpg,2440,244.0,11
S05,c033,test,frame_000245.jpg,2450,245.0,10
S05,c033,test,frame_000246.jpg,2460,246.0,9
S05,c033,test,frame_000247.jpg,2470,247.0,10
S05,c033,test,frame_000248.jpg,2480,248.0,9
S05,c033,test,frame_000249.jpg,2490,249.0,9
S05,c033,test,frame_000250.jpg,2500,250.0,10
S05,c033,test,frame_000251.jpg,2510,251.0,8
S05,c033,test,frame_000252.jpg,2520,252.0,7
S05,c033,test,frame_000253.jpg,2530,253.0,9
S05,c033,test,frame_000254.jpg,2540,254.0,11
S05,c033,test,frame_000255.jpg,2550,255.0,10
S05,c033,test,frame_000256.jpg,2560,256.0,10
S05,c033,test,frame_000257.jpg,2570,257.0,11
S05,c033,test,frame_000258.jpg,2580,258.0,10
S05,c033,test,frame_000259.jpg,2590,259.0,12
S05,c033,test,frame_000260.jpg,2600,260.0,13
S05,c033,test,frame_000261.jpg,2610,261.0,12
S05,c033,test,frame_000262.jpg,2620,262.0,13
S05,c033,test,frame_000263.jpg,2630,263.0,14
S05,c033,test,frame_000264.jpg,2640,264.0,19
S05,c033,test,frame_000265.jpg,2650,265.0,15
S05,c033,test,frame_000266.jpg,2660,266.0,14
S05,c033,test,frame_000267.jpg,2670,267.0,12
S05,c033,test,frame_000268.jpg,2680,268.0,11
S05,c033,test,frame_000269.jpg,2690,269.0,11
S05,c033,test,frame_000270.jpg,2700,270.0,12
S05,c033,test,frame_000271.jpg,2710,271.0,9
S05,c033,test,frame_000272.jpg,2720,272.0,13
S05,c033,test,frame_000273.jpg,2730,273.0,10
S05,c033,test,frame_000274.jpg,2740,274.0,10
S05,c033,test,frame_000275.jpg,2750,275.0,7
S05,c033,test,frame_000276.jpg,2760,276.0,7
S05,c033,test,frame_000277.jpg,2770,277.0,8
S05,c033,test,frame_000278.jpg,2780,278.0,7
S05,c033,test,frame_000279.jpg,2790,279.0,10
S05,c033,test,frame_000280.jpg,2800,280.0,12
S05,c033,test,frame_000281.jpg,2810,281.0,10
S05,c033,test,frame_000282.jpg,2820,282.0,10
S05,c033,test,frame_000283.jpg,2830,283.0,10
S05,c033,test,frame_000284.jpg,2840,284.0,10
S05,c033,test,frame_000285.jpg,2850,285.0,6
S05,c033,test,frame_000286.jpg,2860,286.0,9
S05,c033,test,frame_000287.jpg,2870,287.0,10
S05,c033,test,frame_000288.jpg,2880,288.0,11
S05,c033,test,frame_000289.jpg,2890,289.0,9
S05,c033,test,frame_000290.jpg,2900,290.0,13
S05,c033,test,frame_000291.jpg,2910,291.0,13
S05,c033,test,frame_000292.jpg,2920,292.0,15
S05,c033,test,frame_000293.jpg,2930,293.0,13
S05,c033,test,frame_000294.jpg,2940,294.0,13
S05,c033,test,frame_000295.jpg,2950,295.0,14
S05,c033,test,frame_000296.jpg,2960,296.0,11
S05,c033,test,frame_000297.jpg,2970,297.0,14
S05,c033,test,frame_000298.jpg,2980,298.0,12
S05,c033,test,frame_000299.jpg,2990,299.0,12
S05,c033,test,frame_000300.jpg,3000,300.0,9
S05,c033,test,frame_000301.jpg,3010,301.0,11
S05,c033,test,frame_000302.jpg,3020,302.0,12
S05,c033,test,frame_000303.jpg,3030,303.0,11
S05,c033,test,frame_000304.jpg,3040,304.0,11
S05,c033,test,frame_000305.jpg,3050,305.0,10
S05,c033,test,frame_000306.jpg,3060,306.0,11
S05,c033,test,frame_000307.jpg,3070,307.0,15
S05,c033,test,frame_000308.jpg,3080,308.0,10
S05,c033,test,frame_000309.jpg,3090,309.0,12
S05,c033,test,frame_000310.jpg,3100,310.0,11
S05,c033,test,frame_000311.jpg,3110,311.0,14
S05,c033,test,frame_000312.jpg,3120,312.0,11
S05,c033,test,frame_000313.jpg,3130,313.0,9
S05,c033,test,frame_000314.jpg,3140,314.0,9
S05,c033,test,frame_000315.jpg,3150,315.0,8
S05,c033,test,frame_000316.jpg,3160,316.0,9
S05,c033,test,frame_000317.jpg,3170,317.0,8
S05,c033,test,frame_000318.jpg,3180,318.0,6
S05,c033,test,frame_000319.jpg,3190,319.0,8
S05,c033,test,frame_000320.jpg,3200,320.0,9
S05,c033,test,frame_000321.jpg,3210,321.0,7
S05,c033,test,frame_000322.jpg,3220,322.0,9
S05,c033,test,frame_000323.jpg,3230,323.0,11
S05,c033,test,frame_000324.jpg,3240,324.0,10
S05,c033,test,frame_000325.jpg,3250,325.0,11
S05,c033,test,frame_000326.jpg,3260,326.0,11
S05,c033,test,frame_000327.jpg,3270,327.0,14
S05,c033,test,frame_000328.jpg,3280,328.0,13
S05,c033,test,frame_000329.jpg,3290,329.0,11
S05,c033,test,frame_000330.jpg,3300,330.0,11
S05,c033,test,frame_000331.jpg,3310,331.0,12
S05,c033,test,frame_000332.jpg,3320,332.0,10
S05,c033,test,frame_000333.jpg,3330,333.0,11
S05,c033,test,frame_000334.jpg,3340,334.0,13
S05,c033,test,frame_000335.jpg,3350,335.0,13
S05,c033,test,frame_000336.jpg,3360,336.0,11
S05,c033,test,frame_000337.jpg,3370,337.0,8
S05,c033,test,frame_000338.jpg,3380,338.0,9
S05,c033,test,frame_000339.jpg,3390,339.0,11
S05,c033,test,frame_000340.jpg,3400,340.0,11
S05,c034,test,frame_000000.jpg,0,0.0,2
S05,c034,test,frame_000001.jpg,10,1.0,3
S05,c034,test,frame_000002.jpg,20,2.0,2
S05,c034,test,frame_000003.jpg,30,3.0,2
S05,c034,test,frame_000004.jpg,40,4.0,0
S05,c034,test,frame_000005.jpg,50,5.0,2
S05,c034,test,frame_000006.jpg,60,6.0,0
S05,c034,test,frame_000007.jpg,70,7.0,1
S05,c034,test,frame_000008.jpg,80,8.0,1
S05,c034,test,frame_000009.jpg,90,9.0,3
S05,c034,test,frame_000010.jpg,100,10.0,3
S05,c034,test,frame_000011.jpg,110,11.0,3
S05,c034,test,frame_000012.jpg,120,12.0,1
S05,c034,test,frame_000013.jpg,130,13.0,4
S05,c034,test,frame_000014.jpg,140,14.0,5
S05,c034,test,frame_000015.jpg,150,15.0,3
S05,c034,test,frame_000016.jpg,160,16.0,4
S05,c034,test,frame_000017.jpg,170,17.0,2
S05,c034,test,frame_000018.jpg,180,18.0,3
S05,c034,test,frame_000019.jpg,190,19.0,1
S05,c034,test,frame_000020.jpg,200,20.0,3
S05,c034,test,frame_000021.jpg,210,21.0,2
S05,c034,test,frame_000022.jpg,220,22.0,1
S05,c034,test,frame_000023.jpg,230,23.0,2
S05,c034,test,frame_000024.jpg,240,24.0,2
S05,c034,test,frame_000025.jpg,250,25.0,3
S05,c034,test,frame_000026.jpg,260,26.0,1
S05,c034,test,frame_000027.jpg,270,27.0,1
S05,c034,test,frame_000028.jpg,280,28.0,2
S05,c034,test,frame_000029.jpg,290,29.0,2
S05,c034,test,frame_000030.jpg,300,30.0,2
S05,c034,test,frame_000031.jpg,310,31.0,3
S05,c034,test,frame_000032.jpg,320,32.0,3
S05,c034,test,frame_000033.jpg,330,33.0,1
S05,c034,test,frame_000034.jpg,340,34.0,4
S05,c034,test,frame_000035.jpg,350,35.0,4
S05,c034,test,frame_000036.jpg,360,36.0,3
S05,c034,test,frame_000037.jpg,370,37.0,3
S05,c034,test,frame_000038.jpg,380,38.0,5
S05,c034,test,frame_000039.jpg,390,39.0,5
S05,c034,test,frame_000040.jpg,400,40.0,6
S05,c034,test,frame_000041.jpg,410,41.0,6
S05,c034,test,frame_000042.jpg,420,42.0,5
S05,c034,test,frame_000043.jpg,430,43.0,4
S05,c034,test,frame_000044.jpg,440,44.0,5
S05,c034,test,frame_000045.jpg,450,45.0,5
S05,c034,test,frame_000046.jpg,460,46.0,5
S05,c034,test,frame_000047.jpg,470,47.0,6
S05,c034,test,frame_000048.jpg,480,48.0,6
S05,c034,test,frame_000049.jpg,490,49.0,6
S05,c034,test,frame_000050.jpg,500,50.0,5
S05,c034,test,frame_000051.jpg,510,51.0,5
S05,c034,test,frame_000052.jpg,520,52.0,5
S05,c034,test,frame_000053.jpg,530,53.0,5
S05,c034,test,frame_000054.jpg,540,54.0,6
S05,c034,test,frame_000055.jpg,550,55.0,5
S05,c034,test,frame_000056.jpg,560,56.0,3
S05,c034,test,frame_000057.jpg,570,57.0,8
S05,c034,test,frame_000058.jpg,580,58.0,9
S05,c034,test,frame_000059.jpg,590,59.0,8
S05,c034,test,frame_000060.jpg,600,60.0,9
S05,c034,test,frame_000061.jpg,610,61.0,8
S05,c034,test,frame_000062.jpg,620,62.0,8
S05,c034,test,frame_000063.jpg,630,63.0,9
S05,c034,test,frame_000064.jpg,640,64.0,7
S05,c034,test,frame_000065.jpg,650,65.0,9
S05,c034,test,frame_000066.jpg,660,66.0,5
S05,c034,test,frame_000067.jpg,670,67.0,9
S05,c034,test,frame_000068.jpg,680,68.0,7
S05,c034,test,frame_000069.jpg,690,69.0,7
S05,c034,test,frame_000070.jpg,700,70.0,8
S05,c034,test,frame_000071.jpg,710,71.0,7
S05,c034,test,frame_000072.jpg,720,72.0,7
S05,c034,test,frame_000073.jpg,730,73.0,6
S05,c034,test,frame_000074.jpg,740,74.0,8
S05,c034,test,frame_000075.jpg,750,75.0,7
S05,c034,test,frame_000076.jpg,760,76.0,6
S05,c034,test,frame_000077.jpg,770,77.0,6
S05,c034,test,frame_000078.jpg,780,78.0,6
S05,c034,test,frame_000079.jpg,790,79.0,8
S05,c034,test,frame_000080.jpg,800,80.0,5
S05,c034,test,frame_000081.jpg,810,81.0,5
S05,c034,test,frame_000082.jpg,820,82.0,4
S05,c034,test,frame_000083.jpg,830,83.0,6
S05,c034,test,frame_000084.jpg,840,84.0,5
S05,c034,test,frame_000085.jpg,850,85.0,7
S05,c034,test,frame_000086.jpg,860,86.0,5
S05,c034,test,frame_000087.jpg,870,87.0,4
S05,c034,test,frame_000088.jpg,880,88.0,6
S05,c034,test,frame_000089.jpg,890,89.0,9
S05,c034,test,frame_000090.jpg,900,90.0,6
S05,c034,test,frame_000091.jpg,910,91.0,4
S05,c034,test,frame_000092.jpg,920,92.0,5
S05,c034,test,frame_000093.jpg,930,93.0,4
S05,c034,test,frame_000094.jpg,940,94.0,4
S05,c034,test,frame_000095.jpg,950,95.0,4
S05,c034,test,frame_000096.jpg,960,96.0,4
S05,c034,test,frame_000097.jpg,970,97.0,6
S05,c034,test,frame_000098.jpg,980,98.0,7
S05,c034,test,frame_000099.jpg,990,99.0,7
S05,c034,test,frame_000100.jpg,1000,100.0,6
S05,c034,test,frame_000101.jpg,1010,101.0,6
S05,c034,test,frame_000102.jpg,1020,102.0,5
S05,c034,test,frame_000103.jpg,1030,103.0,5
S05,c034,test,frame_000104.jpg,1040,104.0,5
S05,c034,test,frame_000105.jpg,1050,105.0,8
S05,c034,test,frame_000106.jpg,1060,106.0,5
S05,c034,test,frame_000107.jpg,1070,107.0,6
S05,c034,test,frame_000108.jpg,1080,108.0,5
S05,c034,test,frame_000109.jpg,1090,109.0,7
S05,c034,test,frame_000110.jpg,1100,110.0,7
S05,c034,test,frame_000111.jpg,1110,111.0,7
S05,c034,test,frame_000112.jpg,1120,112.0,10
S05,c034,test,frame_000113.jpg,1130,113.0,10
S05,c034,test,frame_000114.jpg,1140,114.0,8
S05,c034,test,frame_000115.jpg,1150,115.0,6
S05,c034,test,frame_000116.jpg,1160,116.0,6
S05,c034,test,frame_000117.jpg,1170,117.0,6
S05,c034,test,frame_000118.jpg,1180,118.0,7
S05,c034,test,frame_000119.jpg,1190,119.0,10
S05,c034,test,frame_000120.jpg,1200,120.0,7
S05,c034,test,frame_000121.jpg,1210,121.0,7
S05,c034,test,frame_000122.jpg,1220,122.0,7
S05,c034,test,frame_000123.jpg,1230,123.0,4
S05,c034,test,frame_000124.jpg,1240,124.0,4
S05,c034,test,frame_000125.jpg,1250,125.0,6
S05,c034,test,frame_000126.jpg,1260,126.0,5
S05,c034,test,frame_000127.jpg,1270,127.0,8
S05,c034,test,frame_000128.jpg,1280,128.0,6
S05,c034,test,frame_000129.jpg,1290,129.0,7
S05,c034,test,frame_000130.jpg,1300,130.0,5
S05,c034,test,frame_000131.jpg,1310,131.0,7
S05,c034,test,frame_000132.jpg,1320,132.0,4
S05,c034,test,frame_000133.jpg,1330,133.0,4
S05,c034,test,frame_000134.jpg,1340,134.0,3
S05,c034,test,frame_000135.jpg,1350,135.0,5
S05,c034,test,frame_000136.jpg,1360,136.0,3
S05,c034,test,frame_000137.jpg,1370,137.0,3
S05,c034,test,frame_000138.jpg,1380,138.0,4
S05,c034,test,frame_000139.jpg,1390,139.0,7
S05,c034,test,frame_000140.jpg,1400,140.0,6
S05,c034,test,frame_000141.jpg,1410,141.0,4
S05,c034,test,frame_000142.jpg,1420,142.0,5
S05,c034,test,frame_000143.jpg,1430,143.0,5
S05,c034,test,frame_000144.jpg,1440,144.0,6
S05,c034,test,frame_000145.jpg,1450,145.0,6
S05,c034,test,frame_000146.jpg,1460,146.0,6
S05,c034,test,frame_000147.jpg,1470,147.0,6
S05,c034,test,frame_000148.jpg,1480,148.0,8
S05,c034,test,frame_000149.jpg,1490,149.0,6
S05,c034,test,frame_000150.jpg,1500,150.0,4
S05,c034,test,frame_000151.jpg,1510,151.0,4
S05,c034,test,frame_000152.jpg,1520,152.0,1
S05,c034,test,frame_000153.jpg,1530,153.0,4
S05,c034,test,frame_000154.jpg,1540,154.0,8
S05,c034,test,frame_000155.jpg,1550,155.0,6
S05,c034,test,frame_000156.jpg,1560,156.0,6
S05,c034,test,frame_000157.jpg,1570,157.0,7
S05,c034,test,frame_000158.jpg,1580,158.0,6
S05,c034,test,frame_000159.jpg,1590,159.0,3
S05,c034,test,frame_000160.jpg,1600,160.0,4
S05,c034,test,frame_000161.jpg,1610,161.0,4
S05,c034,test,frame_000162.jpg,1620,162.0,4
S05,c034,test,frame_000163.jpg,1630,163.0,5
S05,c034,test,frame_000164.jpg,1640,164.0,4
S05,c034,test,frame_000165.jpg,1650,165.0,3
S05,c034,test,frame_000166.jpg,1660,166.0,5
S05,c034,test,frame_000167.jpg,1670,167.0,4
S05,c034,test,frame_000168.jpg,1680,168.0,1
S05,c034,test,frame_000169.jpg,1690,169.0,3
S05,c034,test,frame_000170.jpg,1700,170.0,3
S05,c034,test,frame_000171.jpg,1710,171.0,4
S05,c034,test,frame_000172.jpg,1720,172.0,5
S05,c034,test,frame_000173.jpg,1730,173.0,4
S05,c034,test,frame_000174.jpg,1740,174.0,4
S05,c034,test,frame_000175.jpg,1750,175.0,3
S05,c034,test,frame_000176.jpg,1760,176.0,4
S05,c034,test,frame_000177.jpg,1770,177.0,2
S05,c034,test,frame_000178.jpg,1780,178.0,4
S05,c034,test,frame_000179.jpg,1790,179.0,3
S05,c034,test,frame_000180.jpg,1800,180.0,5
S05,c034,test,frame_000181.jpg,1810,181.0,7
S05,c034,test,frame_000182.jpg,1820,182.0,5
S05,c034,test,frame_000183.jpg,1830,183.0,4
S05,c034,test,frame_000184.jpg,1840,184.0,5
S05,c034,test,frame_000185.jpg,1850,185.0,4
S05,c034,test,frame_000186.jpg,1860,186.0,5
S05,c034,test,frame_000187.jpg,1870,187.0,6
S05,c034,test,frame_000188.jpg,1880,188.0,6
S05,c034,test,frame_000189.jpg,1890,189.0,6
S05,c034,test,frame_000190.jpg,1900,190.0,7
S05,c034,test,frame_000191.jpg,1910,191.0,8
S05,c034,test,frame_000192.jpg,1920,192.0,7
S05,c034,test,frame_000193.jpg,1930,193.0,7
S05,c034,test,frame_000194.jpg,1940,194.0,7
S05,c034,test,frame_000195.jpg,1950,195.0,6
S05,c034,test,frame_000196.jpg,1960,196.0,5
S05,c034,test,frame_000197.jpg,1970,197.0,7
S05,c034,test,frame_000198.jpg,1980,198.0,8
S05,c034,test,frame_000199.jpg,1990,199.0,8
S05,c034,test,frame_000200.jpg,2000,200.0,7
S05,c034,test,frame_000201.jpg,2010,201.0,5
S05,c034,test,frame_000202.jpg,2020,202.0,8
S05,c034,test,frame_000203.jpg,2030,203.0,8
S05,c034,test,frame_000204.jpg,2040,204.0,5
S05,c034,test,frame_000205.jpg,2050,205.0,10
S05,c034,test,frame_000206.jpg,2060,206.0,10
S05,c034,test,frame_000207.jpg,2070,207.0,7
S05,c034,test,frame_000208.jpg,2080,208.0,5
S05,c034,test,frame_000209.jpg,2090,209.0,8
S05,c034,test,frame_000210.jpg,2100,210.0,7
S05,c034,test,frame_000211.jpg,2110,211.0,8
S05,c034,test,frame_000212.jpg,2120,212.0,9
S05,c034,test,frame_000213.jpg,2130,213.0,9
S05,c034,test,frame_000214.jpg,2140,214.0,9
S05,c034,test,frame_000215.jpg,2150,215.0,8
S05,c034,test,frame_000216.jpg,2160,216.0,8
S05,c034,test,frame_000217.jpg,2170,217.0,6
S05,c034,test,frame_000218.jpg,2180,218.0,7
S05,c034,test,frame_000219.jpg,2190,219.0,8
S05,c034,test,frame_000220.jpg,2200,220.0,7
S05,c034,test,frame_000221.jpg,2210,221.0,6
S05,c034,test,frame_000222.jpg,2220,222.0,9
S05,c034,test,frame_000223.jpg,2230,223.0,6
S05,c034,test,frame_000224.jpg,2240,224.0,7
S05,c034,test,frame_000225.jpg,2250,225.0,7
S05,c034,test,frame_000226.jpg,2260,226.0,5
S05,c034,test,frame_000227.jpg,2270,227.0,5
S05,c034,test,frame_000228.jpg,2280,228.0,6
S05,c034,test,frame_000229.jpg,2290,229.0,5
S05,c034,test,frame_000230.jpg,2300,230.0,6
S05,c034,test,frame_000231.jpg,2310,231.0,5
S05,c034,test,frame_000232.jpg,2320,232.0,4
S05,c034,test,frame_000233.jpg,2330,233.0,4
S05,c034,test,frame_000234.jpg,2340,234.0,5
S05,c034,test,frame_000235.jpg,2350,235.0,4
S05,c034,test,frame_000236.jpg,2360,236.0,4
S05,c034,test,frame_000237.jpg,2370,237.0,3
S05,c034,test,frame_000238.jpg,2380,238.0,2
S05,c034,test,frame_000239.jpg,2390,239.0,3
S05,c034,test,frame_000240.jpg,2400,240.0,5
S05,c034,test,frame_000241.jpg,2410,241.0,7
S05,c034,test,frame_000242.jpg,2420,242.0,7
S05,c034,test,frame_000243.jpg,2430,243.0,7
S05,c034,test,frame_000244.jpg,2440,244.0,9
S05,c034,test,frame_000245.jpg,2450,245.0,6
S05,c034,test,frame_000246.jpg,2460,246.0,7
S05,c034,test,frame_000247.jpg,2470,247.0,6
S05,c034,test,frame_000248.jpg,2480,248.0,8
S05,c034,test,frame_000249.jpg,2490,249.0,7
S05,c034,test,frame_000250.jpg,2500,250.0,7
S05,c034,test,frame_000251.jpg,2510,251.0,7
S05,c034,test,frame_000252.jpg,2520,252.0,7
S05,c034,test,frame_000253.jpg,2530,253.0,5
S05,c034,test,frame_000254.jpg,2540,254.0,4
S05,c034,test,frame_000255.jpg,2550,255.0,7
S05,c034,test,frame_000256.jpg,2560,256.0,5
S05,c034,test,frame_000257.jpg,2570,257.0,7
S05,c034,test,frame_000258.jpg,2580,258.0,6
S05,c034,test,frame_000259.jpg,2590,259.0,4
S05,c034,test,frame_000260.jpg,2600,260.0,5
S05,c034,test,frame_000261.jpg,2610,261.0,5
S05,c034,test,frame_000262.jpg,2620,262.0,6
S05,c034,test,frame_000263.jpg,2630,263.0,5
S05,c034,test,frame_000264.jpg,2640,264.0,7
S05,c034,test,frame_000265.jpg,2650,265.0,8
S05,c034,test,frame_000266.jpg,2660,266.0,5
S05,c034,test,frame_000267.jpg,2670,267.0,6
S05,c034,test,frame_000268.jpg,2680,268.0,6
S05,c034,test,frame_000269.jpg,2690,269.0,7
S05,c034,test,frame_000270.jpg,2700,270.0,6
S05,c034,test,frame_000271.jpg,2710,271.0,7
S05,c034,test,frame_000272.jpg,2720,272.0,6
S05,c034,test,frame_000273.jpg,2730,273.0,7
S05,c034,test,frame_000274.jpg,2740,274.0,5
S05,c034,test,frame_000275.jpg,2750,275.0,8
S05,c034,test,frame_000276.jpg,2760,276.0,7
S05,c034,test,frame_000277.jpg,2770,277.0,8
S05,c034,test,frame_000278.jpg,2780,278.0,7
S05,c034,test,frame_000279.jpg,2790,279.0,6
S05,c034,test,frame_000280.jpg,2800,280.0,6
S05,c034,test,frame_000281.jpg,2810,281.0,6
S05,c034,test,frame_000282.jpg,2820,282.0,7
S05,c034,test,frame_000283.jpg,2830,283.0,7
S05,c034,test,frame_000284.jpg,2840,284.0,4
S05,c034,test,frame_000285.jpg,2850,285.0,6
S05,c034,test,frame_000286.jpg,2860,286.0,7
S05,c034,test,frame_000287.jpg,2870,287.0,7
S05,c034,test,frame_000288.jpg,2880,288.0,8
S05,c034,test,frame_000289.jpg,2890,289.0,7
S05,c034,test,frame_000290.jpg,2900,290.0,7
S05,c034,test,frame_000291.jpg,2910,291.0,4
S05,c034,test,frame_000292.jpg,2920,292.0,6
S05,c034,test,frame_000293.jpg,2930,293.0,6
S05,c034,test,frame_000294.jpg,2940,294.0,5
S05,c034,test,frame_000295.jpg,2950,295.0,5
S05,c034,test,frame_000296.jpg,2960,296.0,7
S05,c034,test,frame_000297.jpg,2970,297.0,6
S05,c034,test,frame_000298.jpg,2980,298.0,6
S05,c034,test,frame_000299.jpg,2990,299.0,7
S05,c034,test,frame_000300.jpg,3000,300.0,5
S05,c034,test,frame_000301.jpg,3010,301.0,4
S05,c034,test,frame_000302.jpg,3020,302.0,6
S05,c034,test,frame_000303.jpg,3030,303.0,4
S05,c034,test,frame_000304.jpg,3040,304.0,9
S05,c034,test,frame_000305.jpg,3050,305.0,7
S05,c034,test,frame_000306.jpg,3060,306.0,6
S05,c034,test,frame_000307.jpg,3070,307.0,5
S05,c034,test,frame_000308.jpg,3080,308.0,6
S05,c034,test,frame_000309.jpg,3090,309.0,5
S05,c034,test,frame_000310.jpg,3100,310.0,5
S05,c034,test,frame_000311.jpg,3110,311.0,5
S05,c034,test,frame_000312.jpg,3120,312.0,4
S05,c034,test,frame_000313.jpg,3130,313.0,7
S05,c034,test,frame_000314.jpg,3140,314.0,4
S05,c034,test,frame_000315.jpg,3150,315.0,5
S05,c034,test,frame_000316.jpg,3160,316.0,5
S05,c034,test,frame_000317.jpg,3170,317.0,4
S05,c034,test,frame_000318.jpg,3180,318.0,5
S05,c034,test,frame_000319.jpg,3190,319.0,3
S05,c034,test,frame_000320.jpg,3200,320.0,5
S05,c034,test,frame_000321.jpg,3210,321.0,6
S05,c034,test,frame_000322.jpg,3220,322.0,4
S05,c034,test,frame_000323.jpg,3230,323.0,6
S05,c034,test,frame_000324.jpg,3240,324.0,4
S05,c034,test,frame_000325.jpg,3250,325.0,5
S05,c034,test,frame_000326.jpg,3260,326.0,4
S05,c034,test,frame_000327.jpg,3270,327.0,4
S05,c034,test,frame_000328.jpg,3280,328.0,4
S05,c034,test,frame_000329.jpg,3290,329.0,2
S05,c034,test,frame_000330.jpg,3300,330.0,5
S05,c034,test,frame_000331.jpg,3310,331.0,3
S05,c034,test,frame_000332.jpg,3320,332.0,4
S05,c034,test,frame_000333.jpg,3330,333.0,6
S05,c034,test,frame_000334.jpg,3340,334.0,5
S05,c034,test,frame_000335.jpg,3350,335.0,4
S05,c034,test,frame_000336.jpg,3360,336.0,6
S05,c034,test,frame_000337.jpg,3370,337.0,4
S05,c034,test,frame_000338.jpg,3380,338.0,5
S05,c034,test,frame_000339.jpg,3390,339.0,5
S05,c034,test,frame_000340.jpg,3400,340.0,6
S05,c034,test,frame_000341.jpg,3410,341.0,4
S05,c034,test,frame_000342.jpg,3420,342.0,5
S05,c035,test,frame_000000.jpg,0,0.0,2
S05,c035,test,frame_000001.jpg,10,1.0,0
S05,c035,test,frame_000002.jpg,20,2.0,0
S05,c035,test,frame_000003.jpg,30,3.0,1
S05,c035,test,frame_000004.jpg,40,4.0,3
S05,c035,test,frame_000005.jpg,50,5.0,2
S05,c035,test,frame_000006.jpg,60,6.0,2
S05,c035,test,frame_000007.jpg,70,7.0,1
S05,c035,test,frame_000008.jpg,80,8.0,1
S05,c035,test,frame_000009.jpg,90,9.0,0
S05,c035,test,frame_000010.jpg,100,10.0,1
S05,c035,test,frame_000011.jpg,110,11.0,0
S05,c035,test,frame_000012.jpg,120,12.0,0
S05,c035,test,frame_000013.jpg,130,13.0,1
S05,c035,test,frame_000014.jpg,140,14.0,1
S05,c035,test,frame_000015.jpg,150,15.0,0
S05,c035,test,frame_000016.jpg,160,16.0,1
S05,c035,test,frame_000017.jpg,170,17.0,1
S05,c035,test,frame_000018.jpg,180,18.0,0
S05,c035,test,frame_000019.jpg,190,19.0,0
S05,c035,test,frame_000020.jpg,200,20.0,1
S05,c035,test,frame_000021.jpg,210,21.0,0
S05,c035,test,frame_000022.jpg,220,22.0,0
S05,c035,test,frame_000023.jpg,230,23.0,1
S05,c035,test,frame_000024.jpg,240,24.0,2
S05,c035,test,frame_000025.jpg,250,25.0,1
S05,c035,test,frame_000026.jpg,260,26.0,1
S05,c035,test,frame_000027.jpg,270,27.0,0
S05,c035,test,frame_000028.jpg,280,28.0,0
S05,c035,test,frame_000029.jpg,290,29.0,0
S05,c035,test,frame_000030.jpg,300,30.0,0
S05,c035,test,frame_000031.jpg,310,31.0,3
S05,c035,test,frame_000032.jpg,320,32.0,1
S05,c035,test,frame_000033.jpg,330,33.0,1
S05,c035,test,frame_000034.jpg,340,34.0,2
S05,c035,test,frame_000035.jpg,350,35.0,2
S05,c035,test,frame_000036.jpg,360,36.0,1
S05,c035,test,frame_000037.jpg,370,37.0,1
S05,c035,test,frame_000038.jpg,380,38.0,2
S05,c035,test,frame_000039.jpg,390,39.0,2
S05,c035,test,frame_000040.jpg,400,40.0,1
S05,c035,test,frame_000041.jpg,410,41.0,0
S05,c035,test,frame_000042.jpg,420,42.0,1
S05,c035,test,frame_000043.jpg,430,43.0,0
S05,c035,test,frame_000044.jpg,440,44.0,1
S05,c035,test,frame_000045.jpg,450,45.0,2
S05,c035,test,frame_000046.jpg,460,46.0,1
S05,c035,test,frame_000047.jpg,470,47.0,1
S05,c035,test,frame_000048.jpg,480,48.0,2
S05,c035,test,frame_000049.jpg,490,49.0,3
S05,c035,test,frame_000050.jpg,500,50.0,0
S05,c035,test,frame_000051.jpg,510,51.0,3
S05,c035,test,frame_000052.jpg,520,52.0,0
S05,c035,test,frame_000053.jpg,530,53.0,2
S05,c035,test,frame_000054.jpg,540,54.0,1
S05,c035,test,frame_000055.jpg,550,55.0,2
S05,c035,test,frame_000056.jpg,560,56.0,2
S05,c035,test,frame_000057.jpg,570,57.0,2
S05,c035,test,frame_000058.jpg,580,58.0,2
S05,c035,test,frame_000059.jpg,590,59.0,1
S05,c035,test,frame_000060.jpg,600,60.0,1
S05,c035,test,frame_000061.jpg,610,61.0,1
S05,c035,test,frame_000062.jpg,620,62.0,3
S05,c035,test,frame_000063.jpg,630,63.0,3
S05,c035,test,frame_000064.jpg,640,64.0,4
S05,c035,test,frame_000065.jpg,650,65.0,4
S05,c035,test,frame_000066.jpg,660,66.0,4
S05,c035,test,frame_000067.jpg,670,67.0,3
S05,c035,test,frame_000068.jpg,680,68.0,4
S05,c035,test,frame_000069.jpg,690,69.0,2
S05,c035,test,frame_000070.jpg,700,70.0,3
S05,c035,test,frame_000071.jpg,710,71.0,2
S05,c035,test,frame_000072.jpg,720,72.0,4
S05,c035,test,frame_000073.jpg,730,73.0,2
S05,c035,test,frame_000074.jpg,740,74.0,1
S05,c035,test,frame_000075.jpg,750,75.0,3
S05,c035,test,frame_000076.jpg,760,76.0,3
S05,c035,test,frame_000077.jpg,770,77.0,2
S05,c035,test,frame_000078.jpg,780,78.0,2
S05,c035,test,frame_000079.jpg,790,79.0,1
S05,c035,test,frame_000080.jpg,800,80.0,0
S05,c035,test,frame_000081.jpg,810,81.0,0
S05,c035,test,frame_000082.jpg,820,82.0,1
S05,c035,test,frame_000083.jpg,830,83.0,2
S05,c035,test,frame_000084.jpg,840,84.0,1
S05,c035,test,frame_000085.jpg,850,85.0,2
S05,c035,test,frame_000086.jpg,860,86.0,2
S05,c035,test,frame_000087.jpg,870,87.0,3
S05,c035,test,frame_000088.jpg,880,88.0,3
S05,c035,test,frame_000089.jpg,890,89.0,1
S05,c035,test,frame_000090.jpg,900,90.0,2
S05,c035,test,frame_000091.jpg,910,91.0,3
S05,c035,test,frame_000092.jpg,920,92.0,2
S05,c035,test,frame_000093.jpg,930,93.0,4
S05,c035,test,frame_000094.jpg,940,94.0,1
S05,c035,test,frame_000095.jpg,950,95.0,1
S05,c035,test,frame_000096.jpg,960,96.0,2
S05,c035,test,frame_000097.jpg,970,97.0,1
S05,c035,test,frame_000098.jpg,980,98.0,1
S05,c035,test,frame_000099.jpg,990,99.0,2
S05,c035,test,frame_000100.jpg,1000,100.0,1
S05,c035,test,frame_000101.jpg,1010,101.0,1
S05,c035,test,frame_000102.jpg,1020,102.0,0
S05,c035,test,frame_000103.jpg,1030,103.0,0
S05,c035,test,frame_000104.jpg,1040,104.0,0
S05,c035,test,frame_000105.jpg,1050,105.0,0
S05,c035,test,frame_000106.jpg,1060,106.0,1
S05,c035,test,frame_000107.jpg,1070,107.0,3
S05,c035,test,frame_000108.jpg,1080,108.0,2
S05,c035,test,frame_000109.jpg,1090,109.0,1
S05,c035,test,frame_000110.jpg,1100,110.0,1
S05,c035,test,frame_000111.jpg,1110,111.0,3
S05,c035,test,frame_000112.jpg,1120,112.0,0
S05,c035,test,frame_000113.jpg,1130,113.0,0
S05,c035,test,frame_000114.jpg,1140,114.0,1
S05,c035,test,frame_000115.jpg,1150,115.0,2
S05,c035,test,frame_000116.jpg,1160,116.0,2
S05,c035,test,frame_000117.jpg,1170,117.0,3
S05,c035,test,frame_000118.jpg,1180,118.0,1
S05,c035,test,frame_000119.jpg,1190,119.0,4
S05,c035,test,frame_000120.jpg,1200,120.0,1
S05,c035,test,frame_000121.jpg,1210,121.0,3
S05,c035,test,frame_000122.jpg,1220,122.0,2
S05,c035,test,frame_000123.jpg,1230,123.0,1
S05,c035,test,frame_000124.jpg,1240,124.0,2
S05,c035,test,frame_000125.jpg,1250,125.0,2
S05,c035,test,frame_000126.jpg,1260,126.0,3
S05,c035,test,frame_000127.jpg,1270,127.0,2
S05,c035,test,frame_000128.jpg,1280,128.0,3
S05,c035,test,frame_000129.jpg,1290,129.0,2
S05,c035,test,frame_000130.jpg,1300,130.0,3
S05,c035,test,frame_000131.jpg,1310,131.0,3
S05,c035,test,frame_000132.jpg,1320,132.0,3
S05,c035,test,frame_000133.jpg,1330,133.0,3
S05,c035,test,frame_000134.jpg,1340,134.0,2
S05,c035,test,frame_000135.jpg,1350,135.0,2
S05,c035,test,frame_000136.jpg,1360,136.0,2
S05,c035,test,frame_000137.jpg,1370,137.0,4
S05,c035,test,frame_000138.jpg,1380,138.0,4
S05,c035,test,frame_000139.jpg,1390,139.0,3
S05,c035,test,frame_000140.jpg,1400,140.0,3
S05,c035,test,frame_000141.jpg,1410,141.0,2
S05,c035,test,frame_000142.jpg,1420,142.0,2
S05,c035,test,frame_000143.jpg,1430,143.0,3
S05,c035,test,frame_000144.jpg,1440,144.0,1
S05,c035,test,frame_000145.jpg,1450,145.0,2
S05,c035,test,frame_000146.jpg,1460,146.0,2
S05,c035,test,frame_000147.jpg,1470,147.0,3
S05,c035,test,frame_000148.jpg,1480,148.0,3
S05,c035,test,frame_000149.jpg,1490,149.0,3
S05,c035,test,frame_000150.jpg,1500,150.0,0
S05,c035,test,frame_000151.jpg,1510,151.0,2
S05,c035,test,frame_000152.jpg,1520,152.0,3
S05,c035,test,frame_000153.jpg,1530,153.0,2
S05,c035,test,frame_000154.jpg,1540,154.0,1
S05,c035,test,frame_000155.jpg,1550,155.0,2
S05,c035,test,frame_000156.jpg,1560,156.0,2
S05,c035,test,frame_000157.jpg,1570,157.0,1
S05,c035,test,frame_000158.jpg,1580,158.0,1
S05,c035,test,frame_000159.jpg,1590,159.0,0
S05,c035,test,frame_000160.jpg,1600,160.0,0
S05,c035,test,frame_000161.jpg,1610,161.0,2
S05,c035,test,frame_000162.jpg,1620,162.0,1
S05,c035,test,frame_000163.jpg,1630,163.0,1
S05,c035,test,frame_000164.jpg,1640,164.0,3
S05,c035,test,frame_000165.jpg,1650,165.0,5
S05,c035,test,frame_000166.jpg,1660,166.0,3
S05,c035,test,frame_000167.jpg,1670,167.0,3
S05,c035,test,frame_000168.jpg,1680,168.0,4
S05,c035,test,frame_000169.jpg,1690,169.0,4
S05,c035,test,frame_000170.jpg,1700,170.0,2
S05,c035,test,frame_000171.jpg,1710,171.0,1
S05,c035,test,frame_000172.jpg,1720,172.0,2
S05,c035,test,frame_000173.jpg,1730,173.0,3
S05,c035,test,frame_000174.jpg,1740,174.0,0
S05,c035,test,frame_000175.jpg,1750,175.0,1
S05,c035,test,frame_000176.jpg,1760,176.0,1
S05,c035,test,frame_000177.jpg,1770,177.0,2
S05,c035,test,frame_000178.jpg,1780,178.0,2
S05,c035,test,frame_000179.jpg,1790,179.0,1
S05,c035,test,frame_000180.jpg,1800,180.0,2
S05,c035,test,frame_000181.jpg,1810,181.0,0
S05,c035,test,frame_000182.jpg,1820,182.0,1
S05,c035,test,frame_000183.jpg,1830,183.0,1
S05,c035,test,frame_000184.jpg,1840,184.0,1
S05,c035,test,frame_000185.jpg,1850,185.0,1
S05,c035,test,frame_000186.jpg,1860,186.0,2
S05,c035,test,frame_000187.jpg,1870,187.0,1
S05,c035,test,frame_000188.jpg,1880,188.0,2
S05,c035,test,frame_000189.jpg,1890,189.0,1
S05,c035,test,frame_000190.jpg,1900,190.0,0
S05,c035,test,frame_000191.jpg,1910,191.0,0
S05,c035,test,frame_000192.jpg,1920,192.0,2
S05,c035,test,frame_000193.jpg,1930,193.0,4
S05,c035,test,frame_000194.jpg,1940,194.0,2
S05,c035,test,frame_000195.jpg,1950,195.0,3
S05,c035,test,frame_000196.jpg,1960,196.0,0
S05,c035,test,frame_000197.jpg,1970,197.0,2
S05,c035,test,frame_000198.jpg,1980,198.0,1
S05,c035,test,frame_000199.jpg,1990,199.0,2
S05,c035,test,frame_000200.jpg,2000,200.0,4
S05,c035,test,frame_000201.jpg,2010,201.0,1
S05,c035,test,frame_000202.jpg,2020,202.0,4
S05,c035,test,frame_000203.jpg,2030,203.0,2
S05,c035,test,frame_000204.jpg,2040,204.0,2
S05,c035,test,frame_000205.jpg,2050,205.0,2
S05,c035,test,frame_000206.jpg,2060,206.0,1
S05,c035,test,frame_000207.jpg,2070,207.0,1
S05,c035,test,frame_000208.jpg,2080,208.0,3
S05,c035,test,frame_000209.jpg,2090,209.0,2
S05,c035,test,frame_000210.jpg,2100,210.0,0
S05,c035,test,frame_000211.jpg,2110,211.0,6
S05,c035,test,frame_000212.jpg,2120,212.0,4
S05,c035,test,frame_000213.jpg,2130,213.0,5
S05,c035,test,frame_000214.jpg,2140,214.0,1
S05,c035,test,frame_000215.jpg,2150,215.0,2
S05,c035,test,frame_000216.jpg,2160,216.0,1
S05,c035,test,frame_000217.jpg,2170,217.0,2
S05,c035,test,frame_000218.jpg,2180,218.0,3
S05,c035,test,frame_000219.jpg,2190,219.0,2
S05,c035,test,frame_000220.jpg,2200,220.0,2
S05,c035,test,frame_000221.jpg,2210,221.0,2
S05,c035,test,frame_000222.jpg,2220,222.0,3
S05,c035,test,frame_000223.jpg,2230,223.0,2
S05,c035,test,frame_000224.jpg,2240,224.0,2
S05,c035,test,frame_000225.jpg,2250,225.0,1
S05,c035,test,frame_000226.jpg,2260,226.0,2
S05,c035,test,frame_000227.jpg,2270,227.0,1
S05,c035,test,frame_000228.jpg,2280,228.0,0
S05,c035,test,frame_000229.jpg,2290,229.0,2
S05,c035,test,frame_000230.jpg,2300,230.0,3
S05,c035,test,frame_000231.jpg,2310,231.0,2
S05,c035,test,frame_000232.jpg,2320,232.0,1
S05,c035,test,frame_000233.jpg,2330,233.0,3
S05,c035,test,frame_000234.jpg,2340,234.0,5
S05,c035,test,frame_000235.jpg,2350,235.0,2
S05,c035,test,frame_000236.jpg,2360,236.0,1
S05,c035,test,frame_000237.jpg,2370,237.0,0
S05,c035,test,frame_000238.jpg,2380,238.0,0
S05,c035,test,frame_000239.jpg,2390,239.0,1
S05,c035,test,frame_000240.jpg,2400,240.0,3
S05,c035,test,frame_000241.jpg,2410,241.0,1
S05,c035,test,frame_000242.jpg,2420,242.0,2
S05,c035,test,frame_000243.jpg,2430,243.0,3
S05,c035,test,frame_000244.jpg,2440,244.0,2
S05,c035,test,frame_000245.jpg,2450,245.0,2
S05,c035,test,frame_000246.jpg,2460,246.0,2
S05,c035,test,frame_000247.jpg,2470,247.0,1
S05,c035,test,frame_000248.jpg,2480,248.0,3
S05,c035,test,frame_000249.jpg,2490,249.0,4
S05,c035,test,frame_000250.jpg,2500,250.0,4
S05,c035,test,frame_000251.jpg,2510,251.0,1
S05,c035,test,frame_000252.jpg,2520,252.0,1
S05,c035,test,frame_000253.jpg,2530,253.0,1
S05,c035,test,frame_000254.jpg,2540,254.0,2
S05,c035,test,frame_000255.jpg,2550,255.0,1
S05,c035,test,frame_000256.jpg,2560,256.0,1
S05,c035,test,frame_000257.jpg,2570,257.0,1
S05,c035,test,frame_000258.jpg,2580,258.0,2
S05,c035,test,frame_000259.jpg,2590,259.0,1
S05,c035,test,frame_000260.jpg,2600,260.0,4
S05,c035,test,frame_000261.jpg,2610,261.0,2
S05,c035,test,frame_000262.jpg,2620,262.0,2
S05,c035,test,frame_000263.jpg,2630,263.0,3
S05,c035,test,frame_000264.jpg,2640,264.0,3
S05,c035,test,frame_000265.jpg,2650,265.0,3
S05,c035,test,frame_000266.jpg,2660,266.0,2
S05,c035,test,frame_000267.jpg,2670,267.0,2
S05,c035,test,frame_000268.jpg,2680,268.0,1
S05,c035,test,frame_000269.jpg,2690,269.0,2
S05,c035,test,frame_000270.jpg,2700,270.0,1
S05,c035,test,frame_000271.jpg,2710,271.0,1
S05,c035,test,frame_000272.jpg,2720,272.0,1
S05,c035,test,frame_000273.jpg,2730,273.0,2
S05,c035,test,frame_000274.jpg,2740,274.0,1
S05,c035,test,frame_000275.jpg,2750,275.0,1
S05,c035,test,frame_000276.jpg,2760,276.0,1
S05,c035,test,frame_000277.jpg,2770,277.0,2
S05,c035,test,frame_000278.jpg,2780,278.0,1
S05,c035,test,frame_000279.jpg,2790,279.0,2
S05,c035,test,frame_000280.jpg,2800,280.0,1
S05,c035,test,frame_000281.jpg,2810,281.0,3
S05,c035,test,frame_000282.jpg,2820,282.0,1
S05,c035,test,frame_000283.jpg,2830,283.0,2
S05,c035,test,frame_000284.jpg,2840,284.0,1
S05,c035,test,frame_000285.jpg,2850,285.0,1
S05,c035,test,frame_000286.jpg,2860,286.0,1
S05,c035,test,frame_000287.jpg,2870,287.0,1
S05,c035,test,frame_000288.jpg,2880,288.0,1
S05,c035,test,frame_000289.jpg,2890,289.0,2
S05,c035,test,frame_000290.jpg,2900,290.0,1
S05,c035,test,frame_000291.jpg,2910,291.0,2
S05,c035,test,frame_000292.jpg,2920,292.0,3
S05,c035,test,frame_000293.jpg,2930,293.0,1
S05,c035,test,frame_000294.jpg,2940,294.0,1
S05,c035,test,frame_000295.jpg,2950,295.0,5
S05,c035,test,frame_000296.jpg,2960,296.0,3
S05,c035,test,frame_000297.jpg,2970,297.0,4
S05,c035,test,frame_000298.jpg,2980,298.0,5
S05,c035,test,frame_000299.jpg,2990,299.0,4
S05,c035,test,frame_000300.jpg,3000,300.0,3
S05,c035,test,frame_000301.jpg,3010,301.0,4
S05,c035,test,frame_000302.jpg,3020,302.0,2
S05,c035,test,frame_000303.jpg,3030,303.0,3
S05,c035,test,frame_000304.jpg,3040,304.0,3
S05,c035,test,frame_000305.jpg,3050,305.0,4
S05,c035,test,frame_000306.jpg,3060,306.0,4
S05,c035,test,frame_000307.jpg,3070,307.0,2
S05,c035,test,frame_000308.jpg,3080,308.0,1
S05,c035,test,frame_000309.jpg,3090,309.0,2
S05,c035,test,frame_000310.jpg,3100,310.0,1
S05,c035,test,frame_000311.jpg,3110,311.0,1
S05,c035,test,frame_000312.jpg,3120,312.0,2
S05,c035,test,frame_000313.jpg,3130,313.0,1
S05,c035,test,frame_000314.jpg,3140,314.0,1
S05,c035,test,frame_000315.jpg,3150,315.0,3
S05,c035,test,frame_000316.jpg,3160,316.0,0
S05,c035,test,frame_000317.jpg,3170,317.0,1
S05,c035,test,frame_000318.jpg,3180,318.0,2
S05,c035,test,frame_000319.jpg,3190,319.0,1
S05,c035,test,frame_000320.jpg,3200,320.0,2
S05,c035,test,frame_000321.jpg,3210,321.0,1
S05,c035,test,frame_000322.jpg,3220,322.0,0
S05,c035,test,frame_000323.jpg,3230,323.0,3
S05,c035,test,frame_000324.jpg,3240,324.0,2
S05,c035,test,frame_000325.jpg,3250,325.0,3
S05,c035,test,frame_000326.jpg,3260,326.0,4
S05,c035,test,frame_000327.jpg,3270,327.0,1
S05,c035,test,frame_000328.jpg,3280,328.0,0
S05,c035,test,frame_000329.jpg,3290,329.0,1
S05,c035,test,frame_000330.jpg,3300,330.0,1
S05,c035,test,frame_000331.jpg,3310,331.0,2
S05,c035,test,frame_000332.jpg,3320,332.0,2
S05,c035,test,frame_000333.jpg,3330,333.0,2
S05,c035,test,frame_000334.jpg,3340,334.0,2
S05,c035,test,frame_000335.jpg,3350,335.0,2
S05,c035,test,frame_000336.jpg,3360,336.0,0
S05,c035,test,frame_000337.jpg,3370,337.0,4
S05,c035,test,frame_000338.jpg,3380,338.0,3
S05,c035,test,frame_000339.jpg,3390,339.0,1
S05,c035,test,frame_000340.jpg,3400,340.0,2
S05,c035,test,frame_000341.jpg,3410,341.0,2
S05,c035,test,frame_000342.jpg,3420,342.0,1
S05,c035,test,frame_000343.jpg,3430,343.0,1
S05,c035,test,frame_000344.jpg,3440,344.0,1
S05,c035,test,frame_000345.jpg,3450,345.0,0
S05,c035,test,frame_000346.jpg,3460,346.0,0
S05,c035,test,frame_000347.jpg,3470,347.0,1
S05,c036,test,frame_000000.jpg,0,0.0,6
S05,c036,test,frame_000001.jpg,10,1.0,5
S05,c036,test,frame_000002.jpg,20,2.0,4
S05,c036,test,frame_000003.jpg,30,3.0,7
S05,c036,test,frame_000004.jpg,40,4.0,8
S05,c036,test,frame_000005.jpg,50,5.0,5
S05,c036,test,frame_000006.jpg,60,6.0,2
S05,c036,test,frame_000007.jpg,70,7.0,3
S05,c036,test,frame_000008.jpg,80,8.0,5
S05,c036,test,frame_000009.jpg,90,9.0,3
S05,c036,test,frame_000010.jpg,100,10.0,2
S05,c036,test,frame_000011.jpg,110,11.0,2
S05,c036,test,frame_000012.jpg,120,12.0,6
S05,c036,test,frame_000013.jpg,130,13.0,7
S05,c036,test,frame_000014.jpg,140,14.0,4
S05,c036,test,frame_000015.jpg,150,15.0,3
S05,c036,test,frame_000016.jpg,160,16.0,2
S05,c036,test,frame_000017.jpg,170,17.0,2
S05,c036,test,frame_000018.jpg,180,18.0,3
S05,c036,test,frame_000019.jpg,190,19.0,2
S05,c036,test,frame_000020.jpg,200,20.0,4
S05,c036,test,frame_000021.jpg,210,21.0,3
S05,c036,test,frame_000022.jpg,220,22.0,3
S05,c036,test,frame_000023.jpg,230,23.0,3
S05,c036,test,frame_000024.jpg,240,24.0,2
S05,c036,test,frame_000025.jpg,250,25.0,3
S05,c036,test,frame_000026.jpg,260,26.0,5
S05,c036,test,frame_000027.jpg,270,27.0,4
S05,c036,test,frame_000028.jpg,280,28.0,5
S05,c036,test,frame_000029.jpg,290,29.0,5
S05,c036,test,frame_000030.jpg,300,30.0,4
S05,c036,test,frame_000031.jpg,310,31.0,5
S05,c036,test,frame_000032.jpg,320,32.0,5
S05,c036,test,frame_000033.jpg,330,33.0,5
S05,c036,test,frame_000034.jpg,340,34.0,6
S05,c036,test,frame_000035.jpg,350,35.0,3
S05,c036,test,frame_000036.jpg,360,36.0,6
S05,c036,test,frame_000037.jpg,370,37.0,5
S05,c036,test,frame_000038.jpg,380,38.0,5
S05,c036,test,frame_000039.jpg,390,39.0,4
S05,c036,test,frame_000040.jpg,400,40.0,6
S05,c036,test,frame_000041.jpg,410,41.0,5
S05,c036,test,frame_000042.jpg,420,42.0,6
S05,c036,test,frame_000043.jpg,430,43.0,4
S05,c036,test,frame_000044.jpg,440,44.0,6
S05,c036,test,frame_000045.jpg,450,45.0,6
S05,c036,test,frame_000046.jpg,460,46.0,7
S05,c036,test,frame_000047.jpg,470,47.0,8
S05,c036,test,frame_000048.jpg,480,48.0,7
S05,c036,test,frame_000049.jpg,490,49.0,7
S05,c036,test,frame_000050.jpg,500,50.0,7
S05,c036,test,frame_000051.jpg,510,51.0,7
S05,c036,test,frame_000052.jpg,520,52.0,6
S05,c036,test,frame_000053.jpg,530,53.0,8
S05,c036,test,frame_000054.jpg,540,54.0,7
S05,c036,test,frame_000055.jpg,550,55.0,8
S05,c036,test,frame_000056.jpg,560,56.0,7
S05,c036,test,frame_000057.jpg,570,57.0,7
S05,c036,test,frame_000058.jpg,580,58.0,5
S05,c036,test,frame_000059.jpg,590,59.0,6
S05,c036,test,frame_000060.jpg,600,60.0,6
S05,c036,test,frame_000061.jpg,610,61.0,4
S05,c036,test,frame_000062.jpg,620,62.0,7
S05,c036,test,frame_000063.jpg,630,63.0,7
S05,c036,test,frame_000064.jpg,640,64.0,5
S05,c036,test,frame_000065.jpg,650,65.0,5
S05,c036,test,frame_000066.jpg,660,66.0,6
S05,c036,test,frame_000067.jpg,670,67.0,6
S05,c036,test,frame_000068.jpg,680,68.0,6
S05,c036,test,frame_000069.jpg,690,69.0,7
S05,c036,test,frame_000070.jpg,700,70.0,7
S05,c036,test,frame_000071.jpg,710,71.0,6
S05,c036,test,frame_000072.jpg,720,72.0,4
S05,c036,test,frame_000073.jpg,730,73.0,5
S05,c036,test,frame_000074.jpg,740,74.0,5
S05,c036,test,frame_000075.jpg,750,75.0,4
S05,c036,test,frame_000076.jpg,760,76.0,5
S05,c036,test,frame_000077.jpg,770,77.0,6
S05,c036,test,frame_000078.jpg,780,78.0,5
S05,c036,test,frame_000079.jpg,790,79.0,6
S05,c036,test,frame_000080.jpg,800,80.0,7
S05,c036,test,frame_000081.jpg,810,81.0,6
S05,c036,test,frame_000082.jpg,820,82.0,6
S05,c036,test,frame_000083.jpg,830,83.0,4
S05,c036,test,frame_000084.jpg,840,84.0,3
S05,c036,test,frame_000085.jpg,850,85.0,5
S05,c036,test,frame_000086.jpg,860,86.0,4
S05,c036,test,frame_000087.jpg,870,87.0,2
S05,c036,test,frame_000088.jpg,880,88.0,6
S05,c036,test,frame_000089.jpg,890,89.0,5
S05,c036,test,frame_000090.jpg,900,90.0,4
S05,c036,test,frame_000091.jpg,910,91.0,6
S05,c036,test,frame_000092.jpg,920,92.0,3
S05,c036,test,frame_000093.jpg,930,93.0,7
S05,c036,test,frame_000094.jpg,940,94.0,5
S05,c036,test,frame_000095.jpg,950,95.0,4
S05,c036,test,frame_000096.jpg,960,96.0,7
S05,c036,test,frame_000097.jpg,970,97.0,6
S05,c036,test,frame_000098.jpg,980,98.0,7
S05,c036,test,frame_000099.jpg,990,99.0,8
S05,c036,test,frame_000100.jpg,1000,100.0,8
S05,c036,test,frame_000101.jpg,1010,101.0,7
S05,c036,test,frame_000102.jpg,1020,102.0,7
S05,c036,test,frame_000103.jpg,1030,103.0,7
S05,c036,test,frame_000104.jpg,1040,104.0,6
S05,c036,test,frame_000105.jpg,1050,105.0,6
S05,c036,test,frame_000106.jpg,1060,106.0,6
S05,c036,test,frame_000107.jpg,1070,107.0,7
S05,c036,test,frame_000108.jpg,1080,108.0,7
S05,c036,test,frame_000109.jpg,1090,109.0,5
S05,c036,test,frame_000110.jpg,1100,110.0,5
S05,c036,test,frame_000111.jpg,1110,111.0,4
S05,c036,test,frame_000112.jpg,1120,112.0,4
S05,c036,test,frame_000113.jpg,1130,113.0,4
S05,c036,test,frame_000114.jpg,1140,114.0,6
S05,c036,test,frame_000115.jpg,1150,115.0,5
S05,c036,test,frame_000116.jpg,1160,116.0,5
S05,c036,test,frame_000117.jpg,1170,117.0,5
S05,c036,test,frame_000118.jpg,1180,118.0,5
S05,c036,test,frame_000119.jpg,1190,119.0,5
S05,c036,test,frame_000120.jpg,1200,120.0,4
S05,c036,test,frame_000121.jpg,1210,121.0,4
S05,c036,test,frame_000122.jpg,1220,122.0,4
S05,c036,test,frame_000123.jpg,1230,123.0,7
S05,c036,test,frame_000124.jpg,1240,124.0,7
S05,c036,test,frame_000125.jpg,1250,125.0,7
S05,c036,test,frame_000126.jpg,1260,126.0,5
S05,c036,test,frame_000127.jpg,1270,127.0,5
S05,c036,test,frame_000128.jpg,1280,128.0,8
S05,c036,test,frame_000129.jpg,1290,129.0,8
S05,c036,test,frame_000130.jpg,1300,130.0,7
S05,c036,test,frame_000131.jpg,1310,131.0,7
S05,c036,test,frame_000132.jpg,1320,132.0,8
S05,c036,test,frame_000133.jpg,1330,133.0,8
S05,c036,test,frame_000134.jpg,1340,134.0,8
S05,c036,test,frame_000135.jpg,1350,135.0,7
S05,c036,test,frame_000136.jpg,1360,136.0,6
S05,c036,test,frame_000137.jpg,1370,137.0,7
S05,c036,test,frame_000138.jpg,1380,138.0,8
S05,c036,test,frame_000139.jpg,1390,139.0,7
S05,c036,test,frame_000140.jpg,1400,140.0,8
S05,c036,test,frame_000141.jpg,1410,141.0,7
S05,c036,test,frame_000142.jpg,1420,142.0,7
S05,c036,test,frame_000143.jpg,1430,143.0,6
S05,c036,test,frame_000144.jpg,1440,144.0,6
S05,c036,test,frame_000145.jpg,1450,145.0,6
S05,c036,test,frame_000146.jpg,1460,146.0,6
S05,c036,test,frame_000147.jpg,1470,147.0,6
S05,c036,test,frame_000148.jpg,1480,148.0,6
S05,c036,test,frame_000149.jpg,1490,149.0,4
S05,c036,test,frame_000150.jpg,1500,150.0,4
S05,c036,test,frame_000151.jpg,1510,151.0,4
S05,c036,test,frame_000152.jpg,1520,152.0,3
S05,c036,test,frame_000153.jpg,1530,153.0,4
S05,c036,test,frame_000154.jpg,1540,154.0,6
S05,c036,test,frame_000155.jpg,1550,155.0,5
S05,c036,test,frame_000156.jpg,1560,156.0,5
S05,c036,test,frame_000157.jpg,1570,157.0,6
S05,c036,test,frame_000158.jpg,1580,158.0,6
S05,c036,test,frame_000159.jpg,1590,159.0,7
S05,c036,test,frame_000160.jpg,1600,160.0,7
S05,c036,test,frame_000161.jpg,1610,161.0,6
S05,c036,test,frame_000162.jpg,1620,162.0,7
S05,c036,test,frame_000163.jpg,1630,163.0,7
S05,c036,test,frame_000164.jpg,1640,164.0,7
S05,c036,test,frame_000165.jpg,1650,165.0,8
S05,c036,test,frame_000166.jpg,1660,166.0,9
S05,c036,test,frame_000167.jpg,1670,167.0,9
S05,c036,test,frame_000168.jpg,1680,168.0,8
S05,c036,test,frame_000169.jpg,1690,169.0,6
S05,c036,test,frame_000170.jpg,1700,170.0,7
S05,c036,test,frame_000171.jpg,1710,171.0,7
S05,c036,test,frame_000172.jpg,1720,172.0,7
S05,c036,test,frame_000173.jpg,1730,173.0,8
S05,c036,test,frame_000174.jpg,1740,174.0,4
S05,c036,test,frame_000175.jpg,1750,175.0,6
S05,c036,test,frame_000176.jpg,1760,176.0,6
S05,c036,test,frame_000177.jpg,1770,177.0,4
S05,c036,test,frame_000178.jpg,1780,178.0,4
S05,c036,test,frame_000179.jpg,1790,179.0,4
S05,c036,test,frame_000180.jpg,1800,180.0,5
S05,c036,test,frame_000181.jpg,1810,181.0,3
S05,c036,test,frame_000182.jpg,1820,182.0,6
S05,c036,test,frame_000183.jpg,1830,183.0,6
S05,c036,test,frame_000184.jpg,1840,184.0,7
S05,c036,test,frame_000185.jpg,1850,185.0,6
S05,c036,test,frame_000186.jpg,1860,186.0,7
S05,c036,test,frame_000187.jpg,1870,187.0,9
S05,c036,test,frame_000188.jpg,1880,188.0,10
S05,c036,test,frame_000189.jpg,1890,189.0,10
S05,c036,test,frame_000190.jpg,1900,190.0,10
S05,c036,test,frame_000191.jpg,1910,191.0,9
S05,c036,test,frame_000192.jpg,1920,192.0,8
S05,c036,test,frame_000193.jpg,1930,193.0,8
S05,c036,test,frame_000194.jpg,1940,194.0,9
S05,c036,test,frame_000195.jpg,1950,195.0,9
S05,c036,test,frame_000196.jpg,1960,196.0,8
S05,c036,test,frame_000197.jpg,1970,197.0,8
S05,c036,test,frame_000198.jpg,1980,198.0,9
S05,c036,test,frame_000199.jpg,1990,199.0,8
S05,c036,test,frame_000200.jpg,2000,200.0,6
S05,c036,test,frame_000201.jpg,2010,201.0,9
S05,c036,test,frame_000202.jpg,2020,202.0,8
S05,c036,test,frame_000203.jpg,2030,203.0,8
S05,c036,test,frame_000204.jpg,2040,204.0,8
S05,c036,test,frame_000205.jpg,2050,205.0,6
S05,c036,test,frame_000206.jpg,2060,206.0,5
S05,c036,test,frame_000207.jpg,2070,207.0,4
S05,c036,test,frame_000208.jpg,2080,208.0,4
S05,c036,test,frame_000209.jpg,2090,209.0,6
S05,c036,test,frame_000210.jpg,2100,210.0,4
S05,c036,test,frame_000211.jpg,2110,211.0,9
S05,c036,test,frame_000212.jpg,2120,212.0,6
S05,c036,test,frame_000213.jpg,2130,213.0,7
S05,c036,test,frame_000214.jpg,2140,214.0,10
S05,c036,test,frame_000215.jpg,2150,215.0,7
S05,c036,test,frame_000216.jpg,2160,216.0,8
S05,c036,test,frame_000217.jpg,2170,217.0,9
S05,c036,test,frame_000218.jpg,2180,218.0,6
S05,c036,test,frame_000219.jpg,2190,219.0,6
S05,c036,test,frame_000220.jpg,2200,220.0,8
S05,c036,test,frame_000221.jpg,2210,221.0,9
S05,c036,test,frame_000222.jpg,2220,222.0,8
S05,c036,test,frame_000223.jpg,2230,223.0,10
S05,c036,test,frame_000224.jpg,2240,224.0,9
S05,c036,test,frame_000225.jpg,2250,225.0,8
S05,c036,test,frame_000226.jpg,2260,226.0,11
S05,c036,test,frame_000227.jpg,2270,227.0,10
S05,c036,test,frame_000228.jpg,2280,228.0,8
S05,c036,test,frame_000229.jpg,2290,229.0,9
S05,c036,test,frame_000230.jpg,2300,230.0,10
S05,c036,test,frame_000231.jpg,2310,231.0,10
S05,c036,test,frame_000232.jpg,2320,232.0,12
S05,c036,test,frame_000233.jpg,2330,233.0,10
S05,c036,test,frame_000234.jpg,2340,234.0,10
S05,c036,test,frame_000235.jpg,2350,235.0,10
S05,c036,test,frame_000236.jpg,2360,236.0,12
S05,c036,test,frame_000237.jpg,2370,237.0,11
S05,c036,test,frame_000238.jpg,2380,238.0,7
S05,c036,test,frame_000239.jpg,2390,239.0,10
S05,c036,test,frame_000240.jpg,2400,240.0,8
S05,c036,test,frame_000241.jpg,2410,241.0,10
S05,c036,test,frame_000242.jpg,2420,242.0,10
S05,c036,test,frame_000243.jpg,2430,243.0,11
S05,c036,test,frame_000244.jpg,2440,244.0,10
S05,c036,test,frame_000245.jpg,2450,245.0,10
S05,c036,test,frame_000246.jpg,2460,246.0,9
S05,c036,test,frame_000247.jpg,2470,247.0,8
S05,c036,test,frame_000248.jpg,2480,248.0,8
S05,c036,test,frame_000249.jpg,2490,249.0,10
S05,c036,test,frame_000250.jpg,2500,250.0,8
S05,c036,test,frame_000251.jpg,2510,251.0,10
S05,c036,test,frame_000252.jpg,2520,252.0,10
S05,c036,test,frame_000253.jpg,2530,253.0,7
S05,c036,test,frame_000254.jpg,2540,254.0,7
S05,c036,test,frame_000255.jpg,2550,255.0,8
S05,c036,test,frame_000256.jpg,2560,256.0,7
S05,c036,test,frame_000257.jpg,2570,257.0,8
S05,c036,test,frame_000258.jpg,2580,258.0,9
S05,c036,test,frame_000259.jpg,2590,259.0,7
S05,c036,test,frame_000260.jpg,2600,260.0,10
S05,c036,test,frame_000261.jpg,2610,261.0,7
S05,c036,test,frame_000262.jpg,2620,262.0,7
S05,c036,test,frame_000263.jpg,2630,263.0,8
S05,c036,test,frame_000264.jpg,2640,264.0,8
S05,c036,test,frame_000265.jpg,2650,265.0,7
S05,c036,test,frame_000266.jpg,2660,266.0,8
S05,c036,test,frame_000267.jpg,2670,267.0,5
S05,c036,test,frame_000268.jpg,2680,268.0,7
S05,c036,test,frame_000269.jpg,2690,269.0,10
S05,c036,test,frame_000270.jpg,2700,270.0,7
S05,c036,test,frame_000271.jpg,2710,271.0,8
S05,c036,test,frame_000272.jpg,2720,272.0,9
S05,c036,test,frame_000273.jpg,2730,273.0,8
S05,c036,test,frame_000274.jpg,2740,274.0,10
S05,c036,test,frame_000275.jpg,2750,275.0,8
S05,c036,test,frame_000276.jpg,2760,276.0,8
S05,c036,test,frame_000277.jpg,2770,277.0,8
S05,c036,test,frame_000278.jpg,2780,278.0,9
S05,c036,test,frame_000279.jpg,2790,279.0,8
S05,c036,test,frame_000280.jpg,2800,280.0,11
S05,c036,test,frame_000281.jpg,2810,281.0,9
S05,c036,test,frame_000282.jpg,2820,282.0,11
S05,c036,test,frame_000283.jpg,2830,283.0,12
S05,c036,test,frame_000284.jpg,2840,284.0,11
S05,c036,test,frame_000285.jpg,2850,285.0,11
S05,c036,test,frame_000286.jpg,2860,286.0,10
S05,c036,test,frame_000287.jpg,2870,287.0,8
S05,c036,test,frame_000288.jpg,2880,288.0,8
S05,c036,test,frame_000289.jpg,2890,289.0,8
S05,c036,test,frame_000290.jpg,2900,290.0,7
S05,c036,test,frame_000291.jpg,2910,291.0,9
S05,c036,test,frame_000292.jpg,2920,292.0,9
S05,c036,test,frame_000293.jpg,2930,293.0,12
S05,c036,test,frame_000294.jpg,2940,294.0,11
S05,c036,test,frame_000295.jpg,2950,295.0,9
S05,c036,test,frame_000296.jpg,2960,296.0,11
S05,c036,test,frame_000297.jpg,2970,297.0,10
S05,c036,test,frame_000298.jpg,2980,298.0,10
S05,c036,test,frame_000299.jpg,2990,299.0,9
S05,c036,test,frame_000300.jpg,3000,300.0,9
S05,c036,test,frame_000301.jpg,3010,301.0,6
S05,c036,test,frame_000302.jpg,3020,302.0,8
S05,c036,test,frame_000303.jpg,3030,303.0,7
S05,c036,test,frame_000304.jpg,3040,304.0,11
S05,c036,test,frame_000305.jpg,3050,305.0,11
S05,c036,test,frame_000306.jpg,3060,306.0,11
S05,c036,test,frame_000307.jpg,3070,307.0,9
S05,c036,test,frame_000308.jpg,3080,308.0,11
S05,c036,test,frame_000309.jpg,3090,309.0,10
S05,c036,test,frame_000310.jpg,3100,310.0,10
S05,c036,test,frame_000311.jpg,3110,311.0,11
S05,c036,test,frame_000312.jpg,3120,312.0,11
S05,c036,test,frame_000313.jpg,3130,313.0,9
S05,c036,test,frame_000314.jpg,3140,314.0,10
S05,c036,test,frame_000315.jpg,3150,315.0,11
S05,c036,test,frame_000316.jpg,3160,316.0,10
S05,c036,test,frame_000317.jpg,3170,317.0,10
S05,c036,test,frame_000318.jpg,3180,318.0,9
S05,c036,test,frame_000319.jpg,3190,319.0,9
S05,c036,test,frame_000320.jpg,3200,320.0,9
S05,c036,test,frame_000321.jpg,3210,321.0,7
S05,c036,test,frame_000322.jpg,3220,322.0,7
S05,c036,test,frame_000323.jpg,3230,323.0,8
S05,c036,test,frame_000324.jpg,3240,324.0,8
S05,c036,test,frame_000325.jpg,3250,325.0,8
S05,c036,test,frame_000326.jpg,3260,326.0,10
S05,c036,test,frame_000327.jpg,3270,327.0,6
S05,c036,test,frame_000328.jpg,3280,328.0,7
S05,c036,test,frame_000329.jpg,3290,329.0,5
S05,c036,test,frame_000330.jpg,3300,330.0,6
S05,c036,test,frame_000331.jpg,3310,331.0,6
S05,c036,test,frame_000332.jpg,3320,332.0,7
S05,c036,test,frame_000333.jpg,3330,333.0,7
S05,c036,test,frame_000334.jpg,3340,334.0,7
S05,c036,test,frame_000335.jpg,3350,335.0,6
S05,c036,test,frame_000336.jpg,3360,336.0,7
S05,c036,test,frame_000337.jpg,3370,337.0,9
S05,c036,test,frame_000338.jpg,3380,338.0,13
S05,c036,test,frame_000339.jpg,3390,339.0,13
S05,c036,test,frame_000340.jpg,3400,340.0,12
S05,c036,test,frame_000341.jpg,3410,341.0,10
S05,c036,test,frame_000342.jpg,3420,342.0,13
S05,c036,test,frame_000343.jpg,3430,343.0,12
