scene_id,camera_id,frame_file,source_frame_idx,timestamp_sec,roi_applied
S02,c006,frame_000000.jpg,0,0.0,True
S02,c006,frame_000001.jpg,10,1.0,True
S02,c006,frame_000002.jpg,20,2.0,True
S02,c006,frame_000003.jpg,30,3.0,True
S02,c006,frame_000004.jpg,40,4.0,True
S02,c006,frame_000005.jpg,50,5.0,True
S02,c006,frame_000006.jpg,60,6.0,True
S02,c006,frame_000007.jpg,70,7.0,True
S02,c006,frame_000008.jpg,80,8.0,True
S02,c006,frame_000009.jpg,90,9.0,True
S02,c006,frame_000010.jpg,100,10.0,True
S02,c006,frame_000011.jpg,110,11.0,True
S02,c006,frame_000012.jpg,120,12.0,True
S02,c006,frame_000013.jpg,130,13.0,True
S02,c006,frame_000014.jpg,140,14.0,True
S02,c006,frame_000015.jpg,150,15.0,True
S02,c006,frame_000016.jpg,160,16.0,True
S02,c006,frame_000017.jpg,170,17.0,True
S02,c006,frame_000018.jpg,180,18.0,True
S02,c006,frame_000019.jpg,190,19.0,True
S02,c006,frame_000020.jpg,200,20.0,True
S02,c006,frame_000021.jpg,210,21.0,True
S02,c006,frame_000022.jpg,220,22.0,True
S02,c006,frame_000023.jpg,230,23.0,True
S02,c006,frame_000024.jpg,240,24.0,True
S02,c006,frame_000025.jpg,250,25.0,True
S02,c006,frame_000026.jpg,260,26.0,True
S02,c006,frame_000027.jpg,270,27.0,True
S02,c006,frame_000028.jpg,280,28.0,True
S02,c006,frame_000029.jpg,290,29.0,True
S02,c006,frame_000030.jpg,300,30.0,True
S02,c006,frame_000031.jpg,310,31.0,True
S02,c006,frame_000032.jpg,320,32.0,True
S02,c006,frame_000033.jpg,330,33.0,True
S02,c006,frame_000034.jpg,340,34.0,True
S02,c006,frame_000035.jpg,350,35.0,True
S02,c006,frame_000036.jpg,360,36.0,True
S02,c006,frame_000037.jpg,370,37.0,True
S02,c006,frame_000038.jpg,380,38.0,True
S02,c006,frame_000039.jpg,390,39.0,True
S02,c006,frame_000040.jpg,400,40.0,True
S02,c006,frame_000041.jpg,410,41.0,True
S02,c006,frame_000042.jpg,420,42.0,True
S02,c006,frame_000043.jpg,430,43.0,True
S02,c006,frame_000044.jpg,440,44.0,True
S02,c006,frame_000045.jpg,450,45.0,True
S02,c006,frame_000046.jpg,460,46.0,True
S02,c006,frame_000047.jpg,470,47.0,True
S02,c006,frame_000048.jpg,480,48.0,True
S02,c006,frame_000049.jpg,490,49.0,True
S02,c006,frame_000050.jpg,500,50.0,True
S02,c006,frame_000051.jpg,510,51.0,True
S02,c006,frame_000052.jpg,520,52.0,True
S02,c006,frame_000053.jpg,530,53.0,True
S02,c006,frame_000054.jpg,540,54.0,True
S02,c006,frame_000055.jpg,550,55.0,True
S02,c006,frame_000056.jpg,560,56.0,True
S02,c006,frame_000057.jpg,570,57.0,True
S02,c006,frame_000058.jpg,580,58.0,True
S02,c006,frame_000059.jpg,590,59.0,True
S02,c006,frame_000060.jpg,600,60.0,True
S02,c006,frame_000061.jpg,610,61.0,True
S02,c006,frame_000062.jpg,620,62.0,True
S02,c006,frame_000063.jpg,630,63.0,True
S02,c006,frame_000064.jpg,640,64.0,True
S02,c006,frame_000065.jpg,650,65.0,True
S02,c006,frame_000066.jpg,660,66.0,True
S02,c006,frame_000067.jpg,670,67.0,True
S02,c006,frame_000068.jpg,680,68.0,True
S02,c006,frame_000069.jpg,690,69.0,True
S02,c006,frame_000070.jpg,700,70.0,True
S02,c006,frame_000071.jpg,710,71.0,True
S02,c006,frame_000072.jpg,720,72.0,True
S02,c006,frame_000073.jpg,730,73.0,True
S02,c006,frame_000074.jpg,740,74.0,True
S02,c006,frame_000075.jpg,750,75.0,True
S02,c006,frame_000076.jpg,760,76.0,True
S02,c006,frame_000077.jpg,770,77.0,True
S02,c006,frame_000078.jpg,780,78.0,True
S02,c006,frame_000079.jpg,790,79.0,True
S02,c006,frame_000080.jpg,800,80.0,True
S02,c006,frame_000081.jpg,810,81.0,True
S02,c006,frame_000082.jpg,820,82.0,True
S02,c006,frame_000083.jpg,830,83.0,True
S02,c006,frame_000084.jpg,840,84.0,True
S02,c006,frame_000085.jpg,850,85.0,True
S02,c006,frame_000086.jpg,860,86.0,True
S02,c006,frame_000087.jpg,870,87.0,True
S02,c006,frame_000088.jpg,880,88.0,True
S02,c006,frame_000089.jpg,890,89.0,True
S02,c006,frame_000090.jpg,900,90.0,True
S02,c006,frame_000091.jpg,910,91.0,True
S02,c006,frame_000092.jpg,920,92.0,True
S02,c006,frame_000093.jpg,930,93.0,True
S02,c006,frame_000094.jpg,940,94.0,True
S02,c006,frame_000095.jpg,950,95.0,True
S02,c006,frame_000096.jpg,960,96.0,True
S02,c006,frame_000097.jpg,970,97.0,True
S02,c006,frame_000098.jpg,980,98.0,True
S02,c006,frame_000099.jpg,990,99.0,True
S02,c006,frame_000100.jpg,1000,100.0,True
S02,c006,frame_000101.jpg,1010,101.0,True
S02,c006,frame_000102.jpg,1020,102.0,True
S02,c006,frame_000103.jpg,1030,103.0,True
S02,c006,frame_000104.jpg,1040,104.0,True
S02,c006,frame_000105.jpg,1050,105.0,True
S02,c006,frame_000106.jpg,1060,106.0,True
S02,c006,frame_000107.jpg,1070,107.0,True
S02,c006,frame_000108.jpg,1080,108.0,True
S02,c006,frame_000109.jpg,1090,109.0,True
S02,c006,frame_000110.jpg,1100,110.0,True
S02,c006,frame_000111.jpg,1110,111.0,True
S02,c006,frame_000112.jpg,1120,112.0,True
S02,c006,frame_000113.jpg,1130,113.0,True
S02,c006,frame_000114.jpg,1140,114.0,True
S02,c006,frame_000115.jpg,1150,115.0,True
S02,c006,frame_000116.jpg,1160,116.0,True
S02,c006,frame_000117.jpg,1170,117.0,True
S02,c006,frame_000118.jpg,1180,118.0,True
S02,c006,frame_000119.jpg,1190,119.0,True
S02,c006,frame_000120.jpg,1200,120.0,True
S02,c006,frame_000121.jpg,1210,121.0,True
S02,c006,frame_000122.jpg,1220,122.0,True
S02,c006,frame_000123.jpg,1230,123.0,True
S02,c006,frame_000124.jpg,1240,124.0,True
S02,c006,frame_000125.jpg,1250,125.0,True
S02,c006,frame_000126.jpg,1260,126.0,True
S02,c006,frame_000127.jpg,1270,127.0,True
S02,c006,frame_000128.jpg,1280,128.0,True
S02,c006,frame_000129.jpg,1290,129.0,True
S02,c006,frame_000130.jpg,1300,130.0,True
S02,c006,frame_000131.jpg,1310,131.0,True
S02,c006,frame_000132.jpg,1320,132.0,True
S02,c006,frame_000133.jpg,1330,133.0,True
S02,c006,frame_000134.jpg,1340,134.0,True
S02,c006,frame_000135.jpg,1350,135.0,True
S02,c006,frame_000136.jpg,1360,136.0,True
S02,c006,frame_000137.jpg,1370,137.0,True
S02,c006,frame_000138.jpg,1380,138.0,True
S02,c006,frame_000139.jpg,1390,139.0,True
S02,c006,frame_000140.jpg,1400,140.0,True
S02,c006,frame_000141.jpg,1410,141.0,True
S02,c006,frame_000142.jpg,1420,142.0,True
S02,c006,frame_000143.jpg,1430,143.0,True
S02,c006,frame_000144.jpg,1440,144.0,True
S02,c006,frame_000145.jpg,1450,145.0,True
S02,c006,frame_000146.jpg,1460,146.0,True
S02,c006,frame_000147.jpg,1470,147.0,True
S02,c006,frame_000148.jpg,1480,148.0,True
S02,c006,frame_000149.jpg,1490,149.0,True
S02,c006,frame_000150.jpg,1500,150.0,True
S02,c006,frame_000151.jpg,1510,151.0,True
S02,c006,frame_000152.jpg,1520,152.0,True
S02,c006,frame_000153.jpg,1530,153.0,True
S02,c006,frame_000154.jpg,1540,154.0,True
S02,c006,frame_000155.jpg,1550,155.0,True
S02,c006,frame_000156.jpg,1560,156.0,True
S02,c006,frame_000157.jpg,1570,157.0,True
S02,c006,frame_000158.jpg,1580,158.0,True
S02,c006,frame_000159.jpg,1590,159.0,True
S02,c006,frame_000160.jpg,1600,160.0,True
S02,c006,frame_000161.jpg,1610,161.0,True
S02,c006,frame_000162.jpg,1620,162.0,True
S02,c006,frame_000163.jpg,1630,163.0,True
S02,c006,frame_000164.jpg,1640,164.0,True
S02,c006,frame_000165.jpg,1650,165.0,True
S02,c006,frame_000166.jpg,1660,166.0,True
S02,c006,frame_000167.jpg,1670,167.0,True
S02,c006,frame_000168.jpg,1680,168.0,True
S02,c006,frame_000169.jpg,1690,169.0,True
S02,c006,frame_000170.jpg,1700,170.0,True
S02,c006,frame_000171.jpg,1710,171.0,True
S02,c006,frame_000172.jpg,1720,172.0,True
S02,c006,frame_000173.jpg,1730,173.0,True
S02,c006,frame_000174.jpg,1740,174.0,True
S02,c006,frame_000175.jpg,1750,175.0,True
S02,c006,frame_000176.jpg,1760,176.0,True
S02,c006,frame_000177.jpg,1770,177.0,True
S02,c006,frame_000178.jpg,1780,178.0,True
S02,c006,frame_000179.jpg,1790,179.0,True
S02,c006,frame_000180.jpg,1800,180.0,True
S02,c006,frame_000181.jpg,1810,181.0,True
S02,c006,frame_000182.jpg,1820,182.0,True
S02,c006,frame_000183.jpg,1830,183.0,True
S02,c006,frame_000184.jpg,1840,184.0,True
S02,c006,frame_000185.jpg,1850,185.0,True
S02,c006,frame_000186.jpg,1860,186.0,True
S02,c006,frame_000187.jpg,1870,187.0,True
S02,c006,frame_000188.jpg,1880,188.0,True
S02,c006,frame_000189.jpg,1890,189.0,True
S02,c006,frame_000190.jpg,1900,190.0,True
S02,c006,frame_000191.jpg,1910,191.0,True
S02,c006,frame_000192.jpg,1920,192.0,True
S02,c006,frame_000193.jpg,1930,193.0,True
S02,c006,frame_000194.jpg,1940,194.0,True
S02,c006,frame_000195.jpg,1950,195.0,True
S02,c006,frame_000196.jpg,1960,196.0,True
S02,c006,frame_000197.jpg,1970,197.0,True
S02,c006,frame_000198.jpg,1980,198.0,True
S02,c006,frame_000199.jpg,1990,199.0,True
S02,c006,frame_000200.jpg,2000,200.0,True
S02,c006,frame_000201.jpg,2010,201.0,True
S02,c006,frame_000202.jpg,2020,202.0,True
S02,c006,frame_000203.jpg,2030,203.0,True
S02,c006,frame_000204.jpg,2040,204.0,True
S02,c006,frame_000205.jpg,2050,205.0,True
S02,c006,frame_000206.jpg,2060,206.0,True
S02,c006,frame_000207.jpg,2070,207.0,True
S02,c006,frame_000208.jpg,2080,208.0,True
S02,c006,frame_000209.jpg,2090,209.0,True
S02,c006,frame_000210.jpg,2100,210.0,True
S02,c007,frame_000000.jpg,0,0.0,True
S02,c007,frame_000001.jpg,10,1.0,True
S02,c007,frame_000002.jpg,20,2.0,True
S02,c007,frame_000003.jpg,30,3.0,True
S02,c007,frame_000004.jpg,40,4.0,True
S02,c007,frame_000005.jpg,50,5.0,True
S02,c007,frame_000006.jpg,60,6.0,True
S02,c007,frame_000007.jpg,70,7.0,True
S02,c007,frame_000008.jpg,80,8.0,True
S02,c007,frame_000009.jpg,90,9.0,True
S02,c007,frame_000010.jpg,100,10.0,True
S02,c007,frame_000011.jpg,110,11.0,True
S02,c007,frame_000012.jpg,120,12.0,True
S02,c007,frame_000013.jpg,130,13.0,True
S02,c007,frame_000014.jpg,140,14.0,True
S02,c007,frame_000015.jpg,150,15.0,True
S02,c007,frame_000016.jpg,160,16.0,True
S02,c007,frame_000017.jpg,170,17.0,True
S02,c007,frame_000018.jpg,180,18.0,True
S02,c007,frame_000019.jpg,190,19.0,True
S02,c007,frame_000020.jpg,200,20.0,True
S02,c007,frame_000021.jpg,210,21.0,True
S02,c007,frame_000022.jpg,220,22.0,True
S02,c007,frame_000023.jpg,230,23.0,True
S02,c007,frame_000024.jpg,240,24.0,True
S02,c007,frame_000025.jpg,250,25.0,True
S02,c007,frame_000026.jpg,260,26.0,True
S02,c007,frame_000027.jpg,270,27.0,True
S02,c007,frame_000028.jpg,280,28.0,True
S02,c007,frame_000029.jpg,290,29.0,True
S02,c007,frame_000030.jpg,300,30.0,True
S02,c007,frame_000031.jpg,310,31.0,True
S02,c007,frame_000032.jpg,320,32.0,True
S02,c007,frame_000033.jpg,330,33.0,True
S02,c007,frame_000034.jpg,340,34.0,True
S02,c007,frame_000035.jpg,350,35.0,True
S02,c007,frame_000036.jpg,360,36.0,True
S02,c007,frame_000037.jpg,370,37.0,True
S02,c007,frame_000038.jpg,380,38.0,True
S02,c007,frame_000039.jpg,390,39.0,True
S02,c007,frame_000040.jpg,400,40.0,True
S02,c007,frame_000041.jpg,410,41.0,True
S02,c007,frame_000042.jpg,420,42.0,True
S02,c007,frame_000043.jpg,430,43.0,True
S02,c007,frame_000044.jpg,440,44.0,True
S02,c007,frame_000045.jpg,450,45.0,True
S02,c007,frame_000046.jpg,460,46.0,True
S02,c007,frame_000047.jpg,470,47.0,True
S02,c007,frame_000048.jpg,480,48.0,True
S02,c007,frame_000049.jpg,490,49.0,True
S02,c007,frame_000050.jpg,500,50.0,True
S02,c007,frame_000051.jpg,510,51.0,True
S02,c007,frame_000052.jpg,520,52.0,True
S02,c007,frame_000053.jpg,530,53.0,True
S02,c007,frame_000054.jpg,540,54.0,True
S02,c007,frame_000055.jpg,550,55.0,True
S02,c007,frame_000056.jpg,560,56.0,True
S02,c007,frame_000057.jpg,570,57.0,True
S02,c007,frame_000058.jpg,580,58.0,True
S02,c007,frame_000059.jpg,590,59.0,True
S02,c007,frame_000060.jpg,600,60.0,True
S02,c007,frame_000061.jpg,610,61.0,True
S02,c007,frame_000062.jpg,620,62.0,True
S02,c007,frame_000063.jpg,630,63.0,True
S02,c007,frame_000064.jpg,640,64.0,True
S02,c007,frame_000065.jpg,650,65.0,True
S02,c007,frame_000066.jpg,660,66.0,True
S02,c007,frame_000067.jpg,670,67.0,True
S02,c007,frame_000068.jpg,680,68.0,True
S02,c007,frame_000069.jpg,690,69.0,True
S02,c007,frame_000070.jpg,700,70.0,True
S02,c007,frame_000071.jpg,710,71.0,True
S02,c007,frame_000072.jpg,720,72.0,True
S02,c007,frame_000073.jpg,730,73.0,True
S02,c007,frame_000074.jpg,740,74.0,True
S02,c007,frame_000075.jpg,750,75.0,True
S02,c007,frame_000076.jpg,760,76.0,True
S02,c007,frame_000077.jpg,770,77.0,True
S02,c007,frame_000078.jpg,780,78.0,True
S02,c007,frame_000079.jpg,790,79.0,True
S02,c007,frame_000080.jpg,800,80.0,True
S02,c007,frame_000081.jpg,810,81.0,True
S02,c007,frame_000082.jpg,820,82.0,True
S02,c007,frame_000083.jpg,830,83.0,True
S02,c007,frame_000084.jpg,840,84.0,True
S02,c007,frame_000085.jpg,850,85.0,True
S02,c007,frame_000086.jpg,860,86.0,True
S02,c007,frame_000087.jpg,870,87.0,True
S02,c007,frame_000088.jpg,880,88.0,True
S02,c007,frame_000089.jpg,890,89.0,True
S02,c007,frame_000090.jpg,900,90.0,True
S02,c007,frame_000091.jpg,910,91.0,True
S02,c007,frame_000092.jpg,920,92.0,True
S02,c007,frame_000093.jpg,930,93.0,True
S02,c007,frame_000094.jpg,940,94.0,True
S02,c007,frame_000095.jpg,950,95.0,True
S02,c007,frame_000096.jpg,960,96.0,True
S02,c007,frame_000097.jpg,970,97.0,True
S02,c007,frame_000098.jpg,980,98.0,True
S02,c007,frame_000099.jpg,990,99.0,True
S02,c007,frame_000100.jpg,1000,100.0,True
S02,c007,frame_000101.jpg,1010,101.0,True
S02,c007,frame_000102.jpg,1020,102.0,True
S02,c007,frame_000103.jpg,1030,103.0,True
S02,c007,frame_000104.jpg,1040,104.0,True
S02,c007,frame_000105.jpg,1050,105.0,True
S02,c007,frame_000106.jpg,1060,106.0,True
S02,c007,frame_000107.jpg,1070,107.0,True
S02,c007,frame_000108.jpg,1080,108.0,True
S02,c007,frame_000109.jpg,1090,109.0,True
S02,c007,frame_000110.jpg,1100,110.0,True
S02,c007,frame_000111.jpg,1110,111.0,True
S02,c007,frame_000112.jpg,1120,112.0,True
S02,c007,frame_000113.jpg,1130,113.0,True
S02,c007,frame_000114.jpg,1140,114.0,True
S02,c007,frame_000115.jpg,1150,115.0,True
S02,c007,frame_000116.jpg,1160,116.0,True
S02,c007,frame_000117.jpg,1170,117.0,True
S02,c007,frame_000118.jpg,1180,118.0,True
S02,c007,frame_000119.jpg,1190,119.0,True
S02,c007,frame_000120.jpg,1200,120.0,True
S02,c007,frame_000121.jpg,1210,121.0,True
S02,c007,frame_000122.jpg,1220,122.0,True
S02,c007,frame_000123.jpg,1230,123.0,True
S02,c007,frame_000124.jpg,1240,124.0,True
S02,c007,frame_000125.jpg,1250,125.0,True
S02,c007,frame_000126.jpg,1260,126.0,True
S02,c007,frame_000127.jpg,1270,127.0,True
S02,c007,frame_000128.jpg,1280,128.0,True
S02,c007,frame_000129.jpg,1290,129.0,True
S02,c007,frame_000130.jpg,1300,130.0,True
S02,c007,frame_000131.jpg,1310,131.0,True
S02,c007,frame_000132.jpg,1320,132.0,True
S02,c007,frame_000133.jpg,1330,133.0,True
S02,c007,frame_000134.jpg,1340,134.0,True
S02,c007,frame_000135.jpg,1350,135.0,True
S02,c007,frame_000136.jpg,1360,136.0,True
S02,c007,frame_000137.jpg,1370,137.0,True
S02,c007,frame_000138.jpg,1380,138.0,True
S02,c007,frame_000139.jpg,1390,139.0,True
S02,c007,frame_000140.jpg,1400,140.0,True
S02,c007,frame_000141.jpg,1410,141.0,True
S02,c007,frame_000142.jpg,1420,142.0,True
S02,c007,frame_000143.jpg,1430,143.0,True
S02,c007,frame_000144.jpg,1440,144.0,True
S02,c007,frame_000145.jpg,1450,145.0,True
S02,c007,frame_000146.jpg,1460,146.0,True
S02,c007,frame_000147.jpg,1470,147.0,True
S02,c007,frame_000148.jpg,1480,148.0,True
S02,c007,frame_000149.jpg,1490,149.0,True
S02,c007,frame_000150.jpg,1500,150.0,True
S02,c007,frame_000151.jpg,1510,151.0,True
S02,c007,frame_000152.jpg,1520,152.0,True
S02,c007,frame_000153.jpg,1530,153.0,True
S02,c007,frame_000154.jpg,1540,154.0,True
S02,c007,frame_000155.jpg,1550,155.0,True
S02,c007,frame_000156.jpg,1560,156.0,True
S02,c007,frame_000157.jpg,1570,157.0,True
S02,c007,frame_000158.jpg,1580,158.0,True
S02,c007,frame_000159.jpg,1590,159.0,True
S02,c007,frame_000160.jpg,1600,160.0,True
S02,c007,frame_000161.jpg,1610,161.0,True
S02,c007,frame_000162.jpg,1620,162.0,True
S02,c007,frame_000163.jpg,1630,163.0,True
S02,c007,frame_000164.jpg,1640,164.0,True
S02,c007,frame_000165.jpg,1650,165.0,True
S02,c007,frame_000166.jpg,1660,166.0,True
S02,c007,frame_000167.jpg,1670,167.0,True
S02,c007,frame_000168.jpg,1680,168.0,True
S02,c007,frame_000169.jpg,1690,169.0,True
S02,c007,frame_000170.jpg,1700,170.0,True
S02,c007,frame_000171.jpg,1710,171.0,True
S02,c007,frame_000172.jpg,1720,172.0,True
S02,c007,frame_000173.jpg,1730,173.0,True
S02,c007,frame_000174.jpg,1740,174.0,True
S02,c007,frame_000175.jpg,1750,175.0,True
S02,c007,frame_000176.jpg,1760,176.0,True
S02,c007,frame_000177.jpg,1770,177.0,True
S02,c007,frame_000178.jpg,1780,178.0,True
S02,c007,frame_000179.jpg,1790,179.0,True
S02,c007,frame_000180.jpg,1800,180.0,True
S02,c007,frame_000181.jpg,1810,181.0,True
S02,c007,frame_000182.jpg,1820,182.0,True
S02,c007,frame_000183.jpg,1830,183.0,True
S02,c007,frame_000184.jpg,1840,184.0,True
S02,c007,frame_000185.jpg,1850,185.0,True
S02,c007,frame_000186.jpg,1860,186.0,True
S02,c007,frame_000187.jpg,1870,187.0,True
S02,c007,frame_000188.jpg,1880,188.0,True
S02,c007,frame_000189.jpg,1890,189.0,True
S02,c007,frame_000190.jpg,1900,190.0,True
S02,c007,frame_000191.jpg,1910,191.0,True
S02,c007,frame_000192.jpg,1920,192.0,True
S02,c007,frame_000193.jpg,1930,193.0,True
S02,c007,frame_000194.jpg,1940,194.0,True
S02,c007,frame_000195.jpg,1950,195.0,True
S02,c007,frame_000196.jpg,1960,196.0,True
S02,c008,frame_000000.jpg,0,0.0,True
S02,c008,frame_000001.jpg,10,1.0,True
S02,c008,frame_000002.jpg,20,2.0,True
S02,c008,frame_000003.jpg,30,3.0,True
S02,c008,frame_000004.jpg,40,4.0,True
S02,c008,frame_000005.jpg,50,5.0,True
S02,c008,frame_000006.jpg,60,6.0,True
S02,c008,frame_000007.jpg,70,7.0,True
S02,c008,frame_000008.jpg,80,8.0,True
S02,c008,frame_000009.jpg,90,9.0,True
S02,c008,frame_000010.jpg,100,10.0,True
S02,c008,frame_000011.jpg,110,11.0,True
S02,c008,frame_000012.jpg,120,12.0,True
S02,c008,frame_000013.jpg,130,13.0,True
S02,c008,frame_000014.jpg,140,14.0,True
S02,c008,frame_000015.jpg,150,15.0,True
S02,c008,frame_000016.jpg,160,16.0,True
S02,c008,frame_000017.jpg,170,17.0,True
S02,c008,frame_000018.jpg,180,18.0,True
S02,c008,frame_000019.jpg,190,19.0,True
S02,c008,frame_000020.jpg,200,20.0,True
S02,c008,frame_000021.jpg,210,21.0,True
S02,c008,frame_000022.jpg,220,22.0,True
S02,c008,frame_000023.jpg,230,23.0,True
S02,c008,frame_000024.jpg,240,24.0,True
S02,c008,frame_000025.jpg,250,25.0,True
S02,c008,frame_000026.jpg,260,26.0,True
S02,c008,frame_000027.jpg,270,27.0,True
S02,c008,frame_000028.jpg,280,28.0,True
S02,c008,frame_000029.jpg,290,29.0,True
S02,c008,frame_000030.jpg,300,30.0,True
S02,c008,frame_000031.jpg,310,31.0,True
S02,c008,frame_000032.jpg,320,32.0,True
S02,c008,frame_000033.jpg,330,33.0,True
S02,c008,frame_000034.jpg,340,34.0,True
S02,c008,frame_000035.jpg,350,35.0,True
S02,c008,frame_000036.jpg,360,36.0,True
S02,c008,frame_000037.jpg,370,37.0,True
S02,c008,frame_000038.jpg,380,38.0,True
S02,c008,frame_000039.jpg,390,39.0,True
S02,c008,frame_000040.jpg,400,40.0,True
S02,c008,frame_000041.jpg,410,41.0,True
S02,c008,frame_000042.jpg,420,42.0,True
S02,c008,frame_000043.jpg,430,43.0,True
S02,c008,frame_000044.jpg,440,44.0,True
S02,c008,frame_000045.jpg,450,45.0,True
S02,c008,frame_000046.jpg,460,46.0,True
S02,c008,frame_000047.jpg,470,47.0,True
S02,c008,frame_000048.jpg,480,48.0,True
S02,c008,frame_000049.jpg,490,49.0,True
S02,c008,frame_000050.jpg,500,50.0,True
S02,c008,frame_000051.jpg,510,51.0,True
S02,c008,frame_000052.jpg,520,52.0,True
S02,c008,frame_000053.jpg,530,53.0,True
S02,c008,frame_000054.jpg,540,54.0,True
S02,c008,frame_000055.jpg,550,55.0,True
S02,c008,frame_000056.jpg,560,56.0,True
S02,c008,frame_000057.jpg,570,57.0,True
S02,c008,frame_000058.jpg,580,58.0,True
S02,c008,frame_000059.jpg,590,59.0,True
S02,c008,frame_000060.jpg,600,60.0,True
S02,c008,frame_000061.jpg,610,61.0,True
S02,c008,frame_000062.jpg,620,62.0,True
S02,c008,frame_000063.jpg,630,63.0,True
S02,c008,frame_000064.jpg,640,64.0,True
S02,c008,frame_000065.jpg,650,65.0,True
S02,c008,frame_000066.jpg,660,66.0,True
S02,c008,frame_000067.jpg,670,67.0,True
S02,c008,frame_000068.jpg,680,68.0,True
S02,c008,frame_000069.jpg,690,69.0,True
S02,c008,frame_000070.jpg,700,70.0,True
S02,c008,frame_000071.jpg,710,71.0,True
S02,c008,frame_000072.jpg,720,72.0,True
S02,c008,frame_000073.jpg,730,73.0,True
S02,c008,frame_000074.jpg,740,74.0,True
S02,c008,frame_000075.jpg,750,75.0,True
S02,c008,frame_000076.jpg,760,76.0,True
S02,c008,frame_000077.jpg,770,77.0,True
S02,c008,frame_000078.jpg,780,78.0,True
S02,c008,frame_000079.jpg,790,79.0,True
S02,c008,frame_000080.jpg,800,80.0,True
S02,c008,frame_000081.jpg,810,81.0,True
S02,c008,frame_000082.jpg,820,82.0,True
S02,c008,frame_000083.jpg,830,83.0,True
S02,c008,frame_000084.jpg,840,84.0,True
S02,c008,frame_000085.jpg,850,85.0,True
S02,c008,frame_000086.jpg,860,86.0,True
S02,c008,frame_000087.jpg,870,87.0,True
S02,c008,frame_000088.jpg,880,88.0,True
S02,c008,frame_000089.jpg,890,89.0,True
S02,c008,frame_000090.jpg,900,90.0,True
S02,c008,frame_000091.jpg,910,91.0,True
S02,c008,frame_000092.jpg,920,92.0,True
S02,c008,frame_000093.jpg,930,93.0,True
S02,c008,frame_000094.jpg,940,94.0,True
S02,c008,frame_000095.jpg,950,95.0,True
S02,c008,frame_000096.jpg,960,96.0,True
S02,c008,frame_000097.jpg,970,97.0,True
S02,c008,frame_000098.jpg,980,98.0,True
S02,c008,frame_000099.jpg,990,99.0,True
S02,c008,frame_000100.jpg,1000,100.0,True
S02,c008,frame_000101.jpg,1010,101.0,True
S02,c008,frame_000102.jpg,1020,102.0,True
S02,c008,frame_000103.jpg,1030,103.0,True
S02,c008,frame_000104.jpg,1040,104.0,True
S02,c008,frame_000105.jpg,1050,105.0,True
S02,c008,frame_000106.jpg,1060,106.0,True
S02,c008,frame_000107.jpg,1070,107.0,True
S02,c008,frame_000108.jpg,1080,108.0,True
S02,c008,frame_000109.jpg,1090,109.0,True
S02,c008,frame_000110.jpg,1100,110.0,True
S02,c008,frame_000111.jpg,1110,111.0,True
S02,c008,frame_000112.jpg,1120,112.0,True
S02,c008,frame_000113.jpg,1130,113.0,True
S02,c008,frame_000114.jpg,1140,114.0,True
S02,c008,frame_000115.jpg,1150,115.0,True
S02,c008,frame_000116.jpg,1160,116.0,True
S02,c008,frame_000117.jpg,1170,117.0,True
S02,c008,frame_000118.jpg,1180,118.0,True
S02,c008,frame_000119.jpg,1190,119.0,True
S02,c008,frame_000120.jpg,1200,120.0,True
S02,c008,frame_000121.jpg,1210,121.0,True
S02,c008,frame_000122.jpg,1220,122.0,True
S02,c008,frame_000123.jpg,1230,123.0,True
S02,c008,frame_000124.jpg,1240,124.0,True
S02,c008,frame_000125.jpg,1250,125.0,True
S02,c008,frame_000126.jpg,1260,126.0,True
S02,c008,frame_000127.jpg,1270,127.0,True
S02,c008,frame_000128.jpg,1280,128.0,True
S02,c008,frame_000129.jpg,1290,129.0,True
S02,c008,frame_000130.jpg,1300,130.0,True
S02,c008,frame_000131.jpg,1310,131.0,True
S02,c008,frame_000132.jpg,1320,132.0,True
S02,c008,frame_000133.jpg,1330,133.0,True
S02,c008,frame_000134.jpg,1340,134.0,True
S02,c008,frame_000135.jpg,1350,135.0,True
S02,c008,frame_000136.jpg,1360,136.0,True
S02,c008,frame_000137.jpg,1370,137.0,True
S02,c008,frame_000138.jpg,1380,138.0,True
S02,c008,frame_000139.jpg,1390,139.0,True
S02,c008,frame_000140.jpg,1400,140.0,True
S02,c008,frame_000141.jpg,1410,141.0,True
S02,c008,frame_000142.jpg,1420,142.0,True
S02,c008,frame_000143.jpg,1430,143.0,True
S02,c008,frame_000144.jpg,1440,144.0,True
S02,c008,frame_000145.jpg,1450,145.0,True
S02,c008,frame_000146.jpg,1460,146.0,True
S02,c008,frame_000147.jpg,1470,147.0,True
S02,c008,frame_000148.jpg,1480,148.0,True
S02,c008,frame_000149.jpg,1490,149.0,True
S02,c008,frame_000150.jpg,1500,150.0,True
S02,c008,frame_000151.jpg,1510,151.0,True
S02,c008,frame_000152.jpg,1520,152.0,True
S02,c008,frame_000153.jpg,1530,153.0,True
S02,c008,frame_000154.jpg,1540,154.0,True
S02,c008,frame_000155.jpg,1550,155.0,True
S02,c008,frame_000156.jpg,1560,156.0,True
S02,c008,frame_000157.jpg,1570,157.0,True
S02,c008,frame_000158.jpg,1580,158.0,True
S02,c008,frame_000159.jpg,1590,159.0,True
S02,c008,frame_000160.jpg,1600,160.0,True
S02,c008,frame_000161.jpg,1610,161.0,True
S02,c008,frame_000162.jpg,1620,162.0,True
S02,c008,frame_000163.jpg,1630,163.0,True
S02,c008,frame_000164.jpg,1640,164.0,True
S02,c008,frame_000165.jpg,1650,165.0,True
S02,c008,frame_000166.jpg,1660,166.0,True
S02,c008,frame_000167.jpg,1670,167.0,True
S02,c008,frame_000168.jpg,1680,168.0,True
S02,c008,frame_000169.jpg,1690,169.0,True
S02,c008,frame_000170.jpg,1700,170.0,True
S02,c008,frame_000171.jpg,1710,171.0,True
S02,c008,frame_000172.jpg,1720,172.0,True
S02,c008,frame_000173.jpg,1730,173.0,True
S02,c008,frame_000174.jpg,1740,174.0,True
S02,c008,frame_000175.jpg,1750,175.0,True
S02,c008,frame_000176.jpg,1760,176.0,True
S02,c008,frame_000177.jpg,1770,177.0,True
S02,c008,frame_000178.jpg,1780,178.0,True
S02,c008,frame_000179.jpg,1790,179.0,True
S02,c008,frame_000180.jpg,1800,180.0,True
S02,c008,frame_000181.jpg,1810,181.0,True
S02,c008,frame_000182.jpg,1820,182.0,True
S02,c008,frame_000183.jpg,1830,183.0,True
S02,c008,frame_000184.jpg,1840,184.0,True
S02,c008,frame_000185.jpg,1850,185.0,True
S02,c008,frame_000186.jpg,1860,186.0,True
S02,c008,frame_000187.jpg,1870,187.0,True
S02,c008,frame_000188.jpg,1880,188.0,True
S02,c008,frame_000189.jpg,1890,189.0,True
S02,c008,frame_000190.jpg,1900,190.0,True
S02,c008,frame_000191.jpg,1910,191.0,True
S02,c008,frame_000192.jpg,1920,192.0,True
S02,c009,frame_000000.jpg,0,0.0,True
S02,c009,frame_000001.jpg,10,1.0,True
S02,c009,frame_000002.jpg,20,2.0,True
S02,c009,frame_000003.jpg,30,3.0,True
S02,c009,frame_000004.jpg,40,4.0,True
S02,c009,frame_000005.jpg,50,5.0,True
S02,c009,frame_000006.jpg,60,6.0,True
S02,c009,frame_000007.jpg,70,7.0,True
S02,c009,frame_000008.jpg,80,8.0,True
S02,c009,frame_000009.jpg,90,9.0,True
S02,c009,frame_000010.jpg,100,10.0,True
S02,c009,frame_000011.jpg,110,11.0,True
S02,c009,frame_000012.jpg,120,12.0,True
S02,c009,frame_000013.jpg,130,13.0,True
S02,c009,frame_000014.jpg,140,14.0,True
S02,c009,frame_000015.jpg,150,15.0,True
S02,c009,frame_000016.jpg,160,16.0,True
S02,c009,frame_000017.jpg,170,17.0,True
S02,c009,frame_000018.jpg,180,18.0,True
S02,c009,frame_000019.jpg,190,19.0,True
S02,c009,frame_000020.jpg,200,20.0,True
S02,c009,frame_000021.jpg,210,21.0,True
S02,c009,frame_000022.jpg,220,22.0,True
S02,c009,frame_000023.jpg,230,23.0,True
S02,c009,frame_000024.jpg,240,24.0,True
S02,c009,frame_000025.jpg,250,25.0,True
S02,c009,frame_000026.jpg,260,26.0,True
S02,c009,frame_000027.jpg,270,27.0,True
S02,c009,frame_000028.jpg,280,28.0,True
S02,c009,frame_000029.jpg,290,29.0,True
S02,c009,frame_000030.jpg,300,30.0,True
S02,c009,frame_000031.jpg,310,31.0,True
S02,c009,frame_000032.jpg,320,32.0,True
S02,c009,frame_000033.jpg,330,33.0,True
S02,c009,frame_000034.jpg,340,34.0,True
S02,c009,frame_000035.jpg,350,35.0,True
S02,c009,frame_000036.jpg,360,36.0,True
S02,c009,frame_000037.jpg,370,37.0,True
S02,c009,frame_000038.jpg,380,38.0,True
S02,c009,frame_000039.jpg,390,39.0,True
S02,c009,frame_000040.jpg,400,40.0,True
S02,c009,frame_000041.jpg,410,41.0,True
S02,c009,frame_000042.jpg,420,42.0,True
S02,c009,frame_000043.jpg,430,43.0,True
S02,c009,frame_000044.jpg,440,44.0,True
S02,c009,frame_000045.jpg,450,45.0,True
S02,c009,frame_000046.jpg,460,46.0,True
S02,c009,frame_000047.jpg,470,47.0,True
S02,c009,frame_000048.jpg,480,48.0,True
S02,c009,frame_000049.jpg,490,49.0,True
S02,c009,frame_000050.jpg,500,50.0,True
S02,c009,frame_000051.jpg,510,51.0,True
S02,c009,frame_000052.jpg,520,52.0,True
S02,c009,frame_000053.jpg,530,53.0,True
S02,c009,frame_000054.jpg,540,54.0,True
S02,c009,frame_000055.jpg,550,55.0,True
S02,c009,frame_000056.jpg,560,56.0,True
S02,c009,frame_000057.jpg,570,57.0,True
S02,c009,frame_000058.jpg,580,58.0,True
S02,c009,frame_000059.jpg,590,59.0,True
S02,c009,frame_000060.jpg,600,60.0,True
S02,c009,frame_000061.jpg,610,61.0,True
S02,c009,frame_000062.jpg,620,62.0,True
S02,c009,frame_000063.jpg,630,63.0,True
S02,c009,frame_000064.jpg,640,64.0,True
S02,c009,frame_000065.jpg,650,65.0,True
S02,c009,frame_000066.jpg,660,66.0,True
S02,c009,frame_000067.jpg,670,67.0,True
S02,c009,frame_000068.jpg,680,68.0,True
S02,c009,frame_000069.jpg,690,69.0,True
S02,c009,frame_000070.jpg,700,70.0,True
S02,c009,frame_000071.jpg,710,71.0,True
S02,c009,frame_000072.jpg,720,72.0,True
S02,c009,frame_000073.jpg,730,73.0,True
S02,c009,frame_000074.jpg,740,74.0,True
S02,c009,frame_000075.jpg,750,75.0,True
S02,c009,frame_000076.jpg,760,76.0,True
S02,c009,frame_000077.jpg,770,77.0,True
S02,c009,frame_000078.jpg,780,78.0,True
S02,c009,frame_000079.jpg,790,79.0,True
S02,c009,frame_000080.jpg,800,80.0,True
S02,c009,frame_000081.jpg,810,81.0,True
S02,c009,frame_000082.jpg,820,82.0,True
S02,c009,frame_000083.jpg,830,83.0,True
S02,c009,frame_000084.jpg,840,84.0,True
S02,c009,frame_000085.jpg,850,85.0,True
S02,c009,frame_000086.jpg,860,86.0,True
S02,c009,frame_000087.jpg,870,87.0,True
S02,c009,frame_000088.jpg,880,88.0,True
S02,c009,frame_000089.jpg,890,89.0,True
S02,c009,frame_000090.jpg,900,90.0,True
S02,c009,frame_000091.jpg,910,91.0,True
S02,c009,frame_000092.jpg,920,92.0,True
S02,c009,frame_000093.jpg,930,93.0,True
S02,c009,frame_000094.jpg,940,94.0,True
S02,c009,frame_000095.jpg,950,95.0,True
S02,c009,frame_000096.jpg,960,96.0,True
S02,c009,frame_000097.jpg,970,97.0,True
S02,c009,frame_000098.jpg,980,98.0,True
S02,c009,frame_000099.jpg,990,99.0,True
S02,c009,frame_000100.jpg,1000,100.0,True
S02,c009,frame_000101.jpg,1010,101.0,True
S02,c009,frame_000102.jpg,1020,102.0,True
S02,c009,frame_000103.jpg,1030,103.0,True
S02,c009,frame_000104.jpg,1040,104.0,True
S02,c009,frame_000105.jpg,1050,105.0,True
S02,c009,frame_000106.jpg,1060,106.0,True
S02,c009,frame_000107.jpg,1070,107.0,True
S02,c009,frame_000108.jpg,1080,108.0,True
S02,c009,frame_000109.jpg,1090,109.0,True
S02,c009,frame_000110.jpg,1100,110.0,True
S02,c009,frame_000111.jpg,1110,111.0,True
S02,c009,frame_000112.jpg,1120,112.0,True
S02,c009,frame_000113.jpg,1130,113.0,True
S02,c009,frame_000114.jpg,1140,114.0,True
S02,c009,frame_000115.jpg,1150,115.0,True
S02,c009,frame_000116.jpg,1160,116.0,True
S02,c009,frame_000117.jpg,1170,117.0,True
S02,c009,frame_000118.jpg,1180,118.0,True
S02,c009,frame_000119.jpg,1190,119.0,True
S02,c009,frame_000120.jpg,1200,120.0,True
S02,c009,frame_000121.jpg,1210,121.0,True
S02,c009,frame_000122.jpg,1220,122.0,True
S02,c009,frame_000123.jpg,1230,123.0,True
S02,c009,frame_000124.jpg,1240,124.0,True
S02,c009,frame_000125.jpg,1250,125.0,True
S02,c009,frame_000126.jpg,1260,126.0,True
S02,c009,frame_000127.jpg,1270,127.0,True
S02,c009,frame_000128.jpg,1280,128.0,True
S02,c009,frame_000129.jpg,1290,129.0,True
S02,c009,frame_000130.jpg,1300,130.0,True
S02,c009,frame_000131.jpg,1310,131.0,True
S02,c009,frame_000132.jpg,1320,132.0,True
S02,c009,frame_000133.jpg,1330,133.0,True
S02,c009,frame_000134.jpg,1340,134.0,True
S02,c009,frame_000135.jpg,1350,135.0,True
S02,c009,frame_000136.jpg,1360,136.0,True
S02,c009,frame_000137.jpg,1370,137.0,True
S02,c009,frame_000138.jpg,1380,138.0,True
S02,c009,frame_000139.jpg,1390,139.0,True
S02,c009,frame_000140.jpg,1400,140.0,True
S02,c009,frame_000141.jpg,1410,141.0,True
S02,c009,frame_000142.jpg,1420,142.0,True
S02,c009,frame_000143.jpg,1430,143.0,True
S02,c009,frame_000144.jpg,1440,144.0,True
S02,c009,frame_000145.jpg,1450,145.0,True
S02,c009,frame_000146.jpg,1460,146.0,True
S02,c009,frame_000147.jpg,1470,147.0,True
S02,c009,frame_000148.jpg,1480,148.0,True
S02,c009,frame_000149.jpg,1490,149.0,True
S02,c009,frame_000150.jpg,1500,150.0,True
S02,c009,frame_000151.jpg,1510,151.0,True
S02,c009,frame_000152.jpg,1520,152.0,True
S02,c009,frame_000153.jpg,1530,153.0,True
S02,c009,frame_000154.jpg,1540,154.0,True
S02,c009,frame_000155.jpg,1550,155.0,True
S02,c009,frame_000156.jpg,1560,156.0,True
S02,c009,frame_000157.jpg,1570,157.0,True
S02,c009,frame_000158.jpg,1580,158.0,True
S02,c009,frame_000159.jpg,1590,159.0,True
S02,c009,frame_000160.jpg,1600,160.0,True
S02,c009,frame_000161.jpg,1610,161.0,True
S02,c009,frame_000162.jpg,1620,162.0,True
S02,c009,frame_000163.jpg,1630,163.0,True
S02,c009,frame_000164.jpg,1640,164.0,True
S02,c009,frame_000165.jpg,1650,165.0,True
S02,c009,frame_000166.jpg,1660,166.0,True
S02,c009,frame_000167.jpg,1670,167.0,True
S02,c009,frame_000168.jpg,1680,168.0,True
S02,c009,frame_000169.jpg,1690,169.0,True
S02,c009,frame_000170.jpg,1700,170.0,True
S02,c009,frame_000171.jpg,1710,171.0,True
S02,c009,frame_000172.jpg,1720,172.0,True
S02,c009,frame_000173.jpg,1730,173.0,True
S02,c009,frame_000174.jpg,1740,174.0,True
S02,c009,frame_000175.jpg,1750,175.0,True
S02,c009,frame_000176.jpg,1760,176.0,True
S02,c009,frame_000177.jpg,1770,177.0,True
S02,c009,frame_000178.jpg,1780,178.0,True
S02,c009,frame_000179.jpg,1790,179.0,True
S02,c009,frame_000180.jpg,1800,180.0,True
S02,c009,frame_000181.jpg,1810,181.0,True
S02,c009,frame_000182.jpg,1820,182.0,True
S02,c009,frame_000183.jpg,1830,183.0,True
S02,c009,frame_000184.jpg,1840,184.0,True
S02,c009,frame_000185.jpg,1850,185.0,True
S02,c009,frame_000186.jpg,1860,186.0,True
S02,c009,frame_000187.jpg,1870,187.0,True
S02,c009,frame_000188.jpg,1880,188.0,True
S02,c009,frame_000189.jpg,1890,189.0,True
S02,c009,frame_000190.jpg,1900,190.0,True
S02,c009,frame_000191.jpg,1910,191.0,True
S02,c009,frame_000192.jpg,1920,192.0,True
S02,c009,frame_000193.jpg,1930,193.0,True
S02,c009,frame_000194.jpg,1940,194.0,True
S02,c009,frame_000195.jpg,1950,195.0,True
S02,c009,frame_000196.jpg,1960,196.0,True
S02,c009,frame_000197.jpg,1970,197.0,True
S02,c009,frame_000198.jpg,1980,198.0,True
S02,c009,frame_000199.jpg,1990,199.0,True
S02,c009,frame_000200.jpg,2000,200.0,True
S02,c009,frame_000201.jpg,2010,201.0,True
S02,c009,frame_000202.jpg,2020,202.0,True
S02,c009,frame_000203.jpg,2030,203.0,True
S02,c009,frame_000204.jpg,2040,204.0,True
S02,c009,frame_000205.jpg,2050,205.0,True
S02,c009,frame_000206.jpg,2060,206.0,True
S02,c009,frame_000207.jpg,2070,207.0,True
S02,c009,frame_000208.jpg,2080,208.0,True
S02,c009,frame_000209.jpg,2090,209.0,True
S02,c009,frame_000210.jpg,2100,210.0,True
S05,c010,frame_000000.jpg,0,0.0,True
S05,c010,frame_000001.jpg,10,1.0,True
S05,c010,frame_000002.jpg,20,2.0,True
S05,c010,frame_000003.jpg,30,3.0,True
S05,c010,frame_000004.jpg,40,4.0,True
S05,c010,frame_000005.jpg,50,5.0,True
S05,c010,frame_000006.jpg,60,6.0,True
S05,c010,frame_000007.jpg,70,7.0,True
S05,c010,frame_000008.jpg,80,8.0,True
S05,c010,frame_000009.jpg,90,9.0,True
S05,c010,frame_000010.jpg,100,10.0,True
S05,c010,frame_000011.jpg,110,11.0,True
S05,c010,frame_000012.jpg,120,12.0,True
S05,c010,frame_000013.jpg,130,13.0,True
S05,c010,frame_000014.jpg,140,14.0,True
S05,c010,frame_000015.jpg,150,15.0,True
S05,c010,frame_000016.jpg,160,16.0,True
S05,c010,frame_000017.jpg,170,17.0,True
S05,c010,frame_000018.jpg,180,18.0,True
S05,c010,frame_000019.jpg,190,19.0,True
S05,c010,frame_000020.jpg,200,20.0,True
S05,c010,frame_000021.jpg,210,21.0,True
S05,c010,frame_000022.jpg,220,22.0,True
S05,c010,frame_000023.jpg,230,23.0,True
S05,c010,frame_000024.jpg,240,24.0,True
S05,c010,frame_000025.jpg,250,25.0,True
S05,c010,frame_000026.jpg,260,26.0,True
S05,c010,frame_000027.jpg,270,27.0,True
S05,c010,frame_000028.jpg,280,28.0,True
S05,c010,frame_000029.jpg,290,29.0,True
S05,c010,frame_000030.jpg,300,30.0,True
S05,c010,frame_000031.jpg,310,31.0,True
S05,c010,frame_000032.jpg,320,32.0,True
S05,c010,frame_000033.jpg,330,33.0,True
S05,c010,frame_000034.jpg,340,34.0,True
S05,c010,frame_000035.jpg,350,35.0,True
S05,c010,frame_000036.jpg,360,36.0,True
S05,c010,frame_000037.jpg,370,37.0,True
S05,c010,frame_000038.jpg,380,38.0,True
S05,c010,frame_000039.jpg,390,39.0,True
S05,c010,frame_000040.jpg,400,40.0,True
S05,c010,frame_000041.jpg,410,41.0,True
S05,c010,frame_000042.jpg,420,42.0,True
S05,c010,frame_000043.jpg,430,43.0,True
S05,c010,frame_000044.jpg,440,44.0,True
S05,c010,frame_000045.jpg,450,45.0,True
S05,c010,frame_000046.jpg,460,46.0,True
S05,c010,frame_000047.jpg,470,47.0,True
S05,c010,frame_000048.jpg,480,48.0,True
S05,c010,frame_000049.jpg,490,49.0,True
S05,c010,frame_000050.jpg,500,50.0,True
S05,c010,frame_000051.jpg,510,51.0,True
S05,c010,frame_000052.jpg,520,52.0,True
S05,c010,frame_000053.jpg,530,53.0,True
S05,c010,frame_000054.jpg,540,54.0,True
S05,c010,frame_000055.jpg,550,55.0,True
S05,c010,frame_000056.jpg,560,56.0,True
S05,c010,frame_000057.jpg,570,57.0,True
S05,c010,frame_000058.jpg,580,58.0,True
S05,c010,frame_000059.jpg,590,59.0,True
S05,c010,frame_000060.jpg,600,60.0,True
S05,c010,frame_000061.jpg,610,61.0,True
S05,c010,frame_000062.jpg,620,62.0,True
S05,c010,frame_000063.jpg,630,63.0,True
S05,c010,frame_000064.jpg,640,64.0,True
S05,c010,frame_000065.jpg,650,65.0,True
S05,c010,frame_000066.jpg,660,66.0,True
S05,c010,frame_000067.jpg,670,67.0,True
S05,c010,frame_000068.jpg,680,68.0,True
S05,c010,frame_000069.jpg,690,69.0,True
S05,c010,frame_000070.jpg,700,70.0,True
S05,c010,frame_000071.jpg,710,71.0,True
S05,c010,frame_000072.jpg,720,72.0,True
S05,c010,frame_000073.jpg,730,73.0,True
S05,c010,frame_000074.jpg,740,74.0,True
S05,c010,frame_000075.jpg,750,75.0,True
S05,c010,frame_000076.jpg,760,76.0,True
S05,c010,frame_000077.jpg,770,77.0,True
S05,c010,frame_000078.jpg,780,78.0,True
S05,c010,frame_000079.jpg,790,79.0,True
S05,c010,frame_000080.jpg,800,80.0,True
S05,c010,frame_000081.jpg,810,81.0,True
S05,c010,frame_000082.jpg,820,82.0,True
S05,c010,frame_000083.jpg,830,83.0,True
S05,c010,frame_000084.jpg,840,84.0,True
S05,c010,frame_000085.jpg,850,85.0,True
S05,c010,frame_000086.jpg,860,86.0,True
S05,c010,frame_000087.jpg,870,87.0,True
S05,c010,frame_000088.jpg,880,88.0,True
S05,c010,frame_000089.jpg,890,89.0,True
S05,c010,frame_000090.jpg,900,90.0,True
S05,c010,frame_000091.jpg,910,91.0,True
S05,c010,frame_000092.jpg,920,92.0,True
S05,c010,frame_000093.jpg,930,93.0,True
S05,c010,frame_000094.jpg,940,94.0,True
S05,c010,frame_000095.jpg,950,95.0,True
S05,c010,frame_000096.jpg,960,96.0,True
S05,c010,frame_000097.jpg,970,97.0,True
S05,c010,frame_000098.jpg,980,98.0,True
S05,c010,frame_000099.jpg,990,99.0,True
S05,c010,frame_000100.jpg,1000,100.0,True
S05,c010,frame_000101.jpg,1010,101.0,True
S05,c010,frame_000102.jpg,1020,102.0,True
S05,c010,frame_000103.jpg,1030,103.0,True
S05,c010,frame_000104.jpg,1040,104.0,True
S05,c010,frame_000105.jpg,1050,105.0,True
S05,c010,frame_000106.jpg,1060,106.0,True
S05,c010,frame_000107.jpg,1070,107.0,True
S05,c010,frame_000108.jpg,1080,108.0,True
S05,c010,frame_000109.jpg,1090,109.0,True
S05,c010,frame_000110.jpg,1100,110.0,True
S05,c010,frame_000111.jpg,1110,111.0,True
S05,c010,frame_000112.jpg,1120,112.0,True
S05,c010,frame_000113.jpg,1130,113.0,True
S05,c010,frame_000114.jpg,1140,114.0,True
S05,c010,frame_000115.jpg,1150,115.0,True
S05,c010,frame_000116.jpg,1160,116.0,True
S05,c010,frame_000117.jpg,1170,117.0,True
S05,c010,frame_000118.jpg,1180,118.0,True
S05,c010,frame_000119.jpg,1190,119.0,True
S05,c010,frame_000120.jpg,1200,120.0,True
S05,c010,frame_000121.jpg,1210,121.0,True
S05,c010,frame_000122.jpg,1220,122.0,True
S05,c010,frame_000123.jpg,1230,123.0,True
S05,c010,frame_000124.jpg,1240,124.0,True
S05,c010,frame_000125.jpg,1250,125.0,True
S05,c010,frame_000126.jpg,1260,126.0,True
S05,c010,frame_000127.jpg,1270,127.0,True
S05,c010,frame_000128.jpg,1280,128.0,True
S05,c010,frame_000129.jpg,1290,129.0,True
S05,c010,frame_000130.jpg,1300,130.0,True
S05,c010,frame_000131.jpg,1310,131.0,True
S05,c010,frame_000132.jpg,1320,132.0,True
S05,c010,frame_000133.jpg,1330,133.0,True
S05,c010,frame_000134.jpg,1340,134.0,True
S05,c010,frame_000135.jpg,1350,135.0,True
S05,c010,frame_000136.jpg,1360,136.0,True
S05,c010,frame_000137.jpg,1370,137.0,True
S05,c010,frame_000138.jpg,1380,138.0,True
S05,c010,frame_000139.jpg,1390,139.0,True
S05,c010,frame_000140.jpg,1400,140.0,True
S05,c010,frame_000141.jpg,1410,141.0,True
S05,c010,frame_000142.jpg,1420,142.0,True
S05,c010,frame_000143.jpg,1430,143.0,True
S05,c010,frame_000144.jpg,1440,144.0,True
S05,c010,frame_000145.jpg,1450,145.0,True
S05,c010,frame_000146.jpg,1460,146.0,True
S05,c010,frame_000147.jpg,1470,147.0,True
S05,c010,frame_000148.jpg,1480,148.0,True
S05,c010,frame_000149.jpg,1490,149.0,True
S05,c010,frame_000150.jpg,1500,150.0,True
S05,c010,frame_000151.jpg,1510,151.0,True
S05,c010,frame_000152.jpg,1520,152.0,True
S05,c010,frame_000153.jpg,1530,153.0,True
S05,c010,frame_000154.jpg,1540,154.0,True
S05,c010,frame_000155.jpg,1550,155.0,True
S05,c010,frame_000156.jpg,1560,156.0,True
S05,c010,frame_000157.jpg,1570,157.0,True
S05,c010,frame_000158.jpg,1580,158.0,True
S05,c010,frame_000159.jpg,1590,159.0,True
S05,c010,frame_000160.jpg,1600,160.0,True
S05,c010,frame_000161.jpg,1610,161.0,True
S05,c010,frame_000162.jpg,1620,162.0,True
S05,c010,frame_000163.jpg,1630,163.0,True
S05,c010,frame_000164.jpg,1640,164.0,True
S05,c010,frame_000165.jpg,1650,165.0,True
S05,c010,frame_000166.jpg,1660,166.0,True
S05,c010,frame_000167.jpg,1670,167.0,True
S05,c010,frame_000168.jpg,1680,168.0,True
S05,c010,frame_000169.jpg,1690,169.0,True
S05,c010,frame_000170.jpg,1700,170.0,True
S05,c010,frame_000171.jpg,1710,171.0,True
S05,c010,frame_000172.jpg,1720,172.0,True
S05,c010,frame_000173.jpg,1730,173.0,True
S05,c010,frame_000174.jpg,1740,174.0,True
S05,c010,frame_000175.jpg,1750,175.0,True
S05,c010,frame_000176.jpg,1760,176.0,True
S05,c010,frame_000177.jpg,1770,177.0,True
S05,c010,frame_000178.jpg,1780,178.0,True
S05,c010,frame_000179.jpg,1790,179.0,True
S05,c010,frame_000180.jpg,1800,180.0,True
S05,c010,frame_000181.jpg,1810,181.0,True
S05,c010,frame_000182.jpg,1820,182.0,True
S05,c010,frame_000183.jpg,1830,183.0,True
S05,c010,frame_000184.jpg,1840,184.0,True
S05,c010,frame_000185.jpg,1850,185.0,True
S05,c010,frame_000186.jpg,1860,186.0,True
S05,c010,frame_000187.jpg,1870,187.0,True
S05,c010,frame_000188.jpg,1880,188.0,True
S05,c010,frame_000189.jpg,1890,189.0,True
S05,c010,frame_000190.jpg,1900,190.0,True
S05,c010,frame_000191.jpg,1910,191.0,True
S05,c010,frame_000192.jpg,1920,192.0,True
S05,c010,frame_000193.jpg,1930,193.0,True
S05,c010,frame_000194.jpg,1940,194.0,True
S05,c010,frame_000195.jpg,1950,195.0,True
S05,c010,frame_000196.jpg,1960,196.0,True
S05,c010,frame_000197.jpg,1970,197.0,True
S05,c010,frame_000198.jpg,1980,198.0,True
S05,c010,frame_000199.jpg,1990,199.0,True
S05,c010,frame_000200.jpg,2000,200.0,True
S05,c010,frame_000201.jpg,2010,201.0,True
S05,c010,frame_000202.jpg,2020,202.0,True
S05,c010,frame_000203.jpg,2030,203.0,True
S05,c010,frame_000204.jpg,2040,204.0,True
S05,c010,frame_000205.jpg,2050,205.0,True
S05,c010,frame_000206.jpg,2060,206.0,True
S05,c010,frame_000207.jpg,2070,207.0,True
S05,c010,frame_000208.jpg,2080,208.0,True
S05,c010,frame_000209.jpg,2090,209.0,True
S05,c010,frame_000210.jpg,2100,210.0,True
S05,c010,frame_000211.jpg,2110,211.0,True
S05,c010,frame_000212.jpg,2120,212.0,True
S05,c010,frame_000213.jpg,2130,213.0,True
S05,c010,frame_000214.jpg,2140,214.0,True
S05,c010,frame_000215.jpg,2150,215.0,True
S05,c010,frame_000216.jpg,2160,216.0,True
S05,c010,frame_000217.jpg,2170,217.0,True
S05,c010,frame_000218.jpg,2180,218.0,True
S05,c010,frame_000219.jpg,2190,219.0,True
S05,c010,frame_000220.jpg,2200,220.0,True
S05,c010,frame_000221.jpg,2210,221.0,True
S05,c010,frame_000222.jpg,2220,222.0,True
S05,c010,frame_000223.jpg,2230,223.0,True
S05,c010,frame_000224.jpg,2240,224.0,True
S05,c010,frame_000225.jpg,2250,225.0,True
S05,c010,frame_000226.jpg,2260,226.0,True
S05,c010,frame_000227.jpg,2270,227.0,True
S05,c010,frame_000228.jpg,2280,228.0,True
S05,c010,frame_000229.jpg,2290,229.0,True
S05,c010,frame_000230.jpg,2300,230.0,True
S05,c010,frame_000231.jpg,2310,231.0,True
S05,c010,frame_000232.jpg,2320,232.0,True
S05,c010,frame_000233.jpg,2330,233.0,True
S05,c010,frame_000234.jpg,2340,234.0,True
S05,c010,frame_000235.jpg,2350,235.0,True
S05,c010,frame_000236.jpg,2360,236.0,True
S05,c010,frame_000237.jpg,2370,237.0,True
S05,c010,frame_000238.jpg,2380,238.0,True
S05,c010,frame_000239.jpg,2390,239.0,True
S05,c010,frame_000240.jpg,2400,240.0,True
S05,c010,frame_000241.jpg,2410,241.0,True
S05,c010,frame_000242.jpg,2420,242.0,True
S05,c010,frame_000243.jpg,2430,243.0,True
S05,c010,frame_000244.jpg,2440,244.0,True
S05,c010,frame_000245.jpg,2450,245.0,True
S05,c010,frame_000246.jpg,2460,246.0,True
S05,c010,frame_000247.jpg,2470,247.0,True
S05,c010,frame_000248.jpg,2480,248.0,True
S05,c010,frame_000249.jpg,2490,249.0,True
S05,c010,frame_000250.jpg,2500,250.0,True
S05,c010,frame_000251.jpg,2510,251.0,True
S05,c010,frame_000252.jpg,2520,252.0,True
S05,c010,frame_000253.jpg,2530,253.0,True
S05,c010,frame_000254.jpg,2540,254.0,True
S05,c010,frame_000255.jpg,2550,255.0,True
S05,c010,frame_000256.jpg,2560,256.0,True
S05,c010,frame_000257.jpg,2570,257.0,True
S05,c010,frame_000258.jpg,2580,258.0,True
S05,c010,frame_000259.jpg,2590,259.0,True
S05,c010,frame_000260.jpg,2600,260.0,True
S05,c010,frame_000261.jpg,2610,261.0,True
S05,c010,frame_000262.jpg,2620,262.0,True
S05,c010,frame_000263.jpg,2630,263.0,True
S05,c010,frame_000264.jpg,2640,264.0,True
S05,c010,frame_000265.jpg,2650,265.0,True
S05,c010,frame_000266.jpg,2660,266.0,True
S05,c010,frame_000267.jpg,2670,267.0,True
S05,c010,frame_000268.jpg,2680,268.0,True
S05,c010,frame_000269.jpg,2690,269.0,True
S05,c010,frame_000270.jpg,2700,270.0,True
S05,c010,frame_000271.jpg,2710,271.0,True
S05,c010,frame_000272.jpg,2720,272.0,True
S05,c010,frame_000273.jpg,2730,273.0,True
S05,c010,frame_000274.jpg,2740,274.0,True
S05,c010,frame_000275.jpg,2750,275.0,True
S05,c010,frame_000276.jpg,2760,276.0,True
S05,c010,frame_000277.jpg,2770,277.0,True
S05,c010,frame_000278.jpg,2780,278.0,True
S05,c010,frame_000279.jpg,2790,279.0,True
S05,c010,frame_000280.jpg,2800,280.0,True
S05,c010,frame_000281.jpg,2810,281.0,True
S05,c010,frame_000282.jpg,2820,282.0,True
S05,c010,frame_000283.jpg,2830,283.0,True
S05,c010,frame_000284.jpg,2840,284.0,True
S05,c010,frame_000285.jpg,2850,285.0,True
S05,c010,frame_000286.jpg,2860,286.0,True
S05,c010,frame_000287.jpg,2870,287.0,True
S05,c010,frame_000288.jpg,2880,288.0,True
S05,c010,frame_000289.jpg,2890,289.0,True
S05,c010,frame_000290.jpg,2900,290.0,True
S05,c010,frame_000291.jpg,2910,291.0,True
S05,c010,frame_000292.jpg,2920,292.0,True
S05,c010,frame_000293.jpg,2930,293.0,True
S05,c010,frame_000294.jpg,2940,294.0,True
S05,c010,frame_000295.jpg,2950,295.0,True
S05,c010,frame_000296.jpg,2960,296.0,True
S05,c010,frame_000297.jpg,2970,297.0,True
S05,c010,frame_000298.jpg,2980,298.0,True
S05,c010,frame_000299.jpg,2990,299.0,True
S05,c010,frame_000300.jpg,3000,300.0,True
S05,c010,frame_000301.jpg,3010,301.0,True
S05,c010,frame_000302.jpg,3020,302.0,True
S05,c010,frame_000303.jpg,3030,303.0,True
S05,c010,frame_000304.jpg,3040,304.0,True
S05,c010,frame_000305.jpg,3050,305.0,True
S05,c010,frame_000306.jpg,3060,306.0,True
S05,c010,frame_000307.jpg,3070,307.0,True
S05,c010,frame_000308.jpg,3080,308.0,True
S05,c010,frame_000309.jpg,3090,309.0,True
S05,c010,frame_000310.jpg,3100,310.0,True
S05,c010,frame_000311.jpg,3110,311.0,True
S05,c010,frame_000312.jpg,3120,312.0,True
S05,c010,frame_000313.jpg,3130,313.0,True
S05,c010,frame_000314.jpg,3140,314.0,True
S05,c010,frame_000315.jpg,3150,315.0,True
S05,c010,frame_000316.jpg,3160,316.0,True
S05,c010,frame_000317.jpg,3170,317.0,True
S05,c010,frame_000318.jpg,3180,318.0,True
S05,c010,frame_000319.jpg,3190,319.0,True
S05,c010,frame_000320.jpg,3200,320.0,True
S05,c010,frame_000321.jpg,3210,321.0,True
S05,c010,frame_000322.jpg,3220,322.0,True
S05,c010,frame_000323.jpg,3230,323.0,True
S05,c010,frame_000324.jpg,3240,324.0,True
S05,c010,frame_000325.jpg,3250,325.0,True
S05,c010,frame_000326.jpg,3260,326.0,True
S05,c010,frame_000327.jpg,3270,327.0,True
S05,c010,frame_000328.jpg,3280,328.0,True
S05,c010,frame_000329.jpg,3290,329.0,True
S05,c010,frame_000330.jpg,3300,330.0,True
S05,c010,frame_000331.jpg,3310,331.0,True
S05,c010,frame_000332.jpg,3320,332.0,True
S05,c010,frame_000333.jpg,3330,333.0,True
S05,c010,frame_000334.jpg,3340,334.0,True
S05,c010,frame_000335.jpg,3350,335.0,True
S05,c010,frame_000336.jpg,3360,336.0,True
S05,c010,frame_000337.jpg,3370,337.0,True
S05,c010,frame_000338.jpg,3380,338.0,True
S05,c010,frame_000339.jpg,3390,339.0,True
S05,c010,frame_000340.jpg,3400,340.0,True
S05,c010,frame_000341.jpg,3410,341.0,True
S05,c010,frame_000342.jpg,3420,342.0,True
S05,c010,frame_000343.jpg,3430,343.0,True
S05,c010,frame_000344.jpg,3440,344.0,True
S05,c010,frame_000345.jpg,3450,345.0,True
S05,c010,frame_000346.jpg,3460,346.0,True
S05,c010,frame_000347.jpg,3470,347.0,True
S05,c010,frame_000348.jpg,3480,348.0,True
S05,c010,frame_000349.jpg,3490,349.0,True
S05,c010,frame_000350.jpg,3500,350.0,True
S05,c010,frame_000351.jpg,3510,351.0,True
S05,c010,frame_000352.jpg,3520,352.0,True
S05,c010,frame_000353.jpg,3530,353.0,True
S05,c010,frame_000354.jpg,3540,354.0,True
S05,c010,frame_000355.jpg,3550,355.0,True
S05,c010,frame_000356.jpg,3560,356.0,True
S05,c010,frame_000357.jpg,3570,357.0,True
S05,c010,frame_000358.jpg,3580,358.0,True
S05,c010,frame_000359.jpg,3590,359.0,True
S05,c010,frame_000360.jpg,3600,360.0,True
S05,c010,frame_000361.jpg,3610,361.0,True
S05,c010,frame_000362.jpg,3620,362.0,True
S05,c010,frame_000363.jpg,3630,363.0,True
S05,c010,frame_000364.jpg,3640,364.0,True
S05,c010,frame_000365.jpg,3650,365.0,True
S05,c010,frame_000366.jpg,3660,366.0,True
S05,c010,frame_000367.jpg,3670,367.0,True
S05,c010,frame_000368.jpg,3680,368.0,True
S05,c010,frame_000369.jpg,3690,369.0,True
S05,c010,frame_000370.jpg,3700,370.0,True
S05,c010,frame_000371.jpg,3710,371.0,True
S05,c010,frame_000372.jpg,3720,372.0,True
S05,c010,frame_000373.jpg,3730,373.0,True
S05,c010,frame_000374.jpg,3740,374.0,True
S05,c010,frame_000375.jpg,3750,375.0,True
S05,c010,frame_000376.jpg,3760,376.0,True
S05,c010,frame_000377.jpg,3770,377.0,True
S05,c010,frame_000378.jpg,3780,378.0,True
S05,c010,frame_000379.jpg,3790,379.0,True
S05,c010,frame_000380.jpg,3800,380.0,True
S05,c010,frame_000381.jpg,3810,381.0,True
S05,c010,frame_000382.jpg,3820,382.0,True
S05,c010,frame_000383.jpg,3830,383.0,True
S05,c010,frame_000384.jpg,3840,384.0,True
S05,c010,frame_000385.jpg,3850,385.0,True
S05,c010,frame_000386.jpg,3860,386.0,True
S05,c010,frame_000387.jpg,3870,387.0,True
S05,c010,frame_000388.jpg,3880,388.0,True
S05,c010,frame_000389.jpg,3890,389.0,True
S05,c010,frame_000390.jpg,3900,390.0,True
S05,c010,frame_000391.jpg,3910,391.0,True
S05,c010,frame_000392.jpg,3920,392.0,True
S05,c010,frame_000393.jpg,3930,393.0,True
S05,c010,frame_000394.jpg,3940,394.0,True
S05,c010,frame_000395.jpg,3950,395.0,True
S05,c010,frame_000396.jpg,3960,396.0,True
S05,c010,frame_000397.jpg,3970,397.0,True
S05,c010,frame_000398.jpg,3980,398.0,True
S05,c010,frame_000399.jpg,3990,399.0,True
S05,c010,frame_000400.jpg,4000,400.0,True
S05,c010,frame_000401.jpg,4010,401.0,True
S05,c010,frame_000402.jpg,4020,402.0,True
S05,c010,frame_000403.jpg,4030,403.0,True
S05,c010,frame_000404.jpg,4040,404.0,True
S05,c010,frame_000405.jpg,4050,405.0,True
S05,c010,frame_000406.jpg,4060,406.0,True
S05,c010,frame_000407.jpg,4070,407.0,True
S05,c016,frame_000000.jpg,0,0.0,True
S05,c016,frame_000001.jpg,10,1.0,True
S05,c016,frame_000002.jpg,20,2.0,True
S05,c016,frame_000003.jpg,30,3.0,True
S05,c016,frame_000004.jpg,40,4.0,True
S05,c016,frame_000005.jpg,50,5.0,True
S05,c016,frame_000006.jpg,60,6.0,True
S05,c016,frame_000007.jpg,70,7.0,True
S05,c016,frame_000008.jpg,80,8.0,True
S05,c016,frame_000009.jpg,90,9.0,True
S05,c016,frame_000010.jpg,100,10.0,True
S05,c016,frame_000011.jpg,110,11.0,True
S05,c016,frame_000012.jpg,120,12.0,True
S05,c016,frame_000013.jpg,130,13.0,True
S05,c016,frame_000014.jpg,140,14.0,True
S05,c016,frame_000015.jpg,150,15.0,True
S05,c016,frame_000016.jpg,160,16.0,True
S05,c016,frame_000017.jpg,170,17.0,True
S05,c016,frame_000018.jpg,180,18.0,True
S05,c016,frame_000019.jpg,190,19.0,True
S05,c016,frame_000020.jpg,200,20.0,True
S05,c016,frame_000021.jpg,210,21.0,True
S05,c016,frame_000022.jpg,220,22.0,True
S05,c016,frame_000023.jpg,230,23.0,True
S05,c016,frame_000024.jpg,240,24.0,True
S05,c016,frame_000025.jpg,250,25.0,True
S05,c016,frame_000026.jpg,260,26.0,True
S05,c016,frame_000027.jpg,270,27.0,True
S05,c016,frame_000028.jpg,280,28.0,True
S05,c016,frame_000029.jpg,290,29.0,True
S05,c016,frame_000030.jpg,300,30.0,True
S05,c016,frame_000031.jpg,310,31.0,True
S05,c016,frame_000032.jpg,320,32.0,True
S05,c016,frame_000033.jpg,330,33.0,True
S05,c016,frame_000034.jpg,340,34.0,True
S05,c016,frame_000035.jpg,350,35.0,True
S05,c016,frame_000036.jpg,360,36.0,True
S05,c016,frame_000037.jpg,370,37.0,True
S05,c016,frame_000038.jpg,380,38.0,True
S05,c016,frame_000039.jpg,390,39.0,True
S05,c016,frame_000040.jpg,400,40.0,True
S05,c016,frame_000041.jpg,410,41.0,True
S05,c016,frame_000042.jpg,420,42.0,True
S05,c016,frame_000043.jpg,430,43.0,True
S05,c016,frame_000044.jpg,440,44.0,True
S05,c016,frame_000045.jpg,450,45.0,True
S05,c016,frame_000046.jpg,460,46.0,True
S05,c016,frame_000047.jpg,470,47.0,True
S05,c016,frame_000048.jpg,480,48.0,True
S05,c016,frame_000049.jpg,490,49.0,True
S05,c016,frame_000050.jpg,500,50.0,True
S05,c016,frame_000051.jpg,510,51.0,True
S05,c016,frame_000052.jpg,520,52.0,True
S05,c016,frame_000053.jpg,530,53.0,True
S05,c016,frame_000054.jpg,540,54.0,True
S05,c016,frame_000055.jpg,550,55.0,True
S05,c016,frame_000056.jpg,560,56.0,True
S05,c016,frame_000057.jpg,570,57.0,True
S05,c016,frame_000058.jpg,580,58.0,True
S05,c016,frame_000059.jpg,590,59.0,True
S05,c016,frame_000060.jpg,600,60.0,True
S05,c016,frame_000061.jpg,610,61.0,True
S05,c016,frame_000062.jpg,620,62.0,True
S05,c016,frame_000063.jpg,630,63.0,True
S05,c016,frame_000064.jpg,640,64.0,True
S05,c016,frame_000065.jpg,650,65.0,True
S05,c016,frame_000066.jpg,660,66.0,True
S05,c016,frame_000067.jpg,670,67.0,True
S05,c016,frame_000068.jpg,680,68.0,True
S05,c016,frame_000069.jpg,690,69.0,True
S05,c016,frame_000070.jpg,700,70.0,True
S05,c016,frame_000071.jpg,710,71.0,True
S05,c016,frame_000072.jpg,720,72.0,True
S05,c016,frame_000073.jpg,730,73.0,True
S05,c016,frame_000074.jpg,740,74.0,True
S05,c016,frame_000075.jpg,750,75.0,True
S05,c016,frame_000076.jpg,760,76.0,True
S05,c016,frame_000077.jpg,770,77.0,True
S05,c016,frame_000078.jpg,780,78.0,True
S05,c016,frame_000079.jpg,790,79.0,True
S05,c016,frame_000080.jpg,800,80.0,True
S05,c016,frame_000081.jpg,810,81.0,True
S05,c016,frame_000082.jpg,820,82.0,True
S05,c016,frame_000083.jpg,830,83.0,True
S05,c016,frame_000084.jpg,840,84.0,True
S05,c016,frame_000085.jpg,850,85.0,True
S05,c016,frame_000086.jpg,860,86.0,True
S05,c016,frame_000087.jpg,870,87.0,True
S05,c016,frame_000088.jpg,880,88.0,True
S05,c016,frame_000089.jpg,890,89.0,True
S05,c016,frame_000090.jpg,900,90.0,True
S05,c016,frame_000091.jpg,910,91.0,True
S05,c016,frame_000092.jpg,920,92.0,True
S05,c016,frame_000093.jpg,930,93.0,True
S05,c016,frame_000094.jpg,940,94.0,True
S05,c016,frame_000095.jpg,950,95.0,True
S05,c016,frame_000096.jpg,960,96.0,True
S05,c016,frame_000097.jpg,970,97.0,True
S05,c016,frame_000098.jpg,980,98.0,True
S05,c016,frame_000099.jpg,990,99.0,True
S05,c016,frame_000100.jpg,1000,100.0,True
S05,c016,frame_000101.jpg,1010,101.0,True
S05,c016,frame_000102.jpg,1020,102.0,True
S05,c016,frame_000103.jpg,1030,103.0,True
S05,c016,frame_000104.jpg,1040,104.0,True
S05,c016,frame_000105.jpg,1050,105.0,True
S05,c016,frame_000106.jpg,1060,106.0,True
S05,c016,frame_000107.jpg,1070,107.0,True
S05,c016,frame_000108.jpg,1080,108.0,True
S05,c016,frame_000109.jpg,1090,109.0,True
S05,c016,frame_000110.jpg,1100,110.0,True
S05,c016,frame_000111.jpg,1110,111.0,True
S05,c016,frame_000112.jpg,1120,112.0,True
S05,c016,frame_000113.jpg,1130,113.0,True
S05,c016,frame_000114.jpg,1140,114.0,True
S05,c016,frame_000115.jpg,1150,115.0,True
S05,c016,frame_000116.jpg,1160,116.0,True
S05,c016,frame_000117.jpg,1170,117.0,True
S05,c016,frame_000118.jpg,1180,118.0,True
S05,c016,frame_000119.jpg,1190,119.0,True
S05,c016,frame_000120.jpg,1200,120.0,True
S05,c016,frame_000121.jpg,1210,121.0,True
S05,c016,frame_000122.jpg,1220,122.0,True
S05,c016,frame_000123.jpg,1230,123.0,True
S05,c016,frame_000124.jpg,1240,124.0,True
S05,c016,frame_000125.jpg,1250,125.0,True
S05,c016,frame_000126.jpg,1260,126.0,True
S05,c016,frame_000127.jpg,1270,127.0,True
S05,c016,frame_000128.jpg,1280,128.0,True
S05,c016,frame_000129.jpg,1290,129.0,True
S05,c016,frame_000130.jpg,1300,130.0,True
S05,c016,frame_000131.jpg,1310,131.0,True
S05,c016,frame_000132.jpg,1320,132.0,True
S05,c016,frame_000133.jpg,1330,133.0,True
S05,c016,frame_000134.jpg,1340,134.0,True
S05,c016,frame_000135.jpg,1350,135.0,True
S05,c016,frame_000136.jpg,1360,136.0,True
S05,c016,frame_000137.jpg,1370,137.0,True
S05,c016,frame_000138.jpg,1380,138.0,True
S05,c016,frame_000139.jpg,1390,139.0,True
S05,c016,frame_000140.jpg,1400,140.0,True
S05,c016,frame_000141.jpg,1410,141.0,True
S05,c016,frame_000142.jpg,1420,142.0,True
S05,c016,frame_000143.jpg,1430,143.0,True
S05,c016,frame_000144.jpg,1440,144.0,True
S05,c016,frame_000145.jpg,1450,145.0,True
S05,c016,frame_000146.jpg,1460,146.0,True
S05,c016,frame_000147.jpg,1470,147.0,True
S05,c016,frame_000148.jpg,1480,148.0,True
S05,c016,frame_000149.jpg,1490,149.0,True
S05,c016,frame_000150.jpg,1500,150.0,True
S05,c016,frame_000151.jpg,1510,151.0,True
S05,c016,frame_000152.jpg,1520,152.0,True
S05,c016,frame_000153.jpg,1530,153.0,True
S05,c016,frame_000154.jpg,1540,154.0,True
S05,c016,frame_000155.jpg,1550,155.0,True
S05,c016,frame_000156.jpg,1560,156.0,True
S05,c016,frame_000157.jpg,1570,157.0,True
S05,c016,frame_000158.jpg,1580,158.0,True
S05,c016,frame_000159.jpg,1590,159.0,True
S05,c016,frame_000160.jpg,1600,160.0,True
S05,c016,frame_000161.jpg,1610,161.0,True
S05,c016,frame_000162.jpg,1620,162.0,True
S05,c016,frame_000163.jpg,1630,163.0,True
S05,c016,frame_000164.jpg,1640,164.0,True
S05,c016,frame_000165.jpg,1650,165.0,True
S05,c016,frame_000166.jpg,1660,166.0,True
S05,c016,frame_000167.jpg,1670,167.0,True
S05,c016,frame_000168.jpg,1680,168.0,True
S05,c016,frame_000169.jpg,1690,169.0,True
S05,c016,frame_000170.jpg,1700,170.0,True
S05,c016,frame_000171.jpg,1710,171.0,True
S05,c016,frame_000172.jpg,1720,172.0,True
S05,c016,frame_000173.jpg,1730,173.0,True
S05,c016,frame_000174.jpg,1740,174.0,True
S05,c016,frame_000175.jpg,1750,175.0,True
S05,c016,frame_000176.jpg,1760,176.0,True
S05,c016,frame_000177.jpg,1770,177.0,True
S05,c016,frame_000178.jpg,1780,178.0,True
S05,c016,frame_000179.jpg,1790,179.0,True
S05,c016,frame_000180.jpg,1800,180.0,True
S05,c016,frame_000181.jpg,1810,181.0,True
S05,c016,frame_000182.jpg,1820,182.0,True
S05,c016,frame_000183.jpg,1830,183.0,True
S05,c016,frame_000184.jpg,1840,184.0,True
S05,c016,frame_000185.jpg,1850,185.0,True
S05,c016,frame_000186.jpg,1860,186.0,True
S05,c016,frame_000187.jpg,1870,187.0,True
S05,c016,frame_000188.jpg,1880,188.0,True
S05,c016,frame_000189.jpg,1890,189.0,True
S05,c016,frame_000190.jpg,1900,190.0,True
S05,c016,frame_000191.jpg,1910,191.0,True
S05,c016,frame_000192.jpg,1920,192.0,True
S05,c016,frame_000193.jpg,1930,193.0,True
S05,c016,frame_000194.jpg,1940,194.0,True
S05,c016,frame_000195.jpg,1950,195.0,True
S05,c016,frame_000196.jpg,1960,196.0,True
S05,c016,frame_000197.jpg,1970,197.0,True
S05,c016,frame_000198.jpg,1980,198.0,True
S05,c016,frame_000199.jpg,1990,199.0,True
S05,c016,frame_000200.jpg,2000,200.0,True
S05,c016,frame_000201.jpg,2010,201.0,True
S05,c016,frame_000202.jpg,2020,202.0,True
S05,c016,frame_000203.jpg,2030,203.0,True
S05,c016,frame_000204.jpg,2040,204.0,True
S05,c016,frame_000205.jpg,2050,205.0,True
S05,c016,frame_000206.jpg,2060,206.0,True
S05,c016,frame_000207.jpg,2070,207.0,True
S05,c016,frame_000208.jpg,2080,208.0,True
S05,c016,frame_000209.jpg,2090,209.0,True
S05,c016,frame_000210.jpg,2100,210.0,True
S05,c016,frame_000211.jpg,2110,211.0,True
S05,c016,frame_000212.jpg,2120,212.0,True
S05,c016,frame_000213.jpg,2130,213.0,True
S05,c016,frame_000214.jpg,2140,214.0,True
S05,c016,frame_000215.jpg,2150,215.0,True
S05,c016,frame_000216.jpg,2160,216.0,True
S05,c016,frame_000217.jpg,2170,217.0,True
S05,c016,frame_000218.jpg,2180,218.0,True
S05,c016,frame_000219.jpg,2190,219.0,True
S05,c016,frame_000220.jpg,2200,220.0,True
S05,c016,frame_000221.jpg,2210,221.0,True
S05,c016,frame_000222.jpg,2220,222.0,True
S05,c016,frame_000223.jpg,2230,223.0,True
S05,c016,frame_000224.jpg,2240,224.0,True
S05,c016,frame_000225.jpg,2250,225.0,True
S05,c016,frame_000226.jpg,2260,226.0,True
S05,c016,frame_000227.jpg,2270,227.0,True
S05,c016,frame_000228.jpg,2280,228.0,True
S05,c016,frame_000229.jpg,2290,229.0,True
S05,c016,frame_000230.jpg,2300,230.0,True
S05,c016,frame_000231.jpg,2310,231.0,True
S05,c016,frame_000232.jpg,2320,232.0,True
S05,c016,frame_000233.jpg,2330,233.0,True
S05,c016,frame_000234.jpg,2340,234.0,True
S05,c016,frame_000235.jpg,2350,235.0,True
S05,c016,frame_000236.jpg,2360,236.0,True
S05,c016,frame_000237.jpg,2370,237.0,True
S05,c016,frame_000238.jpg,2380,238.0,True
S05,c016,frame_000239.jpg,2390,239.0,True
S05,c016,frame_000240.jpg,2400,240.0,True
S05,c016,frame_000241.jpg,2410,241.0,True
S05,c016,frame_000242.jpg,2420,242.0,True
S05,c016,frame_000243.jpg,2430,243.0,True
S05,c016,frame_000244.jpg,2440,244.0,True
S05,c016,frame_000245.jpg,2450,245.0,True
S05,c016,frame_000246.jpg,2460,246.0,True
S05,c016,frame_000247.jpg,2470,247.0,True
S05,c016,frame_000248.jpg,2480,248.0,True
S05,c016,frame_000249.jpg,2490,249.0,True
S05,c016,frame_000250.jpg,2500,250.0,True
S05,c016,frame_000251.jpg,2510,251.0,True
S05,c016,frame_000252.jpg,2520,252.0,True
S05,c016,frame_000253.jpg,2530,253.0,True
S05,c016,frame_000254.jpg,2540,254.0,True
S05,c016,frame_000255.jpg,2550,255.0,True
S05,c016,frame_000256.jpg,2560,256.0,True
S05,c016,frame_000257.jpg,2570,257.0,True
S05,c016,frame_000258.jpg,2580,258.0,True
S05,c016,frame_000259.jpg,2590,259.0,True
S05,c016,frame_000260.jpg,2600,260.0,True
S05,c016,frame_000261.jpg,2610,261.0,True
S05,c016,frame_000262.jpg,2620,262.0,True
S05,c016,frame_000263.jpg,2630,263.0,True
S05,c016,frame_000264.jpg,2640,264.0,True
S05,c016,frame_000265.jpg,2650,265.0,True
S05,c016,frame_000266.jpg,2660,266.0,True
S05,c016,frame_000267.jpg,2670,267.0,True
S05,c016,frame_000268.jpg,2680,268.0,True
S05,c016,frame_000269.jpg,2690,269.0,True
S05,c016,frame_000270.jpg,2700,270.0,True
S05,c016,frame_000271.jpg,2710,271.0,True
S05,c016,frame_000272.jpg,2720,272.0,True
S05,c016,frame_000273.jpg,2730,273.0,True
S05,c016,frame_000274.jpg,2740,274.0,True
S05,c016,frame_000275.jpg,2750,275.0,True
S05,c016,frame_000276.jpg,2760,276.0,True
S05,c016,frame_000277.jpg,2770,277.0,True
S05,c016,frame_000278.jpg,2780,278.0,True
S05,c016,frame_000279.jpg,2790,279.0,True
S05,c016,frame_000280.jpg,2800,280.0,True
S05,c016,frame_000281.jpg,2810,281.0,True
S05,c016,frame_000282.jpg,2820,282.0,True
S05,c016,frame_000283.jpg,2830,283.0,True
S05,c016,frame_000284.jpg,2840,284.0,True
S05,c016,frame_000285.jpg,2850,285.0,True
S05,c016,frame_000286.jpg,2860,286.0,True
S05,c016,frame_000287.jpg,2870,287.0,True
S05,c016,frame_000288.jpg,2880,288.0,True
S05,c016,frame_000289.jpg,2890,289.0,True
S05,c016,frame_000290.jpg,2900,290.0,True
S05,c016,frame_000291.jpg,2910,291.0,True
S05,c016,frame_000292.jpg,2920,292.0,True
S05,c016,frame_000293.jpg,2930,293.0,True
S05,c016,frame_000294.jpg,2940,294.0,True
S05,c016,frame_000295.jpg,2950,295.0,True
S05,c016,frame_000296.jpg,2960,296.0,True
S05,c016,frame_000297.jpg,2970,297.0,True
S05,c016,frame_000298.jpg,2980,298.0,True
S05,c016,frame_000299.jpg,2990,299.0,True
S05,c016,frame_000300.jpg,3000,300.0,True
S05,c016,frame_000301.jpg,3010,301.0,True
S05,c016,frame_000302.jpg,3020,302.0,True
S05,c016,frame_000303.jpg,3030,303.0,True
S05,c016,frame_000304.jpg,3040,304.0,True
S05,c016,frame_000305.jpg,3050,305.0,True
S05,c016,frame_000306.jpg,3060,306.0,True
S05,c016,frame_000307.jpg,3070,307.0,True
S05,c016,frame_000308.jpg,3080,308.0,True
S05,c016,frame_000309.jpg,3090,309.0,True
S05,c016,frame_000310.jpg,3100,310.0,True
S05,c016,frame_000311.jpg,3110,311.0,True
S05,c016,frame_000312.jpg,3120,312.0,True
S05,c016,frame_000313.jpg,3130,313.0,True
S05,c016,frame_000314.jpg,3140,314.0,True
S05,c016,frame_000315.jpg,3150,315.0,True
S05,c016,frame_000316.jpg,3160,316.0,True
S05,c016,frame_000317.jpg,3170,317.0,True
S05,c016,frame_000318.jpg,3180,318.0,True
S05,c016,frame_000319.jpg,3190,319.0,True
S05,c016,frame_000320.jpg,3200,320.0,True
S05,c016,frame_000321.jpg,3210,321.0,True
S05,c016,frame_000322.jpg,3220,322.0,True
S05,c016,frame_000323.jpg,3230,323.0,True
S05,c016,frame_000324.jpg,3240,324.0,True
S05,c016,frame_000325.jpg,3250,325.0,True
S05,c016,frame_000326.jpg,3260,326.0,True
S05,c016,frame_000327.jpg,3270,327.0,True
S05,c016,frame_000328.jpg,3280,328.0,True
S05,c016,frame_000329.jpg,3290,329.0,True
S05,c016,frame_000330.jpg,3300,330.0,True
S05,c016,frame_000331.jpg,3310,331.0,True
S05,c016,frame_000332.jpg,3320,332.0,True
S05,c016,frame_000333.jpg,3330,333.0,True
S05,c016,frame_000334.jpg,3340,334.0,True
S05,c016,frame_000335.jpg,3350,335.0,True
S05,c016,frame_000336.jpg,3360,336.0,True
S05,c016,frame_000337.jpg,3370,337.0,True
S05,c016,frame_000338.jpg,3380,338.0,True
S05,c016,frame_000339.jpg,3390,339.0,True
S05,c016,frame_000340.jpg,3400,340.0,True
S05,c016,frame_000341.jpg,3410,341.0,True
S05,c016,frame_000342.jpg,3420,342.0,True
S05,c016,frame_000343.jpg,3430,343.0,True
S05,c016,frame_000344.jpg,3440,344.0,True
S05,c016,frame_000345.jpg,3450,345.0,True
S05,c016,frame_000346.jpg,3460,346.0,True
S05,c016,frame_000347.jpg,3470,347.0,True
S05,c016,frame_000348.jpg,3480,348.0,True
S05,c016,frame_000349.jpg,3490,349.0,True
S05,c016,frame_000350.jpg,3500,350.0,True
S05,c016,frame_000351.jpg,3510,351.0,True
S05,c016,frame_000352.jpg,3520,352.0,True
S05,c016,frame_000353.jpg,3530,353.0,True
S05,c016,frame_000354.jpg,3540,354.0,True
S05,c016,frame_000355.jpg,3550,355.0,True
S05,c016,frame_000356.jpg,3560,356.0,True
S05,c016,frame_000357.jpg,3570,357.0,True
S05,c016,frame_000358.jpg,3580,358.0,True
S05,c016,frame_000359.jpg,3590,359.0,True
S05,c016,frame_000360.jpg,3600,360.0,True
S05,c016,frame_000361.jpg,3610,361.0,True
S05,c016,frame_000362.jpg,3620,362.0,True
S05,c016,frame_000363.jpg,3630,363.0,True
S05,c016,frame_000364.jpg,3640,364.0,True
S05,c016,frame_000365.jpg,3650,365.0,True
S05,c016,frame_000366.jpg,3660,366.0,True
S05,c016,frame_000367.jpg,3670,367.0,True
S05,c016,frame_000368.jpg,3680,368.0,True
S05,c016,frame_000369.jpg,3690,369.0,True
S05,c016,frame_000370.jpg,3700,370.0,True
S05,c016,frame_000371.jpg,3710,371.0,True
S05,c016,frame_000372.jpg,3720,372.0,True
S05,c016,frame_000373.jpg,3730,373.0,True
S05,c016,frame_000374.jpg,3740,374.0,True
S05,c016,frame_000375.jpg,3750,375.0,True
S05,c016,frame_000376.jpg,3760,376.0,True
S05,c016,frame_000377.jpg,3770,377.0,True
S05,c016,frame_000378.jpg,3780,378.0,True
S05,c016,frame_000379.jpg,3790,379.0,True
S05,c016,frame_000380.jpg,3800,380.0,True
S05,c016,frame_000381.jpg,3810,381.0,True
S05,c016,frame_000382.jpg,3820,382.0,True
S05,c016,frame_000383.jpg,3830,383.0,True
S05,c016,frame_000384.jpg,3840,384.0,True
S05,c016,frame_000385.jpg,3850,385.0,True
S05,c016,frame_000386.jpg,3860,386.0,True
S05,c016,frame_000387.jpg,3870,387.0,True
S05,c016,frame_000388.jpg,3880,388.0,True
S05,c016,frame_000389.jpg,3890,389.0,True
S05,c016,frame_000390.jpg,3900,390.0,True
S05,c016,frame_000391.jpg,3910,391.0,True
S05,c016,frame_000392.jpg,3920,392.0,True
S05,c016,frame_000393.jpg,3930,393.0,True
S05,c017,frame_000000.jpg,0,0.0,True
S05,c017,frame_000001.jpg,10,1.0,True
S05,c017,frame_000002.jpg,20,2.0,True
S05,c017,frame_000003.jpg,30,3.0,True
S05,c017,frame_000004.jpg,40,4.0,True
S05,c017,frame_000005.jpg,50,5.0,True
S05,c017,frame_000006.jpg,60,6.0,True
S05,c017,frame_000007.jpg,70,7.0,True
S05,c017,frame_000008.jpg,80,8.0,True
S05,c017,frame_000009.jpg,90,9.0,True
S05,c017,frame_000010.jpg,100,10.0,True
S05,c017,frame_000011.jpg,110,11.0,True
S05,c017,frame_000012.jpg,120,12.0,True
S05,c017,frame_000013.jpg,130,13.0,True
S05,c017,frame_000014.jpg,140,14.0,True
S05,c017,frame_000015.jpg,150,15.0,True
S05,c017,frame_000016.jpg,160,16.0,True
S05,c017,frame_000017.jpg,170,17.0,True
S05,c017,frame_000018.jpg,180,18.0,True
S05,c017,frame_000019.jpg,190,19.0,True
S05,c017,frame_000020.jpg,200,20.0,True
S05,c017,frame_000021.jpg,210,21.0,True
S05,c017,frame_000022.jpg,220,22.0,True
S05,c017,frame_000023.jpg,230,23.0,True
S05,c017,frame_000024.jpg,240,24.0,True
S05,c017,frame_000025.jpg,250,25.0,True
S05,c017,frame_000026.jpg,260,26.0,True
S05,c017,frame_000027.jpg,270,27.0,True
S05,c017,frame_000028.jpg,280,28.0,True
S05,c017,frame_000029.jpg,290,29.0,True
S05,c017,frame_000030.jpg,300,30.0,True
S05,c017,frame_000031.jpg,310,31.0,True
S05,c017,frame_000032.jpg,320,32.0,True
S05,c017,frame_000033.jpg,330,33.0,True
S05,c017,frame_000034.jpg,340,34.0,True
S05,c017,frame_000035.jpg,350,35.0,True
S05,c017,frame_000036.jpg,360,36.0,True
S05,c017,frame_000037.jpg,370,37.0,True
S05,c017,frame_000038.jpg,380,38.0,True
S05,c017,frame_000039.jpg,390,39.0,True
S05,c017,frame_000040.jpg,400,40.0,True
S05,c017,frame_000041.jpg,410,41.0,True
S05,c017,frame_000042.jpg,420,42.0,True
S05,c017,frame_000043.jpg,430,43.0,True
S05,c017,frame_000044.jpg,440,44.0,True
S05,c017,frame_000045.jpg,450,45.0,True
S05,c017,frame_000046.jpg,460,46.0,True
S05,c017,frame_000047.jpg,470,47.0,True
S05,c017,frame_000048.jpg,480,48.0,True
S05,c017,frame_000049.jpg,490,49.0,True
S05,c017,frame_000050.jpg,500,50.0,True
S05,c017,frame_000051.jpg,510,51.0,True
S05,c017,frame_000052.jpg,520,52.0,True
S05,c017,frame_000053.jpg,530,53.0,True
S05,c017,frame_000054.jpg,540,54.0,True
S05,c017,frame_000055.jpg,550,55.0,True
S05,c017,frame_000056.jpg,560,56.0,True
S05,c017,frame_000057.jpg,570,57.0,True
S05,c017,frame_000058.jpg,580,58.0,True
S05,c017,frame_000059.jpg,590,59.0,True
S05,c017,frame_000060.jpg,600,60.0,True
S05,c017,frame_000061.jpg,610,61.0,True
S05,c017,frame_000062.jpg,620,62.0,True
S05,c017,frame_000063.jpg,630,63.0,True
S05,c017,frame_000064.jpg,640,64.0,True
S05,c017,frame_000065.jpg,650,65.0,True
S05,c017,frame_000066.jpg,660,66.0,True
S05,c017,frame_000067.jpg,670,67.0,True
S05,c017,frame_000068.jpg,680,68.0,True
S05,c017,frame_000069.jpg,690,69.0,True
S05,c017,frame_000070.jpg,700,70.0,True
S05,c017,frame_000071.jpg,710,71.0,True
S05,c017,frame_000072.jpg,720,72.0,True
S05,c017,frame_000073.jpg,730,73.0,True
S05,c017,frame_000074.jpg,740,74.0,True
S05,c017,frame_000075.jpg,750,75.0,True
S05,c017,frame_000076.jpg,760,76.0,True
S05,c017,frame_000077.jpg,770,77.0,True
S05,c017,frame_000078.jpg,780,78.0,True
S05,c017,frame_000079.jpg,790,79.0,True
S05,c017,frame_000080.jpg,800,80.0,True
S05,c017,frame_000081.jpg,810,81.0,True
S05,c017,frame_000082.jpg,820,82.0,True
S05,c017,frame_000083.jpg,830,83.0,True
S05,c017,frame_000084.jpg,840,84.0,True
S05,c017,frame_000085.jpg,850,85.0,True
S05,c017,frame_000086.jpg,860,86.0,True
S05,c017,frame_000087.jpg,870,87.0,True
S05,c017,frame_000088.jpg,880,88.0,True
S05,c017,frame_000089.jpg,890,89.0,True
S05,c017,frame_000090.jpg,900,90.0,True
S05,c017,frame_000091.jpg,910,91.0,True
S05,c017,frame_000092.jpg,920,92.0,True
S05,c017,frame_000093.jpg,930,93.0,True
S05,c017,frame_000094.jpg,940,94.0,True
S05,c017,frame_000095.jpg,950,95.0,True
S05,c017,frame_000096.jpg,960,96.0,True
S05,c017,frame_000097.jpg,970,97.0,True
S05,c017,frame_000098.jpg,980,98.0,True
S05,c017,frame_000099.jpg,990,99.0,True
S05,c017,frame_000100.jpg,1000,100.0,True
S05,c017,frame_000101.jpg,1010,101.0,True
S05,c017,frame_000102.jpg,1020,102.0,True
S05,c017,frame_000103.jpg,1030,103.0,True
S05,c017,frame_000104.jpg,1040,104.0,True
S05,c017,frame_000105.jpg,1050,105.0,True
S05,c017,frame_000106.jpg,1060,106.0,True
S05,c017,frame_000107.jpg,1070,107.0,True
S05,c017,frame_000108.jpg,1080,108.0,True
S05,c017,frame_000109.jpg,1090,109.0,True
S05,c017,frame_000110.jpg,1100,110.0,True
S05,c017,frame_000111.jpg,1110,111.0,True
S05,c017,frame_000112.jpg,1120,112.0,True
S05,c017,frame_000113.jpg,1130,113.0,True
S05,c017,frame_000114.jpg,1140,114.0,True
S05,c017,frame_000115.jpg,1150,115.0,True
S05,c017,frame_000116.jpg,1160,116.0,True
S05,c017,frame_000117.jpg,1170,117.0,True
S05,c017,frame_000118.jpg,1180,118.0,True
S05,c017,frame_000119.jpg,1190,119.0,True
S05,c017,frame_000120.jpg,1200,120.0,True
S05,c017,frame_000121.jpg,1210,121.0,True
S05,c017,frame_000122.jpg,1220,122.0,True
S05,c017,frame_000123.jpg,1230,123.0,True
S05,c017,frame_000124.jpg,1240,124.0,True
S05,c017,frame_000125.jpg,1250,125.0,True
S05,c017,frame_000126.jpg,1260,126.0,True
S05,c017,frame_000127.jpg,1270,127.0,True
S05,c017,frame_000128.jpg,1280,128.0,True
S05,c017,frame_000129.jpg,1290,129.0,True
S05,c017,frame_000130.jpg,1300,130.0,True
S05,c017,frame_000131.jpg,1310,131.0,True
S05,c017,frame_000132.jpg,1320,132.0,True
S05,c017,frame_000133.jpg,1330,133.0,True
S05,c017,frame_000134.jpg,1340,134.0,True
S05,c017,frame_000135.jpg,1350,135.0,True
S05,c017,frame_000136.jpg,1360,136.0,True
S05,c017,frame_000137.jpg,1370,137.0,True
S05,c017,frame_000138.jpg,1380,138.0,True
S05,c017,frame_000139.jpg,1390,139.0,True
S05,c017,frame_000140.jpg,1400,140.0,True
S05,c017,frame_000141.jpg,1410,141.0,True
S05,c017,frame_000142.jpg,1420,142.0,True
S05,c017,frame_000143.jpg,1430,143.0,True
S05,c017,frame_000144.jpg,1440,144.0,True
S05,c017,frame_000145.jpg,1450,145.0,True
S05,c017,frame_000146.jpg,1460,146.0,True
S05,c017,frame_000147.jpg,1470,147.0,True
S05,c017,frame_000148.jpg,1480,148.0,True
S05,c017,frame_000149.jpg,1490,149.0,True
S05,c017,frame_000150.jpg,1500,150.0,True
S05,c017,frame_000151.jpg,1510,151.0,True
S05,c017,frame_000152.jpg,1520,152.0,True
S05,c017,frame_000153.jpg,1530,153.0,True
S05,c017,frame_000154.jpg,1540,154.0,True
S05,c017,frame_000155.jpg,1550,155.0,True
S05,c017,frame_000156.jpg,1560,156.0,True
S05,c017,frame_000157.jpg,1570,157.0,True
S05,c017,frame_000158.jpg,1580,158.0,True
S05,c017,frame_000159.jpg,1590,159.0,True
S05,c017,frame_000160.jpg,1600,160.0,True
S05,c017,frame_000161.jpg,1610,161.0,True
S05,c017,frame_000162.jpg,1620,162.0,True
S05,c017,frame_000163.jpg,1630,163.0,True
S05,c017,frame_000164.jpg,1640,164.0,True
S05,c017,frame_000165.jpg,1650,165.0,True
S05,c017,frame_000166.jpg,1660,166.0,True
S05,c017,frame_000167.jpg,1670,167.0,True
S05,c017,frame_000168.jpg,1680,168.0,True
S05,c017,frame_000169.jpg,1690,169.0,True
S05,c017,frame_000170.jpg,1700,170.0,True
S05,c017,frame_000171.jpg,1710,171.0,True
S05,c017,frame_000172.jpg,1720,172.0,True
S05,c017,frame_000173.jpg,1730,173.0,True
S05,c017,frame_000174.jpg,1740,174.0,True
S05,c017,frame_000175.jpg,1750,175.0,True
S05,c017,frame_000176.jpg,1760,176.0,True
S05,c017,frame_000177.jpg,1770,177.0,True
S05,c017,frame_000178.jpg,1780,178.0,True
S05,c017,frame_000179.jpg,1790,179.0,True
S05,c017,frame_000180.jpg,1800,180.0,True
S05,c017,frame_000181.jpg,1810,181.0,True
S05,c017,frame_000182.jpg,1820,182.0,True
S05,c017,frame_000183.jpg,1830,183.0,True
S05,c017,frame_000184.jpg,1840,184.0,True
S05,c017,frame_000185.jpg,1850,185.0,True
S05,c017,frame_000186.jpg,1860,186.0,True
S05,c017,frame_000187.jpg,1870,187.0,True
S05,c017,frame_000188.jpg,1880,188.0,True
S05,c017,frame_000189.jpg,1890,189.0,True
S05,c017,frame_000190.jpg,1900,190.0,True
S05,c017,frame_000191.jpg,1910,191.0,True
S05,c017,frame_000192.jpg,1920,192.0,True
S05,c017,frame_000193.jpg,1930,193.0,True
S05,c017,frame_000194.jpg,1940,194.0,True
S05,c017,frame_000195.jpg,1950,195.0,True
S05,c017,frame_000196.jpg,1960,196.0,True
S05,c017,frame_000197.jpg,1970,197.0,True
S05,c017,frame_000198.jpg,1980,198.0,True
S05,c017,frame_000199.jpg,1990,199.0,True
S05,c017,frame_000200.jpg,2000,200.0,True
S05,c017,frame_000201.jpg,2010,201.0,True
S05,c017,frame_000202.jpg,2020,202.0,True
S05,c017,frame_000203.jpg,2030,203.0,True
S05,c017,frame_000204.jpg,2040,204.0,True
S05,c017,frame_000205.jpg,2050,205.0,True
S05,c017,frame_000206.jpg,2060,206.0,True
S05,c017,frame_000207.jpg,2070,207.0,True
S05,c017,frame_000208.jpg,2080,208.0,True
S05,c017,frame_000209.jpg,2090,209.0,True
S05,c017,frame_000210.jpg,2100,210.0,True
S05,c017,frame_000211.jpg,2110,211.0,True
S05,c017,frame_000212.jpg,2120,212.0,True
S05,c017,frame_000213.jpg,2130,213.0,True
S05,c017,frame_000214.jpg,2140,214.0,True
S05,c017,frame_000215.jpg,2150,215.0,True
S05,c017,frame_000216.jpg,2160,216.0,True
S05,c017,frame_000217.jpg,2170,217.0,True
S05,c017,frame_000218.jpg,2180,218.0,True
S05,c017,frame_000219.jpg,2190,219.0,True
S05,c017,frame_000220.jpg,2200,220.0,True
S05,c017,frame_000221.jpg,2210,221.0,True
S05,c017,frame_000222.jpg,2220,222.0,True
S05,c017,frame_000223.jpg,2230,223.0,True
S05,c017,frame_000224.jpg,2240,224.0,True
S05,c017,frame_000225.jpg,2250,225.0,True
S05,c017,frame_000226.jpg,2260,226.0,True
S05,c017,frame_000227.jpg,2270,227.0,True
S05,c017,frame_000228.jpg,2280,228.0,True
S05,c017,frame_000229.jpg,2290,229.0,True
S05,c017,frame_000230.jpg,2300,230.0,True
S05,c017,frame_000231.jpg,2310,231.0,True
S05,c017,frame_000232.jpg,2320,232.0,True
S05,c017,frame_000233.jpg,2330,233.0,True
S05,c017,frame_000234.jpg,2340,234.0,True
S05,c017,frame_000235.jpg,2350,235.0,True
S05,c017,frame_000236.jpg,2360,236.0,True
S05,c017,frame_000237.jpg,2370,237.0,True
S05,c017,frame_000238.jpg,2380,238.0,True
S05,c017,frame_000239.jpg,2390,239.0,True
S05,c017,frame_000240.jpg,2400,240.0,True
S05,c017,frame_000241.jpg,2410,241.0,True
S05,c017,frame_000242.jpg,2420,242.0,True
S05,c017,frame_000243.jpg,2430,243.0,True
S05,c017,frame_000244.jpg,2440,244.0,True
S05,c017,frame_000245.jpg,2450,245.0,True
S05,c017,frame_000246.jpg,2460,246.0,True
S05,c017,frame_000247.jpg,2470,247.0,True
S05,c017,frame_000248.jpg,2480,248.0,True
S05,c017,frame_000249.jpg,2490,249.0,True
S05,c017,frame_000250.jpg,2500,250.0,True
S05,c017,frame_000251.jpg,2510,251.0,True
S05,c017,frame_000252.jpg,2520,252.0,True
S05,c017,frame_000253.jpg,2530,253.0,True
S05,c017,frame_000254.jpg,2540,254.0,True
S05,c017,frame_000255.jpg,2550,255.0,True
S05,c017,frame_000256.jpg,2560,256.0,True
S05,c017,frame_000257.jpg,2570,257.0,True
S05,c017,frame_000258.jpg,2580,258.0,True
S05,c017,frame_000259.jpg,2590,259.0,True
S05,c017,frame_000260.jpg,2600,260.0,True
S05,c017,frame_000261.jpg,2610,261.0,True
S05,c017,frame_000262.jpg,2620,262.0,True
S05,c017,frame_000263.jpg,2630,263.0,True
S05,c017,frame_000264.jpg,2640,264.0,True
S05,c017,frame_000265.jpg,2650,265.0,True
S05,c017,frame_000266.jpg,2660,266.0,True
S05,c017,frame_000267.jpg,2670,267.0,True
S05,c017,frame_000268.jpg,2680,268.0,True
S05,c017,frame_000269.jpg,2690,269.0,True
S05,c017,frame_000270.jpg,2700,270.0,True
S05,c017,frame_000271.jpg,2710,271.0,True
S05,c017,frame_000272.jpg,2720,272.0,True
S05,c017,frame_000273.jpg,2730,273.0,True
S05,c017,frame_000274.jpg,2740,274.0,True
S05,c017,frame_000275.jpg,2750,275.0,True
S05,c017,frame_000276.jpg,2760,276.0,True
S05,c017,frame_000277.jpg,2770,277.0,True
S05,c017,frame_000278.jpg,2780,278.0,True
S05,c017,frame_000279.jpg,2790,279.0,True
S05,c017,frame_000280.jpg,2800,280.0,True
S05,c017,frame_000281.jpg,2810,281.0,True
S05,c017,frame_000282.jpg,2820,282.0,True
S05,c017,frame_000283.jpg,2830,283.0,True
S05,c017,frame_000284.jpg,2840,284.0,True
S05,c017,frame_000285.jpg,2850,285.0,True
S05,c017,frame_000286.jpg,2860,286.0,True
S05,c017,frame_000287.jpg,2870,287.0,True
S05,c017,frame_000288.jpg,2880,288.0,True
S05,c017,frame_000289.jpg,2890,289.0,True
S05,c017,frame_000290.jpg,2900,290.0,True
S05,c017,frame_000291.jpg,2910,291.0,True
S05,c017,frame_000292.jpg,2920,292.0,True
S05,c017,frame_000293.jpg,2930,293.0,True
S05,c017,frame_000294.jpg,2940,294.0,True
S05,c017,frame_000295.jpg,2950,295.0,True
S05,c017,frame_000296.jpg,2960,296.0,True
S05,c017,frame_000297.jpg,2970,297.0,True
S05,c017,frame_000298.jpg,2980,298.0,True
S05,c017,frame_000299.jpg,2990,299.0,True
S05,c017,frame_000300.jpg,3000,300.0,True
S05,c017,frame_000301.jpg,3010,301.0,True
S05,c017,frame_000302.jpg,3020,302.0,True
S05,c017,frame_000303.jpg,3030,303.0,True
S05,c017,frame_000304.jpg,3040,304.0,True
S05,c017,frame_000305.jpg,3050,305.0,True
S05,c017,frame_000306.jpg,3060,306.0,True
S05,c017,frame_000307.jpg,3070,307.0,True
S05,c017,frame_000308.jpg,3080,308.0,True
S05,c017,frame_000309.jpg,3090,309.0,True
S05,c017,frame_000310.jpg,3100,310.0,True
S05,c017,frame_000311.jpg,3110,311.0,True
S05,c017,frame_000312.jpg,3120,312.0,True
S05,c017,frame_000313.jpg,3130,313.0,True
S05,c017,frame_000314.jpg,3140,314.0,True
S05,c017,frame_000315.jpg,3150,315.0,True
S05,c017,frame_000316.jpg,3160,316.0,True
S05,c017,frame_000317.jpg,3170,317.0,True
S05,c017,frame_000318.jpg,3180,318.0,True
S05,c017,frame_000319.jpg,3190,319.0,True
S05,c017,frame_000320.jpg,3200,320.0,True
S05,c017,frame_000321.jpg,3210,321.0,True
S05,c017,frame_000322.jpg,3220,322.0,True
S05,c017,frame_000323.jpg,3230,323.0,True
S05,c017,frame_000324.jpg,3240,324.0,True
S05,c017,frame_000325.jpg,3250,325.0,True
S05,c017,frame_000326.jpg,3260,326.0,True
S05,c017,frame_000327.jpg,3270,327.0,True
S05,c017,frame_000328.jpg,3280,328.0,True
S05,c017,frame_000329.jpg,3290,329.0,True
S05,c017,frame_000330.jpg,3300,330.0,True
S05,c017,frame_000331.jpg,3310,331.0,True
S05,c017,frame_000332.jpg,3320,332.0,True
S05,c017,frame_000333.jpg,3330,333.0,True
S05,c017,frame_000334.jpg,3340,334.0,True
S05,c017,frame_000335.jpg,3350,335.0,True
S05,c017,frame_000336.jpg,3360,336.0,True
S05,c017,frame_000337.jpg,3370,337.0,True
S05,c017,frame_000338.jpg,3380,338.0,True
S05,c017,frame_000339.jpg,3390,339.0,True
S05,c017,frame_000340.jpg,3400,340.0,True
S05,c017,frame_000341.jpg,3410,341.0,True
S05,c017,frame_000342.jpg,3420,342.0,True
S05,c017,frame_000343.jpg,3430,343.0,True
S05,c017,frame_000344.jpg,3440,344.0,True
S05,c017,frame_000345.jpg,3450,345.0,True
S05,c017,frame_000346.jpg,3460,346.0,True
S05,c017,frame_000347.jpg,3470,347.0,True
S05,c017,frame_000348.jpg,3480,348.0,True
S05,c017,frame_000349.jpg,3490,349.0,True
S05,c017,frame_000350.jpg,3500,350.0,True
S05,c017,frame_000351.jpg,3510,351.0,True
S05,c017,frame_000352.jpg,3520,352.0,True
S05,c017,frame_000353.jpg,3530,353.0,True
S05,c017,frame_000354.jpg,3540,354.0,True
S05,c017,frame_000355.jpg,3550,355.0,True
S05,c017,frame_000356.jpg,3560,356.0,True
S05,c017,frame_000357.jpg,3570,357.0,True
S05,c017,frame_000358.jpg,3580,358.0,True
S05,c017,frame_000359.jpg,3590,359.0,True
S05,c017,frame_000360.jpg,3600,360.0,True
S05,c017,frame_000361.jpg,3610,361.0,True
S05,c017,frame_000362.jpg,3620,362.0,True
S05,c017,frame_000363.jpg,3630,363.0,True
S05,c017,frame_000364.jpg,3640,364.0,True
S05,c017,frame_000365.jpg,3650,365.0,True
S05,c017,frame_000366.jpg,3660,366.0,True
S05,c017,frame_000367.jpg,3670,367.0,True
S05,c017,frame_000368.jpg,3680,368.0,True
S05,c017,frame_000369.jpg,3690,369.0,True
S05,c017,frame_000370.jpg,3700,370.0,True
S05,c017,frame_000371.jpg,3710,371.0,True
S05,c017,frame_000372.jpg,3720,372.0,True
S05,c017,frame_000373.jpg,3730,373.0,True
S05,c017,frame_000374.jpg,3740,374.0,True
S05,c017,frame_000375.jpg,3750,375.0,True
S05,c017,frame_000376.jpg,3760,376.0,True
S05,c017,frame_000377.jpg,3770,377.0,True
S05,c017,frame_000378.jpg,3780,378.0,True
S05,c017,frame_000379.jpg,3790,379.0,True
S05,c017,frame_000380.jpg,3800,380.0,True
S05,c017,frame_000381.jpg,3810,381.0,True
S05,c017,frame_000382.jpg,3820,382.0,True
S05,c017,frame_000383.jpg,3830,383.0,True
S05,c017,frame_000384.jpg,3840,384.0,True
S05,c017,frame_000385.jpg,3850,385.0,True
S05,c017,frame_000386.jpg,3860,386.0,True
S05,c017,frame_000387.jpg,3870,387.0,True
S05,c018,frame_000000.jpg,0,0.0,True
S05,c018,frame_000001.jpg,10,1.0,True
S05,c018,frame_000002.jpg,20,2.0,True
S05,c018,frame_000003.jpg,30,3.0,True
S05,c018,frame_000004.jpg,40,4.0,True
S05,c018,frame_000005.jpg,50,5.0,True
S05,c018,frame_000006.jpg,60,6.0,True
S05,c018,frame_000007.jpg,70,7.0,True
S05,c018,frame_000008.jpg,80,8.0,True
S05,c018,frame_000009.jpg,90,9.0,True
S05,c018,frame_000010.jpg,100,10.0,True
S05,c018,frame_000011.jpg,110,11.0,True
S05,c018,frame_000012.jpg,120,12.0,True
S05,c018,frame_000013.jpg,130,13.0,True
S05,c018,frame_000014.jpg,140,14.0,True
S05,c018,frame_000015.jpg,150,15.0,True
S05,c018,frame_000016.jpg,160,16.0,True
S05,c018,frame_000017.jpg,170,17.0,True
S05,c018,frame_000018.jpg,180,18.0,True
S05,c018,frame_000019.jpg,190,19.0,True
S05,c018,frame_000020.jpg,200,20.0,True
S05,c018,frame_000021.jpg,210,21.0,True
S05,c018,frame_000022.jpg,220,22.0,True
S05,c018,frame_000023.jpg,230,23.0,True
S05,c018,frame_000024.jpg,240,24.0,True
S05,c018,frame_000025.jpg,250,25.0,True
S05,c018,frame_000026.jpg,260,26.0,True
S05,c018,frame_000027.jpg,270,27.0,True
S05,c018,frame_000028.jpg,280,28.0,True
S05,c018,frame_000029.jpg,290,29.0,True
S05,c018,frame_000030.jpg,300,30.0,True
S05,c018,frame_000031.jpg,310,31.0,True
S05,c018,frame_000032.jpg,320,32.0,True
S05,c018,frame_000033.jpg,330,33.0,True
S05,c018,frame_000034.jpg,340,34.0,True
S05,c018,frame_000035.jpg,350,35.0,True
S05,c018,frame_000036.jpg,360,36.0,True
S05,c018,frame_000037.jpg,370,37.0,True
S05,c018,frame_000038.jpg,380,38.0,True
S05,c018,frame_000039.jpg,390,39.0,True
S05,c018,frame_000040.jpg,400,40.0,True
S05,c018,frame_000041.jpg,410,41.0,True
S05,c018,frame_000042.jpg,420,42.0,True
S05,c018,frame_000043.jpg,430,43.0,True
S05,c018,frame_000044.jpg,440,44.0,True
S05,c018,frame_000045.jpg,450,45.0,True
S05,c018,frame_000046.jpg,460,46.0,True
S05,c018,frame_000047.jpg,470,47.0,True
S05,c018,frame_000048.jpg,480,48.0,True
S05,c018,frame_000049.jpg,490,49.0,True
S05,c018,frame_000050.jpg,500,50.0,True
S05,c018,frame_000051.jpg,510,51.0,True
S05,c018,frame_000052.jpg,520,52.0,True
S05,c018,frame_000053.jpg,530,53.0,True
S05,c018,frame_000054.jpg,540,54.0,True
S05,c018,frame_000055.jpg,550,55.0,True
S05,c018,frame_000056.jpg,560,56.0,True
S05,c018,frame_000057.jpg,570,57.0,True
S05,c018,frame_000058.jpg,580,58.0,True
S05,c018,frame_000059.jpg,590,59.0,True
S05,c018,frame_000060.jpg,600,60.0,True
S05,c018,frame_000061.jpg,610,61.0,True
S05,c018,frame_000062.jpg,620,62.0,True
S05,c018,frame_000063.jpg,630,63.0,True
S05,c018,frame_000064.jpg,640,64.0,True
S05,c018,frame_000065.jpg,650,65.0,True
S05,c018,frame_000066.jpg,660,66.0,True
S05,c018,frame_000067.jpg,670,67.0,True
S05,c018,frame_000068.jpg,680,68.0,True
S05,c018,frame_000069.jpg,690,69.0,True
S05,c018,frame_000070.jpg,700,70.0,True
S05,c018,frame_000071.jpg,710,71.0,True
S05,c018,frame_000072.jpg,720,72.0,True
S05,c018,frame_000073.jpg,730,73.0,True
S05,c018,frame_000074.jpg,740,74.0,True
S05,c018,frame_000075.jpg,750,75.0,True
S05,c018,frame_000076.jpg,760,76.0,True
S05,c018,frame_000077.jpg,770,77.0,True
S05,c018,frame_000078.jpg,780,78.0,True
S05,c018,frame_000079.jpg,790,79.0,True
S05,c018,frame_000080.jpg,800,80.0,True
S05,c018,frame_000081.jpg,810,81.0,True
S05,c018,frame_000082.jpg,820,82.0,True
S05,c018,frame_000083.jpg,830,83.0,True
S05,c018,frame_000084.jpg,840,84.0,True
S05,c018,frame_000085.jpg,850,85.0,True
S05,c018,frame_000086.jpg,860,86.0,True
S05,c018,frame_000087.jpg,870,87.0,True
S05,c018,frame_000088.jpg,880,88.0,True
S05,c018,frame_000089.jpg,890,89.0,True
S05,c018,frame_000090.jpg,900,90.0,True
S05,c018,frame_000091.jpg,910,91.0,True
S05,c018,frame_000092.jpg,920,92.0,True
S05,c018,frame_000093.jpg,930,93.0,True
S05,c018,frame_000094.jpg,940,94.0,True
S05,c018,frame_000095.jpg,950,95.0,True
S05,c018,frame_000096.jpg,960,96.0,True
S05,c018,frame_000097.jpg,970,97.0,True
S05,c018,frame_000098.jpg,980,98.0,True
S05,c018,frame_000099.jpg,990,99.0,True
S05,c018,frame_000100.jpg,1000,100.0,True
S05,c018,frame_000101.jpg,1010,101.0,True
S05,c018,frame_000102.jpg,1020,102.0,True
S05,c018,frame_000103.jpg,1030,103.0,True
S05,c018,frame_000104.jpg,1040,104.0,True
S05,c018,frame_000105.jpg,1050,105.0,True
S05,c018,frame_000106.jpg,1060,106.0,True
S05,c018,frame_000107.jpg,1070,107.0,True
S05,c018,frame_000108.jpg,1080,108.0,True
S05,c018,frame_000109.jpg,1090,109.0,True
S05,c018,frame_000110.jpg,1100,110.0,True
S05,c018,frame_000111.jpg,1110,111.0,True
S05,c018,frame_000112.jpg,1120,112.0,True
S05,c018,frame_000113.jpg,1130,113.0,True
S05,c018,frame_000114.jpg,1140,114.0,True
S05,c018,frame_000115.jpg,1150,115.0,True
S05,c018,frame_000116.jpg,1160,116.0,True
S05,c018,frame_000117.jpg,1170,117.0,True
S05,c018,frame_000118.jpg,1180,118.0,True
S05,c018,frame_000119.jpg,1190,119.0,True
S05,c018,frame_000120.jpg,1200,120.0,True
S05,c018,frame_000121.jpg,1210,121.0,True
S05,c018,frame_000122.jpg,1220,122.0,True
S05,c018,frame_000123.jpg,1230,123.0,True
S05,c018,frame_000124.jpg,1240,124.0,True
S05,c018,frame_000125.jpg,1250,125.0,True
S05,c018,frame_000126.jpg,1260,126.0,True
S05,c018,frame_000127.jpg,1270,127.0,True
S05,c018,frame_000128.jpg,1280,128.0,True
S05,c018,frame_000129.jpg,1290,129.0,True
S05,c018,frame_000130.jpg,1300,130.0,True
S05,c018,frame_000131.jpg,1310,131.0,True
S05,c018,frame_000132.jpg,1320,132.0,True
S05,c018,frame_000133.jpg,1330,133.0,True
S05,c018,frame_000134.jpg,1340,134.0,True
S05,c018,frame_000135.jpg,1350,135.0,True
S05,c018,frame_000136.jpg,1360,136.0,True
S05,c018,frame_000137.jpg,1370,137.0,True
S05,c018,frame_000138.jpg,1380,138.0,True
S05,c018,frame_000139.jpg,1390,139.0,True
S05,c018,frame_000140.jpg,1400,140.0,True
S05,c018,frame_000141.jpg,1410,141.0,True
S05,c018,frame_000142.jpg,1420,142.0,True
S05,c018,frame_000143.jpg,1430,143.0,True
S05,c018,frame_000144.jpg,1440,144.0,True
S05,c018,frame_000145.jpg,1450,145.0,True
S05,c018,frame_000146.jpg,1460,146.0,True
S05,c018,frame_000147.jpg,1470,147.0,True
S05,c018,frame_000148.jpg,1480,148.0,True
S05,c018,frame_000149.jpg,1490,149.0,True
S05,c018,frame_000150.jpg,1500,150.0,True
S05,c018,frame_000151.jpg,1510,151.0,True
S05,c018,frame_000152.jpg,1520,152.0,True
S05,c018,frame_000153.jpg,1530,153.0,True
S05,c018,frame_000154.jpg,1540,154.0,True
S05,c018,frame_000155.jpg,1550,155.0,True
S05,c018,frame_000156.jpg,1560,156.0,True
S05,c018,frame_000157.jpg,1570,157.0,True
S05,c018,frame_000158.jpg,1580,158.0,True
S05,c018,frame_000159.jpg,1590,159.0,True
S05,c018,frame_000160.jpg,1600,160.0,True
S05,c018,frame_000161.jpg,1610,161.0,True
S05,c018,frame_000162.jpg,1620,162.0,True
S05,c018,frame_000163.jpg,1630,163.0,True
S05,c018,frame_000164.jpg,1640,164.0,True
S05,c018,frame_000165.jpg,1650,165.0,True
S05,c018,frame_000166.jpg,1660,166.0,True
S05,c018,frame_000167.jpg,1670,167.0,True
S05,c018,frame_000168.jpg,1680,168.0,True
S05,c018,frame_000169.jpg,1690,169.0,True
S05,c018,frame_000170.jpg,1700,170.0,True
S05,c018,frame_000171.jpg,1710,171.0,True
S05,c018,frame_000172.jpg,1720,172.0,True
S05,c018,frame_000173.jpg,1730,173.0,True
S05,c018,frame_000174.jpg,1740,174.0,True
S05,c018,frame_000175.jpg,1750,175.0,True
S05,c018,frame_000176.jpg,1760,176.0,True
S05,c018,frame_000177.jpg,1770,177.0,True
S05,c018,frame_000178.jpg,1780,178.0,True
S05,c018,frame_000179.jpg,1790,179.0,True
S05,c018,frame_000180.jpg,1800,180.0,True
S05,c018,frame_000181.jpg,1810,181.0,True
S05,c018,frame_000182.jpg,1820,182.0,True
S05,c018,frame_000183.jpg,1830,183.0,True
S05,c018,frame_000184.jpg,1840,184.0,True
S05,c018,frame_000185.jpg,1850,185.0,True
S05,c018,frame_000186.jpg,1860,186.0,True
S05,c018,frame_000187.jpg,1870,187.0,True
S05,c018,frame_000188.jpg,1880,188.0,True
S05,c018,frame_000189.jpg,1890,189.0,True
S05,c018,frame_000190.jpg,1900,190.0,True
S05,c018,frame_000191.jpg,1910,191.0,True
S05,c018,frame_000192.jpg,1920,192.0,True
S05,c018,frame_000193.jpg,1930,193.0,True
S05,c018,frame_000194.jpg,1940,194.0,True
S05,c018,frame_000195.jpg,1950,195.0,True
S05,c018,frame_000196.jpg,1960,196.0,True
S05,c018,frame_000197.jpg,1970,197.0,True
S05,c018,frame_000198.jpg,1980,198.0,True
S05,c018,frame_000199.jpg,1990,199.0,True
S05,c018,frame_000200.jpg,2000,200.0,True
S05,c018,frame_000201.jpg,2010,201.0,True
S05,c018,frame_000202.jpg,2020,202.0,True
S05,c018,frame_000203.jpg,2030,203.0,True
S05,c018,frame_000204.jpg,2040,204.0,True
S05,c018,frame_000205.jpg,2050,205.0,True
S05,c018,frame_000206.jpg,2060,206.0,True
S05,c018,frame_000207.jpg,2070,207.0,True
S05,c018,frame_000208.jpg,2080,208.0,True
S05,c018,frame_000209.jpg,2090,209.0,True
S05,c018,frame_000210.jpg,2100,210.0,True
S05,c018,frame_000211.jpg,2110,211.0,True
S05,c018,frame_000212.jpg,2120,212.0,True
S05,c018,frame_000213.jpg,2130,213.0,True
S05,c018,frame_000214.jpg,2140,214.0,True
S05,c018,frame_000215.jpg,2150,215.0,True
S05,c018,frame_000216.jpg,2160,216.0,True
S05,c018,frame_000217.jpg,2170,217.0,True
S05,c018,frame_000218.jpg,2180,218.0,True
S05,c018,frame_000219.jpg,2190,219.0,True
S05,c018,frame_000220.jpg,2200,220.0,True
S05,c018,frame_000221.jpg,2210,221.0,True
S05,c018,frame_000222.jpg,2220,222.0,True
S05,c018,frame_000223.jpg,2230,223.0,True
S05,c018,frame_000224.jpg,2240,224.0,True
S05,c018,frame_000225.jpg,2250,225.0,True
S05,c018,frame_000226.jpg,2260,226.0,True
S05,c018,frame_000227.jpg,2270,227.0,True
S05,c018,frame_000228.jpg,2280,228.0,True
S05,c018,frame_000229.jpg,2290,229.0,True
S05,c018,frame_000230.jpg,2300,230.0,True
S05,c018,frame_000231.jpg,2310,231.0,True
S05,c018,frame_000232.jpg,2320,232.0,True
S05,c018,frame_000233.jpg,2330,233.0,True
S05,c018,frame_000234.jpg,2340,234.0,True
S05,c018,frame_000235.jpg,2350,235.0,True
S05,c018,frame_000236.jpg,2360,236.0,True
S05,c018,frame_000237.jpg,2370,237.0,True
S05,c018,frame_000238.jpg,2380,238.0,True
S05,c018,frame_000239.jpg,2390,239.0,True
S05,c018,frame_000240.jpg,2400,240.0,True
S05,c018,frame_000241.jpg,2410,241.0,True
S05,c018,frame_000242.jpg,2420,242.0,True
S05,c018,frame_000243.jpg,2430,243.0,True
S05,c018,frame_000244.jpg,2440,244.0,True
S05,c018,frame_000245.jpg,2450,245.0,True
S05,c018,frame_000246.jpg,2460,246.0,True
S05,c018,frame_000247.jpg,2470,247.0,True
S05,c018,frame_000248.jpg,2480,248.0,True
S05,c018,frame_000249.jpg,2490,249.0,True
S05,c018,frame_000250.jpg,2500,250.0,True
S05,c018,frame_000251.jpg,2510,251.0,True
S05,c018,frame_000252.jpg,2520,252.0,True
S05,c018,frame_000253.jpg,2530,253.0,True
S05,c018,frame_000254.jpg,2540,254.0,True
S05,c018,frame_000255.jpg,2550,255.0,True
S05,c018,frame_000256.jpg,2560,256.0,True
S05,c018,frame_000257.jpg,2570,257.0,True
S05,c018,frame_000258.jpg,2580,258.0,True
S05,c018,frame_000259.jpg,2590,259.0,True
S05,c018,frame_000260.jpg,2600,260.0,True
S05,c018,frame_000261.jpg,2610,261.0,True
S05,c018,frame_000262.jpg,2620,262.0,True
S05,c018,frame_000263.jpg,2630,263.0,True
S05,c018,frame_000264.jpg,2640,264.0,True
S05,c018,frame_000265.jpg,2650,265.0,True
S05,c018,frame_000266.jpg,2660,266.0,True
S05,c018,frame_000267.jpg,2670,267.0,True
S05,c018,frame_000268.jpg,2680,268.0,True
S05,c018,frame_000269.jpg,2690,269.0,True
S05,c018,frame_000270.jpg,2700,270.0,True
S05,c018,frame_000271.jpg,2710,271.0,True
S05,c018,frame_000272.jpg,2720,272.0,True
S05,c018,frame_000273.jpg,2730,273.0,True
S05,c018,frame_000274.jpg,2740,274.0,True
S05,c018,frame_000275.jpg,2750,275.0,True
S05,c018,frame_000276.jpg,2760,276.0,True
S05,c018,frame_000277.jpg,2770,277.0,True
S05,c018,frame_000278.jpg,2780,278.0,True
S05,c018,frame_000279.jpg,2790,279.0,True
S05,c018,frame_000280.jpg,2800,280.0,True
S05,c018,frame_000281.jpg,2810,281.0,True
S05,c018,frame_000282.jpg,2820,282.0,True
S05,c018,frame_000283.jpg,2830,283.0,True
S05,c018,frame_000284.jpg,2840,284.0,True
S05,c018,frame_000285.jpg,2850,285.0,True
S05,c018,frame_000286.jpg,2860,286.0,True
S05,c018,frame_000287.jpg,2870,287.0,True
S05,c018,frame_000288.jpg,2880,288.0,True
S05,c018,frame_000289.jpg,2890,289.0,True
S05,c018,frame_000290.jpg,2900,290.0,True
S05,c018,frame_000291.jpg,2910,291.0,True
S05,c018,frame_000292.jpg,2920,292.0,True
S05,c018,frame_000293.jpg,2930,293.0,True
S05,c018,frame_000294.jpg,2940,294.0,True
S05,c018,frame_000295.jpg,2950,295.0,True
S05,c018,frame_000296.jpg,2960,296.0,True
S05,c018,frame_000297.jpg,2970,297.0,True
S05,c018,frame_000298.jpg,2980,298.0,True
S05,c018,frame_000299.jpg,2990,299.0,True
S05,c018,frame_000300.jpg,3000,300.0,True
S05,c018,frame_000301.jpg,3010,301.0,True
S05,c018,frame_000302.jpg,3020,302.0,True
S05,c018,frame_000303.jpg,3030,303.0,True
S05,c018,frame_000304.jpg,3040,304.0,True
S05,c018,frame_000305.jpg,3050,305.0,True
S05,c018,frame_000306.jpg,3060,306.0,True
S05,c018,frame_000307.jpg,3070,307.0,True
S05,c018,frame_000308.jpg,3080,308.0,True
S05,c018,frame_000309.jpg,3090,309.0,True
S05,c018,frame_000310.jpg,3100,310.0,True
S05,c018,frame_000311.jpg,3110,311.0,True
S05,c018,frame_000312.jpg,3120,312.0,True
S05,c018,frame_000313.jpg,3130,313.0,True
S05,c018,frame_000314.jpg,3140,314.0,True
S05,c018,frame_000315.jpg,3150,315.0,True
S05,c018,frame_000316.jpg,3160,316.0,True
S05,c018,frame_000317.jpg,3170,317.0,True
S05,c018,frame_000318.jpg,3180,318.0,True
S05,c018,frame_000319.jpg,3190,319.0,True
S05,c018,frame_000320.jpg,3200,320.0,True
S05,c018,frame_000321.jpg,3210,321.0,True
S05,c018,frame_000322.jpg,3220,322.0,True
S05,c018,frame_000323.jpg,3230,323.0,True
S05,c018,frame_000324.jpg,3240,324.0,True
S05,c018,frame_000325.jpg,3250,325.0,True
S05,c018,frame_000326.jpg,3260,326.0,True
S05,c018,frame_000327.jpg,3270,327.0,True
S05,c018,frame_000328.jpg,3280,328.0,True
S05,c018,frame_000329.jpg,3290,329.0,True
S05,c018,frame_000330.jpg,3300,330.0,True
S05,c018,frame_000331.jpg,3310,331.0,True
S05,c018,frame_000332.jpg,3320,332.0,True
S05,c018,frame_000333.jpg,3330,333.0,True
S05,c018,frame_000334.jpg,3340,334.0,True
S05,c018,frame_000335.jpg,3350,335.0,True
S05,c018,frame_000336.jpg,3360,336.0,True
S05,c018,frame_000337.jpg,3370,337.0,True
S05,c018,frame_000338.jpg,3380,338.0,True
S05,c018,frame_000339.jpg,3390,339.0,True
S05,c018,frame_000340.jpg,3400,340.0,True
S05,c018,frame_000341.jpg,3410,341.0,True
S05,c018,frame_000342.jpg,3420,342.0,True
S05,c018,frame_000343.jpg,3430,343.0,True
S05,c018,frame_000344.jpg,3440,344.0,True
S05,c018,frame_000345.jpg,3450,345.0,True
S05,c018,frame_000346.jpg,3460,346.0,True
S05,c018,frame_000347.jpg,3470,347.0,True
S05,c018,frame_000348.jpg,3480,348.0,True
S05,c018,frame_000349.jpg,3490,349.0,True
S05,c018,frame_000350.jpg,3500,350.0,True
S05,c018,frame_000351.jpg,3510,351.0,True
S05,c018,frame_000352.jpg,3520,352.0,True
S05,c018,frame_000353.jpg,3530,353.0,True
S05,c018,frame_000354.jpg,3540,354.0,True
S05,c018,frame_000355.jpg,3550,355.0,True
S05,c018,frame_000356.jpg,3560,356.0,True
S05,c018,frame_000357.jpg,3570,357.0,True
S05,c018,frame_000358.jpg,3580,358.0,True
S05,c018,frame_000359.jpg,3590,359.0,True
S05,c018,frame_000360.jpg,3600,360.0,True
S05,c018,frame_000361.jpg,3610,361.0,True
S05,c018,frame_000362.jpg,3620,362.0,True
S05,c018,frame_000363.jpg,3630,363.0,True
S05,c018,frame_000364.jpg,3640,364.0,True
S05,c018,frame_000365.jpg,3650,365.0,True
S05,c018,frame_000366.jpg,3660,366.0,True
S05,c018,frame_000367.jpg,3670,367.0,True
S05,c018,frame_000368.jpg,3680,368.0,True
S05,c018,frame_000369.jpg,3690,369.0,True
S05,c018,frame_000370.jpg,3700,370.0,True
S05,c018,frame_000371.jpg,3710,371.0,True
S05,c018,frame_000372.jpg,3720,372.0,True
S05,c018,frame_000373.jpg,3730,373.0,True
S05,c018,frame_000374.jpg,3740,374.0,True
S05,c018,frame_000375.jpg,3750,375.0,True
S05,c018,frame_000376.jpg,3760,376.0,True
S05,c018,frame_000377.jpg,3770,377.0,True
S05,c018,frame_000378.jpg,3780,378.0,True
S05,c018,frame_000379.jpg,3790,379.0,True
S05,c018,frame_000380.jpg,3800,380.0,True
S05,c018,frame_000381.jpg,3810,381.0,True
S05,c018,frame_000382.jpg,3820,382.0,True
S05,c018,frame_000383.jpg,3830,383.0,True
S05,c018,frame_000384.jpg,3840,384.0,True
S05,c019,frame_000000.jpg,0,0.0,True
S05,c019,frame_000001.jpg,10,1.0,True
S05,c019,frame_000002.jpg,20,2.0,True
S05,c019,frame_000003.jpg,30,3.0,True
S05,c019,frame_000004.jpg,40,4.0,True
S05,c019,frame_000005.jpg,50,5.0,True
S05,c019,frame_000006.jpg,60,6.0,True
S05,c019,frame_000007.jpg,70,7.0,True
S05,c019,frame_000008.jpg,80,8.0,True
S05,c019,frame_000009.jpg,90,9.0,True
S05,c019,frame_000010.jpg,100,10.0,True
S05,c019,frame_000011.jpg,110,11.0,True
S05,c019,frame_000012.jpg,120,12.0,True
S05,c019,frame_000013.jpg,130,13.0,True
S05,c019,frame_000014.jpg,140,14.0,True
S05,c019,frame_000015.jpg,150,15.0,True
S05,c019,frame_000016.jpg,160,16.0,True
S05,c019,frame_000017.jpg,170,17.0,True
S05,c019,frame_000018.jpg,180,18.0,True
S05,c019,frame_000019.jpg,190,19.0,True
S05,c019,frame_000020.jpg,200,20.0,True
S05,c019,frame_000021.jpg,210,21.0,True
S05,c019,frame_000022.jpg,220,22.0,True
S05,c019,frame_000023.jpg,230,23.0,True
S05,c019,frame_000024.jpg,240,24.0,True
S05,c019,frame_000025.jpg,250,25.0,True
S05,c019,frame_000026.jpg,260,26.0,True
S05,c019,frame_000027.jpg,270,27.0,True
S05,c019,frame_000028.jpg,280,28.0,True
S05,c019,frame_000029.jpg,290,29.0,True
S05,c019,frame_000030.jpg,300,30.0,True
S05,c019,frame_000031.jpg,310,31.0,True
S05,c019,frame_000032.jpg,320,32.0,True
S05,c019,frame_000033.jpg,330,33.0,True
S05,c019,frame_000034.jpg,340,34.0,True
S05,c019,frame_000035.jpg,350,35.0,True
S05,c019,frame_000036.jpg,360,36.0,True
S05,c019,frame_000037.jpg,370,37.0,True
S05,c019,frame_000038.jpg,380,38.0,True
S05,c019,frame_000039.jpg,390,39.0,True
S05,c019,frame_000040.jpg,400,40.0,True
S05,c019,frame_000041.jpg,410,41.0,True
S05,c019,frame_000042.jpg,420,42.0,True
S05,c019,frame_000043.jpg,430,43.0,True
S05,c019,frame_000044.jpg,440,44.0,True
S05,c019,frame_000045.jpg,450,45.0,True
S05,c019,frame_000046.jpg,460,46.0,True
S05,c019,frame_000047.jpg,470,47.0,True
S05,c019,frame_000048.jpg,480,48.0,True
S05,c019,frame_000049.jpg,490,49.0,True
S05,c019,frame_000050.jpg,500,50.0,True
S05,c019,frame_000051.jpg,510,51.0,True
S05,c019,frame_000052.jpg,520,52.0,True
S05,c019,frame_000053.jpg,530,53.0,True
S05,c019,frame_000054.jpg,540,54.0,True
S05,c019,frame_000055.jpg,550,55.0,True
S05,c019,frame_000056.jpg,560,56.0,True
S05,c019,frame_000057.jpg,570,57.0,True
S05,c019,frame_000058.jpg,580,58.0,True
S05,c019,frame_000059.jpg,590,59.0,True
S05,c019,frame_000060.jpg,600,60.0,True
S05,c019,frame_000061.jpg,610,61.0,True
S05,c019,frame_000062.jpg,620,62.0,True
S05,c019,frame_000063.jpg,630,63.0,True
S05,c019,frame_000064.jpg,640,64.0,True
S05,c019,frame_000065.jpg,650,65.0,True
S05,c019,frame_000066.jpg,660,66.0,True
S05,c019,frame_000067.jpg,670,67.0,True
S05,c019,frame_000068.jpg,680,68.0,True
S05,c019,frame_000069.jpg,690,69.0,True
S05,c019,frame_000070.jpg,700,70.0,True
S05,c019,frame_000071.jpg,710,71.0,True
S05,c019,frame_000072.jpg,720,72.0,True
S05,c019,frame_000073.jpg,730,73.0,True
S05,c019,frame_000074.jpg,740,74.0,True
S05,c019,frame_000075.jpg,750,75.0,True
S05,c019,frame_000076.jpg,760,76.0,True
S05,c019,frame_000077.jpg,770,77.0,True
S05,c019,frame_000078.jpg,780,78.0,True
S05,c019,frame_000079.jpg,790,79.0,True
S05,c019,frame_000080.jpg,800,80.0,True
S05,c019,frame_000081.jpg,810,81.0,True
S05,c019,frame_000082.jpg,820,82.0,True
S05,c019,frame_000083.jpg,830,83.0,True
S05,c019,frame_000084.jpg,840,84.0,True
S05,c019,frame_000085.jpg,850,85.0,True
S05,c019,frame_000086.jpg,860,86.0,True
S05,c019,frame_000087.jpg,870,87.0,True
S05,c019,frame_000088.jpg,880,88.0,True
S05,c019,frame_000089.jpg,890,89.0,True
S05,c019,frame_000090.jpg,900,90.0,True
S05,c019,frame_000091.jpg,910,91.0,True
S05,c019,frame_000092.jpg,920,92.0,True
S05,c019,frame_000093.jpg,930,93.0,True
S05,c019,frame_000094.jpg,940,94.0,True
S05,c019,frame_000095.jpg,950,95.0,True
S05,c019,frame_000096.jpg,960,96.0,True
S05,c019,frame_000097.jpg,970,97.0,True
S05,c019,frame_000098.jpg,980,98.0,True
S05,c019,frame_000099.jpg,990,99.0,True
S05,c019,frame_000100.jpg,1000,100.0,True
S05,c019,frame_000101.jpg,1010,101.0,True
S05,c019,frame_000102.jpg,1020,102.0,True
S05,c019,frame_000103.jpg,1030,103.0,True
S05,c019,frame_000104.jpg,1040,104.0,True
S05,c019,frame_000105.jpg,1050,105.0,True
S05,c019,frame_000106.jpg,1060,106.0,True
S05,c019,frame_000107.jpg,1070,107.0,True
S05,c019,frame_000108.jpg,1080,108.0,True
S05,c019,frame_000109.jpg,1090,109.0,True
S05,c019,frame_000110.jpg,1100,110.0,True
S05,c019,frame_000111.jpg,1110,111.0,True
S05,c019,frame_000112.jpg,1120,112.0,True
S05,c019,frame_000113.jpg,1130,113.0,True
S05,c019,frame_000114.jpg,1140,114.0,True
S05,c019,frame_000115.jpg,1150,115.0,True
S05,c019,frame_000116.jpg,1160,116.0,True
S05,c019,frame_000117.jpg,1170,117.0,True
S05,c019,frame_000118.jpg,1180,118.0,True
S05,c019,frame_000119.jpg,1190,119.0,True
S05,c019,frame_000120.jpg,1200,120.0,True
S05,c019,frame_000121.jpg,1210,121.0,True
S05,c019,frame_000122.jpg,1220,122.0,True
S05,c019,frame_000123.jpg,1230,123.0,True
S05,c019,frame_000124.jpg,1240,124.0,True
S05,c019,frame_000125.jpg,1250,125.0,True
S05,c019,frame_000126.jpg,1260,126.0,True
S05,c019,frame_000127.jpg,1270,127.0,True
S05,c019,frame_000128.jpg,1280,128.0,True
S05,c019,frame_000129.jpg,1290,129.0,True
S05,c019,frame_000130.jpg,1300,130.0,True
S05,c019,frame_000131.jpg,1310,131.0,True
S05,c019,frame_000132.jpg,1320,132.0,True
S05,c019,frame_000133.jpg,1330,133.0,True
S05,c019,frame_000134.jpg,1340,134.0,True
S05,c019,frame_000135.jpg,1350,135.0,True
S05,c019,frame_000136.jpg,1360,136.0,True
S05,c019,frame_000137.jpg,1370,137.0,True
S05,c019,frame_000138.jpg,1380,138.0,True
S05,c019,frame_000139.jpg,1390,139.0,True
S05,c019,frame_000140.jpg,1400,140.0,True
S05,c019,frame_000141.jpg,1410,141.0,True
S05,c019,frame_000142.jpg,1420,142.0,True
S05,c019,frame_000143.jpg,1430,143.0,True
S05,c019,frame_000144.jpg,1440,144.0,True
S05,c019,frame_000145.jpg,1450,145.0,True
S05,c019,frame_000146.jpg,1460,146.0,True
S05,c019,frame_000147.jpg,1470,147.0,True
S05,c019,frame_000148.jpg,1480,148.0,True
S05,c019,frame_000149.jpg,1490,149.0,True
S05,c019,frame_000150.jpg,1500,150.0,True
S05,c019,frame_000151.jpg,1510,151.0,True
S05,c019,frame_000152.jpg,1520,152.0,True
S05,c019,frame_000153.jpg,1530,153.0,True
S05,c019,frame_000154.jpg,1540,154.0,True
S05,c019,frame_000155.jpg,1550,155.0,True
S05,c019,frame_000156.jpg,1560,156.0,True
S05,c019,frame_000157.jpg,1570,157.0,True
S05,c019,frame_000158.jpg,1580,158.0,True
S05,c019,frame_000159.jpg,1590,159.0,True
S05,c019,frame_000160.jpg,1600,160.0,True
S05,c019,frame_000161.jpg,1610,161.0,True
S05,c019,frame_000162.jpg,1620,162.0,True
S05,c019,frame_000163.jpg,1630,163.0,True
S05,c019,frame_000164.jpg,1640,164.0,True
S05,c019,frame_000165.jpg,1650,165.0,True
S05,c019,frame_000166.jpg,1660,166.0,True
S05,c019,frame_000167.jpg,1670,167.0,True
S05,c019,frame_000168.jpg,1680,168.0,True
S05,c019,frame_000169.jpg,1690,169.0,True
S05,c019,frame_000170.jpg,1700,170.0,True
S05,c019,frame_000171.jpg,1710,171.0,True
S05,c019,frame_000172.jpg,1720,172.0,True
S05,c019,frame_000173.jpg,1730,173.0,True
S05,c019,frame_000174.jpg,1740,174.0,True
S05,c019,frame_000175.jpg,1750,175.0,True
S05,c019,frame_000176.jpg,1760,176.0,True
S05,c019,frame_000177.jpg,1770,177.0,True
S05,c019,frame_000178.jpg,1780,178.0,True
S05,c019,frame_000179.jpg,1790,179.0,True
S05,c019,frame_000180.jpg,1800,180.0,True
S05,c019,frame_000181.jpg,1810,181.0,True
S05,c019,frame_000182.jpg,1820,182.0,True
S05,c019,frame_000183.jpg,1830,183.0,True
S05,c019,frame_000184.jpg,1840,184.0,True
S05,c019,frame_000185.jpg,1850,185.0,True
S05,c019,frame_000186.jpg,1860,186.0,True
S05,c019,frame_000187.jpg,1870,187.0,True
S05,c019,frame_000188.jpg,1880,188.0,True
S05,c019,frame_000189.jpg,1890,189.0,True
S05,c019,frame_000190.jpg,1900,190.0,True
S05,c019,frame_000191.jpg,1910,191.0,True
S05,c019,frame_000192.jpg,1920,192.0,True
S05,c019,frame_000193.jpg,1930,193.0,True
S05,c019,frame_000194.jpg,1940,194.0,True
S05,c019,frame_000195.jpg,1950,195.0,True
S05,c019,frame_000196.jpg,1960,196.0,True
S05,c019,frame_000197.jpg,1970,197.0,True
S05,c019,frame_000198.jpg,1980,198.0,True
S05,c019,frame_000199.jpg,1990,199.0,True
S05,c019,frame_000200.jpg,2000,200.0,True
S05,c019,frame_000201.jpg,2010,201.0,True
S05,c019,frame_000202.jpg,2020,202.0,True
S05,c019,frame_000203.jpg,2030,203.0,True
S05,c019,frame_000204.jpg,2040,204.0,True
S05,c019,frame_000205.jpg,2050,205.0,True
S05,c019,frame_000206.jpg,2060,206.0,True
S05,c019,frame_000207.jpg,2070,207.0,True
S05,c019,frame_000208.jpg,2080,208.0,True
S05,c019,frame_000209.jpg,2090,209.0,True
S05,c019,frame_000210.jpg,2100,210.0,True
S05,c019,frame_000211.jpg,2110,211.0,True
S05,c019,frame_000212.jpg,2120,212.0,True
S05,c019,frame_000213.jpg,2130,213.0,True
S05,c019,frame_000214.jpg,2140,214.0,True
S05,c019,frame_000215.jpg,2150,215.0,True
S05,c019,frame_000216.jpg,2160,216.0,True
S05,c019,frame_000217.jpg,2170,217.0,True
S05,c019,frame_000218.jpg,2180,218.0,True
S05,c019,frame_000219.jpg,2190,219.0,True
S05,c019,frame_000220.jpg,2200,220.0,True
S05,c019,frame_000221.jpg,2210,221.0,True
S05,c019,frame_000222.jpg,2220,222.0,True
S05,c019,frame_000223.jpg,2230,223.0,True
S05,c019,frame_000224.jpg,2240,224.0,True
S05,c019,frame_000225.jpg,2250,225.0,True
S05,c019,frame_000226.jpg,2260,226.0,True
S05,c019,frame_000227.jpg,2270,227.0,True
S05,c019,frame_000228.jpg,2280,228.0,True
S05,c019,frame_000229.jpg,2290,229.0,True
S05,c019,frame_000230.jpg,2300,230.0,True
S05,c019,frame_000231.jpg,2310,231.0,True
S05,c019,frame_000232.jpg,2320,232.0,True
S05,c019,frame_000233.jpg,2330,233.0,True
S05,c019,frame_000234.jpg,2340,234.0,True
S05,c019,frame_000235.jpg,2350,235.0,True
S05,c019,frame_000236.jpg,2360,236.0,True
S05,c019,frame_000237.jpg,2370,237.0,True
S05,c019,frame_000238.jpg,2380,238.0,True
S05,c019,frame_000239.jpg,2390,239.0,True
S05,c019,frame_000240.jpg,2400,240.0,True
S05,c019,frame_000241.jpg,2410,241.0,True
S05,c019,frame_000242.jpg,2420,242.0,True
S05,c019,frame_000243.jpg,2430,243.0,True
S05,c019,frame_000244.jpg,2440,244.0,True
S05,c019,frame_000245.jpg,2450,245.0,True
S05,c019,frame_000246.jpg,2460,246.0,True
S05,c019,frame_000247.jpg,2470,247.0,True
S05,c019,frame_000248.jpg,2480,248.0,True
S05,c019,frame_000249.jpg,2490,249.0,True
S05,c019,frame_000250.jpg,2500,250.0,True
S05,c019,frame_000251.jpg,2510,251.0,True
S05,c019,frame_000252.jpg,2520,252.0,True
S05,c019,frame_000253.jpg,2530,253.0,True
S05,c019,frame_000254.jpg,2540,254.0,True
S05,c019,frame_000255.jpg,2550,255.0,True
S05,c019,frame_000256.jpg,2560,256.0,True
S05,c019,frame_000257.jpg,2570,257.0,True
S05,c019,frame_000258.jpg,2580,258.0,True
S05,c019,frame_000259.jpg,2590,259.0,True
S05,c019,frame_000260.jpg,2600,260.0,True
S05,c019,frame_000261.jpg,2610,261.0,True
S05,c019,frame_000262.jpg,2620,262.0,True
S05,c019,frame_000263.jpg,2630,263.0,True
S05,c019,frame_000264.jpg,2640,264.0,True
S05,c019,frame_000265.jpg,2650,265.0,True
S05,c019,frame_000266.jpg,2660,266.0,True
S05,c019,frame_000267.jpg,2670,267.0,True
S05,c019,frame_000268.jpg,2680,268.0,True
S05,c019,frame_000269.jpg,2690,269.0,True
S05,c019,frame_000270.jpg,2700,270.0,True
S05,c019,frame_000271.jpg,2710,271.0,True
S05,c019,frame_000272.jpg,2720,272.0,True
S05,c019,frame_000273.jpg,2730,273.0,True
S05,c019,frame_000274.jpg,2740,274.0,True
S05,c019,frame_000275.jpg,2750,275.0,True
S05,c019,frame_000276.jpg,2760,276.0,True
S05,c019,frame_000277.jpg,2770,277.0,True
S05,c019,frame_000278.jpg,2780,278.0,True
S05,c019,frame_000279.jpg,2790,279.0,True
S05,c019,frame_000280.jpg,2800,280.0,True
S05,c019,frame_000281.jpg,2810,281.0,True
S05,c019,frame_000282.jpg,2820,282.0,True
S05,c019,frame_000283.jpg,2830,283.0,True
S05,c019,frame_000284.jpg,2840,284.0,True
S05,c019,frame_000285.jpg,2850,285.0,True
S05,c019,frame_000286.jpg,2860,286.0,True
S05,c019,frame_000287.jpg,2870,287.0,True
S05,c019,frame_000288.jpg,2880,288.0,True
S05,c019,frame_000289.jpg,2890,289.0,True
S05,c019,frame_000290.jpg,2900,290.0,True
S05,c019,frame_000291.jpg,2910,291.0,True
S05,c019,frame_000292.jpg,2920,292.0,True
S05,c019,frame_000293.jpg,2930,293.0,True
S05,c019,frame_000294.jpg,2940,294.0,True
S05,c019,frame_000295.jpg,2950,295.0,True
S05,c019,frame_000296.jpg,2960,296.0,True
S05,c019,frame_000297.jpg,2970,297.0,True
S05,c019,frame_000298.jpg,2980,298.0,True
S05,c019,frame_000299.jpg,2990,299.0,True
S05,c019,frame_000300.jpg,3000,300.0,True
S05,c019,frame_000301.jpg,3010,301.0,True
S05,c019,frame_000302.jpg,3020,302.0,True
S05,c019,frame_000303.jpg,3030,303.0,True
S05,c019,frame_000304.jpg,3040,304.0,True
S05,c019,frame_000305.jpg,3050,305.0,True
S05,c019,frame_000306.jpg,3060,306.0,True
S05,c019,frame_000307.jpg,3070,307.0,True
S05,c019,frame_000308.jpg,3080,308.0,True
S05,c019,frame_000309.jpg,3090,309.0,True
S05,c019,frame_000310.jpg,3100,310.0,True
S05,c019,frame_000311.jpg,3110,311.0,True
S05,c019,frame_000312.jpg,3120,312.0,True
S05,c019,frame_000313.jpg,3130,313.0,True
S05,c019,frame_000314.jpg,3140,314.0,True
S05,c019,frame_000315.jpg,3150,315.0,True
S05,c019,frame_000316.jpg,3160,316.0,True
S05,c019,frame_000317.jpg,3170,317.0,True
S05,c019,frame_000318.jpg,3180,318.0,True
S05,c019,frame_000319.jpg,3190,319.0,True
S05,c019,frame_000320.jpg,3200,320.0,True
S05,c019,frame_000321.jpg,3210,321.0,True
S05,c019,frame_000322.jpg,3220,322.0,True
S05,c019,frame_000323.jpg,3230,323.0,True
S05,c019,frame_000324.jpg,3240,324.0,True
S05,c019,frame_000325.jpg,3250,325.0,True
S05,c019,frame_000326.jpg,3260,326.0,True
S05,c019,frame_000327.jpg,3270,327.0,True
S05,c019,frame_000328.jpg,3280,328.0,True
S05,c019,frame_000329.jpg,3290,329.0,True
S05,c019,frame_000330.jpg,3300,330.0,True
S05,c019,frame_000331.jpg,3310,331.0,True
S05,c019,frame_000332.jpg,3320,332.0,True
S05,c019,frame_000333.jpg,3330,333.0,True
S05,c019,frame_000334.jpg,3340,334.0,True
S05,c019,frame_000335.jpg,3350,335.0,True
S05,c019,frame_000336.jpg,3360,336.0,True
S05,c019,frame_000337.jpg,3370,337.0,True
S05,c019,frame_000338.jpg,3380,338.0,True
S05,c019,frame_000339.jpg,3390,339.0,True
S05,c019,frame_000340.jpg,3400,340.0,True
S05,c019,frame_000341.jpg,3410,341.0,True
S05,c019,frame_000342.jpg,3420,342.0,True
S05,c019,frame_000343.jpg,3430,343.0,True
S05,c019,frame_000344.jpg,3440,344.0,True
S05,c019,frame_000345.jpg,3450,345.0,True
S05,c019,frame_000346.jpg,3460,346.0,True
S05,c019,frame_000347.jpg,3470,347.0,True
S05,c019,frame_000348.jpg,3480,348.0,True
S05,c019,frame_000349.jpg,3490,349.0,True
S05,c019,frame_000350.jpg,3500,350.0,True
S05,c019,frame_000351.jpg,3510,351.0,True
S05,c019,frame_000352.jpg,3520,352.0,True
S05,c019,frame_000353.jpg,3530,353.0,True
S05,c019,frame_000354.jpg,3540,354.0,True
S05,c019,frame_000355.jpg,3550,355.0,True
S05,c019,frame_000356.jpg,3560,356.0,True
S05,c019,frame_000357.jpg,3570,357.0,True
S05,c019,frame_000358.jpg,3580,358.0,True
S05,c019,frame_000359.jpg,3590,359.0,True
S05,c019,frame_000360.jpg,3600,360.0,True
S05,c019,frame_000361.jpg,3610,361.0,True
S05,c019,frame_000362.jpg,3620,362.0,True
S05,c019,frame_000363.jpg,3630,363.0,True
S05,c019,frame_000364.jpg,3640,364.0,True
S05,c019,frame_000365.jpg,3650,365.0,True
S05,c019,frame_000366.jpg,3660,366.0,True
S05,c019,frame_000367.jpg,3670,367.0,True
S05,c019,frame_000368.jpg,3680,368.0,True
S05,c019,frame_000369.jpg,3690,369.0,True
S05,c019,frame_000370.jpg,3700,370.0,True
S05,c019,frame_000371.jpg,3710,371.0,True
S05,c019,frame_000372.jpg,3720,372.0,True
S05,c019,frame_000373.jpg,3730,373.0,True
S05,c019,frame_000374.jpg,3740,374.0,True
S05,c019,frame_000375.jpg,3750,375.0,True
S05,c019,frame_000376.jpg,3760,376.0,True
S05,c019,frame_000377.jpg,3770,377.0,True
S05,c019,frame_000378.jpg,3780,378.0,True
S05,c019,frame_000379.jpg,3790,379.0,True
S05,c019,frame_000380.jpg,3800,380.0,True
S05,c019,frame_000381.jpg,3810,381.0,True
S05,c019,frame_000382.jpg,3820,382.0,True
S05,c019,frame_000383.jpg,3830,383.0,True
S05,c019,frame_000384.jpg,3840,384.0,True
S05,c019,frame_000385.jpg,3850,385.0,True
S05,c019,frame_000386.jpg,3860,386.0,True
S05,c019,frame_000387.jpg,3870,387.0,True
S05,c019,frame_000388.jpg,3880,388.0,True
S05,c019,frame_000389.jpg,3890,389.0,True
S05,c020,frame_000000.jpg,0,0.0,True
S05,c020,frame_000001.jpg,10,1.0,True
S05,c020,frame_000002.jpg,20,2.0,True
S05,c020,frame_000003.jpg,30,3.0,True
S05,c020,frame_000004.jpg,40,4.0,True
S05,c020,frame_000005.jpg,50,5.0,True
S05,c020,frame_000006.jpg,60,6.0,True
S05,c020,frame_000007.jpg,70,7.0,True
S05,c020,frame_000008.jpg,80,8.0,True
S05,c020,frame_000009.jpg,90,9.0,True
S05,c020,frame_000010.jpg,100,10.0,True
S05,c020,frame_000011.jpg,110,11.0,True
S05,c020,frame_000012.jpg,120,12.0,True
S05,c020,frame_000013.jpg,130,13.0,True
S05,c020,frame_000014.jpg,140,14.0,True
S05,c020,frame_000015.jpg,150,15.0,True
S05,c020,frame_000016.jpg,160,16.0,True
S05,c020,frame_000017.jpg,170,17.0,True
S05,c020,frame_000018.jpg,180,18.0,True
S05,c020,frame_000019.jpg,190,19.0,True
S05,c020,frame_000020.jpg,200,20.0,True
S05,c020,frame_000021.jpg,210,21.0,True
S05,c020,frame_000022.jpg,220,22.0,True
S05,c020,frame_000023.jpg,230,23.0,True
S05,c020,frame_000024.jpg,240,24.0,True
S05,c020,frame_000025.jpg,250,25.0,True
S05,c020,frame_000026.jpg,260,26.0,True
S05,c020,frame_000027.jpg,270,27.0,True
S05,c020,frame_000028.jpg,280,28.0,True
S05,c020,frame_000029.jpg,290,29.0,True
S05,c020,frame_000030.jpg,300,30.0,True
S05,c020,frame_000031.jpg,310,31.0,True
S05,c020,frame_000032.jpg,320,32.0,True
S05,c020,frame_000033.jpg,330,33.0,True
S05,c020,frame_000034.jpg,340,34.0,True
S05,c020,frame_000035.jpg,350,35.0,True
S05,c020,frame_000036.jpg,360,36.0,True
S05,c020,frame_000037.jpg,370,37.0,True
S05,c020,frame_000038.jpg,380,38.0,True
S05,c020,frame_000039.jpg,390,39.0,True
S05,c020,frame_000040.jpg,400,40.0,True
S05,c020,frame_000041.jpg,410,41.0,True
S05,c020,frame_000042.jpg,420,42.0,True
S05,c020,frame_000043.jpg,430,43.0,True
S05,c020,frame_000044.jpg,440,44.0,True
S05,c020,frame_000045.jpg,450,45.0,True
S05,c020,frame_000046.jpg,460,46.0,True
S05,c020,frame_000047.jpg,470,47.0,True
S05,c020,frame_000048.jpg,480,48.0,True
S05,c020,frame_000049.jpg,490,49.0,True
S05,c020,frame_000050.jpg,500,50.0,True
S05,c020,frame_000051.jpg,510,51.0,True
S05,c020,frame_000052.jpg,520,52.0,True
S05,c020,frame_000053.jpg,530,53.0,True
S05,c020,frame_000054.jpg,540,54.0,True
S05,c020,frame_000055.jpg,550,55.0,True
S05,c020,frame_000056.jpg,560,56.0,True
S05,c020,frame_000057.jpg,570,57.0,True
S05,c020,frame_000058.jpg,580,58.0,True
S05,c020,frame_000059.jpg,590,59.0,True
S05,c020,frame_000060.jpg,600,60.0,True
S05,c020,frame_000061.jpg,610,61.0,True
S05,c020,frame_000062.jpg,620,62.0,True
S05,c020,frame_000063.jpg,630,63.0,True
S05,c020,frame_000064.jpg,640,64.0,True
S05,c020,frame_000065.jpg,650,65.0,True
S05,c020,frame_000066.jpg,660,66.0,True
S05,c020,frame_000067.jpg,670,67.0,True
S05,c020,frame_000068.jpg,680,68.0,True
S05,c020,frame_000069.jpg,690,69.0,True
S05,c020,frame_000070.jpg,700,70.0,True
S05,c020,frame_000071.jpg,710,71.0,True
S05,c020,frame_000072.jpg,720,72.0,True
S05,c020,frame_000073.jpg,730,73.0,True
S05,c020,frame_000074.jpg,740,74.0,True
S05,c020,frame_000075.jpg,750,75.0,True
S05,c020,frame_000076.jpg,760,76.0,True
S05,c020,frame_000077.jpg,770,77.0,True
S05,c020,frame_000078.jpg,780,78.0,True
S05,c020,frame_000079.jpg,790,79.0,True
S05,c020,frame_000080.jpg,800,80.0,True
S05,c020,frame_000081.jpg,810,81.0,True
S05,c020,frame_000082.jpg,820,82.0,True
S05,c020,frame_000083.jpg,830,83.0,True
S05,c020,frame_000084.jpg,840,84.0,True
S05,c020,frame_000085.jpg,850,85.0,True
S05,c020,frame_000086.jpg,860,86.0,True
S05,c020,frame_000087.jpg,870,87.0,True
S05,c020,frame_000088.jpg,880,88.0,True
S05,c020,frame_000089.jpg,890,89.0,True
S05,c020,frame_000090.jpg,900,90.0,True
S05,c020,frame_000091.jpg,910,91.0,True
S05,c020,frame_000092.jpg,920,92.0,True
S05,c020,frame_000093.jpg,930,93.0,True
S05,c020,frame_000094.jpg,940,94.0,True
S05,c020,frame_000095.jpg,950,95.0,True
S05,c020,frame_000096.jpg,960,96.0,True
S05,c020,frame_000097.jpg,970,97.0,True
S05,c020,frame_000098.jpg,980,98.0,True
S05,c020,frame_000099.jpg,990,99.0,True
S05,c020,frame_000100.jpg,1000,100.0,True
S05,c020,frame_000101.jpg,1010,101.0,True
S05,c020,frame_000102.jpg,1020,102.0,True
S05,c020,frame_000103.jpg,1030,103.0,True
S05,c020,frame_000104.jpg,1040,104.0,True
S05,c020,frame_000105.jpg,1050,105.0,True
S05,c020,frame_000106.jpg,1060,106.0,True
S05,c020,frame_000107.jpg,1070,107.0,True
S05,c020,frame_000108.jpg,1080,108.0,True
S05,c020,frame_000109.jpg,1090,109.0,True
S05,c020,frame_000110.jpg,1100,110.0,True
S05,c020,frame_000111.jpg,1110,111.0,True
S05,c020,frame_000112.jpg,1120,112.0,True
S05,c020,frame_000113.jpg,1130,113.0,True
S05,c020,frame_000114.jpg,1140,114.0,True
S05,c020,frame_000115.jpg,1150,115.0,True
S05,c020,frame_000116.jpg,1160,116.0,True
S05,c020,frame_000117.jpg,1170,117.0,True
S05,c020,frame_000118.jpg,1180,118.0,True
S05,c020,frame_000119.jpg,1190,119.0,True
S05,c020,frame_000120.jpg,1200,120.0,True
S05,c020,frame_000121.jpg,1210,121.0,True
S05,c020,frame_000122.jpg,1220,122.0,True
S05,c020,frame_000123.jpg,1230,123.0,True
S05,c020,frame_000124.jpg,1240,124.0,True
S05,c020,frame_000125.jpg,1250,125.0,True
S05,c020,frame_000126.jpg,1260,126.0,True
S05,c020,frame_000127.jpg,1270,127.0,True
S05,c020,frame_000128.jpg,1280,128.0,True
S05,c020,frame_000129.jpg,1290,129.0,True
S05,c020,frame_000130.jpg,1300,130.0,True
S05,c020,frame_000131.jpg,1310,131.0,True
S05,c020,frame_000132.jpg,1320,132.0,True
S05,c020,frame_000133.jpg,1330,133.0,True
S05,c020,frame_000134.jpg,1340,134.0,True
S05,c020,frame_000135.jpg,1350,135.0,True
S05,c020,frame_000136.jpg,1360,136.0,True
S05,c020,frame_000137.jpg,1370,137.0,True
S05,c020,frame_000138.jpg,1380,138.0,True
S05,c020,frame_000139.jpg,1390,139.0,True
S05,c020,frame_000140.jpg,1400,140.0,True
S05,c020,frame_000141.jpg,1410,141.0,True
S05,c020,frame_000142.jpg,1420,142.0,True
S05,c020,frame_000143.jpg,1430,143.0,True
S05,c020,frame_000144.jpg,1440,144.0,True
S05,c020,frame_000145.jpg,1450,145.0,True
S05,c020,frame_000146.jpg,1460,146.0,True
S05,c020,frame_000147.jpg,1470,147.0,True
S05,c020,frame_000148.jpg,1480,148.0,True
S05,c020,frame_000149.jpg,1490,149.0,True
S05,c020,frame_000150.jpg,1500,150.0,True
S05,c020,frame_000151.jpg,1510,151.0,True
S05,c020,frame_000152.jpg,1520,152.0,True
S05,c020,frame_000153.jpg,1530,153.0,True
S05,c020,frame_000154.jpg,1540,154.0,True
S05,c020,frame_000155.jpg,1550,155.0,True
S05,c020,frame_000156.jpg,1560,156.0,True
S05,c020,frame_000157.jpg,1570,157.0,True
S05,c020,frame_000158.jpg,1580,158.0,True
S05,c020,frame_000159.jpg,1590,159.0,True
S05,c020,frame_000160.jpg,1600,160.0,True
S05,c020,frame_000161.jpg,1610,161.0,True
S05,c020,frame_000162.jpg,1620,162.0,True
S05,c020,frame_000163.jpg,1630,163.0,True
S05,c020,frame_000164.jpg,1640,164.0,True
S05,c020,frame_000165.jpg,1650,165.0,True
S05,c020,frame_000166.jpg,1660,166.0,True
S05,c020,frame_000167.jpg,1670,167.0,True
S05,c020,frame_000168.jpg,1680,168.0,True
S05,c020,frame_000169.jpg,1690,169.0,True
S05,c020,frame_000170.jpg,1700,170.0,True
S05,c020,frame_000171.jpg,1710,171.0,True
S05,c020,frame_000172.jpg,1720,172.0,True
S05,c020,frame_000173.jpg,1730,173.0,True
S05,c020,frame_000174.jpg,1740,174.0,True
S05,c020,frame_000175.jpg,1750,175.0,True
S05,c020,frame_000176.jpg,1760,176.0,True
S05,c020,frame_000177.jpg,1770,177.0,True
S05,c020,frame_000178.jpg,1780,178.0,True
S05,c020,frame_000179.jpg,1790,179.0,True
S05,c020,frame_000180.jpg,1800,180.0,True
S05,c020,frame_000181.jpg,1810,181.0,True
S05,c020,frame_000182.jpg,1820,182.0,True
S05,c020,frame_000183.jpg,1830,183.0,True
S05,c020,frame_000184.jpg,1840,184.0,True
S05,c020,frame_000185.jpg,1850,185.0,True
S05,c020,frame_000186.jpg,1860,186.0,True
S05,c020,frame_000187.jpg,1870,187.0,True
S05,c020,frame_000188.jpg,1880,188.0,True
S05,c020,frame_000189.jpg,1890,189.0,True
S05,c020,frame_000190.jpg,1900,190.0,True
S05,c020,frame_000191.jpg,1910,191.0,True
S05,c020,frame_000192.jpg,1920,192.0,True
S05,c020,frame_000193.jpg,1930,193.0,True
S05,c020,frame_000194.jpg,1940,194.0,True
S05,c020,frame_000195.jpg,1950,195.0,True
S05,c020,frame_000196.jpg,1960,196.0,True
S05,c020,frame_000197.jpg,1970,197.0,True
S05,c020,frame_000198.jpg,1980,198.0,True
S05,c020,frame_000199.jpg,1990,199.0,True
S05,c020,frame_000200.jpg,2000,200.0,True
S05,c020,frame_000201.jpg,2010,201.0,True
S05,c020,frame_000202.jpg,2020,202.0,True
S05,c020,frame_000203.jpg,2030,203.0,True
S05,c020,frame_000204.jpg,2040,204.0,True
S05,c020,frame_000205.jpg,2050,205.0,True
S05,c020,frame_000206.jpg,2060,206.0,True
S05,c020,frame_000207.jpg,2070,207.0,True
S05,c020,frame_000208.jpg,2080,208.0,True
S05,c020,frame_000209.jpg,2090,209.0,True
S05,c020,frame_000210.jpg,2100,210.0,True
S05,c020,frame_000211.jpg,2110,211.0,True
S05,c020,frame_000212.jpg,2120,212.0,True
S05,c020,frame_000213.jpg,2130,213.0,True
S05,c020,frame_000214.jpg,2140,214.0,True
S05,c020,frame_000215.jpg,2150,215.0,True
S05,c020,frame_000216.jpg,2160,216.0,True
S05,c020,frame_000217.jpg,2170,217.0,True
S05,c020,frame_000218.jpg,2180,218.0,True
S05,c020,frame_000219.jpg,2190,219.0,True
S05,c020,frame_000220.jpg,2200,220.0,True
S05,c020,frame_000221.jpg,2210,221.0,True
S05,c020,frame_000222.jpg,2220,222.0,True
S05,c020,frame_000223.jpg,2230,223.0,True
S05,c020,frame_000224.jpg,2240,224.0,True
S05,c020,frame_000225.jpg,2250,225.0,True
S05,c020,frame_000226.jpg,2260,226.0,True
S05,c020,frame_000227.jpg,2270,227.0,True
S05,c020,frame_000228.jpg,2280,228.0,True
S05,c020,frame_000229.jpg,2290,229.0,True
S05,c020,frame_000230.jpg,2300,230.0,True
S05,c020,frame_000231.jpg,2310,231.0,True
S05,c020,frame_000232.jpg,2320,232.0,True
S05,c020,frame_000233.jpg,2330,233.0,True
S05,c020,frame_000234.jpg,2340,234.0,True
S05,c020,frame_000235.jpg,2350,235.0,True
S05,c020,frame_000236.jpg,2360,236.0,True
S05,c020,frame_000237.jpg,2370,237.0,True
S05,c020,frame_000238.jpg,2380,238.0,True
S05,c020,frame_000239.jpg,2390,239.0,True
S05,c020,frame_000240.jpg,2400,240.0,True
S05,c020,frame_000241.jpg,2410,241.0,True
S05,c020,frame_000242.jpg,2420,242.0,True
S05,c020,frame_000243.jpg,2430,243.0,True
S05,c020,frame_000244.jpg,2440,244.0,True
S05,c020,frame_000245.jpg,2450,245.0,True
S05,c020,frame_000246.jpg,2460,246.0,True
S05,c020,frame_000247.jpg,2470,247.0,True
S05,c020,frame_000248.jpg,2480,248.0,True
S05,c020,frame_000249.jpg,2490,249.0,True
S05,c020,frame_000250.jpg,2500,250.0,True
S05,c020,frame_000251.jpg,2510,251.0,True
S05,c020,frame_000252.jpg,2520,252.0,True
S05,c020,frame_000253.jpg,2530,253.0,True
S05,c020,frame_000254.jpg,2540,254.0,True
S05,c020,frame_000255.jpg,2550,255.0,True
S05,c020,frame_000256.jpg,2560,256.0,True
S05,c020,frame_000257.jpg,2570,257.0,True
S05,c020,frame_000258.jpg,2580,258.0,True
S05,c020,frame_000259.jpg,2590,259.0,True
S05,c020,frame_000260.jpg,2600,260.0,True
S05,c020,frame_000261.jpg,2610,261.0,True
S05,c020,frame_000262.jpg,2620,262.0,True
S05,c020,frame_000263.jpg,2630,263.0,True
S05,c020,frame_000264.jpg,2640,264.0,True
S05,c020,frame_000265.jpg,2650,265.0,True
S05,c020,frame_000266.jpg,2660,266.0,True
S05,c020,frame_000267.jpg,2670,267.0,True
S05,c020,frame_000268.jpg,2680,268.0,True
S05,c020,frame_000269.jpg,2690,269.0,True
S05,c020,frame_000270.jpg,2700,270.0,True
S05,c020,frame_000271.jpg,2710,271.0,True
S05,c020,frame_000272.jpg,2720,272.0,True
S05,c020,frame_000273.jpg,2730,273.0,True
S05,c020,frame_000274.jpg,2740,274.0,True
S05,c020,frame_000275.jpg,2750,275.0,True
S05,c020,frame_000276.jpg,2760,276.0,True
S05,c020,frame_000277.jpg,2770,277.0,True
S05,c020,frame_000278.jpg,2780,278.0,True
S05,c020,frame_000279.jpg,2790,279.0,True
S05,c020,frame_000280.jpg,2800,280.0,True
S05,c020,frame_000281.jpg,2810,281.0,True
S05,c020,frame_000282.jpg,2820,282.0,True
S05,c020,frame_000283.jpg,2830,283.0,True
S05,c020,frame_000284.jpg,2840,284.0,True
S05,c020,frame_000285.jpg,2850,285.0,True
S05,c020,frame_000286.jpg,2860,286.0,True
S05,c020,frame_000287.jpg,2870,287.0,True
S05,c020,frame_000288.jpg,2880,288.0,True
S05,c020,frame_000289.jpg,2890,289.0,True
S05,c020,frame_000290.jpg,2900,290.0,True
S05,c020,frame_000291.jpg,2910,291.0,True
S05,c020,frame_000292.jpg,2920,292.0,True
S05,c020,frame_000293.jpg,2930,293.0,True
S05,c020,frame_000294.jpg,2940,294.0,True
S05,c020,frame_000295.jpg,2950,295.0,True
S05,c020,frame_000296.jpg,2960,296.0,True
S05,c020,frame_000297.jpg,2970,297.0,True
S05,c020,frame_000298.jpg,2980,298.0,True
S05,c020,frame_000299.jpg,2990,299.0,True
S05,c020,frame_000300.jpg,3000,300.0,True
S05,c020,frame_000301.jpg,3010,301.0,True
S05,c020,frame_000302.jpg,3020,302.0,True
S05,c020,frame_000303.jpg,3030,303.0,True
S05,c020,frame_000304.jpg,3040,304.0,True
S05,c020,frame_000305.jpg,3050,305.0,True
S05,c020,frame_000306.jpg,3060,306.0,True
S05,c020,frame_000307.jpg,3070,307.0,True
S05,c020,frame_000308.jpg,3080,308.0,True
S05,c020,frame_000309.jpg,3090,309.0,True
S05,c020,frame_000310.jpg,3100,310.0,True
S05,c020,frame_000311.jpg,3110,311.0,True
S05,c020,frame_000312.jpg,3120,312.0,True
S05,c020,frame_000313.jpg,3130,313.0,True
S05,c020,frame_000314.jpg,3140,314.0,True
S05,c020,frame_000315.jpg,3150,315.0,True
S05,c020,frame_000316.jpg,3160,316.0,True
S05,c020,frame_000317.jpg,3170,317.0,True
S05,c020,frame_000318.jpg,3180,318.0,True
S05,c020,frame_000319.jpg,3190,319.0,True
S05,c020,frame_000320.jpg,3200,320.0,True
S05,c020,frame_000321.jpg,3210,321.0,True
S05,c020,frame_000322.jpg,3220,322.0,True
S05,c020,frame_000323.jpg,3230,323.0,True
S05,c020,frame_000324.jpg,3240,324.0,True
S05,c020,frame_000325.jpg,3250,325.0,True
S05,c020,frame_000326.jpg,3260,326.0,True
S05,c020,frame_000327.jpg,3270,327.0,True
S05,c020,frame_000328.jpg,3280,328.0,True
S05,c020,frame_000329.jpg,3290,329.0,True
S05,c020,frame_000330.jpg,3300,330.0,True
S05,c020,frame_000331.jpg,3310,331.0,True
S05,c020,frame_000332.jpg,3320,332.0,True
S05,c020,frame_000333.jpg,3330,333.0,True
S05,c020,frame_000334.jpg,3340,334.0,True
S05,c020,frame_000335.jpg,3350,335.0,True
S05,c020,frame_000336.jpg,3360,336.0,True
S05,c020,frame_000337.jpg,3370,337.0,True
S05,c020,frame_000338.jpg,3380,338.0,True
S05,c020,frame_000339.jpg,3390,339.0,True
S05,c020,frame_000340.jpg,3400,340.0,True
S05,c020,frame_000341.jpg,3410,341.0,True
S05,c020,frame_000342.jpg,3420,342.0,True
S05,c020,frame_000343.jpg,3430,343.0,True
S05,c020,frame_000344.jpg,3440,344.0,True
S05,c020,frame_000345.jpg,3450,345.0,True
S05,c020,frame_000346.jpg,3460,346.0,True
S05,c020,frame_000347.jpg,3470,347.0,True
S05,c020,frame_000348.jpg,3480,348.0,True
S05,c020,frame_000349.jpg,3490,349.0,True
S05,c020,frame_000350.jpg,3500,350.0,True
S05,c020,frame_000351.jpg,3510,351.0,True
S05,c020,frame_000352.jpg,3520,352.0,True
S05,c020,frame_000353.jpg,3530,353.0,True
S05,c020,frame_000354.jpg,3540,354.0,True
S05,c020,frame_000355.jpg,3550,355.0,True
S05,c020,frame_000356.jpg,3560,356.0,True
S05,c020,frame_000357.jpg,3570,357.0,True
S05,c020,frame_000358.jpg,3580,358.0,True
S05,c020,frame_000359.jpg,3590,359.0,True
S05,c020,frame_000360.jpg,3600,360.0,True
S05,c020,frame_000361.jpg,3610,361.0,True
S05,c020,frame_000362.jpg,3620,362.0,True
S05,c020,frame_000363.jpg,3630,363.0,True
S05,c020,frame_000364.jpg,3640,364.0,True
S05,c020,frame_000365.jpg,3650,365.0,True
S05,c020,frame_000366.jpg,3660,366.0,True
S05,c020,frame_000367.jpg,3670,367.0,True
S05,c020,frame_000368.jpg,3680,368.0,True
S05,c020,frame_000369.jpg,3690,369.0,True
S05,c020,frame_000370.jpg,3700,370.0,True
S05,c020,frame_000371.jpg,3710,371.0,True
S05,c020,frame_000372.jpg,3720,372.0,True
S05,c020,frame_000373.jpg,3730,373.0,True
S05,c020,frame_000374.jpg,3740,374.0,True
S05,c020,frame_000375.jpg,3750,375.0,True
S05,c020,frame_000376.jpg,3760,376.0,True
S05,c020,frame_000377.jpg,3770,377.0,True
S05,c020,frame_000378.jpg,3780,378.0,True
S05,c020,frame_000379.jpg,3790,379.0,True
S05,c020,frame_000380.jpg,3800,380.0,True
S05,c020,frame_000381.jpg,3810,381.0,True
S05,c020,frame_000382.jpg,3820,382.0,True
S05,c020,frame_000383.jpg,3830,383.0,True
S05,c020,frame_000384.jpg,3840,384.0,True
S05,c020,frame_000385.jpg,3850,385.0,True
S05,c020,frame_000386.jpg,3860,386.0,True
S05,c020,frame_000387.jpg,3870,387.0,True
S05,c020,frame_000388.jpg,3880,388.0,True
S05,c020,frame_000389.jpg,3890,389.0,True
S05,c020,frame_000390.jpg,3900,390.0,True
S05,c020,frame_000391.jpg,3910,391.0,True
S05,c020,frame_000392.jpg,3920,392.0,True
S05,c020,frame_000393.jpg,3930,393.0,True
S05,c020,frame_000394.jpg,3940,394.0,True
S05,c020,frame_000395.jpg,3950,395.0,True
S05,c020,frame_000396.jpg,3960,396.0,True
S05,c020,frame_000397.jpg,3970,397.0,True
S05,c021,frame_000000.jpg,0,0.0,True
S05,c021,frame_000001.jpg,10,1.0,True
S05,c021,frame_000002.jpg,20,2.0,True
S05,c021,frame_000003.jpg,30,3.0,True
S05,c021,frame_000004.jpg,40,4.0,True
S05,c021,frame_000005.jpg,50,5.0,True
S05,c021,frame_000006.jpg,60,6.0,True
S05,c021,frame_000007.jpg,70,7.0,True
S05,c021,frame_000008.jpg,80,8.0,True
S05,c021,frame_000009.jpg,90,9.0,True
S05,c021,frame_000010.jpg,100,10.0,True
S05,c021,frame_000011.jpg,110,11.0,True
S05,c021,frame_000012.jpg,120,12.0,True
S05,c021,frame_000013.jpg,130,13.0,True
S05,c021,frame_000014.jpg,140,14.0,True
S05,c021,frame_000015.jpg,150,15.0,True
S05,c021,frame_000016.jpg,160,16.0,True
S05,c021,frame_000017.jpg,170,17.0,True
S05,c021,frame_000018.jpg,180,18.0,True
S05,c021,frame_000019.jpg,190,19.0,True
S05,c021,frame_000020.jpg,200,20.0,True
S05,c021,frame_000021.jpg,210,21.0,True
S05,c021,frame_000022.jpg,220,22.0,True
S05,c021,frame_000023.jpg,230,23.0,True
S05,c021,frame_000024.jpg,240,24.0,True
S05,c021,frame_000025.jpg,250,25.0,True
S05,c021,frame_000026.jpg,260,26.0,True
S05,c021,frame_000027.jpg,270,27.0,True
S05,c021,frame_000028.jpg,280,28.0,True
S05,c021,frame_000029.jpg,290,29.0,True
S05,c021,frame_000030.jpg,300,30.0,True
S05,c021,frame_000031.jpg,310,31.0,True
S05,c021,frame_000032.jpg,320,32.0,True
S05,c021,frame_000033.jpg,330,33.0,True
S05,c021,frame_000034.jpg,340,34.0,True
S05,c021,frame_000035.jpg,350,35.0,True
S05,c021,frame_000036.jpg,360,36.0,True
S05,c021,frame_000037.jpg,370,37.0,True
S05,c021,frame_000038.jpg,380,38.0,True
S05,c021,frame_000039.jpg,390,39.0,True
S05,c021,frame_000040.jpg,400,40.0,True
S05,c021,frame_000041.jpg,410,41.0,True
S05,c021,frame_000042.jpg,420,42.0,True
S05,c021,frame_000043.jpg,430,43.0,True
S05,c021,frame_000044.jpg,440,44.0,True
S05,c021,frame_000045.jpg,450,45.0,True
S05,c021,frame_000046.jpg,460,46.0,True
S05,c021,frame_000047.jpg,470,47.0,True
S05,c021,frame_000048.jpg,480,48.0,True
S05,c021,frame_000049.jpg,490,49.0,True
S05,c021,frame_000050.jpg,500,50.0,True
S05,c021,frame_000051.jpg,510,51.0,True
S05,c021,frame_000052.jpg,520,52.0,True
S05,c021,frame_000053.jpg,530,53.0,True
S05,c021,frame_000054.jpg,540,54.0,True
S05,c021,frame_000055.jpg,550,55.0,True
S05,c021,frame_000056.jpg,560,56.0,True
S05,c021,frame_000057.jpg,570,57.0,True
S05,c021,frame_000058.jpg,580,58.0,True
S05,c021,frame_000059.jpg,590,59.0,True
S05,c021,frame_000060.jpg,600,60.0,True
S05,c021,frame_000061.jpg,610,61.0,True
S05,c021,frame_000062.jpg,620,62.0,True
S05,c021,frame_000063.jpg,630,63.0,True
S05,c021,frame_000064.jpg,640,64.0,True
S05,c021,frame_000065.jpg,650,65.0,True
S05,c021,frame_000066.jpg,660,66.0,True
S05,c021,frame_000067.jpg,670,67.0,True
S05,c021,frame_000068.jpg,680,68.0,True
S05,c021,frame_000069.jpg,690,69.0,True
S05,c021,frame_000070.jpg,700,70.0,True
S05,c021,frame_000071.jpg,710,71.0,True
S05,c021,frame_000072.jpg,720,72.0,True
S05,c021,frame_000073.jpg,730,73.0,True
S05,c021,frame_000074.jpg,740,74.0,True
S05,c021,frame_000075.jpg,750,75.0,True
S05,c021,frame_000076.jpg,760,76.0,True
S05,c021,frame_000077.jpg,770,77.0,True
S05,c021,frame_000078.jpg,780,78.0,True
S05,c021,frame_000079.jpg,790,79.0,True
S05,c021,frame_000080.jpg,800,80.0,True
S05,c021,frame_000081.jpg,810,81.0,True
S05,c021,frame_000082.jpg,820,82.0,True
S05,c021,frame_000083.jpg,830,83.0,True
S05,c021,frame_000084.jpg,840,84.0,True
S05,c021,frame_000085.jpg,850,85.0,True
S05,c021,frame_000086.jpg,860,86.0,True
S05,c021,frame_000087.jpg,870,87.0,True
S05,c021,frame_000088.jpg,880,88.0,True
S05,c021,frame_000089.jpg,890,89.0,True
S05,c021,frame_000090.jpg,900,90.0,True
S05,c021,frame_000091.jpg,910,91.0,True
S05,c021,frame_000092.jpg,920,92.0,True
S05,c021,frame_000093.jpg,930,93.0,True
S05,c021,frame_000094.jpg,940,94.0,True
S05,c021,frame_000095.jpg,950,95.0,True
S05,c021,frame_000096.jpg,960,96.0,True
S05,c021,frame_000097.jpg,970,97.0,True
S05,c021,frame_000098.jpg,980,98.0,True
S05,c021,frame_000099.jpg,990,99.0,True
S05,c021,frame_000100.jpg,1000,100.0,True
S05,c021,frame_000101.jpg,1010,101.0,True
S05,c021,frame_000102.jpg,1020,102.0,True
S05,c021,frame_000103.jpg,1030,103.0,True
S05,c021,frame_000104.jpg,1040,104.0,True
S05,c021,frame_000105.jpg,1050,105.0,True
S05,c021,frame_000106.jpg,1060,106.0,True
S05,c021,frame_000107.jpg,1070,107.0,True
S05,c021,frame_000108.jpg,1080,108.0,True
S05,c021,frame_000109.jpg,1090,109.0,True
S05,c021,frame_000110.jpg,1100,110.0,True
S05,c021,frame_000111.jpg,1110,111.0,True
S05,c021,frame_000112.jpg,1120,112.0,True
S05,c021,frame_000113.jpg,1130,113.0,True
S05,c021,frame_000114.jpg,1140,114.0,True
S05,c021,frame_000115.jpg,1150,115.0,True
S05,c021,frame_000116.jpg,1160,116.0,True
S05,c021,frame_000117.jpg,1170,117.0,True
S05,c021,frame_000118.jpg,1180,118.0,True
S05,c021,frame_000119.jpg,1190,119.0,True
S05,c021,frame_000120.jpg,1200,120.0,True
S05,c021,frame_000121.jpg,1210,121.0,True
S05,c021,frame_000122.jpg,1220,122.0,True
S05,c021,frame_000123.jpg,1230,123.0,True
S05,c021,frame_000124.jpg,1240,124.0,True
S05,c021,frame_000125.jpg,1250,125.0,True
S05,c021,frame_000126.jpg,1260,126.0,True
S05,c021,frame_000127.jpg,1270,127.0,True
S05,c021,frame_000128.jpg,1280,128.0,True
S05,c021,frame_000129.jpg,1290,129.0,True
S05,c021,frame_000130.jpg,1300,130.0,True
S05,c021,frame_000131.jpg,1310,131.0,True
S05,c021,frame_000132.jpg,1320,132.0,True
S05,c021,frame_000133.jpg,1330,133.0,True
S05,c021,frame_000134.jpg,1340,134.0,True
S05,c021,frame_000135.jpg,1350,135.0,True
S05,c021,frame_000136.jpg,1360,136.0,True
S05,c021,frame_000137.jpg,1370,137.0,True
S05,c021,frame_000138.jpg,1380,138.0,True
S05,c021,frame_000139.jpg,1390,139.0,True
S05,c021,frame_000140.jpg,1400,140.0,True
S05,c021,frame_000141.jpg,1410,141.0,True
S05,c021,frame_000142.jpg,1420,142.0,True
S05,c021,frame_000143.jpg,1430,143.0,True
S05,c021,frame_000144.jpg,1440,144.0,True
S05,c021,frame_000145.jpg,1450,145.0,True
S05,c021,frame_000146.jpg,1460,146.0,True
S05,c021,frame_000147.jpg,1470,147.0,True
S05,c021,frame_000148.jpg,1480,148.0,True
S05,c021,frame_000149.jpg,1490,149.0,True
S05,c021,frame_000150.jpg,1500,150.0,True
S05,c021,frame_000151.jpg,1510,151.0,True
S05,c021,frame_000152.jpg,1520,152.0,True
S05,c021,frame_000153.jpg,1530,153.0,True
S05,c021,frame_000154.jpg,1540,154.0,True
S05,c021,frame_000155.jpg,1550,155.0,True
S05,c021,frame_000156.jpg,1560,156.0,True
S05,c021,frame_000157.jpg,1570,157.0,True
S05,c021,frame_000158.jpg,1580,158.0,True
S05,c021,frame_000159.jpg,1590,159.0,True
S05,c021,frame_000160.jpg,1600,160.0,True
S05,c021,frame_000161.jpg,1610,161.0,True
S05,c021,frame_000162.jpg,1620,162.0,True
S05,c021,frame_000163.jpg,1630,163.0,True
S05,c021,frame_000164.jpg,1640,164.0,True
S05,c021,frame_000165.jpg,1650,165.0,True
S05,c021,frame_000166.jpg,1660,166.0,True
S05,c021,frame_000167.jpg,1670,167.0,True
S05,c021,frame_000168.jpg,1680,168.0,True
S05,c021,frame_000169.jpg,1690,169.0,True
S05,c021,frame_000170.jpg,1700,170.0,True
S05,c021,frame_000171.jpg,1710,171.0,True
S05,c021,frame_000172.jpg,1720,172.0,True
S05,c021,frame_000173.jpg,1730,173.0,True
S05,c021,frame_000174.jpg,1740,174.0,True
S05,c021,frame_000175.jpg,1750,175.0,True
S05,c021,frame_000176.jpg,1760,176.0,True
S05,c021,frame_000177.jpg,1770,177.0,True
S05,c021,frame_000178.jpg,1780,178.0,True
S05,c021,frame_000179.jpg,1790,179.0,True
S05,c021,frame_000180.jpg,1800,180.0,True
S05,c021,frame_000181.jpg,1810,181.0,True
S05,c021,frame_000182.jpg,1820,182.0,True
S05,c021,frame_000183.jpg,1830,183.0,True
S05,c021,frame_000184.jpg,1840,184.0,True
S05,c021,frame_000185.jpg,1850,185.0,True
S05,c021,frame_000186.jpg,1860,186.0,True
S05,c021,frame_000187.jpg,1870,187.0,True
S05,c021,frame_000188.jpg,1880,188.0,True
S05,c021,frame_000189.jpg,1890,189.0,True
S05,c021,frame_000190.jpg,1900,190.0,True
S05,c021,frame_000191.jpg,1910,191.0,True
S05,c021,frame_000192.jpg,1920,192.0,True
S05,c021,frame_000193.jpg,1930,193.0,True
S05,c021,frame_000194.jpg,1940,194.0,True
S05,c021,frame_000195.jpg,1950,195.0,True
S05,c021,frame_000196.jpg,1960,196.0,True
S05,c021,frame_000197.jpg,1970,197.0,True
S05,c021,frame_000198.jpg,1980,198.0,True
S05,c021,frame_000199.jpg,1990,199.0,True
S05,c021,frame_000200.jpg,2000,200.0,True
S05,c021,frame_000201.jpg,2010,201.0,True
S05,c021,frame_000202.jpg,2020,202.0,True
S05,c021,frame_000203.jpg,2030,203.0,True
S05,c021,frame_000204.jpg,2040,204.0,True
S05,c021,frame_000205.jpg,2050,205.0,True
S05,c021,frame_000206.jpg,2060,206.0,True
S05,c021,frame_000207.jpg,2070,207.0,True
S05,c021,frame_000208.jpg,2080,208.0,True
S05,c021,frame_000209.jpg,2090,209.0,True
S05,c021,frame_000210.jpg,2100,210.0,True
S05,c021,frame_000211.jpg,2110,211.0,True
S05,c021,frame_000212.jpg,2120,212.0,True
S05,c021,frame_000213.jpg,2130,213.0,True
S05,c021,frame_000214.jpg,2140,214.0,True
S05,c021,frame_000215.jpg,2150,215.0,True
S05,c021,frame_000216.jpg,2160,216.0,True
S05,c021,frame_000217.jpg,2170,217.0,True
S05,c021,frame_000218.jpg,2180,218.0,True
S05,c021,frame_000219.jpg,2190,219.0,True
S05,c021,frame_000220.jpg,2200,220.0,True
S05,c021,frame_000221.jpg,2210,221.0,True
S05,c021,frame_000222.jpg,2220,222.0,True
S05,c021,frame_000223.jpg,2230,223.0,True
S05,c021,frame_000224.jpg,2240,224.0,True
S05,c021,frame_000225.jpg,2250,225.0,True
S05,c021,frame_000226.jpg,2260,226.0,True
S05,c021,frame_000227.jpg,2270,227.0,True
S05,c021,frame_000228.jpg,2280,228.0,True
S05,c021,frame_000229.jpg,2290,229.0,True
S05,c021,frame_000230.jpg,2300,230.0,True
S05,c021,frame_000231.jpg,2310,231.0,True
S05,c021,frame_000232.jpg,2320,232.0,True
S05,c021,frame_000233.jpg,2330,233.0,True
S05,c021,frame_000234.jpg,2340,234.0,True
S05,c021,frame_000235.jpg,2350,235.0,True
S05,c021,frame_000236.jpg,2360,236.0,True
S05,c021,frame_000237.jpg,2370,237.0,True
S05,c021,frame_000238.jpg,2380,238.0,True
S05,c021,frame_000239.jpg,2390,239.0,True
S05,c021,frame_000240.jpg,2400,240.0,True
S05,c021,frame_000241.jpg,2410,241.0,True
S05,c021,frame_000242.jpg,2420,242.0,True
S05,c021,frame_000243.jpg,2430,243.0,True
S05,c021,frame_000244.jpg,2440,244.0,True
S05,c021,frame_000245.jpg,2450,245.0,True
S05,c021,frame_000246.jpg,2460,246.0,True
S05,c021,frame_000247.jpg,2470,247.0,True
S05,c021,frame_000248.jpg,2480,248.0,True
S05,c021,frame_000249.jpg,2490,249.0,True
S05,c021,frame_000250.jpg,2500,250.0,True
S05,c021,frame_000251.jpg,2510,251.0,True
S05,c021,frame_000252.jpg,2520,252.0,True
S05,c021,frame_000253.jpg,2530,253.0,True
S05,c021,frame_000254.jpg,2540,254.0,True
S05,c021,frame_000255.jpg,2550,255.0,True
S05,c021,frame_000256.jpg,2560,256.0,True
S05,c021,frame_000257.jpg,2570,257.0,True
S05,c021,frame_000258.jpg,2580,258.0,True
S05,c021,frame_000259.jpg,2590,259.0,True
S05,c021,frame_000260.jpg,2600,260.0,True
S05,c021,frame_000261.jpg,2610,261.0,True
S05,c021,frame_000262.jpg,2620,262.0,True
S05,c021,frame_000263.jpg,2630,263.0,True
S05,c021,frame_000264.jpg,2640,264.0,True
S05,c021,frame_000265.jpg,2650,265.0,True
S05,c021,frame_000266.jpg,2660,266.0,True
S05,c021,frame_000267.jpg,2670,267.0,True
S05,c021,frame_000268.jpg,2680,268.0,True
S05,c021,frame_000269.jpg,2690,269.0,True
S05,c021,frame_000270.jpg,2700,270.0,True
S05,c021,frame_000271.jpg,2710,271.0,True
S05,c021,frame_000272.jpg,2720,272.0,True
S05,c021,frame_000273.jpg,2730,273.0,True
S05,c021,frame_000274.jpg,2740,274.0,True
S05,c021,frame_000275.jpg,2750,275.0,True
S05,c021,frame_000276.jpg,2760,276.0,True
S05,c021,frame_000277.jpg,2770,277.0,True
S05,c021,frame_000278.jpg,2780,278.0,True
S05,c021,frame_000279.jpg,2790,279.0,True
S05,c021,frame_000280.jpg,2800,280.0,True
S05,c021,frame_000281.jpg,2810,281.0,True
S05,c021,frame_000282.jpg,2820,282.0,True
S05,c021,frame_000283.jpg,2830,283.0,True
S05,c021,frame_000284.jpg,2840,284.0,True
S05,c021,frame_000285.jpg,2850,285.0,True
S05,c021,frame_000286.jpg,2860,286.0,True
S05,c021,frame_000287.jpg,2870,287.0,True
S05,c021,frame_000288.jpg,2880,288.0,True
S05,c021,frame_000289.jpg,2890,289.0,True
S05,c021,frame_000290.jpg,2900,290.0,True
S05,c021,frame_000291.jpg,2910,291.0,True
S05,c021,frame_000292.jpg,2920,292.0,True
S05,c021,frame_000293.jpg,2930,293.0,True
S05,c021,frame_000294.jpg,2940,294.0,True
S05,c021,frame_000295.jpg,2950,295.0,True
S05,c021,frame_000296.jpg,2960,296.0,True
S05,c021,frame_000297.jpg,2970,297.0,True
S05,c021,frame_000298.jpg,2980,298.0,True
S05,c021,frame_000299.jpg,2990,299.0,True
S05,c021,frame_000300.jpg,3000,300.0,True
S05,c021,frame_000301.jpg,3010,301.0,True
S05,c021,frame_000302.jpg,3020,302.0,True
S05,c021,frame_000303.jpg,3030,303.0,True
S05,c021,frame_000304.jpg,3040,304.0,True
S05,c021,frame_000305.jpg,3050,305.0,True
S05,c021,frame_000306.jpg,3060,306.0,True
S05,c021,frame_000307.jpg,3070,307.0,True
S05,c021,frame_000308.jpg,3080,308.0,True
S05,c021,frame_000309.jpg,3090,309.0,True
S05,c021,frame_000310.jpg,3100,310.0,True
S05,c021,frame_000311.jpg,3110,311.0,True
S05,c021,frame_000312.jpg,3120,312.0,True
S05,c021,frame_000313.jpg,3130,313.0,True
S05,c021,frame_000314.jpg,3140,314.0,True
S05,c021,frame_000315.jpg,3150,315.0,True
S05,c021,frame_000316.jpg,3160,316.0,True
S05,c021,frame_000317.jpg,3170,317.0,True
S05,c021,frame_000318.jpg,3180,318.0,True
S05,c021,frame_000319.jpg,3190,319.0,True
S05,c021,frame_000320.jpg,3200,320.0,True
S05,c021,frame_000321.jpg,3210,321.0,True
S05,c021,frame_000322.jpg,3220,322.0,True
S05,c021,frame_000323.jpg,3230,323.0,True
S05,c021,frame_000324.jpg,3240,324.0,True
S05,c021,frame_000325.jpg,3250,325.0,True
S05,c021,frame_000326.jpg,3260,326.0,True
S05,c021,frame_000327.jpg,3270,327.0,True
S05,c021,frame_000328.jpg,3280,328.0,True
S05,c021,frame_000329.jpg,3290,329.0,True
S05,c021,frame_000330.jpg,3300,330.0,True
S05,c021,frame_000331.jpg,3310,331.0,True
S05,c021,frame_000332.jpg,3320,332.0,True
S05,c021,frame_000333.jpg,3330,333.0,True
S05,c021,frame_000334.jpg,3340,334.0,True
S05,c021,frame_000335.jpg,3350,335.0,True
S05,c021,frame_000336.jpg,3360,336.0,True
S05,c021,frame_000337.jpg,3370,337.0,True
S05,c021,frame_000338.jpg,3380,338.0,True
S05,c021,frame_000339.jpg,3390,339.0,True
S05,c021,frame_000340.jpg,3400,340.0,True
S05,c021,frame_000341.jpg,3410,341.0,True
S05,c021,frame_000342.jpg,3420,342.0,True
S05,c021,frame_000343.jpg,3430,343.0,True
S05,c021,frame_000344.jpg,3440,344.0,True
S05,c021,frame_000345.jpg,3450,345.0,True
S05,c021,frame_000346.jpg,3460,346.0,True
S05,c021,frame_000347.jpg,3470,347.0,True
S05,c021,frame_000348.jpg,3480,348.0,True
S05,c021,frame_000349.jpg,3490,349.0,True
S05,c021,frame_000350.jpg,3500,350.0,True
S05,c021,frame_000351.jpg,3510,351.0,True
S05,c021,frame_000352.jpg,3520,352.0,True
S05,c021,frame_000353.jpg,3530,353.0,True
S05,c021,frame_000354.jpg,3540,354.0,True
S05,c021,frame_000355.jpg,3550,355.0,True
S05,c021,frame_000356.jpg,3560,356.0,True
S05,c021,frame_000357.jpg,3570,357.0,True
S05,c021,frame_000358.jpg,3580,358.0,True
S05,c021,frame_000359.jpg,3590,359.0,True
S05,c021,frame_000360.jpg,3600,360.0,True
S05,c021,frame_000361.jpg,3610,361.0,True
S05,c021,frame_000362.jpg,3620,362.0,True
S05,c021,frame_000363.jpg,3630,363.0,True
S05,c021,frame_000364.jpg,3640,364.0,True
S05,c021,frame_000365.jpg,3650,365.0,True
S05,c021,frame_000366.jpg,3660,366.0,True
S05,c021,frame_000367.jpg,3670,367.0,True
S05,c021,frame_000368.jpg,3680,368.0,True
S05,c021,frame_000369.jpg,3690,369.0,True
S05,c021,frame_000370.jpg,3700,370.0,True
S05,c021,frame_000371.jpg,3710,371.0,True
S05,c021,frame_000372.jpg,3720,372.0,True
S05,c021,frame_000373.jpg,3730,373.0,True
S05,c021,frame_000374.jpg,3740,374.0,True
S05,c021,frame_000375.jpg,3750,375.0,True
S05,c021,frame_000376.jpg,3760,376.0,True
S05,c021,frame_000377.jpg,3770,377.0,True
S05,c021,frame_000378.jpg,3780,378.0,True
S05,c021,frame_000379.jpg,3790,379.0,True
S05,c021,frame_000380.jpg,3800,380.0,True
S05,c021,frame_000381.jpg,3810,381.0,True
S05,c021,frame_000382.jpg,3820,382.0,True
S05,c021,frame_000383.jpg,3830,383.0,True
S05,c021,frame_000384.jpg,3840,384.0,True
S05,c021,frame_000385.jpg,3850,385.0,True
S05,c021,frame_000386.jpg,3860,386.0,True
S05,c021,frame_000387.jpg,3870,387.0,True
S05,c021,frame_000388.jpg,3880,388.0,True
S05,c021,frame_000389.jpg,3890,389.0,True
S05,c021,frame_000390.jpg,3900,390.0,True
S05,c021,frame_000391.jpg,3910,391.0,True
S05,c021,frame_000392.jpg,3920,392.0,True
S05,c021,frame_000393.jpg,3930,393.0,True
S05,c021,frame_000394.jpg,3940,394.0,True
S05,c021,frame_000395.jpg,3950,395.0,True
S05,c021,frame_000396.jpg,3960,396.0,True
S05,c021,frame_000397.jpg,3970,397.0,True
S05,c021,frame_000398.jpg,3980,398.0,True
S05,c021,frame_000399.jpg,3990,399.0,True
S05,c021,frame_000400.jpg,4000,400.0,True
S05,c022,frame_000000.jpg,0,0.0,True
S05,c022,frame_000001.jpg,10,1.0,True
S05,c022,frame_000002.jpg,20,2.0,True
S05,c022,frame_000003.jpg,30,3.0,True
S05,c022,frame_000004.jpg,40,4.0,True
S05,c022,frame_000005.jpg,50,5.0,True
S05,c022,frame_000006.jpg,60,6.0,True
S05,c022,frame_000007.jpg,70,7.0,True
S05,c022,frame_000008.jpg,80,8.0,True
S05,c022,frame_000009.jpg,90,9.0,True
S05,c022,frame_000010.jpg,100,10.0,True
S05,c022,frame_000011.jpg,110,11.0,True
S05,c022,frame_000012.jpg,120,12.0,True
S05,c022,frame_000013.jpg,130,13.0,True
S05,c022,frame_000014.jpg,140,14.0,True
S05,c022,frame_000015.jpg,150,15.0,True
S05,c022,frame_000016.jpg,160,16.0,True
S05,c022,frame_000017.jpg,170,17.0,True
S05,c022,frame_000018.jpg,180,18.0,True
S05,c022,frame_000019.jpg,190,19.0,True
S05,c022,frame_000020.jpg,200,20.0,True
S05,c022,frame_000021.jpg,210,21.0,True
S05,c022,frame_000022.jpg,220,22.0,True
S05,c022,frame_000023.jpg,230,23.0,True
S05,c022,frame_000024.jpg,240,24.0,True
S05,c022,frame_000025.jpg,250,25.0,True
S05,c022,frame_000026.jpg,260,26.0,True
S05,c022,frame_000027.jpg,270,27.0,True
S05,c022,frame_000028.jpg,280,28.0,True
S05,c022,frame_000029.jpg,290,29.0,True
S05,c022,frame_000030.jpg,300,30.0,True
S05,c022,frame_000031.jpg,310,31.0,True
S05,c022,frame_000032.jpg,320,32.0,True
S05,c022,frame_000033.jpg,330,33.0,True
S05,c022,frame_000034.jpg,340,34.0,True
S05,c022,frame_000035.jpg,350,35.0,True
S05,c022,frame_000036.jpg,360,36.0,True
S05,c022,frame_000037.jpg,370,37.0,True
S05,c022,frame_000038.jpg,380,38.0,True
S05,c022,frame_000039.jpg,390,39.0,True
S05,c022,frame_000040.jpg,400,40.0,True
S05,c022,frame_000041.jpg,410,41.0,True
S05,c022,frame_000042.jpg,420,42.0,True
S05,c022,frame_000043.jpg,430,43.0,True
S05,c022,frame_000044.jpg,440,44.0,True
S05,c022,frame_000045.jpg,450,45.0,True
S05,c022,frame_000046.jpg,460,46.0,True
S05,c022,frame_000047.jpg,470,47.0,True
S05,c022,frame_000048.jpg,480,48.0,True
S05,c022,frame_000049.jpg,490,49.0,True
S05,c022,frame_000050.jpg,500,50.0,True
S05,c022,frame_000051.jpg,510,51.0,True
S05,c022,frame_000052.jpg,520,52.0,True
S05,c022,frame_000053.jpg,530,53.0,True
S05,c022,frame_000054.jpg,540,54.0,True
S05,c022,frame_000055.jpg,550,55.0,True
S05,c022,frame_000056.jpg,560,56.0,True
S05,c022,frame_000057.jpg,570,57.0,True
S05,c022,frame_000058.jpg,580,58.0,True
S05,c022,frame_000059.jpg,590,59.0,True
S05,c022,frame_000060.jpg,600,60.0,True
S05,c022,frame_000061.jpg,610,61.0,True
S05,c022,frame_000062.jpg,620,62.0,True
S05,c022,frame_000063.jpg,630,63.0,True
S05,c022,frame_000064.jpg,640,64.0,True
S05,c022,frame_000065.jpg,650,65.0,True
S05,c022,frame_000066.jpg,660,66.0,True
S05,c022,frame_000067.jpg,670,67.0,True
S05,c022,frame_000068.jpg,680,68.0,True
S05,c022,frame_000069.jpg,690,69.0,True
S05,c022,frame_000070.jpg,700,70.0,True
S05,c022,frame_000071.jpg,710,71.0,True
S05,c022,frame_000072.jpg,720,72.0,True
S05,c022,frame_000073.jpg,730,73.0,True
S05,c022,frame_000074.jpg,740,74.0,True
S05,c022,frame_000075.jpg,750,75.0,True
S05,c022,frame_000076.jpg,760,76.0,True
S05,c022,frame_000077.jpg,770,77.0,True
S05,c022,frame_000078.jpg,780,78.0,True
S05,c022,frame_000079.jpg,790,79.0,True
S05,c022,frame_000080.jpg,800,80.0,True
S05,c022,frame_000081.jpg,810,81.0,True
S05,c022,frame_000082.jpg,820,82.0,True
S05,c022,frame_000083.jpg,830,83.0,True
S05,c022,frame_000084.jpg,840,84.0,True
S05,c022,frame_000085.jpg,850,85.0,True
S05,c022,frame_000086.jpg,860,86.0,True
S05,c022,frame_000087.jpg,870,87.0,True
S05,c022,frame_000088.jpg,880,88.0,True
S05,c022,frame_000089.jpg,890,89.0,True
S05,c022,frame_000090.jpg,900,90.0,True
S05,c022,frame_000091.jpg,910,91.0,True
S05,c022,frame_000092.jpg,920,92.0,True
S05,c022,frame_000093.jpg,930,93.0,True
S05,c022,frame_000094.jpg,940,94.0,True
S05,c022,frame_000095.jpg,950,95.0,True
S05,c022,frame_000096.jpg,960,96.0,True
S05,c022,frame_000097.jpg,970,97.0,True
S05,c022,frame_000098.jpg,980,98.0,True
S05,c022,frame_000099.jpg,990,99.0,True
S05,c022,frame_000100.jpg,1000,100.0,True
S05,c022,frame_000101.jpg,1010,101.0,True
S05,c022,frame_000102.jpg,1020,102.0,True
S05,c022,frame_000103.jpg,1030,103.0,True
S05,c022,frame_000104.jpg,1040,104.0,True
S05,c022,frame_000105.jpg,1050,105.0,True
S05,c022,frame_000106.jpg,1060,106.0,True
S05,c022,frame_000107.jpg,1070,107.0,True
S05,c022,frame_000108.jpg,1080,108.0,True
S05,c022,frame_000109.jpg,1090,109.0,True
S05,c022,frame_000110.jpg,1100,110.0,True
S05,c022,frame_000111.jpg,1110,111.0,True
S05,c022,frame_000112.jpg,1120,112.0,True
S05,c022,frame_000113.jpg,1130,113.0,True
S05,c022,frame_000114.jpg,1140,114.0,True
S05,c022,frame_000115.jpg,1150,115.0,True
S05,c022,frame_000116.jpg,1160,116.0,True
S05,c022,frame_000117.jpg,1170,117.0,True
S05,c022,frame_000118.jpg,1180,118.0,True
S05,c022,frame_000119.jpg,1190,119.0,True
S05,c022,frame_000120.jpg,1200,120.0,True
S05,c022,frame_000121.jpg,1210,121.0,True
S05,c022,frame_000122.jpg,1220,122.0,True
S05,c022,frame_000123.jpg,1230,123.0,True
S05,c022,frame_000124.jpg,1240,124.0,True
S05,c022,frame_000125.jpg,1250,125.0,True
S05,c022,frame_000126.jpg,1260,126.0,True
S05,c022,frame_000127.jpg,1270,127.0,True
S05,c022,frame_000128.jpg,1280,128.0,True
S05,c022,frame_000129.jpg,1290,129.0,True
S05,c022,frame_000130.jpg,1300,130.0,True
S05,c022,frame_000131.jpg,1310,131.0,True
S05,c022,frame_000132.jpg,1320,132.0,True
S05,c022,frame_000133.jpg,1330,133.0,True
S05,c022,frame_000134.jpg,1340,134.0,True
S05,c022,frame_000135.jpg,1350,135.0,True
S05,c022,frame_000136.jpg,1360,136.0,True
S05,c022,frame_000137.jpg,1370,137.0,True
S05,c022,frame_000138.jpg,1380,138.0,True
S05,c022,frame_000139.jpg,1390,139.0,True
S05,c022,frame_000140.jpg,1400,140.0,True
S05,c022,frame_000141.jpg,1410,141.0,True
S05,c022,frame_000142.jpg,1420,142.0,True
S05,c022,frame_000143.jpg,1430,143.0,True
S05,c022,frame_000144.jpg,1440,144.0,True
S05,c022,frame_000145.jpg,1450,145.0,True
S05,c022,frame_000146.jpg,1460,146.0,True
S05,c022,frame_000147.jpg,1470,147.0,True
S05,c022,frame_000148.jpg,1480,148.0,True
S05,c022,frame_000149.jpg,1490,149.0,True
S05,c022,frame_000150.jpg,1500,150.0,True
S05,c022,frame_000151.jpg,1510,151.0,True
S05,c022,frame_000152.jpg,1520,152.0,True
S05,c022,frame_000153.jpg,1530,153.0,True
S05,c022,frame_000154.jpg,1540,154.0,True
S05,c022,frame_000155.jpg,1550,155.0,True
S05,c022,frame_000156.jpg,1560,156.0,True
S05,c022,frame_000157.jpg,1570,157.0,True
S05,c022,frame_000158.jpg,1580,158.0,True
S05,c022,frame_000159.jpg,1590,159.0,True
S05,c022,frame_000160.jpg,1600,160.0,True
S05,c022,frame_000161.jpg,1610,161.0,True
S05,c022,frame_000162.jpg,1620,162.0,True
S05,c022,frame_000163.jpg,1630,163.0,True
S05,c022,frame_000164.jpg,1640,164.0,True
S05,c022,frame_000165.jpg,1650,165.0,True
S05,c022,frame_000166.jpg,1660,166.0,True
S05,c022,frame_000167.jpg,1670,167.0,True
S05,c022,frame_000168.jpg,1680,168.0,True
S05,c022,frame_000169.jpg,1690,169.0,True
S05,c022,frame_000170.jpg,1700,170.0,True
S05,c022,frame_000171.jpg,1710,171.0,True
S05,c022,frame_000172.jpg,1720,172.0,True
S05,c022,frame_000173.jpg,1730,173.0,True
S05,c022,frame_000174.jpg,1740,174.0,True
S05,c022,frame_000175.jpg,1750,175.0,True
S05,c022,frame_000176.jpg,1760,176.0,True
S05,c022,frame_000177.jpg,1770,177.0,True
S05,c022,frame_000178.jpg,1780,178.0,True
S05,c022,frame_000179.jpg,1790,179.0,True
S05,c022,frame_000180.jpg,1800,180.0,True
S05,c022,frame_000181.jpg,1810,181.0,True
S05,c022,frame_000182.jpg,1820,182.0,True
S05,c022,frame_000183.jpg,1830,183.0,True
S05,c022,frame_000184.jpg,1840,184.0,True
S05,c022,frame_000185.jpg,1850,185.0,True
S05,c022,frame_000186.jpg,1860,186.0,True
S05,c022,frame_000187.jpg,1870,187.0,True
S05,c022,frame_000188.jpg,1880,188.0,True
S05,c022,frame_000189.jpg,1890,189.0,True
S05,c022,frame_000190.jpg,1900,190.0,True
S05,c022,frame_000191.jpg,1910,191.0,True
S05,c022,frame_000192.jpg,1920,192.0,True
S05,c022,frame_000193.jpg,1930,193.0,True
S05,c022,frame_000194.jpg,1940,194.0,True
S05,c022,frame_000195.jpg,1950,195.0,True
S05,c022,frame_000196.jpg,1960,196.0,True
S05,c022,frame_000197.jpg,1970,197.0,True
S05,c022,frame_000198.jpg,1980,198.0,True
S05,c022,frame_000199.jpg,1990,199.0,True
S05,c022,frame_000200.jpg,2000,200.0,True
S05,c022,frame_000201.jpg,2010,201.0,True
S05,c022,frame_000202.jpg,2020,202.0,True
S05,c022,frame_000203.jpg,2030,203.0,True
S05,c022,frame_000204.jpg,2040,204.0,True
S05,c022,frame_000205.jpg,2050,205.0,True
S05,c022,frame_000206.jpg,2060,206.0,True
S05,c022,frame_000207.jpg,2070,207.0,True
S05,c022,frame_000208.jpg,2080,208.0,True
S05,c022,frame_000209.jpg,2090,209.0,True
S05,c022,frame_000210.jpg,2100,210.0,True
S05,c022,frame_000211.jpg,2110,211.0,True
S05,c022,frame_000212.jpg,2120,212.0,True
S05,c022,frame_000213.jpg,2130,213.0,True
S05,c022,frame_000214.jpg,2140,214.0,True
S05,c022,frame_000215.jpg,2150,215.0,True
S05,c022,frame_000216.jpg,2160,216.0,True
S05,c022,frame_000217.jpg,2170,217.0,True
S05,c022,frame_000218.jpg,2180,218.0,True
S05,c022,frame_000219.jpg,2190,219.0,True
S05,c022,frame_000220.jpg,2200,220.0,True
S05,c022,frame_000221.jpg,2210,221.0,True
S05,c022,frame_000222.jpg,2220,222.0,True
S05,c022,frame_000223.jpg,2230,223.0,True
S05,c022,frame_000224.jpg,2240,224.0,True
S05,c022,frame_000225.jpg,2250,225.0,True
S05,c022,frame_000226.jpg,2260,226.0,True
S05,c022,frame_000227.jpg,2270,227.0,True
S05,c022,frame_000228.jpg,2280,228.0,True
S05,c022,frame_000229.jpg,2290,229.0,True
S05,c022,frame_000230.jpg,2300,230.0,True
S05,c022,frame_000231.jpg,2310,231.0,True
S05,c022,frame_000232.jpg,2320,232.0,True
S05,c022,frame_000233.jpg,2330,233.0,True
S05,c022,frame_000234.jpg,2340,234.0,True
S05,c022,frame_000235.jpg,2350,235.0,True
S05,c022,frame_000236.jpg,2360,236.0,True
S05,c022,frame_000237.jpg,2370,237.0,True
S05,c022,frame_000238.jpg,2380,238.0,True
S05,c022,frame_000239.jpg,2390,239.0,True
S05,c022,frame_000240.jpg,2400,240.0,True
S05,c022,frame_000241.jpg,2410,241.0,True
S05,c022,frame_000242.jpg,2420,242.0,True
S05,c022,frame_000243.jpg,2430,243.0,True
S05,c022,frame_000244.jpg,2440,244.0,True
S05,c022,frame_000245.jpg,2450,245.0,True
S05,c022,frame_000246.jpg,2460,246.0,True
S05,c022,frame_000247.jpg,2470,247.0,True
S05,c022,frame_000248.jpg,2480,248.0,True
S05,c022,frame_000249.jpg,2490,249.0,True
S05,c022,frame_000250.jpg,2500,250.0,True
S05,c022,frame_000251.jpg,2510,251.0,True
S05,c022,frame_000252.jpg,2520,252.0,True
S05,c022,frame_000253.jpg,2530,253.0,True
S05,c022,frame_000254.jpg,2540,254.0,True
S05,c022,frame_000255.jpg,2550,255.0,True
S05,c022,frame_000256.jpg,2560,256.0,True
S05,c022,frame_000257.jpg,2570,257.0,True
S05,c022,frame_000258.jpg,2580,258.0,True
S05,c022,frame_000259.jpg,2590,259.0,True
S05,c022,frame_000260.jpg,2600,260.0,True
S05,c022,frame_000261.jpg,2610,261.0,True
S05,c022,frame_000262.jpg,2620,262.0,True
S05,c022,frame_000263.jpg,2630,263.0,True
S05,c022,frame_000264.jpg,2640,264.0,True
S05,c022,frame_000265.jpg,2650,265.0,True
S05,c022,frame_000266.jpg,2660,266.0,True
S05,c022,frame_000267.jpg,2670,267.0,True
S05,c022,frame_000268.jpg,2680,268.0,True
S05,c022,frame_000269.jpg,2690,269.0,True
S05,c022,frame_000270.jpg,2700,270.0,True
S05,c022,frame_000271.jpg,2710,271.0,True
S05,c022,frame_000272.jpg,2720,272.0,True
S05,c022,frame_000273.jpg,2730,273.0,True
S05,c022,frame_000274.jpg,2740,274.0,True
S05,c022,frame_000275.jpg,2750,275.0,True
S05,c022,frame_000276.jpg,2760,276.0,True
S05,c022,frame_000277.jpg,2770,277.0,True
S05,c022,frame_000278.jpg,2780,278.0,True
S05,c022,frame_000279.jpg,2790,279.0,True
S05,c022,frame_000280.jpg,2800,280.0,True
S05,c022,frame_000281.jpg,2810,281.0,True
S05,c022,frame_000282.jpg,2820,282.0,True
S05,c022,frame_000283.jpg,2830,283.0,True
S05,c022,frame_000284.jpg,2840,284.0,True
S05,c022,frame_000285.jpg,2850,285.0,True
S05,c022,frame_000286.jpg,2860,286.0,True
S05,c022,frame_000287.jpg,2870,287.0,True
S05,c022,frame_000288.jpg,2880,288.0,True
S05,c022,frame_000289.jpg,2890,289.0,True
S05,c022,frame_000290.jpg,2900,290.0,True
S05,c022,frame_000291.jpg,2910,291.0,True
S05,c022,frame_000292.jpg,2920,292.0,True
S05,c022,frame_000293.jpg,2930,293.0,True
S05,c022,frame_000294.jpg,2940,294.0,True
S05,c022,frame_000295.jpg,2950,295.0,True
S05,c022,frame_000296.jpg,2960,296.0,True
S05,c022,frame_000297.jpg,2970,297.0,True
S05,c022,frame_000298.jpg,2980,298.0,True
S05,c022,frame_000299.jpg,2990,299.0,True
S05,c022,frame_000300.jpg,3000,300.0,True
S05,c022,frame_000301.jpg,3010,301.0,True
S05,c022,frame_000302.jpg,3020,302.0,True
S05,c022,frame_000303.jpg,3030,303.0,True
S05,c022,frame_000304.jpg,3040,304.0,True
S05,c022,frame_000305.jpg,3050,305.0,True
S05,c022,frame_000306.jpg,3060,306.0,True
S05,c022,frame_000307.jpg,3070,307.0,True
S05,c022,frame_000308.jpg,3080,308.0,True
S05,c022,frame_000309.jpg,3090,309.0,True
S05,c022,frame_000310.jpg,3100,310.0,True
S05,c022,frame_000311.jpg,3110,311.0,True
S05,c022,frame_000312.jpg,3120,312.0,True
S05,c022,frame_000313.jpg,3130,313.0,True
S05,c022,frame_000314.jpg,3140,314.0,True
S05,c022,frame_000315.jpg,3150,315.0,True
S05,c022,frame_000316.jpg,3160,316.0,True
S05,c022,frame_000317.jpg,3170,317.0,True
S05,c022,frame_000318.jpg,3180,318.0,True
S05,c022,frame_000319.jpg,3190,319.0,True
S05,c022,frame_000320.jpg,3200,320.0,True
S05,c022,frame_000321.jpg,3210,321.0,True
S05,c022,frame_000322.jpg,3220,322.0,True
S05,c022,frame_000323.jpg,3230,323.0,True
S05,c022,frame_000324.jpg,3240,324.0,True
S05,c022,frame_000325.jpg,3250,325.0,True
S05,c022,frame_000326.jpg,3260,326.0,True
S05,c022,frame_000327.jpg,3270,327.0,True
S05,c022,frame_000328.jpg,3280,328.0,True
S05,c022,frame_000329.jpg,3290,329.0,True
S05,c022,frame_000330.jpg,3300,330.0,True
S05,c022,frame_000331.jpg,3310,331.0,True
S05,c022,frame_000332.jpg,3320,332.0,True
S05,c022,frame_000333.jpg,3330,333.0,True
S05,c022,frame_000334.jpg,3340,334.0,True
S05,c022,frame_000335.jpg,3350,335.0,True
S05,c022,frame_000336.jpg,3360,336.0,True
S05,c022,frame_000337.jpg,3370,337.0,True
S05,c022,frame_000338.jpg,3380,338.0,True
S05,c022,frame_000339.jpg,3390,339.0,True
S05,c022,frame_000340.jpg,3400,340.0,True
S05,c022,frame_000341.jpg,3410,341.0,True
S05,c022,frame_000342.jpg,3420,342.0,True
S05,c022,frame_000343.jpg,3430,343.0,True
S05,c022,frame_000344.jpg,3440,344.0,True
S05,c022,frame_000345.jpg,3450,345.0,True
S05,c022,frame_000346.jpg,3460,346.0,True
S05,c022,frame_000347.jpg,3470,347.0,True
S05,c022,frame_000348.jpg,3480,348.0,True
S05,c022,frame_000349.jpg,3490,349.0,True
S05,c022,frame_000350.jpg,3500,350.0,True
S05,c022,frame_000351.jpg,3510,351.0,True
S05,c022,frame_000352.jpg,3520,352.0,True
S05,c022,frame_000353.jpg,3530,353.0,True
S05,c022,frame_000354.jpg,3540,354.0,True
S05,c022,frame_000355.jpg,3550,355.0,True
S05,c022,frame_000356.jpg,3560,356.0,True
S05,c022,frame_000357.jpg,3570,357.0,True
S05,c022,frame_000358.jpg,3580,358.0,True
S05,c022,frame_000359.jpg,3590,359.0,True
S05,c022,frame_000360.jpg,3600,360.0,True
S05,c022,frame_000361.jpg,3610,361.0,True
S05,c022,frame_000362.jpg,3620,362.0,True
S05,c022,frame_000363.jpg,3630,363.0,True
S05,c022,frame_000364.jpg,3640,364.0,True
S05,c022,frame_000365.jpg,3650,365.0,True
S05,c022,frame_000366.jpg,3660,366.0,True
S05,c022,frame_000367.jpg,3670,367.0,True
S05,c022,frame_000368.jpg,3680,368.0,True
S05,c022,frame_000369.jpg,3690,369.0,True
S05,c022,frame_000370.jpg,3700,370.0,True
S05,c022,frame_000371.jpg,3710,371.0,True
S05,c022,frame_000372.jpg,3720,372.0,True
S05,c022,frame_000373.jpg,3730,373.0,True
S05,c022,frame_000374.jpg,3740,374.0,True
S05,c022,frame_000375.jpg,3750,375.0,True
S05,c022,frame_000376.jpg,3760,376.0,True
S05,c022,frame_000377.jpg,3770,377.0,True
S05,c022,frame_000378.jpg,3780,378.0,True
S05,c022,frame_000379.jpg,3790,379.0,True
S05,c022,frame_000380.jpg,3800,380.0,True
S05,c022,frame_000381.jpg,3810,381.0,True
S05,c022,frame_000382.jpg,3820,382.0,True
S05,c022,frame_000383.jpg,3830,383.0,True
S05,c022,frame_000384.jpg,3840,384.0,True
S05,c022,frame_000385.jpg,3850,385.0,True
S05,c022,frame_000386.jpg,3860,386.0,True
S05,c022,frame_000387.jpg,3870,387.0,True
S05,c022,frame_000388.jpg,3880,388.0,True
S05,c022,frame_000389.jpg,3890,389.0,True
S05,c022,frame_000390.jpg,3900,390.0,True
S05,c022,frame_000391.jpg,3910,391.0,True
S05,c022,frame_000392.jpg,3920,392.0,True
S05,c022,frame_000393.jpg,3930,393.0,True
S05,c022,frame_000394.jpg,3940,394.0,True
S05,c022,frame_000395.jpg,3950,395.0,True
S05,c022,frame_000396.jpg,3960,396.0,True
S05,c022,frame_000397.jpg,3970,397.0,True
S05,c022,frame_000398.jpg,3980,398.0,True
S05,c022,frame_000399.jpg,3990,399.0,True
S05,c022,frame_000400.jpg,4000,400.0,True
S05,c022,frame_000401.jpg,4010,401.0,True
S05,c022,frame_000402.jpg,4020,402.0,True
S05,c022,frame_000403.jpg,4030,403.0,True
S05,c022,frame_000404.jpg,4040,404.0,True
S05,c022,frame_000405.jpg,4050,405.0,True
S05,c022,frame_000406.jpg,4060,406.0,True
S05,c022,frame_000407.jpg,4070,407.0,True
S05,c022,frame_000408.jpg,4080,408.0,True
S05,c022,frame_000409.jpg,4090,409.0,True
S05,c022,frame_000410.jpg,4100,410.0,True
S05,c022,frame_000411.jpg,4110,411.0,True
S05,c022,frame_000412.jpg,4120,412.0,True
S05,c022,frame_000413.jpg,4130,413.0,True
S05,c022,frame_000414.jpg,4140,414.0,True
S05,c022,frame_000415.jpg,4150,415.0,True
S05,c022,frame_000416.jpg,4160,416.0,True
S05,c022,frame_000417.jpg,4170,417.0,True
S05,c022,frame_000418.jpg,4180,418.0,True
S05,c022,frame_000419.jpg,4190,419.0,True
S05,c022,frame_000420.jpg,4200,420.0,True
S05,c022,frame_000421.jpg,4210,421.0,True
S05,c022,frame_000422.jpg,4220,422.0,True
S05,c022,frame_000423.jpg,4230,423.0,True
S05,c022,frame_000424.jpg,4240,424.0,True
S05,c022,frame_000425.jpg,4250,425.0,True
S05,c022,frame_000426.jpg,4260,426.0,True
S05,c022,frame_000427.jpg,4270,427.0,True
S05,c023,frame_000000.jpg,0,0.0,True
S05,c023,frame_000001.jpg,10,1.0,True
S05,c023,frame_000002.jpg,20,2.0,True
S05,c023,frame_000003.jpg,30,3.0,True
S05,c023,frame_000004.jpg,40,4.0,True
S05,c023,frame_000005.jpg,50,5.0,True
S05,c023,frame_000006.jpg,60,6.0,True
S05,c023,frame_000007.jpg,70,7.0,True
S05,c023,frame_000008.jpg,80,8.0,True
S05,c023,frame_000009.jpg,90,9.0,True
S05,c023,frame_000010.jpg,100,10.0,True
S05,c023,frame_000011.jpg,110,11.0,True
S05,c023,frame_000012.jpg,120,12.0,True
S05,c023,frame_000013.jpg,130,13.0,True
S05,c023,frame_000014.jpg,140,14.0,True
S05,c023,frame_000015.jpg,150,15.0,True
S05,c023,frame_000016.jpg,160,16.0,True
S05,c023,frame_000017.jpg,170,17.0,True
S05,c023,frame_000018.jpg,180,18.0,True
S05,c023,frame_000019.jpg,190,19.0,True
S05,c023,frame_000020.jpg,200,20.0,True
S05,c023,frame_000021.jpg,210,21.0,True
S05,c023,frame_000022.jpg,220,22.0,True
S05,c023,frame_000023.jpg,230,23.0,True
S05,c023,frame_000024.jpg,240,24.0,True
S05,c023,frame_000025.jpg,250,25.0,True
S05,c023,frame_000026.jpg,260,26.0,True
S05,c023,frame_000027.jpg,270,27.0,True
S05,c023,frame_000028.jpg,280,28.0,True
S05,c023,frame_000029.jpg,290,29.0,True
S05,c023,frame_000030.jpg,300,30.0,True
S05,c023,frame_000031.jpg,310,31.0,True
S05,c023,frame_000032.jpg,320,32.0,True
S05,c023,frame_000033.jpg,330,33.0,True
S05,c023,frame_000034.jpg,340,34.0,True
S05,c023,frame_000035.jpg,350,35.0,True
S05,c023,frame_000036.jpg,360,36.0,True
S05,c023,frame_000037.jpg,370,37.0,True
S05,c023,frame_000038.jpg,380,38.0,True
S05,c023,frame_000039.jpg,390,39.0,True
S05,c023,frame_000040.jpg,400,40.0,True
S05,c023,frame_000041.jpg,410,41.0,True
S05,c023,frame_000042.jpg,420,42.0,True
S05,c023,frame_000043.jpg,430,43.0,True
S05,c023,frame_000044.jpg,440,44.0,True
S05,c023,frame_000045.jpg,450,45.0,True
S05,c023,frame_000046.jpg,460,46.0,True
S05,c023,frame_000047.jpg,470,47.0,True
S05,c023,frame_000048.jpg,480,48.0,True
S05,c023,frame_000049.jpg,490,49.0,True
S05,c023,frame_000050.jpg,500,50.0,True
S05,c023,frame_000051.jpg,510,51.0,True
S05,c023,frame_000052.jpg,520,52.0,True
S05,c023,frame_000053.jpg,530,53.0,True
S05,c023,frame_000054.jpg,540,54.0,True
S05,c023,frame_000055.jpg,550,55.0,True
S05,c023,frame_000056.jpg,560,56.0,True
S05,c023,frame_000057.jpg,570,57.0,True
S05,c023,frame_000058.jpg,580,58.0,True
S05,c023,frame_000059.jpg,590,59.0,True
S05,c023,frame_000060.jpg,600,60.0,True
S05,c023,frame_000061.jpg,610,61.0,True
S05,c023,frame_000062.jpg,620,62.0,True
S05,c023,frame_000063.jpg,630,63.0,True
S05,c023,frame_000064.jpg,640,64.0,True
S05,c023,frame_000065.jpg,650,65.0,True
S05,c023,frame_000066.jpg,660,66.0,True
S05,c023,frame_000067.jpg,670,67.0,True
S05,c023,frame_000068.jpg,680,68.0,True
S05,c023,frame_000069.jpg,690,69.0,True
S05,c023,frame_000070.jpg,700,70.0,True
S05,c023,frame_000071.jpg,710,71.0,True
S05,c023,frame_000072.jpg,720,72.0,True
S05,c023,frame_000073.jpg,730,73.0,True
S05,c023,frame_000074.jpg,740,74.0,True
S05,c023,frame_000075.jpg,750,75.0,True
S05,c023,frame_000076.jpg,760,76.0,True
S05,c023,frame_000077.jpg,770,77.0,True
S05,c023,frame_000078.jpg,780,78.0,True
S05,c023,frame_000079.jpg,790,79.0,True
S05,c023,frame_000080.jpg,800,80.0,True
S05,c023,frame_000081.jpg,810,81.0,True
S05,c023,frame_000082.jpg,820,82.0,True
S05,c023,frame_000083.jpg,830,83.0,True
S05,c023,frame_000084.jpg,840,84.0,True
S05,c023,frame_000085.jpg,850,85.0,True
S05,c023,frame_000086.jpg,860,86.0,True
S05,c023,frame_000087.jpg,870,87.0,True
S05,c023,frame_000088.jpg,880,88.0,True
S05,c023,frame_000089.jpg,890,89.0,True
S05,c023,frame_000090.jpg,900,90.0,True
S05,c023,frame_000091.jpg,910,91.0,True
S05,c023,frame_000092.jpg,920,92.0,True
S05,c023,frame_000093.jpg,930,93.0,True
S05,c023,frame_000094.jpg,940,94.0,True
S05,c023,frame_000095.jpg,950,95.0,True
S05,c023,frame_000096.jpg,960,96.0,True
S05,c023,frame_000097.jpg,970,97.0,True
S05,c023,frame_000098.jpg,980,98.0,True
S05,c023,frame_000099.jpg,990,99.0,True
S05,c023,frame_000100.jpg,1000,100.0,True
S05,c023,frame_000101.jpg,1010,101.0,True
S05,c023,frame_000102.jpg,1020,102.0,True
S05,c023,frame_000103.jpg,1030,103.0,True
S05,c023,frame_000104.jpg,1040,104.0,True
S05,c023,frame_000105.jpg,1050,105.0,True
S05,c023,frame_000106.jpg,1060,106.0,True
S05,c023,frame_000107.jpg,1070,107.0,True
S05,c023,frame_000108.jpg,1080,108.0,True
S05,c023,frame_000109.jpg,1090,109.0,True
S05,c023,frame_000110.jpg,1100,110.0,True
S05,c023,frame_000111.jpg,1110,111.0,True
S05,c023,frame_000112.jpg,1120,112.0,True
S05,c023,frame_000113.jpg,1130,113.0,True
S05,c023,frame_000114.jpg,1140,114.0,True
S05,c023,frame_000115.jpg,1150,115.0,True
S05,c023,frame_000116.jpg,1160,116.0,True
S05,c023,frame_000117.jpg,1170,117.0,True
S05,c023,frame_000118.jpg,1180,118.0,True
S05,c023,frame_000119.jpg,1190,119.0,True
S05,c023,frame_000120.jpg,1200,120.0,True
S05,c023,frame_000121.jpg,1210,121.0,True
S05,c023,frame_000122.jpg,1220,122.0,True
S05,c023,frame_000123.jpg,1230,123.0,True
S05,c023,frame_000124.jpg,1240,124.0,True
S05,c023,frame_000125.jpg,1250,125.0,True
S05,c023,frame_000126.jpg,1260,126.0,True
S05,c023,frame_000127.jpg,1270,127.0,True
S05,c023,frame_000128.jpg,1280,128.0,True
S05,c023,frame_000129.jpg,1290,129.0,True
S05,c023,frame_000130.jpg,1300,130.0,True
S05,c023,frame_000131.jpg,1310,131.0,True
S05,c023,frame_000132.jpg,1320,132.0,True
S05,c023,frame_000133.jpg,1330,133.0,True
S05,c023,frame_000134.jpg,1340,134.0,True
S05,c023,frame_000135.jpg,1350,135.0,True
S05,c023,frame_000136.jpg,1360,136.0,True
S05,c023,frame_000137.jpg,1370,137.0,True
S05,c023,frame_000138.jpg,1380,138.0,True
S05,c023,frame_000139.jpg,1390,139.0,True
S05,c023,frame_000140.jpg,1400,140.0,True
S05,c023,frame_000141.jpg,1410,141.0,True
S05,c023,frame_000142.jpg,1420,142.0,True
S05,c023,frame_000143.jpg,1430,143.0,True
S05,c023,frame_000144.jpg,1440,144.0,True
S05,c023,frame_000145.jpg,1450,145.0,True
S05,c023,frame_000146.jpg,1460,146.0,True
S05,c023,frame_000147.jpg,1470,147.0,True
S05,c023,frame_000148.jpg,1480,148.0,True
S05,c023,frame_000149.jpg,1490,149.0,True
S05,c023,frame_000150.jpg,1500,150.0,True
S05,c023,frame_000151.jpg,1510,151.0,True
S05,c023,frame_000152.jpg,1520,152.0,True
S05,c023,frame_000153.jpg,1530,153.0,True
S05,c023,frame_000154.jpg,1540,154.0,True
S05,c023,frame_000155.jpg,1550,155.0,True
S05,c023,frame_000156.jpg,1560,156.0,True
S05,c023,frame_000157.jpg,1570,157.0,True
S05,c023,frame_000158.jpg,1580,158.0,True
S05,c023,frame_000159.jpg,1590,159.0,True
S05,c023,frame_000160.jpg,1600,160.0,True
S05,c023,frame_000161.jpg,1610,161.0,True
S05,c023,frame_000162.jpg,1620,162.0,True
S05,c023,frame_000163.jpg,1630,163.0,True
S05,c023,frame_000164.jpg,1640,164.0,True
S05,c023,frame_000165.jpg,1650,165.0,True
S05,c023,frame_000166.jpg,1660,166.0,True
S05,c023,frame_000167.jpg,1670,167.0,True
S05,c023,frame_000168.jpg,1680,168.0,True
S05,c023,frame_000169.jpg,1690,169.0,True
S05,c023,frame_000170.jpg,1700,170.0,True
S05,c023,frame_000171.jpg,1710,171.0,True
S05,c023,frame_000172.jpg,1720,172.0,True
S05,c023,frame_000173.jpg,1730,173.0,True
S05,c023,frame_000174.jpg,1740,174.0,True
S05,c023,frame_000175.jpg,1750,175.0,True
S05,c023,frame_000176.jpg,1760,176.0,True
S05,c023,frame_000177.jpg,1770,177.0,True
S05,c023,frame_000178.jpg,1780,178.0,True
S05,c023,frame_000179.jpg,1790,179.0,True
S05,c023,frame_000180.jpg,1800,180.0,True
S05,c023,frame_000181.jpg,1810,181.0,True
S05,c023,frame_000182.jpg,1820,182.0,True
S05,c023,frame_000183.jpg,1830,183.0,True
S05,c023,frame_000184.jpg,1840,184.0,True
S05,c023,frame_000185.jpg,1850,185.0,True
S05,c023,frame_000186.jpg,1860,186.0,True
S05,c023,frame_000187.jpg,1870,187.0,True
S05,c023,frame_000188.jpg,1880,188.0,True
S05,c023,frame_000189.jpg,1890,189.0,True
S05,c023,frame_000190.jpg,1900,190.0,True
S05,c023,frame_000191.jpg,1910,191.0,True
S05,c023,frame_000192.jpg,1920,192.0,True
S05,c023,frame_000193.jpg,1930,193.0,True
S05,c023,frame_000194.jpg,1940,194.0,True
S05,c023,frame_000195.jpg,1950,195.0,True
S05,c023,frame_000196.jpg,1960,196.0,True
S05,c023,frame_000197.jpg,1970,197.0,True
S05,c023,frame_000198.jpg,1980,198.0,True
S05,c023,frame_000199.jpg,1990,199.0,True
S05,c023,frame_000200.jpg,2000,200.0,True
S05,c023,frame_000201.jpg,2010,201.0,True
S05,c023,frame_000202.jpg,2020,202.0,True
S05,c023,frame_000203.jpg,2030,203.0,True
S05,c023,frame_000204.jpg,2040,204.0,True
S05,c023,frame_000205.jpg,2050,205.0,True
S05,c023,frame_000206.jpg,2060,206.0,True
S05,c023,frame_000207.jpg,2070,207.0,True
S05,c023,frame_000208.jpg,2080,208.0,True
S05,c023,frame_000209.jpg,2090,209.0,True
S05,c023,frame_000210.jpg,2100,210.0,True
S05,c023,frame_000211.jpg,2110,211.0,True
S05,c023,frame_000212.jpg,2120,212.0,True
S05,c023,frame_000213.jpg,2130,213.0,True
S05,c023,frame_000214.jpg,2140,214.0,True
S05,c023,frame_000215.jpg,2150,215.0,True
S05,c023,frame_000216.jpg,2160,216.0,True
S05,c023,frame_000217.jpg,2170,217.0,True
S05,c023,frame_000218.jpg,2180,218.0,True
S05,c023,frame_000219.jpg,2190,219.0,True
S05,c023,frame_000220.jpg,2200,220.0,True
S05,c023,frame_000221.jpg,2210,221.0,True
S05,c023,frame_000222.jpg,2220,222.0,True
S05,c023,frame_000223.jpg,2230,223.0,True
S05,c023,frame_000224.jpg,2240,224.0,True
S05,c023,frame_000225.jpg,2250,225.0,True
S05,c023,frame_000226.jpg,2260,226.0,True
S05,c023,frame_000227.jpg,2270,227.0,True
S05,c023,frame_000228.jpg,2280,228.0,True
S05,c023,frame_000229.jpg,2290,229.0,True
S05,c023,frame_000230.jpg,2300,230.0,True
S05,c023,frame_000231.jpg,2310,231.0,True
S05,c023,frame_000232.jpg,2320,232.0,True
S05,c023,frame_000233.jpg,2330,233.0,True
S05,c023,frame_000234.jpg,2340,234.0,True
S05,c023,frame_000235.jpg,2350,235.0,True
S05,c023,frame_000236.jpg,2360,236.0,True
S05,c023,frame_000237.jpg,2370,237.0,True
S05,c023,frame_000238.jpg,2380,238.0,True
S05,c023,frame_000239.jpg,2390,239.0,True
S05,c023,frame_000240.jpg,2400,240.0,True
S05,c023,frame_000241.jpg,2410,241.0,True
S05,c023,frame_000242.jpg,2420,242.0,True
S05,c023,frame_000243.jpg,2430,243.0,True
S05,c023,frame_000244.jpg,2440,244.0,True
S05,c023,frame_000245.jpg,2450,245.0,True
S05,c023,frame_000246.jpg,2460,246.0,True
S05,c023,frame_000247.jpg,2470,247.0,True
S05,c023,frame_000248.jpg,2480,248.0,True
S05,c023,frame_000249.jpg,2490,249.0,True
S05,c023,frame_000250.jpg,2500,250.0,True
S05,c023,frame_000251.jpg,2510,251.0,True
S05,c023,frame_000252.jpg,2520,252.0,True
S05,c023,frame_000253.jpg,2530,253.0,True
S05,c023,frame_000254.jpg,2540,254.0,True
S05,c023,frame_000255.jpg,2550,255.0,True
S05,c023,frame_000256.jpg,2560,256.0,True
S05,c023,frame_000257.jpg,2570,257.0,True
S05,c023,frame_000258.jpg,2580,258.0,True
S05,c023,frame_000259.jpg,2590,259.0,True
S05,c023,frame_000260.jpg,2600,260.0,True
S05,c023,frame_000261.jpg,2610,261.0,True
S05,c023,frame_000262.jpg,2620,262.0,True
S05,c023,frame_000263.jpg,2630,263.0,True
S05,c023,frame_000264.jpg,2640,264.0,True
S05,c023,frame_000265.jpg,2650,265.0,True
S05,c023,frame_000266.jpg,2660,266.0,True
S05,c023,frame_000267.jpg,2670,267.0,True
S05,c023,frame_000268.jpg,2680,268.0,True
S05,c023,frame_000269.jpg,2690,269.0,True
S05,c023,frame_000270.jpg,2700,270.0,True
S05,c023,frame_000271.jpg,2710,271.0,True
S05,c023,frame_000272.jpg,2720,272.0,True
S05,c023,frame_000273.jpg,2730,273.0,True
S05,c023,frame_000274.jpg,2740,274.0,True
S05,c023,frame_000275.jpg,2750,275.0,True
S05,c023,frame_000276.jpg,2760,276.0,True
S05,c023,frame_000277.jpg,2770,277.0,True
S05,c023,frame_000278.jpg,2780,278.0,True
S05,c023,frame_000279.jpg,2790,279.0,True
S05,c023,frame_000280.jpg,2800,280.0,True
S05,c023,frame_000281.jpg,2810,281.0,True
S05,c023,frame_000282.jpg,2820,282.0,True
S05,c023,frame_000283.jpg,2830,283.0,True
S05,c023,frame_000284.jpg,2840,284.0,True
S05,c023,frame_000285.jpg,2850,285.0,True
S05,c023,frame_000286.jpg,2860,286.0,True
S05,c023,frame_000287.jpg,2870,287.0,True
S05,c023,frame_000288.jpg,2880,288.0,True
S05,c023,frame_000289.jpg,2890,289.0,True
S05,c023,frame_000290.jpg,2900,290.0,True
S05,c023,frame_000291.jpg,2910,291.0,True
S05,c023,frame_000292.jpg,2920,292.0,True
S05,c023,frame_000293.jpg,2930,293.0,True
S05,c023,frame_000294.jpg,2940,294.0,True
S05,c023,frame_000295.jpg,2950,295.0,True
S05,c023,frame_000296.jpg,2960,296.0,True
S05,c023,frame_000297.jpg,2970,297.0,True
S05,c023,frame_000298.jpg,2980,298.0,True
S05,c023,frame_000299.jpg,2990,299.0,True
S05,c023,frame_000300.jpg,3000,300.0,True
S05,c023,frame_000301.jpg,3010,301.0,True
S05,c023,frame_000302.jpg,3020,302.0,True
S05,c023,frame_000303.jpg,3030,303.0,True
S05,c023,frame_000304.jpg,3040,304.0,True
S05,c023,frame_000305.jpg,3050,305.0,True
S05,c023,frame_000306.jpg,3060,306.0,True
S05,c023,frame_000307.jpg,3070,307.0,True
S05,c023,frame_000308.jpg,3080,308.0,True
S05,c023,frame_000309.jpg,3090,309.0,True
S05,c023,frame_000310.jpg,3100,310.0,True
S05,c023,frame_000311.jpg,3110,311.0,True
S05,c023,frame_000312.jpg,3120,312.0,True
S05,c023,frame_000313.jpg,3130,313.0,True
S05,c023,frame_000314.jpg,3140,314.0,True
S05,c023,frame_000315.jpg,3150,315.0,True
S05,c023,frame_000316.jpg,3160,316.0,True
S05,c023,frame_000317.jpg,3170,317.0,True
S05,c023,frame_000318.jpg,3180,318.0,True
S05,c023,frame_000319.jpg,3190,319.0,True
S05,c023,frame_000320.jpg,3200,320.0,True
S05,c023,frame_000321.jpg,3210,321.0,True
S05,c023,frame_000322.jpg,3220,322.0,True
S05,c023,frame_000323.jpg,3230,323.0,True
S05,c023,frame_000324.jpg,3240,324.0,True
S05,c023,frame_000325.jpg,3250,325.0,True
S05,c023,frame_000326.jpg,3260,326.0,True
S05,c023,frame_000327.jpg,3270,327.0,True
S05,c023,frame_000328.jpg,3280,328.0,True
S05,c023,frame_000329.jpg,3290,329.0,True
S05,c023,frame_000330.jpg,3300,330.0,True
S05,c023,frame_000331.jpg,3310,331.0,True
S05,c023,frame_000332.jpg,3320,332.0,True
S05,c023,frame_000333.jpg,3330,333.0,True
S05,c023,frame_000334.jpg,3340,334.0,True
S05,c023,frame_000335.jpg,3350,335.0,True
S05,c023,frame_000336.jpg,3360,336.0,True
S05,c023,frame_000337.jpg,3370,337.0,True
S05,c023,frame_000338.jpg,3380,338.0,True
S05,c023,frame_000339.jpg,3390,339.0,True
S05,c023,frame_000340.jpg,3400,340.0,True
S05,c023,frame_000341.jpg,3410,341.0,True
S05,c023,frame_000342.jpg,3420,342.0,True
S05,c023,frame_000343.jpg,3430,343.0,True
S05,c023,frame_000344.jpg,3440,344.0,True
S05,c023,frame_000345.jpg,3450,345.0,True
S05,c023,frame_000346.jpg,3460,346.0,True
S05,c023,frame_000347.jpg,3470,347.0,True
S05,c023,frame_000348.jpg,3480,348.0,True
S05,c023,frame_000349.jpg,3490,349.0,True
S05,c023,frame_000350.jpg,3500,350.0,True
S05,c023,frame_000351.jpg,3510,351.0,True
S05,c023,frame_000352.jpg,3520,352.0,True
S05,c023,frame_000353.jpg,3530,353.0,True
S05,c023,frame_000354.jpg,3540,354.0,True
S05,c023,frame_000355.jpg,3550,355.0,True
S05,c023,frame_000356.jpg,3560,356.0,True
S05,c023,frame_000357.jpg,3570,357.0,True
S05,c023,frame_000358.jpg,3580,358.0,True
S05,c023,frame_000359.jpg,3590,359.0,True
S05,c023,frame_000360.jpg,3600,360.0,True
S05,c023,frame_000361.jpg,3610,361.0,True
S05,c023,frame_000362.jpg,3620,362.0,True
S05,c023,frame_000363.jpg,3630,363.0,True
S05,c023,frame_000364.jpg,3640,364.0,True
S05,c023,frame_000365.jpg,3650,365.0,True
S05,c023,frame_000366.jpg,3660,366.0,True
S05,c023,frame_000367.jpg,3670,367.0,True
S05,c023,frame_000368.jpg,3680,368.0,True
S05,c023,frame_000369.jpg,3690,369.0,True
S05,c023,frame_000370.jpg,3700,370.0,True
S05,c023,frame_000371.jpg,3710,371.0,True
S05,c023,frame_000372.jpg,3720,372.0,True
S05,c023,frame_000373.jpg,3730,373.0,True
S05,c023,frame_000374.jpg,3740,374.0,True
S05,c023,frame_000375.jpg,3750,375.0,True
S05,c023,frame_000376.jpg,3760,376.0,True
S05,c023,frame_000377.jpg,3770,377.0,True
S05,c023,frame_000378.jpg,3780,378.0,True
S05,c023,frame_000379.jpg,3790,379.0,True
S05,c023,frame_000380.jpg,3800,380.0,True
S05,c023,frame_000381.jpg,3810,381.0,True
S05,c023,frame_000382.jpg,3820,382.0,True
S05,c023,frame_000383.jpg,3830,383.0,True
S05,c023,frame_000384.jpg,3840,384.0,True
S05,c023,frame_000385.jpg,3850,385.0,True
S05,c023,frame_000386.jpg,3860,386.0,True
S05,c023,frame_000387.jpg,3870,387.0,True
S05,c023,frame_000388.jpg,3880,388.0,True
S05,c023,frame_000389.jpg,3890,389.0,True
S05,c023,frame_000390.jpg,3900,390.0,True
S05,c023,frame_000391.jpg,3910,391.0,True
S05,c023,frame_000392.jpg,3920,392.0,True
S05,c023,frame_000393.jpg,3930,393.0,True
S05,c023,frame_000394.jpg,3940,394.0,True
S05,c023,frame_000395.jpg,3950,395.0,True
S05,c023,frame_000396.jpg,3960,396.0,True
S05,c023,frame_000397.jpg,3970,397.0,True
S05,c023,frame_000398.jpg,3980,398.0,True
S05,c023,frame_000399.jpg,3990,399.0,True
S05,c023,frame_000400.jpg,4000,400.0,True
S05,c023,frame_000401.jpg,4010,401.0,True
S05,c023,frame_000402.jpg,4020,402.0,True
S05,c023,frame_000403.jpg,4030,403.0,True
S05,c023,frame_000404.jpg,4040,404.0,True
S05,c023,frame_000405.jpg,4050,405.0,True
S05,c023,frame_000406.jpg,4060,406.0,True
S05,c023,frame_000407.jpg,4070,407.0,True
S05,c023,frame_000408.jpg,4080,408.0,True
S05,c023,frame_000409.jpg,4090,409.0,True
S05,c023,frame_000410.jpg,4100,410.0,True
S05,c023,frame_000411.jpg,4110,411.0,True
S05,c023,frame_000412.jpg,4120,412.0,True
S05,c023,frame_000413.jpg,4130,413.0,True
S05,c023,frame_000414.jpg,4140,414.0,True
S05,c023,frame_000415.jpg,4150,415.0,True
S05,c023,frame_000416.jpg,4160,416.0,True
S05,c023,frame_000417.jpg,4170,417.0,True
S05,c023,frame_000418.jpg,4180,418.0,True
S05,c023,frame_000419.jpg,4190,419.0,True
S05,c023,frame_000420.jpg,4200,420.0,True
S05,c023,frame_000421.jpg,4210,421.0,True
S05,c023,frame_000422.jpg,4220,422.0,True
S05,c023,frame_000423.jpg,4230,423.0,True
S05,c023,frame_000424.jpg,4240,424.0,True
S05,c023,frame_000425.jpg,4250,425.0,True
S05,c024,frame_000000.jpg,0,0.0,True
S05,c024,frame_000001.jpg,10,1.0,True
S05,c024,frame_000002.jpg,20,2.0,True
S05,c024,frame_000003.jpg,30,3.0,True
S05,c024,frame_000004.jpg,40,4.0,True
S05,c024,frame_000005.jpg,50,5.0,True
S05,c024,frame_000006.jpg,60,6.0,True
S05,c024,frame_000007.jpg,70,7.0,True
S05,c024,frame_000008.jpg,80,8.0,True
S05,c024,frame_000009.jpg,90,9.0,True
S05,c024,frame_000010.jpg,100,10.0,True
S05,c024,frame_000011.jpg,110,11.0,True
S05,c024,frame_000012.jpg,120,12.0,True
S05,c024,frame_000013.jpg,130,13.0,True
S05,c024,frame_000014.jpg,140,14.0,True
S05,c024,frame_000015.jpg,150,15.0,True
S05,c024,frame_000016.jpg,160,16.0,True
S05,c024,frame_000017.jpg,170,17.0,True
S05,c024,frame_000018.jpg,180,18.0,True
S05,c024,frame_000019.jpg,190,19.0,True
S05,c024,frame_000020.jpg,200,20.0,True
S05,c024,frame_000021.jpg,210,21.0,True
S05,c024,frame_000022.jpg,220,22.0,True
S05,c024,frame_000023.jpg,230,23.0,True
S05,c024,frame_000024.jpg,240,24.0,True
S05,c024,frame_000025.jpg,250,25.0,True
S05,c024,frame_000026.jpg,260,26.0,True
S05,c024,frame_000027.jpg,270,27.0,True
S05,c024,frame_000028.jpg,280,28.0,True
S05,c024,frame_000029.jpg,290,29.0,True
S05,c024,frame_000030.jpg,300,30.0,True
S05,c024,frame_000031.jpg,310,31.0,True
S05,c024,frame_000032.jpg,320,32.0,True
S05,c024,frame_000033.jpg,330,33.0,True
S05,c024,frame_000034.jpg,340,34.0,True
S05,c024,frame_000035.jpg,350,35.0,True
S05,c024,frame_000036.jpg,360,36.0,True
S05,c024,frame_000037.jpg,370,37.0,True
S05,c024,frame_000038.jpg,380,38.0,True
S05,c024,frame_000039.jpg,390,39.0,True
S05,c024,frame_000040.jpg,400,40.0,True
S05,c024,frame_000041.jpg,410,41.0,True
S05,c024,frame_000042.jpg,420,42.0,True
S05,c024,frame_000043.jpg,430,43.0,True
S05,c024,frame_000044.jpg,440,44.0,True
S05,c024,frame_000045.jpg,450,45.0,True
S05,c024,frame_000046.jpg,460,46.0,True
S05,c024,frame_000047.jpg,470,47.0,True
S05,c024,frame_000048.jpg,480,48.0,True
S05,c024,frame_000049.jpg,490,49.0,True
S05,c024,frame_000050.jpg,500,50.0,True
S05,c024,frame_000051.jpg,510,51.0,True
S05,c024,frame_000052.jpg,520,52.0,True
S05,c024,frame_000053.jpg,530,53.0,True
S05,c024,frame_000054.jpg,540,54.0,True
S05,c024,frame_000055.jpg,550,55.0,True
S05,c024,frame_000056.jpg,560,56.0,True
S05,c024,frame_000057.jpg,570,57.0,True
S05,c024,frame_000058.jpg,580,58.0,True
S05,c024,frame_000059.jpg,590,59.0,True
S05,c024,frame_000060.jpg,600,60.0,True
S05,c024,frame_000061.jpg,610,61.0,True
S05,c024,frame_000062.jpg,620,62.0,True
S05,c024,frame_000063.jpg,630,63.0,True
S05,c024,frame_000064.jpg,640,64.0,True
S05,c024,frame_000065.jpg,650,65.0,True
S05,c024,frame_000066.jpg,660,66.0,True
S05,c024,frame_000067.jpg,670,67.0,True
S05,c024,frame_000068.jpg,680,68.0,True
S05,c024,frame_000069.jpg,690,69.0,True
S05,c024,frame_000070.jpg,700,70.0,True
S05,c024,frame_000071.jpg,710,71.0,True
S05,c024,frame_000072.jpg,720,72.0,True
S05,c024,frame_000073.jpg,730,73.0,True
S05,c024,frame_000074.jpg,740,74.0,True
S05,c024,frame_000075.jpg,750,75.0,True
S05,c024,frame_000076.jpg,760,76.0,True
S05,c024,frame_000077.jpg,770,77.0,True
S05,c024,frame_000078.jpg,780,78.0,True
S05,c024,frame_000079.jpg,790,79.0,True
S05,c024,frame_000080.jpg,800,80.0,True
S05,c024,frame_000081.jpg,810,81.0,True
S05,c024,frame_000082.jpg,820,82.0,True
S05,c024,frame_000083.jpg,830,83.0,True
S05,c024,frame_000084.jpg,840,84.0,True
S05,c024,frame_000085.jpg,850,85.0,True
S05,c024,frame_000086.jpg,860,86.0,True
S05,c024,frame_000087.jpg,870,87.0,True
S05,c024,frame_000088.jpg,880,88.0,True
S05,c024,frame_000089.jpg,890,89.0,True
S05,c024,frame_000090.jpg,900,90.0,True
S05,c024,frame_000091.jpg,910,91.0,True
S05,c024,frame_000092.jpg,920,92.0,True
S05,c024,frame_000093.jpg,930,93.0,True
S05,c024,frame_000094.jpg,940,94.0,True
S05,c024,frame_000095.jpg,950,95.0,True
S05,c024,frame_000096.jpg,960,96.0,True
S05,c024,frame_000097.jpg,970,97.0,True
S05,c024,frame_000098.jpg,980,98.0,True
S05,c024,frame_000099.jpg,990,99.0,True
S05,c024,frame_000100.jpg,1000,100.0,True
S05,c024,frame_000101.jpg,1010,101.0,True
S05,c024,frame_000102.jpg,1020,102.0,True
S05,c024,frame_000103.jpg,1030,103.0,True
S05,c024,frame_000104.jpg,1040,104.0,True
S05,c024,frame_000105.jpg,1050,105.0,True
S05,c024,frame_000106.jpg,1060,106.0,True
S05,c024,frame_000107.jpg,1070,107.0,True
S05,c024,frame_000108.jpg,1080,108.0,True
S05,c024,frame_000109.jpg,1090,109.0,True
S05,c024,frame_000110.jpg,1100,110.0,True
S05,c024,frame_000111.jpg,1110,111.0,True
S05,c024,frame_000112.jpg,1120,112.0,True
S05,c024,frame_000113.jpg,1130,113.0,True
S05,c024,frame_000114.jpg,1140,114.0,True
S05,c024,frame_000115.jpg,1150,115.0,True
S05,c024,frame_000116.jpg,1160,116.0,True
S05,c024,frame_000117.jpg,1170,117.0,True
S05,c024,frame_000118.jpg,1180,118.0,True
S05,c024,frame_000119.jpg,1190,119.0,True
S05,c024,frame_000120.jpg,1200,120.0,True
S05,c024,frame_000121.jpg,1210,121.0,True
S05,c024,frame_000122.jpg,1220,122.0,True
S05,c024,frame_000123.jpg,1230,123.0,True
S05,c024,frame_000124.jpg,1240,124.0,True
S05,c024,frame_000125.jpg,1250,125.0,True
S05,c024,frame_000126.jpg,1260,126.0,True
S05,c024,frame_000127.jpg,1270,127.0,True
S05,c024,frame_000128.jpg,1280,128.0,True
S05,c024,frame_000129.jpg,1290,129.0,True
S05,c024,frame_000130.jpg,1300,130.0,True
S05,c024,frame_000131.jpg,1310,131.0,True
S05,c024,frame_000132.jpg,1320,132.0,True
S05,c024,frame_000133.jpg,1330,133.0,True
S05,c024,frame_000134.jpg,1340,134.0,True
S05,c024,frame_000135.jpg,1350,135.0,True
S05,c024,frame_000136.jpg,1360,136.0,True
S05,c024,frame_000137.jpg,1370,137.0,True
S05,c024,frame_000138.jpg,1380,138.0,True
S05,c024,frame_000139.jpg,1390,139.0,True
S05,c024,frame_000140.jpg,1400,140.0,True
S05,c024,frame_000141.jpg,1410,141.0,True
S05,c024,frame_000142.jpg,1420,142.0,True
S05,c024,frame_000143.jpg,1430,143.0,True
S05,c024,frame_000144.jpg,1440,144.0,True
S05,c024,frame_000145.jpg,1450,145.0,True
S05,c024,frame_000146.jpg,1460,146.0,True
S05,c024,frame_000147.jpg,1470,147.0,True
S05,c024,frame_000148.jpg,1480,148.0,True
S05,c024,frame_000149.jpg,1490,149.0,True
S05,c024,frame_000150.jpg,1500,150.0,True
S05,c024,frame_000151.jpg,1510,151.0,True
S05,c024,frame_000152.jpg,1520,152.0,True
S05,c024,frame_000153.jpg,1530,153.0,True
S05,c024,frame_000154.jpg,1540,154.0,True
S05,c024,frame_000155.jpg,1550,155.0,True
S05,c024,frame_000156.jpg,1560,156.0,True
S05,c024,frame_000157.jpg,1570,157.0,True
S05,c024,frame_000158.jpg,1580,158.0,True
S05,c024,frame_000159.jpg,1590,159.0,True
S05,c024,frame_000160.jpg,1600,160.0,True
S05,c024,frame_000161.jpg,1610,161.0,True
S05,c024,frame_000162.jpg,1620,162.0,True
S05,c024,frame_000163.jpg,1630,163.0,True
S05,c024,frame_000164.jpg,1640,164.0,True
S05,c024,frame_000165.jpg,1650,165.0,True
S05,c024,frame_000166.jpg,1660,166.0,True
S05,c024,frame_000167.jpg,1670,167.0,True
S05,c024,frame_000168.jpg,1680,168.0,True
S05,c024,frame_000169.jpg,1690,169.0,True
S05,c024,frame_000170.jpg,1700,170.0,True
S05,c024,frame_000171.jpg,1710,171.0,True
S05,c024,frame_000172.jpg,1720,172.0,True
S05,c024,frame_000173.jpg,1730,173.0,True
S05,c024,frame_000174.jpg,1740,174.0,True
S05,c024,frame_000175.jpg,1750,175.0,True
S05,c024,frame_000176.jpg,1760,176.0,True
S05,c024,frame_000177.jpg,1770,177.0,True
S05,c024,frame_000178.jpg,1780,178.0,True
S05,c024,frame_000179.jpg,1790,179.0,True
S05,c024,frame_000180.jpg,1800,180.0,True
S05,c024,frame_000181.jpg,1810,181.0,True
S05,c024,frame_000182.jpg,1820,182.0,True
S05,c024,frame_000183.jpg,1830,183.0,True
S05,c024,frame_000184.jpg,1840,184.0,True
S05,c024,frame_000185.jpg,1850,185.0,True
S05,c024,frame_000186.jpg,1860,186.0,True
S05,c024,frame_000187.jpg,1870,187.0,True
S05,c024,frame_000188.jpg,1880,188.0,True
S05,c024,frame_000189.jpg,1890,189.0,True
S05,c024,frame_000190.jpg,1900,190.0,True
S05,c024,frame_000191.jpg,1910,191.0,True
S05,c024,frame_000192.jpg,1920,192.0,True
S05,c024,frame_000193.jpg,1930,193.0,True
S05,c024,frame_000194.jpg,1940,194.0,True
S05,c024,frame_000195.jpg,1950,195.0,True
S05,c024,frame_000196.jpg,1960,196.0,True
S05,c024,frame_000197.jpg,1970,197.0,True
S05,c024,frame_000198.jpg,1980,198.0,True
S05,c024,frame_000199.jpg,1990,199.0,True
S05,c024,frame_000200.jpg,2000,200.0,True
S05,c024,frame_000201.jpg,2010,201.0,True
S05,c024,frame_000202.jpg,2020,202.0,True
S05,c024,frame_000203.jpg,2030,203.0,True
S05,c024,frame_000204.jpg,2040,204.0,True
S05,c024,frame_000205.jpg,2050,205.0,True
S05,c024,frame_000206.jpg,2060,206.0,True
S05,c024,frame_000207.jpg,2070,207.0,True
S05,c024,frame_000208.jpg,2080,208.0,True
S05,c024,frame_000209.jpg,2090,209.0,True
S05,c024,frame_000210.jpg,2100,210.0,True
S05,c024,frame_000211.jpg,2110,211.0,True
S05,c024,frame_000212.jpg,2120,212.0,True
S05,c024,frame_000213.jpg,2130,213.0,True
S05,c024,frame_000214.jpg,2140,214.0,True
S05,c024,frame_000215.jpg,2150,215.0,True
S05,c024,frame_000216.jpg,2160,216.0,True
S05,c024,frame_000217.jpg,2170,217.0,True
S05,c024,frame_000218.jpg,2180,218.0,True
S05,c024,frame_000219.jpg,2190,219.0,True
S05,c024,frame_000220.jpg,2200,220.0,True
S05,c024,frame_000221.jpg,2210,221.0,True
S05,c024,frame_000222.jpg,2220,222.0,True
S05,c024,frame_000223.jpg,2230,223.0,True
S05,c024,frame_000224.jpg,2240,224.0,True
S05,c024,frame_000225.jpg,2250,225.0,True
S05,c024,frame_000226.jpg,2260,226.0,True
S05,c024,frame_000227.jpg,2270,227.0,True
S05,c024,frame_000228.jpg,2280,228.0,True
S05,c024,frame_000229.jpg,2290,229.0,True
S05,c024,frame_000230.jpg,2300,230.0,True
S05,c024,frame_000231.jpg,2310,231.0,True
S05,c024,frame_000232.jpg,2320,232.0,True
S05,c024,frame_000233.jpg,2330,233.0,True
S05,c024,frame_000234.jpg,2340,234.0,True
S05,c024,frame_000235.jpg,2350,235.0,True
S05,c024,frame_000236.jpg,2360,236.0,True
S05,c024,frame_000237.jpg,2370,237.0,True
S05,c024,frame_000238.jpg,2380,238.0,True
S05,c024,frame_000239.jpg,2390,239.0,True
S05,c024,frame_000240.jpg,2400,240.0,True
S05,c024,frame_000241.jpg,2410,241.0,True
S05,c024,frame_000242.jpg,2420,242.0,True
S05,c024,frame_000243.jpg,2430,243.0,True
S05,c024,frame_000244.jpg,2440,244.0,True
S05,c024,frame_000245.jpg,2450,245.0,True
S05,c024,frame_000246.jpg,2460,246.0,True
S05,c024,frame_000247.jpg,2470,247.0,True
S05,c024,frame_000248.jpg,2480,248.0,True
S05,c024,frame_000249.jpg,2490,249.0,True
S05,c024,frame_000250.jpg,2500,250.0,True
S05,c024,frame_000251.jpg,2510,251.0,True
S05,c024,frame_000252.jpg,2520,252.0,True
S05,c024,frame_000253.jpg,2530,253.0,True
S05,c024,frame_000254.jpg,2540,254.0,True
S05,c024,frame_000255.jpg,2550,255.0,True
S05,c024,frame_000256.jpg,2560,256.0,True
S05,c024,frame_000257.jpg,2570,257.0,True
S05,c024,frame_000258.jpg,2580,258.0,True
S05,c024,frame_000259.jpg,2590,259.0,True
S05,c024,frame_000260.jpg,2600,260.0,True
S05,c024,frame_000261.jpg,2610,261.0,True
S05,c024,frame_000262.jpg,2620,262.0,True
S05,c024,frame_000263.jpg,2630,263.0,True
S05,c024,frame_000264.jpg,2640,264.0,True
S05,c024,frame_000265.jpg,2650,265.0,True
S05,c024,frame_000266.jpg,2660,266.0,True
S05,c024,frame_000267.jpg,2670,267.0,True
S05,c024,frame_000268.jpg,2680,268.0,True
S05,c024,frame_000269.jpg,2690,269.0,True
S05,c024,frame_000270.jpg,2700,270.0,True
S05,c024,frame_000271.jpg,2710,271.0,True
S05,c024,frame_000272.jpg,2720,272.0,True
S05,c024,frame_000273.jpg,2730,273.0,True
S05,c024,frame_000274.jpg,2740,274.0,True
S05,c024,frame_000275.jpg,2750,275.0,True
S05,c024,frame_000276.jpg,2760,276.0,True
S05,c024,frame_000277.jpg,2770,277.0,True
S05,c024,frame_000278.jpg,2780,278.0,True
S05,c024,frame_000279.jpg,2790,279.0,True
S05,c024,frame_000280.jpg,2800,280.0,True
S05,c024,frame_000281.jpg,2810,281.0,True
S05,c024,frame_000282.jpg,2820,282.0,True
S05,c024,frame_000283.jpg,2830,283.0,True
S05,c024,frame_000284.jpg,2840,284.0,True
S05,c024,frame_000285.jpg,2850,285.0,True
S05,c024,frame_000286.jpg,2860,286.0,True
S05,c024,frame_000287.jpg,2870,287.0,True
S05,c024,frame_000288.jpg,2880,288.0,True
S05,c024,frame_000289.jpg,2890,289.0,True
S05,c024,frame_000290.jpg,2900,290.0,True
S05,c024,frame_000291.jpg,2910,291.0,True
S05,c024,frame_000292.jpg,2920,292.0,True
S05,c024,frame_000293.jpg,2930,293.0,True
S05,c024,frame_000294.jpg,2940,294.0,True
S05,c024,frame_000295.jpg,2950,295.0,True
S05,c024,frame_000296.jpg,2960,296.0,True
S05,c024,frame_000297.jpg,2970,297.0,True
S05,c024,frame_000298.jpg,2980,298.0,True
S05,c024,frame_000299.jpg,2990,299.0,True
S05,c024,frame_000300.jpg,3000,300.0,True
S05,c024,frame_000301.jpg,3010,301.0,True
S05,c024,frame_000302.jpg,3020,302.0,True
S05,c024,frame_000303.jpg,3030,303.0,True
S05,c024,frame_000304.jpg,3040,304.0,True
S05,c024,frame_000305.jpg,3050,305.0,True
S05,c024,frame_000306.jpg,3060,306.0,True
S05,c024,frame_000307.jpg,3070,307.0,True
S05,c024,frame_000308.jpg,3080,308.0,True
S05,c024,frame_000309.jpg,3090,309.0,True
S05,c024,frame_000310.jpg,3100,310.0,True
S05,c024,frame_000311.jpg,3110,311.0,True
S05,c024,frame_000312.jpg,3120,312.0,True
S05,c024,frame_000313.jpg,3130,313.0,True
S05,c024,frame_000314.jpg,3140,314.0,True
S05,c024,frame_000315.jpg,3150,315.0,True
S05,c024,frame_000316.jpg,3160,316.0,True
S05,c024,frame_000317.jpg,3170,317.0,True
S05,c024,frame_000318.jpg,3180,318.0,True
S05,c024,frame_000319.jpg,3190,319.0,True
S05,c024,frame_000320.jpg,3200,320.0,True
S05,c024,frame_000321.jpg,3210,321.0,True
S05,c024,frame_000322.jpg,3220,322.0,True
S05,c024,frame_000323.jpg,3230,323.0,True
S05,c024,frame_000324.jpg,3240,324.0,True
S05,c024,frame_000325.jpg,3250,325.0,True
S05,c024,frame_000326.jpg,3260,326.0,True
S05,c024,frame_000327.jpg,3270,327.0,True
S05,c024,frame_000328.jpg,3280,328.0,True
S05,c024,frame_000329.jpg,3290,329.0,True
S05,c024,frame_000330.jpg,3300,330.0,True
S05,c024,frame_000331.jpg,3310,331.0,True
S05,c024,frame_000332.jpg,3320,332.0,True
S05,c024,frame_000333.jpg,3330,333.0,True
S05,c024,frame_000334.jpg,3340,334.0,True
S05,c024,frame_000335.jpg,3350,335.0,True
S05,c024,frame_000336.jpg,3360,336.0,True
S05,c024,frame_000337.jpg,3370,337.0,True
S05,c024,frame_000338.jpg,3380,338.0,True
S05,c024,frame_000339.jpg,3390,339.0,True
S05,c024,frame_000340.jpg,3400,340.0,True
S05,c024,frame_000341.jpg,3410,341.0,True
S05,c024,frame_000342.jpg,3420,342.0,True
S05,c024,frame_000343.jpg,3430,343.0,True
S05,c024,frame_000344.jpg,3440,344.0,True
S05,c024,frame_000345.jpg,3450,345.0,True
S05,c024,frame_000346.jpg,3460,346.0,True
S05,c024,frame_000347.jpg,3470,347.0,True
S05,c024,frame_000348.jpg,3480,348.0,True
S05,c024,frame_000349.jpg,3490,349.0,True
S05,c024,frame_000350.jpg,3500,350.0,True
S05,c024,frame_000351.jpg,3510,351.0,True
S05,c024,frame_000352.jpg,3520,352.0,True
S05,c024,frame_000353.jpg,3530,353.0,True
S05,c024,frame_000354.jpg,3540,354.0,True
S05,c024,frame_000355.jpg,3550,355.0,True
S05,c024,frame_000356.jpg,3560,356.0,True
S05,c024,frame_000357.jpg,3570,357.0,True
S05,c024,frame_000358.jpg,3580,358.0,True
S05,c024,frame_000359.jpg,3590,359.0,True
S05,c024,frame_000360.jpg,3600,360.0,True
S05,c024,frame_000361.jpg,3610,361.0,True
S05,c024,frame_000362.jpg,3620,362.0,True
S05,c024,frame_000363.jpg,3630,363.0,True
S05,c024,frame_000364.jpg,3640,364.0,True
S05,c024,frame_000365.jpg,3650,365.0,True
S05,c024,frame_000366.jpg,3660,366.0,True
S05,c024,frame_000367.jpg,3670,367.0,True
S05,c024,frame_000368.jpg,3680,368.0,True
S05,c024,frame_000369.jpg,3690,369.0,True
S05,c024,frame_000370.jpg,3700,370.0,True
S05,c024,frame_000371.jpg,3710,371.0,True
S05,c024,frame_000372.jpg,3720,372.0,True
S05,c024,frame_000373.jpg,3730,373.0,True
S05,c024,frame_000374.jpg,3740,374.0,True
S05,c024,frame_000375.jpg,3750,375.0,True
S05,c024,frame_000376.jpg,3760,376.0,True
S05,c024,frame_000377.jpg,3770,377.0,True
S05,c024,frame_000378.jpg,3780,378.0,True
S05,c024,frame_000379.jpg,3790,379.0,True
S05,c024,frame_000380.jpg,3800,380.0,True
S05,c024,frame_000381.jpg,3810,381.0,True
S05,c024,frame_000382.jpg,3820,382.0,True
S05,c024,frame_000383.jpg,3830,383.0,True
S05,c024,frame_000384.jpg,3840,384.0,True
S05,c024,frame_000385.jpg,3850,385.0,True
S05,c024,frame_000386.jpg,3860,386.0,True
S05,c024,frame_000387.jpg,3870,387.0,True
S05,c024,frame_000388.jpg,3880,388.0,True
S05,c024,frame_000389.jpg,3890,389.0,True
S05,c024,frame_000390.jpg,3900,390.0,True
S05,c024,frame_000391.jpg,3910,391.0,True
S05,c024,frame_000392.jpg,3920,392.0,True
S05,c024,frame_000393.jpg,3930,393.0,True
S05,c024,frame_000394.jpg,3940,394.0,True
S05,c024,frame_000395.jpg,3950,395.0,True
S05,c024,frame_000396.jpg,3960,396.0,True
S05,c024,frame_000397.jpg,3970,397.0,True
S05,c024,frame_000398.jpg,3980,398.0,True
S05,c024,frame_000399.jpg,3990,399.0,True
S05,c024,frame_000400.jpg,4000,400.0,True
S05,c024,frame_000401.jpg,4010,401.0,True
S05,c024,frame_000402.jpg,4020,402.0,True
S05,c024,frame_000403.jpg,4030,403.0,True
S05,c024,frame_000404.jpg,4040,404.0,True
S05,c024,frame_000405.jpg,4050,405.0,True
S05,c024,frame_000406.jpg,4060,406.0,True
S05,c024,frame_000407.jpg,4070,407.0,True
S05,c024,frame_000408.jpg,4080,408.0,True
S05,c024,frame_000409.jpg,4090,409.0,True
S05,c024,frame_000410.jpg,4100,410.0,True
S05,c024,frame_000411.jpg,4110,411.0,True
S05,c024,frame_000412.jpg,4120,412.0,True
S05,c024,frame_000413.jpg,4130,413.0,True
S05,c024,frame_000414.jpg,4140,414.0,True
S05,c024,frame_000415.jpg,4150,415.0,True
S05,c024,frame_000416.jpg,4160,416.0,True
S05,c024,frame_000417.jpg,4170,417.0,True
S05,c024,frame_000418.jpg,4180,418.0,True
S05,c024,frame_000419.jpg,4190,419.0,True
S05,c024,frame_000420.jpg,4200,420.0,True
S05,c024,frame_000421.jpg,4210,421.0,True
S05,c024,frame_000422.jpg,4220,422.0,True
S05,c024,frame_000423.jpg,4230,423.0,True
S05,c024,frame_000424.jpg,4240,424.0,True
S05,c024,frame_000425.jpg,4250,425.0,True
S05,c024,frame_000426.jpg,4260,426.0,True
S05,c024,frame_000427.jpg,4270,427.0,True
S05,c024,frame_000428.jpg,4280,428.0,True
S05,c024,frame_000429.jpg,4290,429.0,True
S05,c025,frame_000000.jpg,0,0.0,True
S05,c025,frame_000001.jpg,10,1.0,True
S05,c025,frame_000002.jpg,20,2.0,True
S05,c025,frame_000003.jpg,30,3.0,True
S05,c025,frame_000004.jpg,40,4.0,True
S05,c025,frame_000005.jpg,50,5.0,True
S05,c025,frame_000006.jpg,60,6.0,True
S05,c025,frame_000007.jpg,70,7.0,True
S05,c025,frame_000008.jpg,80,8.0,True
S05,c025,frame_000009.jpg,90,9.0,True
S05,c025,frame_000010.jpg,100,10.0,True
S05,c025,frame_000011.jpg,110,11.0,True
S05,c025,frame_000012.jpg,120,12.0,True
S05,c025,frame_000013.jpg,130,13.0,True
S05,c025,frame_000014.jpg,140,14.0,True
S05,c025,frame_000015.jpg,150,15.0,True
S05,c025,frame_000016.jpg,160,16.0,True
S05,c025,frame_000017.jpg,170,17.0,True
S05,c025,frame_000018.jpg,180,18.0,True
S05,c025,frame_000019.jpg,190,19.0,True
S05,c025,frame_000020.jpg,200,20.0,True
S05,c025,frame_000021.jpg,210,21.0,True
S05,c025,frame_000022.jpg,220,22.0,True
S05,c025,frame_000023.jpg,230,23.0,True
S05,c025,frame_000024.jpg,240,24.0,True
S05,c025,frame_000025.jpg,250,25.0,True
S05,c025,frame_000026.jpg,260,26.0,True
S05,c025,frame_000027.jpg,270,27.0,True
S05,c025,frame_000028.jpg,280,28.0,True
S05,c025,frame_000029.jpg,290,29.0,True
S05,c025,frame_000030.jpg,300,30.0,True
S05,c025,frame_000031.jpg,310,31.0,True
S05,c025,frame_000032.jpg,320,32.0,True
S05,c025,frame_000033.jpg,330,33.0,True
S05,c025,frame_000034.jpg,340,34.0,True
S05,c025,frame_000035.jpg,350,35.0,True
S05,c025,frame_000036.jpg,360,36.0,True
S05,c025,frame_000037.jpg,370,37.0,True
S05,c025,frame_000038.jpg,380,38.0,True
S05,c025,frame_000039.jpg,390,39.0,True
S05,c025,frame_000040.jpg,400,40.0,True
S05,c025,frame_000041.jpg,410,41.0,True
S05,c025,frame_000042.jpg,420,42.0,True
S05,c025,frame_000043.jpg,430,43.0,True
S05,c025,frame_000044.jpg,440,44.0,True
S05,c025,frame_000045.jpg,450,45.0,True
S05,c025,frame_000046.jpg,460,46.0,True
S05,c025,frame_000047.jpg,470,47.0,True
S05,c025,frame_000048.jpg,480,48.0,True
S05,c025,frame_000049.jpg,490,49.0,True
S05,c025,frame_000050.jpg,500,50.0,True
S05,c025,frame_000051.jpg,510,51.0,True
S05,c025,frame_000052.jpg,520,52.0,True
S05,c025,frame_000053.jpg,530,53.0,True
S05,c025,frame_000054.jpg,540,54.0,True
S05,c025,frame_000055.jpg,550,55.0,True
S05,c025,frame_000056.jpg,560,56.0,True
S05,c025,frame_000057.jpg,570,57.0,True
S05,c025,frame_000058.jpg,580,58.0,True
S05,c025,frame_000059.jpg,590,59.0,True
S05,c025,frame_000060.jpg,600,60.0,True
S05,c025,frame_000061.jpg,610,61.0,True
S05,c025,frame_000062.jpg,620,62.0,True
S05,c025,frame_000063.jpg,630,63.0,True
S05,c025,frame_000064.jpg,640,64.0,True
S05,c025,frame_000065.jpg,650,65.0,True
S05,c025,frame_000066.jpg,660,66.0,True
S05,c025,frame_000067.jpg,670,67.0,True
S05,c025,frame_000068.jpg,680,68.0,True
S05,c025,frame_000069.jpg,690,69.0,True
S05,c025,frame_000070.jpg,700,70.0,True
S05,c025,frame_000071.jpg,710,71.0,True
S05,c025,frame_000072.jpg,720,72.0,True
S05,c025,frame_000073.jpg,730,73.0,True
S05,c025,frame_000074.jpg,740,74.0,True
S05,c025,frame_000075.jpg,750,75.0,True
S05,c025,frame_000076.jpg,760,76.0,True
S05,c025,frame_000077.jpg,770,77.0,True
S05,c025,frame_000078.jpg,780,78.0,True
S05,c025,frame_000079.jpg,790,79.0,True
S05,c025,frame_000080.jpg,800,80.0,True
S05,c025,frame_000081.jpg,810,81.0,True
S05,c025,frame_000082.jpg,820,82.0,True
S05,c025,frame_000083.jpg,830,83.0,True
S05,c025,frame_000084.jpg,840,84.0,True
S05,c025,frame_000085.jpg,850,85.0,True
S05,c025,frame_000086.jpg,860,86.0,True
S05,c025,frame_000087.jpg,870,87.0,True
S05,c025,frame_000088.jpg,880,88.0,True
S05,c025,frame_000089.jpg,890,89.0,True
S05,c025,frame_000090.jpg,900,90.0,True
S05,c025,frame_000091.jpg,910,91.0,True
S05,c025,frame_000092.jpg,920,92.0,True
S05,c025,frame_000093.jpg,930,93.0,True
S05,c025,frame_000094.jpg,940,94.0,True
S05,c025,frame_000095.jpg,950,95.0,True
S05,c025,frame_000096.jpg,960,96.0,True
S05,c025,frame_000097.jpg,970,97.0,True
S05,c025,frame_000098.jpg,980,98.0,True
S05,c025,frame_000099.jpg,990,99.0,True
S05,c025,frame_000100.jpg,1000,100.0,True
S05,c025,frame_000101.jpg,1010,101.0,True
S05,c025,frame_000102.jpg,1020,102.0,True
S05,c025,frame_000103.jpg,1030,103.0,True
S05,c025,frame_000104.jpg,1040,104.0,True
S05,c025,frame_000105.jpg,1050,105.0,True
S05,c025,frame_000106.jpg,1060,106.0,True
S05,c025,frame_000107.jpg,1070,107.0,True
S05,c025,frame_000108.jpg,1080,108.0,True
S05,c025,frame_000109.jpg,1090,109.0,True
S05,c025,frame_000110.jpg,1100,110.0,True
S05,c025,frame_000111.jpg,1110,111.0,True
S05,c025,frame_000112.jpg,1120,112.0,True
S05,c025,frame_000113.jpg,1130,113.0,True
S05,c025,frame_000114.jpg,1140,114.0,True
S05,c025,frame_000115.jpg,1150,115.0,True
S05,c025,frame_000116.jpg,1160,116.0,True
S05,c025,frame_000117.jpg,1170,117.0,True
S05,c025,frame_000118.jpg,1180,118.0,True
S05,c025,frame_000119.jpg,1190,119.0,True
S05,c025,frame_000120.jpg,1200,120.0,True
S05,c025,frame_000121.jpg,1210,121.0,True
S05,c025,frame_000122.jpg,1220,122.0,True
S05,c025,frame_000123.jpg,1230,123.0,True
S05,c025,frame_000124.jpg,1240,124.0,True
S05,c025,frame_000125.jpg,1250,125.0,True
S05,c025,frame_000126.jpg,1260,126.0,True
S05,c025,frame_000127.jpg,1270,127.0,True
S05,c025,frame_000128.jpg,1280,128.0,True
S05,c025,frame_000129.jpg,1290,129.0,True
S05,c025,frame_000130.jpg,1300,130.0,True
S05,c025,frame_000131.jpg,1310,131.0,True
S05,c025,frame_000132.jpg,1320,132.0,True
S05,c025,frame_000133.jpg,1330,133.0,True
S05,c025,frame_000134.jpg,1340,134.0,True
S05,c025,frame_000135.jpg,1350,135.0,True
S05,c025,frame_000136.jpg,1360,136.0,True
S05,c025,frame_000137.jpg,1370,137.0,True
S05,c025,frame_000138.jpg,1380,138.0,True
S05,c025,frame_000139.jpg,1390,139.0,True
S05,c025,frame_000140.jpg,1400,140.0,True
S05,c025,frame_000141.jpg,1410,141.0,True
S05,c025,frame_000142.jpg,1420,142.0,True
S05,c025,frame_000143.jpg,1430,143.0,True
S05,c025,frame_000144.jpg,1440,144.0,True
S05,c025,frame_000145.jpg,1450,145.0,True
S05,c025,frame_000146.jpg,1460,146.0,True
S05,c025,frame_000147.jpg,1470,147.0,True
S05,c025,frame_000148.jpg,1480,148.0,True
S05,c025,frame_000149.jpg,1490,149.0,True
S05,c025,frame_000150.jpg,1500,150.0,True
S05,c025,frame_000151.jpg,1510,151.0,True
S05,c025,frame_000152.jpg,1520,152.0,True
S05,c025,frame_000153.jpg,1530,153.0,True
S05,c025,frame_000154.jpg,1540,154.0,True
S05,c025,frame_000155.jpg,1550,155.0,True
S05,c025,frame_000156.jpg,1560,156.0,True
S05,c025,frame_000157.jpg,1570,157.0,True
S05,c025,frame_000158.jpg,1580,158.0,True
S05,c025,frame_000159.jpg,1590,159.0,True
S05,c025,frame_000160.jpg,1600,160.0,True
S05,c025,frame_000161.jpg,1610,161.0,True
S05,c025,frame_000162.jpg,1620,162.0,True
S05,c025,frame_000163.jpg,1630,163.0,True
S05,c025,frame_000164.jpg,1640,164.0,True
S05,c025,frame_000165.jpg,1650,165.0,True
S05,c025,frame_000166.jpg,1660,166.0,True
S05,c025,frame_000167.jpg,1670,167.0,True
S05,c025,frame_000168.jpg,1680,168.0,True
S05,c025,frame_000169.jpg,1690,169.0,True
S05,c025,frame_000170.jpg,1700,170.0,True
S05,c025,frame_000171.jpg,1710,171.0,True
S05,c025,frame_000172.jpg,1720,172.0,True
S05,c025,frame_000173.jpg,1730,173.0,True
S05,c025,frame_000174.jpg,1740,174.0,True
S05,c025,frame_000175.jpg,1750,175.0,True
S05,c025,frame_000176.jpg,1760,176.0,True
S05,c025,frame_000177.jpg,1770,177.0,True
S05,c025,frame_000178.jpg,1780,178.0,True
S05,c025,frame_000179.jpg,1790,179.0,True
S05,c025,frame_000180.jpg,1800,180.0,True
S05,c025,frame_000181.jpg,1810,181.0,True
S05,c025,frame_000182.jpg,1820,182.0,True
S05,c025,frame_000183.jpg,1830,183.0,True
S05,c025,frame_000184.jpg,1840,184.0,True
S05,c025,frame_000185.jpg,1850,185.0,True
S05,c025,frame_000186.jpg,1860,186.0,True
S05,c025,frame_000187.jpg,1870,187.0,True
S05,c025,frame_000188.jpg,1880,188.0,True
S05,c025,frame_000189.jpg,1890,189.0,True
S05,c025,frame_000190.jpg,1900,190.0,True
S05,c025,frame_000191.jpg,1910,191.0,True
S05,c025,frame_000192.jpg,1920,192.0,True
S05,c025,frame_000193.jpg,1930,193.0,True
S05,c025,frame_000194.jpg,1940,194.0,True
S05,c025,frame_000195.jpg,1950,195.0,True
S05,c025,frame_000196.jpg,1960,196.0,True
S05,c025,frame_000197.jpg,1970,197.0,True
S05,c025,frame_000198.jpg,1980,198.0,True
S05,c025,frame_000199.jpg,1990,199.0,True
S05,c025,frame_000200.jpg,2000,200.0,True
S05,c025,frame_000201.jpg,2010,201.0,True
S05,c025,frame_000202.jpg,2020,202.0,True
S05,c025,frame_000203.jpg,2030,203.0,True
S05,c025,frame_000204.jpg,2040,204.0,True
S05,c025,frame_000205.jpg,2050,205.0,True
S05,c025,frame_000206.jpg,2060,206.0,True
S05,c025,frame_000207.jpg,2070,207.0,True
S05,c025,frame_000208.jpg,2080,208.0,True
S05,c025,frame_000209.jpg,2090,209.0,True
S05,c025,frame_000210.jpg,2100,210.0,True
S05,c025,frame_000211.jpg,2110,211.0,True
S05,c025,frame_000212.jpg,2120,212.0,True
S05,c025,frame_000213.jpg,2130,213.0,True
S05,c025,frame_000214.jpg,2140,214.0,True
S05,c025,frame_000215.jpg,2150,215.0,True
S05,c025,frame_000216.jpg,2160,216.0,True
S05,c025,frame_000217.jpg,2170,217.0,True
S05,c025,frame_000218.jpg,2180,218.0,True
S05,c025,frame_000219.jpg,2190,219.0,True
S05,c025,frame_000220.jpg,2200,220.0,True
S05,c025,frame_000221.jpg,2210,221.0,True
S05,c025,frame_000222.jpg,2220,222.0,True
S05,c025,frame_000223.jpg,2230,223.0,True
S05,c025,frame_000224.jpg,2240,224.0,True
S05,c025,frame_000225.jpg,2250,225.0,True
S05,c025,frame_000226.jpg,2260,226.0,True
S05,c025,frame_000227.jpg,2270,227.0,True
S05,c025,frame_000228.jpg,2280,228.0,True
S05,c025,frame_000229.jpg,2290,229.0,True
S05,c025,frame_000230.jpg,2300,230.0,True
S05,c025,frame_000231.jpg,2310,231.0,True
S05,c025,frame_000232.jpg,2320,232.0,True
S05,c025,frame_000233.jpg,2330,233.0,True
S05,c025,frame_000234.jpg,2340,234.0,True
S05,c025,frame_000235.jpg,2350,235.0,True
S05,c025,frame_000236.jpg,2360,236.0,True
S05,c025,frame_000237.jpg,2370,237.0,True
S05,c025,frame_000238.jpg,2380,238.0,True
S05,c025,frame_000239.jpg,2390,239.0,True
S05,c025,frame_000240.jpg,2400,240.0,True
S05,c025,frame_000241.jpg,2410,241.0,True
S05,c025,frame_000242.jpg,2420,242.0,True
S05,c025,frame_000243.jpg,2430,243.0,True
S05,c025,frame_000244.jpg,2440,244.0,True
S05,c025,frame_000245.jpg,2450,245.0,True
S05,c025,frame_000246.jpg,2460,246.0,True
S05,c025,frame_000247.jpg,2470,247.0,True
S05,c025,frame_000248.jpg,2480,248.0,True
S05,c025,frame_000249.jpg,2490,249.0,True
S05,c025,frame_000250.jpg,2500,250.0,True
S05,c025,frame_000251.jpg,2510,251.0,True
S05,c025,frame_000252.jpg,2520,252.0,True
S05,c025,frame_000253.jpg,2530,253.0,True
S05,c025,frame_000254.jpg,2540,254.0,True
S05,c025,frame_000255.jpg,2550,255.0,True
S05,c025,frame_000256.jpg,2560,256.0,True
S05,c025,frame_000257.jpg,2570,257.0,True
S05,c025,frame_000258.jpg,2580,258.0,True
S05,c025,frame_000259.jpg,2590,259.0,True
S05,c025,frame_000260.jpg,2600,260.0,True
S05,c025,frame_000261.jpg,2610,261.0,True
S05,c025,frame_000262.jpg,2620,262.0,True
S05,c025,frame_000263.jpg,2630,263.0,True
S05,c025,frame_000264.jpg,2640,264.0,True
S05,c025,frame_000265.jpg,2650,265.0,True
S05,c025,frame_000266.jpg,2660,266.0,True
S05,c025,frame_000267.jpg,2670,267.0,True
S05,c025,frame_000268.jpg,2680,268.0,True
S05,c025,frame_000269.jpg,2690,269.0,True
S05,c025,frame_000270.jpg,2700,270.0,True
S05,c025,frame_000271.jpg,2710,271.0,True
S05,c025,frame_000272.jpg,2720,272.0,True
S05,c025,frame_000273.jpg,2730,273.0,True
S05,c025,frame_000274.jpg,2740,274.0,True
S05,c025,frame_000275.jpg,2750,275.0,True
S05,c025,frame_000276.jpg,2760,276.0,True
S05,c025,frame_000277.jpg,2770,277.0,True
S05,c025,frame_000278.jpg,2780,278.0,True
S05,c025,frame_000279.jpg,2790,279.0,True
S05,c025,frame_000280.jpg,2800,280.0,True
S05,c025,frame_000281.jpg,2810,281.0,True
S05,c025,frame_000282.jpg,2820,282.0,True
S05,c025,frame_000283.jpg,2830,283.0,True
S05,c025,frame_000284.jpg,2840,284.0,True
S05,c025,frame_000285.jpg,2850,285.0,True
S05,c025,frame_000286.jpg,2860,286.0,True
S05,c025,frame_000287.jpg,2870,287.0,True
S05,c025,frame_000288.jpg,2880,288.0,True
S05,c025,frame_000289.jpg,2890,289.0,True
S05,c025,frame_000290.jpg,2900,290.0,True
S05,c025,frame_000291.jpg,2910,291.0,True
S05,c025,frame_000292.jpg,2920,292.0,True
S05,c025,frame_000293.jpg,2930,293.0,True
S05,c025,frame_000294.jpg,2940,294.0,True
S05,c025,frame_000295.jpg,2950,295.0,True
S05,c025,frame_000296.jpg,2960,296.0,True
S05,c025,frame_000297.jpg,2970,297.0,True
S05,c025,frame_000298.jpg,2980,298.0,True
S05,c025,frame_000299.jpg,2990,299.0,True
S05,c025,frame_000300.jpg,3000,300.0,True
S05,c025,frame_000301.jpg,3010,301.0,True
S05,c025,frame_000302.jpg,3020,302.0,True
S05,c025,frame_000303.jpg,3030,303.0,True
S05,c025,frame_000304.jpg,3040,304.0,True
S05,c025,frame_000305.jpg,3050,305.0,True
S05,c025,frame_000306.jpg,3060,306.0,True
S05,c025,frame_000307.jpg,3070,307.0,True
S05,c025,frame_000308.jpg,3080,308.0,True
S05,c025,frame_000309.jpg,3090,309.0,True
S05,c025,frame_000310.jpg,3100,310.0,True
S05,c025,frame_000311.jpg,3110,311.0,True
S05,c025,frame_000312.jpg,3120,312.0,True
S05,c025,frame_000313.jpg,3130,313.0,True
S05,c025,frame_000314.jpg,3140,314.0,True
S05,c025,frame_000315.jpg,3150,315.0,True
S05,c025,frame_000316.jpg,3160,316.0,True
S05,c025,frame_000317.jpg,3170,317.0,True
S05,c025,frame_000318.jpg,3180,318.0,True
S05,c025,frame_000319.jpg,3190,319.0,True
S05,c025,frame_000320.jpg,3200,320.0,True
S05,c025,frame_000321.jpg,3210,321.0,True
S05,c025,frame_000322.jpg,3220,322.0,True
S05,c025,frame_000323.jpg,3230,323.0,True
S05,c025,frame_000324.jpg,3240,324.0,True
S05,c025,frame_000325.jpg,3250,325.0,True
S05,c025,frame_000326.jpg,3260,326.0,True
S05,c025,frame_000327.jpg,3270,327.0,True
S05,c025,frame_000328.jpg,3280,328.0,True
S05,c025,frame_000329.jpg,3290,329.0,True
S05,c025,frame_000330.jpg,3300,330.0,True
S05,c025,frame_000331.jpg,3310,331.0,True
S05,c025,frame_000332.jpg,3320,332.0,True
S05,c025,frame_000333.jpg,3330,333.0,True
S05,c025,frame_000334.jpg,3340,334.0,True
S05,c025,frame_000335.jpg,3350,335.0,True
S05,c025,frame_000336.jpg,3360,336.0,True
S05,c025,frame_000337.jpg,3370,337.0,True
S05,c025,frame_000338.jpg,3380,338.0,True
S05,c025,frame_000339.jpg,3390,339.0,True
S05,c025,frame_000340.jpg,3400,340.0,True
S05,c025,frame_000341.jpg,3410,341.0,True
S05,c025,frame_000342.jpg,3420,342.0,True
S05,c025,frame_000343.jpg,3430,343.0,True
S05,c025,frame_000344.jpg,3440,344.0,True
S05,c025,frame_000345.jpg,3450,345.0,True
S05,c025,frame_000346.jpg,3460,346.0,True
S05,c025,frame_000347.jpg,3470,347.0,True
S05,c025,frame_000348.jpg,3480,348.0,True
S05,c025,frame_000349.jpg,3490,349.0,True
S05,c025,frame_000350.jpg,3500,350.0,True
S05,c025,frame_000351.jpg,3510,351.0,True
S05,c025,frame_000352.jpg,3520,352.0,True
S05,c025,frame_000353.jpg,3530,353.0,True
S05,c025,frame_000354.jpg,3540,354.0,True
S05,c025,frame_000355.jpg,3550,355.0,True
S05,c025,frame_000356.jpg,3560,356.0,True
S05,c025,frame_000357.jpg,3570,357.0,True
S05,c025,frame_000358.jpg,3580,358.0,True
S05,c025,frame_000359.jpg,3590,359.0,True
S05,c025,frame_000360.jpg,3600,360.0,True
S05,c025,frame_000361.jpg,3610,361.0,True
S05,c025,frame_000362.jpg,3620,362.0,True
S05,c025,frame_000363.jpg,3630,363.0,True
S05,c025,frame_000364.jpg,3640,364.0,True
S05,c025,frame_000365.jpg,3650,365.0,True
S05,c025,frame_000366.jpg,3660,366.0,True
S05,c025,frame_000367.jpg,3670,367.0,True
S05,c025,frame_000368.jpg,3680,368.0,True
S05,c025,frame_000369.jpg,3690,369.0,True
S05,c025,frame_000370.jpg,3700,370.0,True
S05,c025,frame_000371.jpg,3710,371.0,True
S05,c025,frame_000372.jpg,3720,372.0,True
S05,c025,frame_000373.jpg,3730,373.0,True
S05,c025,frame_000374.jpg,3740,374.0,True
S05,c025,frame_000375.jpg,3750,375.0,True
S05,c025,frame_000376.jpg,3760,376.0,True
S05,c025,frame_000377.jpg,3770,377.0,True
S05,c025,frame_000378.jpg,3780,378.0,True
S05,c025,frame_000379.jpg,3790,379.0,True
S05,c025,frame_000380.jpg,3800,380.0,True
S05,c025,frame_000381.jpg,3810,381.0,True
S05,c025,frame_000382.jpg,3820,382.0,True
S05,c025,frame_000383.jpg,3830,383.0,True
S05,c025,frame_000384.jpg,3840,384.0,True
S05,c025,frame_000385.jpg,3850,385.0,True
S05,c025,frame_000386.jpg,3860,386.0,True
S05,c025,frame_000387.jpg,3870,387.0,True
S05,c025,frame_000388.jpg,3880,388.0,True
S05,c025,frame_000389.jpg,3890,389.0,True
S05,c025,frame_000390.jpg,3900,390.0,True
S05,c025,frame_000391.jpg,3910,391.0,True
S05,c025,frame_000392.jpg,3920,392.0,True
S05,c025,frame_000393.jpg,3930,393.0,True
S05,c025,frame_000394.jpg,3940,394.0,True
S05,c025,frame_000395.jpg,3950,395.0,True
S05,c025,frame_000396.jpg,3960,396.0,True
S05,c025,frame_000397.jpg,3970,397.0,True
S05,c025,frame_000398.jpg,3980,398.0,True
S05,c025,frame_000399.jpg,3990,399.0,True
S05,c025,frame_000400.jpg,4000,400.0,True
S05,c025,frame_000401.jpg,4010,401.0,True
S05,c025,frame_000402.jpg,4020,402.0,True
S05,c025,frame_000403.jpg,4030,403.0,True
S05,c025,frame_000404.jpg,4040,404.0,True
S05,c025,frame_000405.jpg,4050,405.0,True
S05,c025,frame_000406.jpg,4060,406.0,True
S05,c025,frame_000407.jpg,4070,407.0,True
S05,c025,frame_000408.jpg,4080,408.0,True
S05,c025,frame_000409.jpg,4090,409.0,True
S05,c025,frame_000410.jpg,4100,410.0,True
S05,c025,frame_000411.jpg,4110,411.0,True
S05,c025,frame_000412.jpg,4120,412.0,True
S05,c025,frame_000413.jpg,4130,413.0,True
S05,c025,frame_000414.jpg,4140,414.0,True
S05,c025,frame_000415.jpg,4150,415.0,True
S05,c025,frame_000416.jpg,4160,416.0,True
S05,c025,frame_000417.jpg,4170,417.0,True
S05,c025,frame_000418.jpg,4180,418.0,True
S05,c025,frame_000419.jpg,4190,419.0,True
S05,c025,frame_000420.jpg,4200,420.0,True
S05,c025,frame_000421.jpg,4210,421.0,True
S05,c025,frame_000422.jpg,4220,422.0,True
S05,c025,frame_000423.jpg,4230,423.0,True
S05,c025,frame_000424.jpg,4240,424.0,True
S05,c025,frame_000425.jpg,4250,425.0,True
S05,c025,frame_000426.jpg,4260,426.0,True
S05,c025,frame_000427.jpg,4270,427.0,True
S05,c026,frame_000000.jpg,0,0.0,True
S05,c026,frame_000001.jpg,10,1.0,True
S05,c026,frame_000002.jpg,20,2.0,True
S05,c026,frame_000003.jpg,30,3.0,True
S05,c026,frame_000004.jpg,40,4.0,True
S05,c026,frame_000005.jpg,50,5.0,True
S05,c026,frame_000006.jpg,60,6.0,True
S05,c026,frame_000007.jpg,70,7.0,True
S05,c026,frame_000008.jpg,80,8.0,True
S05,c026,frame_000009.jpg,90,9.0,True
S05,c026,frame_000010.jpg,100,10.0,True
S05,c026,frame_000011.jpg,110,11.0,True
S05,c026,frame_000012.jpg,120,12.0,True
S05,c026,frame_000013.jpg,130,13.0,True
S05,c026,frame_000014.jpg,140,14.0,True
S05,c026,frame_000015.jpg,150,15.0,True
S05,c026,frame_000016.jpg,160,16.0,True
S05,c026,frame_000017.jpg,170,17.0,True
S05,c026,frame_000018.jpg,180,18.0,True
S05,c026,frame_000019.jpg,190,19.0,True
S05,c026,frame_000020.jpg,200,20.0,True
S05,c026,frame_000021.jpg,210,21.0,True
S05,c026,frame_000022.jpg,220,22.0,True
S05,c026,frame_000023.jpg,230,23.0,True
S05,c026,frame_000024.jpg,240,24.0,True
S05,c026,frame_000025.jpg,250,25.0,True
S05,c026,frame_000026.jpg,260,26.0,True
S05,c026,frame_000027.jpg,270,27.0,True
S05,c026,frame_000028.jpg,280,28.0,True
S05,c026,frame_000029.jpg,290,29.0,True
S05,c026,frame_000030.jpg,300,30.0,True
S05,c026,frame_000031.jpg,310,31.0,True
S05,c026,frame_000032.jpg,320,32.0,True
S05,c026,frame_000033.jpg,330,33.0,True
S05,c026,frame_000034.jpg,340,34.0,True
S05,c026,frame_000035.jpg,350,35.0,True
S05,c026,frame_000036.jpg,360,36.0,True
S05,c026,frame_000037.jpg,370,37.0,True
S05,c026,frame_000038.jpg,380,38.0,True
S05,c026,frame_000039.jpg,390,39.0,True
S05,c026,frame_000040.jpg,400,40.0,True
S05,c026,frame_000041.jpg,410,41.0,True
S05,c026,frame_000042.jpg,420,42.0,True
S05,c026,frame_000043.jpg,430,43.0,True
S05,c026,frame_000044.jpg,440,44.0,True
S05,c026,frame_000045.jpg,450,45.0,True
S05,c026,frame_000046.jpg,460,46.0,True
S05,c026,frame_000047.jpg,470,47.0,True
S05,c026,frame_000048.jpg,480,48.0,True
S05,c026,frame_000049.jpg,490,49.0,True
S05,c026,frame_000050.jpg,500,50.0,True
S05,c026,frame_000051.jpg,510,51.0,True
S05,c026,frame_000052.jpg,520,52.0,True
S05,c026,frame_000053.jpg,530,53.0,True
S05,c026,frame_000054.jpg,540,54.0,True
S05,c026,frame_000055.jpg,550,55.0,True
S05,c026,frame_000056.jpg,560,56.0,True
S05,c026,frame_000057.jpg,570,57.0,True
S05,c026,frame_000058.jpg,580,58.0,True
S05,c026,frame_000059.jpg,590,59.0,True
S05,c026,frame_000060.jpg,600,60.0,True
S05,c026,frame_000061.jpg,610,61.0,True
S05,c026,frame_000062.jpg,620,62.0,True
S05,c026,frame_000063.jpg,630,63.0,True
S05,c026,frame_000064.jpg,640,64.0,True
S05,c026,frame_000065.jpg,650,65.0,True
S05,c026,frame_000066.jpg,660,66.0,True
S05,c026,frame_000067.jpg,670,67.0,True
S05,c026,frame_000068.jpg,680,68.0,True
S05,c026,frame_000069.jpg,690,69.0,True
S05,c026,frame_000070.jpg,700,70.0,True
S05,c026,frame_000071.jpg,710,71.0,True
S05,c026,frame_000072.jpg,720,72.0,True
S05,c026,frame_000073.jpg,730,73.0,True
S05,c026,frame_000074.jpg,740,74.0,True
S05,c026,frame_000075.jpg,750,75.0,True
S05,c026,frame_000076.jpg,760,76.0,True
S05,c026,frame_000077.jpg,770,77.0,True
S05,c026,frame_000078.jpg,780,78.0,True
S05,c026,frame_000079.jpg,790,79.0,True
S05,c026,frame_000080.jpg,800,80.0,True
S05,c026,frame_000081.jpg,810,81.0,True
S05,c026,frame_000082.jpg,820,82.0,True
S05,c026,frame_000083.jpg,830,83.0,True
S05,c026,frame_000084.jpg,840,84.0,True
S05,c026,frame_000085.jpg,850,85.0,True
S05,c026,frame_000086.jpg,860,86.0,True
S05,c026,frame_000087.jpg,870,87.0,True
S05,c026,frame_000088.jpg,880,88.0,True
S05,c026,frame_000089.jpg,890,89.0,True
S05,c026,frame_000090.jpg,900,90.0,True
S05,c026,frame_000091.jpg,910,91.0,True
S05,c026,frame_000092.jpg,920,92.0,True
S05,c026,frame_000093.jpg,930,93.0,True
S05,c026,frame_000094.jpg,940,94.0,True
S05,c026,frame_000095.jpg,950,95.0,True
S05,c026,frame_000096.jpg,960,96.0,True
S05,c026,frame_000097.jpg,970,97.0,True
S05,c026,frame_000098.jpg,980,98.0,True
S05,c026,frame_000099.jpg,990,99.0,True
S05,c026,frame_000100.jpg,1000,100.0,True
S05,c026,frame_000101.jpg,1010,101.0,True
S05,c026,frame_000102.jpg,1020,102.0,True
S05,c026,frame_000103.jpg,1030,103.0,True
S05,c026,frame_000104.jpg,1040,104.0,True
S05,c026,frame_000105.jpg,1050,105.0,True
S05,c026,frame_000106.jpg,1060,106.0,True
S05,c026,frame_000107.jpg,1070,107.0,True
S05,c026,frame_000108.jpg,1080,108.0,True
S05,c026,frame_000109.jpg,1090,109.0,True
S05,c026,frame_000110.jpg,1100,110.0,True
S05,c026,frame_000111.jpg,1110,111.0,True
S05,c026,frame_000112.jpg,1120,112.0,True
S05,c026,frame_000113.jpg,1130,113.0,True
S05,c026,frame_000114.jpg,1140,114.0,True
S05,c026,frame_000115.jpg,1150,115.0,True
S05,c026,frame_000116.jpg,1160,116.0,True
S05,c026,frame_000117.jpg,1170,117.0,True
S05,c026,frame_000118.jpg,1180,118.0,True
S05,c026,frame_000119.jpg,1190,119.0,True
S05,c026,frame_000120.jpg,1200,120.0,True
S05,c026,frame_000121.jpg,1210,121.0,True
S05,c026,frame_000122.jpg,1220,122.0,True
S05,c026,frame_000123.jpg,1230,123.0,True
S05,c026,frame_000124.jpg,1240,124.0,True
S05,c026,frame_000125.jpg,1250,125.0,True
S05,c026,frame_000126.jpg,1260,126.0,True
S05,c026,frame_000127.jpg,1270,127.0,True
S05,c026,frame_000128.jpg,1280,128.0,True
S05,c026,frame_000129.jpg,1290,129.0,True
S05,c026,frame_000130.jpg,1300,130.0,True
S05,c026,frame_000131.jpg,1310,131.0,True
S05,c026,frame_000132.jpg,1320,132.0,True
S05,c026,frame_000133.jpg,1330,133.0,True
S05,c026,frame_000134.jpg,1340,134.0,True
S05,c026,frame_000135.jpg,1350,135.0,True
S05,c026,frame_000136.jpg,1360,136.0,True
S05,c026,frame_000137.jpg,1370,137.0,True
S05,c026,frame_000138.jpg,1380,138.0,True
S05,c026,frame_000139.jpg,1390,139.0,True
S05,c026,frame_000140.jpg,1400,140.0,True
S05,c026,frame_000141.jpg,1410,141.0,True
S05,c026,frame_000142.jpg,1420,142.0,True
S05,c026,frame_000143.jpg,1430,143.0,True
S05,c026,frame_000144.jpg,1440,144.0,True
S05,c026,frame_000145.jpg,1450,145.0,True
S05,c026,frame_000146.jpg,1460,146.0,True
S05,c026,frame_000147.jpg,1470,147.0,True
S05,c026,frame_000148.jpg,1480,148.0,True
S05,c026,frame_000149.jpg,1490,149.0,True
S05,c026,frame_000150.jpg,1500,150.0,True
S05,c026,frame_000151.jpg,1510,151.0,True
S05,c026,frame_000152.jpg,1520,152.0,True
S05,c026,frame_000153.jpg,1530,153.0,True
S05,c026,frame_000154.jpg,1540,154.0,True
S05,c026,frame_000155.jpg,1550,155.0,True
S05,c026,frame_000156.jpg,1560,156.0,True
S05,c026,frame_000157.jpg,1570,157.0,True
S05,c026,frame_000158.jpg,1580,158.0,True
S05,c026,frame_000159.jpg,1590,159.0,True
S05,c026,frame_000160.jpg,1600,160.0,True
S05,c026,frame_000161.jpg,1610,161.0,True
S05,c026,frame_000162.jpg,1620,162.0,True
S05,c026,frame_000163.jpg,1630,163.0,True
S05,c026,frame_000164.jpg,1640,164.0,True
S05,c026,frame_000165.jpg,1650,165.0,True
S05,c026,frame_000166.jpg,1660,166.0,True
S05,c026,frame_000167.jpg,1670,167.0,True
S05,c026,frame_000168.jpg,1680,168.0,True
S05,c026,frame_000169.jpg,1690,169.0,True
S05,c026,frame_000170.jpg,1700,170.0,True
S05,c026,frame_000171.jpg,1710,171.0,True
S05,c026,frame_000172.jpg,1720,172.0,True
S05,c026,frame_000173.jpg,1730,173.0,True
S05,c026,frame_000174.jpg,1740,174.0,True
S05,c026,frame_000175.jpg,1750,175.0,True
S05,c026,frame_000176.jpg,1760,176.0,True
S05,c026,frame_000177.jpg,1770,177.0,True
S05,c026,frame_000178.jpg,1780,178.0,True
S05,c026,frame_000179.jpg,1790,179.0,True
S05,c026,frame_000180.jpg,1800,180.0,True
S05,c026,frame_000181.jpg,1810,181.0,True
S05,c026,frame_000182.jpg,1820,182.0,True
S05,c026,frame_000183.jpg,1830,183.0,True
S05,c026,frame_000184.jpg,1840,184.0,True
S05,c026,frame_000185.jpg,1850,185.0,True
S05,c026,frame_000186.jpg,1860,186.0,True
S05,c026,frame_000187.jpg,1870,187.0,True
S05,c026,frame_000188.jpg,1880,188.0,True
S05,c026,frame_000189.jpg,1890,189.0,True
S05,c026,frame_000190.jpg,1900,190.0,True
S05,c026,frame_000191.jpg,1910,191.0,True
S05,c026,frame_000192.jpg,1920,192.0,True
S05,c026,frame_000193.jpg,1930,193.0,True
S05,c026,frame_000194.jpg,1940,194.0,True
S05,c026,frame_000195.jpg,1950,195.0,True
S05,c026,frame_000196.jpg,1960,196.0,True
S05,c026,frame_000197.jpg,1970,197.0,True
S05,c026,frame_000198.jpg,1980,198.0,True
S05,c026,frame_000199.jpg,1990,199.0,True
S05,c026,frame_000200.jpg,2000,200.0,True
S05,c026,frame_000201.jpg,2010,201.0,True
S05,c026,frame_000202.jpg,2020,202.0,True
S05,c026,frame_000203.jpg,2030,203.0,True
S05,c026,frame_000204.jpg,2040,204.0,True
S05,c026,frame_000205.jpg,2050,205.0,True
S05,c026,frame_000206.jpg,2060,206.0,True
S05,c026,frame_000207.jpg,2070,207.0,True
S05,c026,frame_000208.jpg,2080,208.0,True
S05,c026,frame_000209.jpg,2090,209.0,True
S05,c026,frame_000210.jpg,2100,210.0,True
S05,c026,frame_000211.jpg,2110,211.0,True
S05,c026,frame_000212.jpg,2120,212.0,True
S05,c026,frame_000213.jpg,2130,213.0,True
S05,c026,frame_000214.jpg,2140,214.0,True
S05,c026,frame_000215.jpg,2150,215.0,True
S05,c026,frame_000216.jpg,2160,216.0,True
S05,c026,frame_000217.jpg,2170,217.0,True
S05,c026,frame_000218.jpg,2180,218.0,True
S05,c026,frame_000219.jpg,2190,219.0,True
S05,c026,frame_000220.jpg,2200,220.0,True
S05,c026,frame_000221.jpg,2210,221.0,True
S05,c026,frame_000222.jpg,2220,222.0,True
S05,c026,frame_000223.jpg,2230,223.0,True
S05,c026,frame_000224.jpg,2240,224.0,True
S05,c026,frame_000225.jpg,2250,225.0,True
S05,c026,frame_000226.jpg,2260,226.0,True
S05,c026,frame_000227.jpg,2270,227.0,True
S05,c026,frame_000228.jpg,2280,228.0,True
S05,c026,frame_000229.jpg,2290,229.0,True
S05,c026,frame_000230.jpg,2300,230.0,True
S05,c026,frame_000231.jpg,2310,231.0,True
S05,c026,frame_000232.jpg,2320,232.0,True
S05,c026,frame_000233.jpg,2330,233.0,True
S05,c026,frame_000234.jpg,2340,234.0,True
S05,c026,frame_000235.jpg,2350,235.0,True
S05,c026,frame_000236.jpg,2360,236.0,True
S05,c026,frame_000237.jpg,2370,237.0,True
S05,c026,frame_000238.jpg,2380,238.0,True
S05,c026,frame_000239.jpg,2390,239.0,True
S05,c026,frame_000240.jpg,2400,240.0,True
S05,c026,frame_000241.jpg,2410,241.0,True
S05,c026,frame_000242.jpg,2420,242.0,True
S05,c026,frame_000243.jpg,2430,243.0,True
S05,c026,frame_000244.jpg,2440,244.0,True
S05,c026,frame_000245.jpg,2450,245.0,True
S05,c026,frame_000246.jpg,2460,246.0,True
S05,c026,frame_000247.jpg,2470,247.0,True
S05,c026,frame_000248.jpg,2480,248.0,True
S05,c026,frame_000249.jpg,2490,249.0,True
S05,c026,frame_000250.jpg,2500,250.0,True
S05,c026,frame_000251.jpg,2510,251.0,True
S05,c026,frame_000252.jpg,2520,252.0,True
S05,c026,frame_000253.jpg,2530,253.0,True
S05,c026,frame_000254.jpg,2540,254.0,True
S05,c026,frame_000255.jpg,2550,255.0,True
S05,c026,frame_000256.jpg,2560,256.0,True
S05,c026,frame_000257.jpg,2570,257.0,True
S05,c026,frame_000258.jpg,2580,258.0,True
S05,c026,frame_000259.jpg,2590,259.0,True
S05,c026,frame_000260.jpg,2600,260.0,True
S05,c026,frame_000261.jpg,2610,261.0,True
S05,c026,frame_000262.jpg,2620,262.0,True
S05,c026,frame_000263.jpg,2630,263.0,True
S05,c026,frame_000264.jpg,2640,264.0,True
S05,c026,frame_000265.jpg,2650,265.0,True
S05,c026,frame_000266.jpg,2660,266.0,True
S05,c026,frame_000267.jpg,2670,267.0,True
S05,c026,frame_000268.jpg,2680,268.0,True
S05,c026,frame_000269.jpg,2690,269.0,True
S05,c026,frame_000270.jpg,2700,270.0,True
S05,c026,frame_000271.jpg,2710,271.0,True
S05,c026,frame_000272.jpg,2720,272.0,True
S05,c026,frame_000273.jpg,2730,273.0,True
S05,c026,frame_000274.jpg,2740,274.0,True
S05,c026,frame_000275.jpg,2750,275.0,True
S05,c026,frame_000276.jpg,2760,276.0,True
S05,c026,frame_000277.jpg,2770,277.0,True
S05,c026,frame_000278.jpg,2780,278.0,True
S05,c026,frame_000279.jpg,2790,279.0,True
S05,c026,frame_000280.jpg,2800,280.0,True
S05,c026,frame_000281.jpg,2810,281.0,True
S05,c026,frame_000282.jpg,2820,282.0,True
S05,c026,frame_000283.jpg,2830,283.0,True
S05,c026,frame_000284.jpg,2840,284.0,True
S05,c026,frame_000285.jpg,2850,285.0,True
S05,c026,frame_000286.jpg,2860,286.0,True
S05,c026,frame_000287.jpg,2870,287.0,True
S05,c026,frame_000288.jpg,2880,288.0,True
S05,c026,frame_000289.jpg,2890,289.0,True
S05,c026,frame_000290.jpg,2900,290.0,True
S05,c026,frame_000291.jpg,2910,291.0,True
S05,c026,frame_000292.jpg,2920,292.0,True
S05,c026,frame_000293.jpg,2930,293.0,True
S05,c026,frame_000294.jpg,2940,294.0,True
S05,c026,frame_000295.jpg,2950,295.0,True
S05,c026,frame_000296.jpg,2960,296.0,True
S05,c026,frame_000297.jpg,2970,297.0,True
S05,c026,frame_000298.jpg,2980,298.0,True
S05,c026,frame_000299.jpg,2990,299.0,True
S05,c026,frame_000300.jpg,3000,300.0,True
S05,c026,frame_000301.jpg,3010,301.0,True
S05,c026,frame_000302.jpg,3020,302.0,True
S05,c026,frame_000303.jpg,3030,303.0,True
S05,c026,frame_000304.jpg,3040,304.0,True
S05,c026,frame_000305.jpg,3050,305.0,True
S05,c026,frame_000306.jpg,3060,306.0,True
S05,c026,frame_000307.jpg,3070,307.0,True
S05,c026,frame_000308.jpg,3080,308.0,True
S05,c026,frame_000309.jpg,3090,309.0,True
S05,c026,frame_000310.jpg,3100,310.0,True
S05,c026,frame_000311.jpg,3110,311.0,True
S05,c026,frame_000312.jpg,3120,312.0,True
S05,c026,frame_000313.jpg,3130,313.0,True
S05,c026,frame_000314.jpg,3140,314.0,True
S05,c026,frame_000315.jpg,3150,315.0,True
S05,c026,frame_000316.jpg,3160,316.0,True
S05,c026,frame_000317.jpg,3170,317.0,True
S05,c026,frame_000318.jpg,3180,318.0,True
S05,c026,frame_000319.jpg,3190,319.0,True
S05,c026,frame_000320.jpg,3200,320.0,True
S05,c026,frame_000321.jpg,3210,321.0,True
S05,c026,frame_000322.jpg,3220,322.0,True
S05,c026,frame_000323.jpg,3230,323.0,True
S05,c026,frame_000324.jpg,3240,324.0,True
S05,c026,frame_000325.jpg,3250,325.0,True
S05,c026,frame_000326.jpg,3260,326.0,True
S05,c026,frame_000327.jpg,3270,327.0,True
S05,c026,frame_000328.jpg,3280,328.0,True
S05,c026,frame_000329.jpg,3290,329.0,True
S05,c026,frame_000330.jpg,3300,330.0,True
S05,c026,frame_000331.jpg,3310,331.0,True
S05,c026,frame_000332.jpg,3320,332.0,True
S05,c026,frame_000333.jpg,3330,333.0,True
S05,c026,frame_000334.jpg,3340,334.0,True
S05,c026,frame_000335.jpg,3350,335.0,True
S05,c026,frame_000336.jpg,3360,336.0,True
S05,c026,frame_000337.jpg,3370,337.0,True
S05,c026,frame_000338.jpg,3380,338.0,True
S05,c026,frame_000339.jpg,3390,339.0,True
S05,c026,frame_000340.jpg,3400,340.0,True
S05,c026,frame_000341.jpg,3410,341.0,True
S05,c026,frame_000342.jpg,3420,342.0,True
S05,c026,frame_000343.jpg,3430,343.0,True
S05,c026,frame_000344.jpg,3440,344.0,True
S05,c026,frame_000345.jpg,3450,345.0,True
S05,c026,frame_000346.jpg,3460,346.0,True
S05,c026,frame_000347.jpg,3470,347.0,True
S05,c026,frame_000348.jpg,3480,348.0,True
S05,c026,frame_000349.jpg,3490,349.0,True
S05,c026,frame_000350.jpg,3500,350.0,True
S05,c026,frame_000351.jpg,3510,351.0,True
S05,c026,frame_000352.jpg,3520,352.0,True
S05,c026,frame_000353.jpg,3530,353.0,True
S05,c026,frame_000354.jpg,3540,354.0,True
S05,c026,frame_000355.jpg,3550,355.0,True
S05,c026,frame_000356.jpg,3560,356.0,True
S05,c026,frame_000357.jpg,3570,357.0,True
S05,c026,frame_000358.jpg,3580,358.0,True
S05,c026,frame_000359.jpg,3590,359.0,True
S05,c026,frame_000360.jpg,3600,360.0,True
S05,c026,frame_000361.jpg,3610,361.0,True
S05,c026,frame_000362.jpg,3620,362.0,True
S05,c026,frame_000363.jpg,3630,363.0,True
S05,c026,frame_000364.jpg,3640,364.0,True
S05,c026,frame_000365.jpg,3650,365.0,True
S05,c026,frame_000366.jpg,3660,366.0,True
S05,c026,frame_000367.jpg,3670,367.0,True
S05,c026,frame_000368.jpg,3680,368.0,True
S05,c026,frame_000369.jpg,3690,369.0,True
S05,c026,frame_000370.jpg,3700,370.0,True
S05,c026,frame_000371.jpg,3710,371.0,True
S05,c026,frame_000372.jpg,3720,372.0,True
S05,c026,frame_000373.jpg,3730,373.0,True
S05,c026,frame_000374.jpg,3740,374.0,True
S05,c026,frame_000375.jpg,3750,375.0,True
S05,c026,frame_000376.jpg,3760,376.0,True
S05,c026,frame_000377.jpg,3770,377.0,True
S05,c026,frame_000378.jpg,3780,378.0,True
S05,c026,frame_000379.jpg,3790,379.0,True
S05,c026,frame_000380.jpg,3800,380.0,True
S05,c026,frame_000381.jpg,3810,381.0,True
S05,c026,frame_000382.jpg,3820,382.0,True
S05,c026,frame_000383.jpg,3830,383.0,True
S05,c026,frame_000384.jpg,3840,384.0,True
S05,c026,frame_000385.jpg,3850,385.0,True
S05,c026,frame_000386.jpg,3860,386.0,True
S05,c026,frame_000387.jpg,3870,387.0,True
S05,c026,frame_000388.jpg,3880,388.0,True
S05,c026,frame_000389.jpg,3890,389.0,True
S05,c026,frame_000390.jpg,3900,390.0,True
S05,c026,frame_000391.jpg,3910,391.0,True
S05,c026,frame_000392.jpg,3920,392.0,True
S05,c026,frame_000393.jpg,3930,393.0,True
S05,c026,frame_000394.jpg,3940,394.0,True
S05,c026,frame_000395.jpg,3950,395.0,True
S05,c026,frame_000396.jpg,3960,396.0,True
S05,c026,frame_000397.jpg,3970,397.0,True
S05,c026,frame_000398.jpg,3980,398.0,True
S05,c026,frame_000399.jpg,3990,399.0,True
S05,c026,frame_000400.jpg,4000,400.0,True
S05,c026,frame_000401.jpg,4010,401.0,True
S05,c026,frame_000402.jpg,4020,402.0,True
S05,c026,frame_000403.jpg,4030,403.0,True
S05,c026,frame_000404.jpg,4040,404.0,True
S05,c026,frame_000405.jpg,4050,405.0,True
S05,c026,frame_000406.jpg,4060,406.0,True
S05,c026,frame_000407.jpg,4070,407.0,True
S05,c026,frame_000408.jpg,4080,408.0,True
S05,c026,frame_000409.jpg,4090,409.0,True
S05,c026,frame_000410.jpg,4100,410.0,True
S05,c026,frame_000411.jpg,4110,411.0,True
S05,c026,frame_000412.jpg,4120,412.0,True
S05,c026,frame_000413.jpg,4130,413.0,True
S05,c026,frame_000414.jpg,4140,414.0,True
S05,c026,frame_000415.jpg,4150,415.0,True
S05,c026,frame_000416.jpg,4160,416.0,True
S05,c026,frame_000417.jpg,4170,417.0,True
S05,c027,frame_000000.jpg,0,0.0,True
S05,c027,frame_000001.jpg,10,1.0,True
S05,c027,frame_000002.jpg,20,2.0,True
S05,c027,frame_000003.jpg,30,3.0,True
S05,c027,frame_000004.jpg,40,4.0,True
S05,c027,frame_000005.jpg,50,5.0,True
S05,c027,frame_000006.jpg,60,6.0,True
S05,c027,frame_000007.jpg,70,7.0,True
S05,c027,frame_000008.jpg,80,8.0,True
S05,c027,frame_000009.jpg,90,9.0,True
S05,c027,frame_000010.jpg,100,10.0,True
S05,c027,frame_000011.jpg,110,11.0,True
S05,c027,frame_000012.jpg,120,12.0,True
S05,c027,frame_000013.jpg,130,13.0,True
S05,c027,frame_000014.jpg,140,14.0,True
S05,c027,frame_000015.jpg,150,15.0,True
S05,c027,frame_000016.jpg,160,16.0,True
S05,c027,frame_000017.jpg,170,17.0,True
S05,c027,frame_000018.jpg,180,18.0,True
S05,c027,frame_000019.jpg,190,19.0,True
S05,c027,frame_000020.jpg,200,20.0,True
S05,c027,frame_000021.jpg,210,21.0,True
S05,c027,frame_000022.jpg,220,22.0,True
S05,c027,frame_000023.jpg,230,23.0,True
S05,c027,frame_000024.jpg,240,24.0,True
S05,c027,frame_000025.jpg,250,25.0,True
S05,c027,frame_000026.jpg,260,26.0,True
S05,c027,frame_000027.jpg,270,27.0,True
S05,c027,frame_000028.jpg,280,28.0,True
S05,c027,frame_000029.jpg,290,29.0,True
S05,c027,frame_000030.jpg,300,30.0,True
S05,c027,frame_000031.jpg,310,31.0,True
S05,c027,frame_000032.jpg,320,32.0,True
S05,c027,frame_000033.jpg,330,33.0,True
S05,c027,frame_000034.jpg,340,34.0,True
S05,c027,frame_000035.jpg,350,35.0,True
S05,c027,frame_000036.jpg,360,36.0,True
S05,c027,frame_000037.jpg,370,37.0,True
S05,c027,frame_000038.jpg,380,38.0,True
S05,c027,frame_000039.jpg,390,39.0,True
S05,c027,frame_000040.jpg,400,40.0,True
S05,c027,frame_000041.jpg,410,41.0,True
S05,c027,frame_000042.jpg,420,42.0,True
S05,c027,frame_000043.jpg,430,43.0,True
S05,c027,frame_000044.jpg,440,44.0,True
S05,c027,frame_000045.jpg,450,45.0,True
S05,c027,frame_000046.jpg,460,46.0,True
S05,c027,frame_000047.jpg,470,47.0,True
S05,c027,frame_000048.jpg,480,48.0,True
S05,c027,frame_000049.jpg,490,49.0,True
S05,c027,frame_000050.jpg,500,50.0,True
S05,c027,frame_000051.jpg,510,51.0,True
S05,c027,frame_000052.jpg,520,52.0,True
S05,c027,frame_000053.jpg,530,53.0,True
S05,c027,frame_000054.jpg,540,54.0,True
S05,c027,frame_000055.jpg,550,55.0,True
S05,c027,frame_000056.jpg,560,56.0,True
S05,c027,frame_000057.jpg,570,57.0,True
S05,c027,frame_000058.jpg,580,58.0,True
S05,c027,frame_000059.jpg,590,59.0,True
S05,c027,frame_000060.jpg,600,60.0,True
S05,c027,frame_000061.jpg,610,61.0,True
S05,c027,frame_000062.jpg,620,62.0,True
S05,c027,frame_000063.jpg,630,63.0,True
S05,c027,frame_000064.jpg,640,64.0,True
S05,c027,frame_000065.jpg,650,65.0,True
S05,c027,frame_000066.jpg,660,66.0,True
S05,c027,frame_000067.jpg,670,67.0,True
S05,c027,frame_000068.jpg,680,68.0,True
S05,c027,frame_000069.jpg,690,69.0,True
S05,c027,frame_000070.jpg,700,70.0,True
S05,c027,frame_000071.jpg,710,71.0,True
S05,c027,frame_000072.jpg,720,72.0,True
S05,c027,frame_000073.jpg,730,73.0,True
S05,c027,frame_000074.jpg,740,74.0,True
S05,c027,frame_000075.jpg,750,75.0,True
S05,c027,frame_000076.jpg,760,76.0,True
S05,c027,frame_000077.jpg,770,77.0,True
S05,c027,frame_000078.jpg,780,78.0,True
S05,c027,frame_000079.jpg,790,79.0,True
S05,c027,frame_000080.jpg,800,80.0,True
S05,c027,frame_000081.jpg,810,81.0,True
S05,c027,frame_000082.jpg,820,82.0,True
S05,c027,frame_000083.jpg,830,83.0,True
S05,c027,frame_000084.jpg,840,84.0,True
S05,c027,frame_000085.jpg,850,85.0,True
S05,c027,frame_000086.jpg,860,86.0,True
S05,c027,frame_000087.jpg,870,87.0,True
S05,c027,frame_000088.jpg,880,88.0,True
S05,c027,frame_000089.jpg,890,89.0,True
S05,c027,frame_000090.jpg,900,90.0,True
S05,c027,frame_000091.jpg,910,91.0,True
S05,c027,frame_000092.jpg,920,92.0,True
S05,c027,frame_000093.jpg,930,93.0,True
S05,c027,frame_000094.jpg,940,94.0,True
S05,c027,frame_000095.jpg,950,95.0,True
S05,c027,frame_000096.jpg,960,96.0,True
S05,c027,frame_000097.jpg,970,97.0,True
S05,c027,frame_000098.jpg,980,98.0,True
S05,c027,frame_000099.jpg,990,99.0,True
S05,c027,frame_000100.jpg,1000,100.0,True
S05,c027,frame_000101.jpg,1010,101.0,True
S05,c027,frame_000102.jpg,1020,102.0,True
S05,c027,frame_000103.jpg,1030,103.0,True
S05,c027,frame_000104.jpg,1040,104.0,True
S05,c027,frame_000105.jpg,1050,105.0,True
S05,c027,frame_000106.jpg,1060,106.0,True
S05,c027,frame_000107.jpg,1070,107.0,True
S05,c027,frame_000108.jpg,1080,108.0,True
S05,c027,frame_000109.jpg,1090,109.0,True
S05,c027,frame_000110.jpg,1100,110.0,True
S05,c027,frame_000111.jpg,1110,111.0,True
S05,c027,frame_000112.jpg,1120,112.0,True
S05,c027,frame_000113.jpg,1130,113.0,True
S05,c027,frame_000114.jpg,1140,114.0,True
S05,c027,frame_000115.jpg,1150,115.0,True
S05,c027,frame_000116.jpg,1160,116.0,True
S05,c027,frame_000117.jpg,1170,117.0,True
S05,c027,frame_000118.jpg,1180,118.0,True
S05,c027,frame_000119.jpg,1190,119.0,True
S05,c027,frame_000120.jpg,1200,120.0,True
S05,c027,frame_000121.jpg,1210,121.0,True
S05,c027,frame_000122.jpg,1220,122.0,True
S05,c027,frame_000123.jpg,1230,123.0,True
S05,c027,frame_000124.jpg,1240,124.0,True
S05,c027,frame_000125.jpg,1250,125.0,True
S05,c027,frame_000126.jpg,1260,126.0,True
S05,c027,frame_000127.jpg,1270,127.0,True
S05,c027,frame_000128.jpg,1280,128.0,True
S05,c027,frame_000129.jpg,1290,129.0,True
S05,c027,frame_000130.jpg,1300,130.0,True
S05,c027,frame_000131.jpg,1310,131.0,True
S05,c027,frame_000132.jpg,1320,132.0,True
S05,c027,frame_000133.jpg,1330,133.0,True
S05,c027,frame_000134.jpg,1340,134.0,True
S05,c027,frame_000135.jpg,1350,135.0,True
S05,c027,frame_000136.jpg,1360,136.0,True
S05,c027,frame_000137.jpg,1370,137.0,True
S05,c027,frame_000138.jpg,1380,138.0,True
S05,c027,frame_000139.jpg,1390,139.0,True
S05,c027,frame_000140.jpg,1400,140.0,True
S05,c027,frame_000141.jpg,1410,141.0,True
S05,c027,frame_000142.jpg,1420,142.0,True
S05,c027,frame_000143.jpg,1430,143.0,True
S05,c027,frame_000144.jpg,1440,144.0,True
S05,c027,frame_000145.jpg,1450,145.0,True
S05,c027,frame_000146.jpg,1460,146.0,True
S05,c027,frame_000147.jpg,1470,147.0,True
S05,c027,frame_000148.jpg,1480,148.0,True
S05,c027,frame_000149.jpg,1490,149.0,True
S05,c027,frame_000150.jpg,1500,150.0,True
S05,c027,frame_000151.jpg,1510,151.0,True
S05,c027,frame_000152.jpg,1520,152.0,True
S05,c027,frame_000153.jpg,1530,153.0,True
S05,c027,frame_000154.jpg,1540,154.0,True
S05,c027,frame_000155.jpg,1550,155.0,True
S05,c027,frame_000156.jpg,1560,156.0,True
S05,c027,frame_000157.jpg,1570,157.0,True
S05,c027,frame_000158.jpg,1580,158.0,True
S05,c027,frame_000159.jpg,1590,159.0,True
S05,c027,frame_000160.jpg,1600,160.0,True
S05,c027,frame_000161.jpg,1610,161.0,True
S05,c027,frame_000162.jpg,1620,162.0,True
S05,c027,frame_000163.jpg,1630,163.0,True
S05,c027,frame_000164.jpg,1640,164.0,True
S05,c027,frame_000165.jpg,1650,165.0,True
S05,c027,frame_000166.jpg,1660,166.0,True
S05,c027,frame_000167.jpg,1670,167.0,True
S05,c027,frame_000168.jpg,1680,168.0,True
S05,c027,frame_000169.jpg,1690,169.0,True
S05,c027,frame_000170.jpg,1700,170.0,True
S05,c027,frame_000171.jpg,1710,171.0,True
S05,c027,frame_000172.jpg,1720,172.0,True
S05,c027,frame_000173.jpg,1730,173.0,True
S05,c027,frame_000174.jpg,1740,174.0,True
S05,c027,frame_000175.jpg,1750,175.0,True
S05,c027,frame_000176.jpg,1760,176.0,True
S05,c027,frame_000177.jpg,1770,177.0,True
S05,c027,frame_000178.jpg,1780,178.0,True
S05,c027,frame_000179.jpg,1790,179.0,True
S05,c027,frame_000180.jpg,1800,180.0,True
S05,c027,frame_000181.jpg,1810,181.0,True
S05,c027,frame_000182.jpg,1820,182.0,True
S05,c027,frame_000183.jpg,1830,183.0,True
S05,c027,frame_000184.jpg,1840,184.0,True
S05,c027,frame_000185.jpg,1850,185.0,True
S05,c027,frame_000186.jpg,1860,186.0,True
S05,c027,frame_000187.jpg,1870,187.0,True
S05,c027,frame_000188.jpg,1880,188.0,True
S05,c027,frame_000189.jpg,1890,189.0,True
S05,c027,frame_000190.jpg,1900,190.0,True
S05,c027,frame_000191.jpg,1910,191.0,True
S05,c027,frame_000192.jpg,1920,192.0,True
S05,c027,frame_000193.jpg,1930,193.0,True
S05,c027,frame_000194.jpg,1940,194.0,True
S05,c027,frame_000195.jpg,1950,195.0,True
S05,c027,frame_000196.jpg,1960,196.0,True
S05,c027,frame_000197.jpg,1970,197.0,True
S05,c027,frame_000198.jpg,1980,198.0,True
S05,c027,frame_000199.jpg,1990,199.0,True
S05,c027,frame_000200.jpg,2000,200.0,True
S05,c027,frame_000201.jpg,2010,201.0,True
S05,c027,frame_000202.jpg,2020,202.0,True
S05,c027,frame_000203.jpg,2030,203.0,True
S05,c027,frame_000204.jpg,2040,204.0,True
S05,c027,frame_000205.jpg,2050,205.0,True
S05,c027,frame_000206.jpg,2060,206.0,True
S05,c027,frame_000207.jpg,2070,207.0,True
S05,c027,frame_000208.jpg,2080,208.0,True
S05,c027,frame_000209.jpg,2090,209.0,True
S05,c027,frame_000210.jpg,2100,210.0,True
S05,c027,frame_000211.jpg,2110,211.0,True
S05,c027,frame_000212.jpg,2120,212.0,True
S05,c027,frame_000213.jpg,2130,213.0,True
S05,c027,frame_000214.jpg,2140,214.0,True
S05,c027,frame_000215.jpg,2150,215.0,True
S05,c027,frame_000216.jpg,2160,216.0,True
S05,c027,frame_000217.jpg,2170,217.0,True
S05,c027,frame_000218.jpg,2180,218.0,True
S05,c027,frame_000219.jpg,2190,219.0,True
S05,c027,frame_000220.jpg,2200,220.0,True
S05,c027,frame_000221.jpg,2210,221.0,True
S05,c027,frame_000222.jpg,2220,222.0,True
S05,c027,frame_000223.jpg,2230,223.0,True
S05,c027,frame_000224.jpg,2240,224.0,True
S05,c027,frame_000225.jpg,2250,225.0,True
S05,c027,frame_000226.jpg,2260,226.0,True
S05,c027,frame_000227.jpg,2270,227.0,True
S05,c027,frame_000228.jpg,2280,228.0,True
S05,c027,frame_000229.jpg,2290,229.0,True
S05,c027,frame_000230.jpg,2300,230.0,True
S05,c027,frame_000231.jpg,2310,231.0,True
S05,c027,frame_000232.jpg,2320,232.0,True
S05,c027,frame_000233.jpg,2330,233.0,True
S05,c027,frame_000234.jpg,2340,234.0,True
S05,c027,frame_000235.jpg,2350,235.0,True
S05,c027,frame_000236.jpg,2360,236.0,True
S05,c027,frame_000237.jpg,2370,237.0,True
S05,c027,frame_000238.jpg,2380,238.0,True
S05,c027,frame_000239.jpg,2390,239.0,True
S05,c027,frame_000240.jpg,2400,240.0,True
S05,c027,frame_000241.jpg,2410,241.0,True
S05,c027,frame_000242.jpg,2420,242.0,True
S05,c027,frame_000243.jpg,2430,243.0,True
S05,c027,frame_000244.jpg,2440,244.0,True
S05,c027,frame_000245.jpg,2450,245.0,True
S05,c027,frame_000246.jpg,2460,246.0,True
S05,c027,frame_000247.jpg,2470,247.0,True
S05,c027,frame_000248.jpg,2480,248.0,True
S05,c027,frame_000249.jpg,2490,249.0,True
S05,c027,frame_000250.jpg,2500,250.0,True
S05,c027,frame_000251.jpg,2510,251.0,True
S05,c027,frame_000252.jpg,2520,252.0,True
S05,c027,frame_000253.jpg,2530,253.0,True
S05,c027,frame_000254.jpg,2540,254.0,True
S05,c027,frame_000255.jpg,2550,255.0,True
S05,c027,frame_000256.jpg,2560,256.0,True
S05,c027,frame_000257.jpg,2570,257.0,True
S05,c027,frame_000258.jpg,2580,258.0,True
S05,c027,frame_000259.jpg,2590,259.0,True
S05,c027,frame_000260.jpg,2600,260.0,True
S05,c027,frame_000261.jpg,2610,261.0,True
S05,c027,frame_000262.jpg,2620,262.0,True
S05,c027,frame_000263.jpg,2630,263.0,True
S05,c027,frame_000264.jpg,2640,264.0,True
S05,c027,frame_000265.jpg,2650,265.0,True
S05,c027,frame_000266.jpg,2660,266.0,True
S05,c027,frame_000267.jpg,2670,267.0,True
S05,c027,frame_000268.jpg,2680,268.0,True
S05,c027,frame_000269.jpg,2690,269.0,True
S05,c027,frame_000270.jpg,2700,270.0,True
S05,c027,frame_000271.jpg,2710,271.0,True
S05,c027,frame_000272.jpg,2720,272.0,True
S05,c027,frame_000273.jpg,2730,273.0,True
S05,c027,frame_000274.jpg,2740,274.0,True
S05,c027,frame_000275.jpg,2750,275.0,True
S05,c027,frame_000276.jpg,2760,276.0,True
S05,c027,frame_000277.jpg,2770,277.0,True
S05,c027,frame_000278.jpg,2780,278.0,True
S05,c027,frame_000279.jpg,2790,279.0,True
S05,c027,frame_000280.jpg,2800,280.0,True
S05,c027,frame_000281.jpg,2810,281.0,True
S05,c027,frame_000282.jpg,2820,282.0,True
S05,c027,frame_000283.jpg,2830,283.0,True
S05,c027,frame_000284.jpg,2840,284.0,True
S05,c027,frame_000285.jpg,2850,285.0,True
S05,c027,frame_000286.jpg,2860,286.0,True
S05,c027,frame_000287.jpg,2870,287.0,True
S05,c027,frame_000288.jpg,2880,288.0,True
S05,c027,frame_000289.jpg,2890,289.0,True
S05,c027,frame_000290.jpg,2900,290.0,True
S05,c027,frame_000291.jpg,2910,291.0,True
S05,c027,frame_000292.jpg,2920,292.0,True
S05,c027,frame_000293.jpg,2930,293.0,True
S05,c027,frame_000294.jpg,2940,294.0,True
S05,c027,frame_000295.jpg,2950,295.0,True
S05,c027,frame_000296.jpg,2960,296.0,True
S05,c027,frame_000297.jpg,2970,297.0,True
S05,c027,frame_000298.jpg,2980,298.0,True
S05,c027,frame_000299.jpg,2990,299.0,True
S05,c027,frame_000300.jpg,3000,300.0,True
S05,c027,frame_000301.jpg,3010,301.0,True
S05,c027,frame_000302.jpg,3020,302.0,True
S05,c027,frame_000303.jpg,3030,303.0,True
S05,c027,frame_000304.jpg,3040,304.0,True
S05,c027,frame_000305.jpg,3050,305.0,True
S05,c027,frame_000306.jpg,3060,306.0,True
S05,c027,frame_000307.jpg,3070,307.0,True
S05,c027,frame_000308.jpg,3080,308.0,True
S05,c027,frame_000309.jpg,3090,309.0,True
S05,c027,frame_000310.jpg,3100,310.0,True
S05,c027,frame_000311.jpg,3110,311.0,True
S05,c027,frame_000312.jpg,3120,312.0,True
S05,c027,frame_000313.jpg,3130,313.0,True
S05,c027,frame_000314.jpg,3140,314.0,True
S05,c027,frame_000315.jpg,3150,315.0,True
S05,c027,frame_000316.jpg,3160,316.0,True
S05,c027,frame_000317.jpg,3170,317.0,True
S05,c027,frame_000318.jpg,3180,318.0,True
S05,c027,frame_000319.jpg,3190,319.0,True
S05,c027,frame_000320.jpg,3200,320.0,True
S05,c027,frame_000321.jpg,3210,321.0,True
S05,c027,frame_000322.jpg,3220,322.0,True
S05,c027,frame_000323.jpg,3230,323.0,True
S05,c027,frame_000324.jpg,3240,324.0,True
S05,c027,frame_000325.jpg,3250,325.0,True
S05,c027,frame_000326.jpg,3260,326.0,True
S05,c027,frame_000327.jpg,3270,327.0,True
S05,c027,frame_000328.jpg,3280,328.0,True
S05,c027,frame_000329.jpg,3290,329.0,True
S05,c027,frame_000330.jpg,3300,330.0,True
S05,c027,frame_000331.jpg,3310,331.0,True
S05,c027,frame_000332.jpg,3320,332.0,True
S05,c027,frame_000333.jpg,3330,333.0,True
S05,c027,frame_000334.jpg,3340,334.0,True
S05,c027,frame_000335.jpg,3350,335.0,True
S05,c027,frame_000336.jpg,3360,336.0,True
S05,c027,frame_000337.jpg,3370,337.0,True
S05,c027,frame_000338.jpg,3380,338.0,True
S05,c027,frame_000339.jpg,3390,339.0,True
S05,c027,frame_000340.jpg,3400,340.0,True
S05,c027,frame_000341.jpg,3410,341.0,True
S05,c027,frame_000342.jpg,3420,342.0,True
S05,c027,frame_000343.jpg,3430,343.0,True
S05,c027,frame_000344.jpg,3440,344.0,True
S05,c027,frame_000345.jpg,3450,345.0,True
S05,c027,frame_000346.jpg,3460,346.0,True
S05,c027,frame_000347.jpg,3470,347.0,True
S05,c027,frame_000348.jpg,3480,348.0,True
S05,c027,frame_000349.jpg,3490,349.0,True
S05,c027,frame_000350.jpg,3500,350.0,True
S05,c027,frame_000351.jpg,3510,351.0,True
S05,c027,frame_000352.jpg,3520,352.0,True
S05,c027,frame_000353.jpg,3530,353.0,True
S05,c027,frame_000354.jpg,3540,354.0,True
S05,c027,frame_000355.jpg,3550,355.0,True
S05,c027,frame_000356.jpg,3560,356.0,True
S05,c027,frame_000357.jpg,3570,357.0,True
S05,c027,frame_000358.jpg,3580,358.0,True
S05,c027,frame_000359.jpg,3590,359.0,True
S05,c027,frame_000360.jpg,3600,360.0,True
S05,c027,frame_000361.jpg,3610,361.0,True
S05,c027,frame_000362.jpg,3620,362.0,True
S05,c027,frame_000363.jpg,3630,363.0,True
S05,c027,frame_000364.jpg,3640,364.0,True
S05,c027,frame_000365.jpg,3650,365.0,True
S05,c027,frame_000366.jpg,3660,366.0,True
S05,c027,frame_000367.jpg,3670,367.0,True
S05,c027,frame_000368.jpg,3680,368.0,True
S05,c027,frame_000369.jpg,3690,369.0,True
S05,c027,frame_000370.jpg,3700,370.0,True
S05,c027,frame_000371.jpg,3710,371.0,True
S05,c027,frame_000372.jpg,3720,372.0,True
S05,c027,frame_000373.jpg,3730,373.0,True
S05,c027,frame_000374.jpg,3740,374.0,True
S05,c027,frame_000375.jpg,3750,375.0,True
S05,c027,frame_000376.jpg,3760,376.0,True
S05,c027,frame_000377.jpg,3770,377.0,True
S05,c027,frame_000378.jpg,3780,378.0,True
S05,c027,frame_000379.jpg,3790,379.0,True
S05,c027,frame_000380.jpg,3800,380.0,True
S05,c027,frame_000381.jpg,3810,381.0,True
S05,c027,frame_000382.jpg,3820,382.0,True
S05,c027,frame_000383.jpg,3830,383.0,True
S05,c027,frame_000384.jpg,3840,384.0,True
S05,c028,frame_000000.jpg,0,0.0,True
S05,c028,frame_000001.jpg,10,1.0,True
S05,c028,frame_000002.jpg,20,2.0,True
S05,c028,frame_000003.jpg,30,3.0,True
S05,c028,frame_000004.jpg,40,4.0,True
S05,c028,frame_000005.jpg,50,5.0,True
S05,c028,frame_000006.jpg,60,6.0,True
S05,c028,frame_000007.jpg,70,7.0,True
S05,c028,frame_000008.jpg,80,8.0,True
S05,c028,frame_000009.jpg,90,9.0,True
S05,c028,frame_000010.jpg,100,10.0,True
S05,c028,frame_000011.jpg,110,11.0,True
S05,c028,frame_000012.jpg,120,12.0,True
S05,c028,frame_000013.jpg,130,13.0,True
S05,c028,frame_000014.jpg,140,14.0,True
S05,c028,frame_000015.jpg,150,15.0,True
S05,c028,frame_000016.jpg,160,16.0,True
S05,c028,frame_000017.jpg,170,17.0,True
S05,c028,frame_000018.jpg,180,18.0,True
S05,c028,frame_000019.jpg,190,19.0,True
S05,c028,frame_000020.jpg,200,20.0,True
S05,c028,frame_000021.jpg,210,21.0,True
S05,c028,frame_000022.jpg,220,22.0,True
S05,c028,frame_000023.jpg,230,23.0,True
S05,c028,frame_000024.jpg,240,24.0,True
S05,c028,frame_000025.jpg,250,25.0,True
S05,c028,frame_000026.jpg,260,26.0,True
S05,c028,frame_000027.jpg,270,27.0,True
S05,c028,frame_000028.jpg,280,28.0,True
S05,c028,frame_000029.jpg,290,29.0,True
S05,c028,frame_000030.jpg,300,30.0,True
S05,c028,frame_000031.jpg,310,31.0,True
S05,c028,frame_000032.jpg,320,32.0,True
S05,c028,frame_000033.jpg,330,33.0,True
S05,c028,frame_000034.jpg,340,34.0,True
S05,c028,frame_000035.jpg,350,35.0,True
S05,c028,frame_000036.jpg,360,36.0,True
S05,c028,frame_000037.jpg,370,37.0,True
S05,c028,frame_000038.jpg,380,38.0,True
S05,c028,frame_000039.jpg,390,39.0,True
S05,c028,frame_000040.jpg,400,40.0,True
S05,c028,frame_000041.jpg,410,41.0,True
S05,c028,frame_000042.jpg,420,42.0,True
S05,c028,frame_000043.jpg,430,43.0,True
S05,c028,frame_000044.jpg,440,44.0,True
S05,c028,frame_000045.jpg,450,45.0,True
S05,c028,frame_000046.jpg,460,46.0,True
S05,c028,frame_000047.jpg,470,47.0,True
S05,c028,frame_000048.jpg,480,48.0,True
S05,c028,frame_000049.jpg,490,49.0,True
S05,c028,frame_000050.jpg,500,50.0,True
S05,c028,frame_000051.jpg,510,51.0,True
S05,c028,frame_000052.jpg,520,52.0,True
S05,c028,frame_000053.jpg,530,53.0,True
S05,c028,frame_000054.jpg,540,54.0,True
S05,c028,frame_000055.jpg,550,55.0,True
S05,c028,frame_000056.jpg,560,56.0,True
S05,c028,frame_000057.jpg,570,57.0,True
S05,c028,frame_000058.jpg,580,58.0,True
S05,c028,frame_000059.jpg,590,59.0,True
S05,c028,frame_000060.jpg,600,60.0,True
S05,c028,frame_000061.jpg,610,61.0,True
S05,c028,frame_000062.jpg,620,62.0,True
S05,c028,frame_000063.jpg,630,63.0,True
S05,c028,frame_000064.jpg,640,64.0,True
S05,c028,frame_000065.jpg,650,65.0,True
S05,c028,frame_000066.jpg,660,66.0,True
S05,c028,frame_000067.jpg,670,67.0,True
S05,c028,frame_000068.jpg,680,68.0,True
S05,c028,frame_000069.jpg,690,69.0,True
S05,c028,frame_000070.jpg,700,70.0,True
S05,c028,frame_000071.jpg,710,71.0,True
S05,c028,frame_000072.jpg,720,72.0,True
S05,c028,frame_000073.jpg,730,73.0,True
S05,c028,frame_000074.jpg,740,74.0,True
S05,c028,frame_000075.jpg,750,75.0,True
S05,c028,frame_000076.jpg,760,76.0,True
S05,c028,frame_000077.jpg,770,77.0,True
S05,c028,frame_000078.jpg,780,78.0,True
S05,c028,frame_000079.jpg,790,79.0,True
S05,c028,frame_000080.jpg,800,80.0,True
S05,c028,frame_000081.jpg,810,81.0,True
S05,c028,frame_000082.jpg,820,82.0,True
S05,c028,frame_000083.jpg,830,83.0,True
S05,c028,frame_000084.jpg,840,84.0,True
S05,c028,frame_000085.jpg,850,85.0,True
S05,c028,frame_000086.jpg,860,86.0,True
S05,c028,frame_000087.jpg,870,87.0,True
S05,c028,frame_000088.jpg,880,88.0,True
S05,c028,frame_000089.jpg,890,89.0,True
S05,c028,frame_000090.jpg,900,90.0,True
S05,c028,frame_000091.jpg,910,91.0,True
S05,c028,frame_000092.jpg,920,92.0,True
S05,c028,frame_000093.jpg,930,93.0,True
S05,c028,frame_000094.jpg,940,94.0,True
S05,c028,frame_000095.jpg,950,95.0,True
S05,c028,frame_000096.jpg,960,96.0,True
S05,c028,frame_000097.jpg,970,97.0,True
S05,c028,frame_000098.jpg,980,98.0,True
S05,c028,frame_000099.jpg,990,99.0,True
S05,c028,frame_000100.jpg,1000,100.0,True
S05,c028,frame_000101.jpg,1010,101.0,True
S05,c028,frame_000102.jpg,1020,102.0,True
S05,c028,frame_000103.jpg,1030,103.0,True
S05,c028,frame_000104.jpg,1040,104.0,True
S05,c028,frame_000105.jpg,1050,105.0,True
S05,c028,frame_000106.jpg,1060,106.0,True
S05,c028,frame_000107.jpg,1070,107.0,True
S05,c028,frame_000108.jpg,1080,108.0,True
S05,c028,frame_000109.jpg,1090,109.0,True
S05,c028,frame_000110.jpg,1100,110.0,True
S05,c028,frame_000111.jpg,1110,111.0,True
S05,c028,frame_000112.jpg,1120,112.0,True
S05,c028,frame_000113.jpg,1130,113.0,True
S05,c028,frame_000114.jpg,1140,114.0,True
S05,c028,frame_000115.jpg,1150,115.0,True
S05,c028,frame_000116.jpg,1160,116.0,True
S05,c028,frame_000117.jpg,1170,117.0,True
S05,c028,frame_000118.jpg,1180,118.0,True
S05,c028,frame_000119.jpg,1190,119.0,True
S05,c028,frame_000120.jpg,1200,120.0,True
S05,c028,frame_000121.jpg,1210,121.0,True
S05,c028,frame_000122.jpg,1220,122.0,True
S05,c028,frame_000123.jpg,1230,123.0,True
S05,c028,frame_000124.jpg,1240,124.0,True
S05,c028,frame_000125.jpg,1250,125.0,True
S05,c028,frame_000126.jpg,1260,126.0,True
S05,c028,frame_000127.jpg,1270,127.0,True
S05,c028,frame_000128.jpg,1280,128.0,True
S05,c028,frame_000129.jpg,1290,129.0,True
S05,c028,frame_000130.jpg,1300,130.0,True
S05,c028,frame_000131.jpg,1310,131.0,True
S05,c028,frame_000132.jpg,1320,132.0,True
S05,c028,frame_000133.jpg,1330,133.0,True
S05,c028,frame_000134.jpg,1340,134.0,True
S05,c028,frame_000135.jpg,1350,135.0,True
S05,c028,frame_000136.jpg,1360,136.0,True
S05,c028,frame_000137.jpg,1370,137.0,True
S05,c028,frame_000138.jpg,1380,138.0,True
S05,c028,frame_000139.jpg,1390,139.0,True
S05,c028,frame_000140.jpg,1400,140.0,True
S05,c028,frame_000141.jpg,1410,141.0,True
S05,c028,frame_000142.jpg,1420,142.0,True
S05,c028,frame_000143.jpg,1430,143.0,True
S05,c028,frame_000144.jpg,1440,144.0,True
S05,c028,frame_000145.jpg,1450,145.0,True
S05,c028,frame_000146.jpg,1460,146.0,True
S05,c028,frame_000147.jpg,1470,147.0,True
S05,c028,frame_000148.jpg,1480,148.0,True
S05,c028,frame_000149.jpg,1490,149.0,True
S05,c028,frame_000150.jpg,1500,150.0,True
S05,c028,frame_000151.jpg,1510,151.0,True
S05,c028,frame_000152.jpg,1520,152.0,True
S05,c028,frame_000153.jpg,1530,153.0,True
S05,c028,frame_000154.jpg,1540,154.0,True
S05,c028,frame_000155.jpg,1550,155.0,True
S05,c028,frame_000156.jpg,1560,156.0,True
S05,c028,frame_000157.jpg,1570,157.0,True
S05,c028,frame_000158.jpg,1580,158.0,True
S05,c028,frame_000159.jpg,1590,159.0,True
S05,c028,frame_000160.jpg,1600,160.0,True
S05,c028,frame_000161.jpg,1610,161.0,True
S05,c028,frame_000162.jpg,1620,162.0,True
S05,c028,frame_000163.jpg,1630,163.0,True
S05,c028,frame_000164.jpg,1640,164.0,True
S05,c028,frame_000165.jpg,1650,165.0,True
S05,c028,frame_000166.jpg,1660,166.0,True
S05,c028,frame_000167.jpg,1670,167.0,True
S05,c028,frame_000168.jpg,1680,168.0,True
S05,c028,frame_000169.jpg,1690,169.0,True
S05,c028,frame_000170.jpg,1700,170.0,True
S05,c028,frame_000171.jpg,1710,171.0,True
S05,c028,frame_000172.jpg,1720,172.0,True
S05,c028,frame_000173.jpg,1730,173.0,True
S05,c028,frame_000174.jpg,1740,174.0,True
S05,c028,frame_000175.jpg,1750,175.0,True
S05,c028,frame_000176.jpg,1760,176.0,True
S05,c028,frame_000177.jpg,1770,177.0,True
S05,c028,frame_000178.jpg,1780,178.0,True
S05,c028,frame_000179.jpg,1790,179.0,True
S05,c028,frame_000180.jpg,1800,180.0,True
S05,c028,frame_000181.jpg,1810,181.0,True
S05,c028,frame_000182.jpg,1820,182.0,True
S05,c028,frame_000183.jpg,1830,183.0,True
S05,c028,frame_000184.jpg,1840,184.0,True
S05,c028,frame_000185.jpg,1850,185.0,True
S05,c028,frame_000186.jpg,1860,186.0,True
S05,c028,frame_000187.jpg,1870,187.0,True
S05,c028,frame_000188.jpg,1880,188.0,True
S05,c028,frame_000189.jpg,1890,189.0,True
S05,c028,frame_000190.jpg,1900,190.0,True
S05,c028,frame_000191.jpg,1910,191.0,True
S05,c028,frame_000192.jpg,1920,192.0,True
S05,c028,frame_000193.jpg,1930,193.0,True
S05,c028,frame_000194.jpg,1940,194.0,True
S05,c028,frame_000195.jpg,1950,195.0,True
S05,c028,frame_000196.jpg,1960,196.0,True
S05,c028,frame_000197.jpg,1970,197.0,True
S05,c028,frame_000198.jpg,1980,198.0,True
S05,c028,frame_000199.jpg,1990,199.0,True
S05,c028,frame_000200.jpg,2000,200.0,True
S05,c028,frame_000201.jpg,2010,201.0,True
S05,c028,frame_000202.jpg,2020,202.0,True
S05,c028,frame_000203.jpg,2030,203.0,True
S05,c028,frame_000204.jpg,2040,204.0,True
S05,c028,frame_000205.jpg,2050,205.0,True
S05,c028,frame_000206.jpg,2060,206.0,True
S05,c028,frame_000207.jpg,2070,207.0,True
S05,c028,frame_000208.jpg,2080,208.0,True
S05,c028,frame_000209.jpg,2090,209.0,True
S05,c028,frame_000210.jpg,2100,210.0,True
S05,c028,frame_000211.jpg,2110,211.0,True
S05,c028,frame_000212.jpg,2120,212.0,True
S05,c028,frame_000213.jpg,2130,213.0,True
S05,c028,frame_000214.jpg,2140,214.0,True
S05,c028,frame_000215.jpg,2150,215.0,True
S05,c028,frame_000216.jpg,2160,216.0,True
S05,c028,frame_000217.jpg,2170,217.0,True
S05,c028,frame_000218.jpg,2180,218.0,True
S05,c028,frame_000219.jpg,2190,219.0,True
S05,c028,frame_000220.jpg,2200,220.0,True
S05,c028,frame_000221.jpg,2210,221.0,True
S05,c028,frame_000222.jpg,2220,222.0,True
S05,c028,frame_000223.jpg,2230,223.0,True
S05,c028,frame_000224.jpg,2240,224.0,True
S05,c028,frame_000225.jpg,2250,225.0,True
S05,c028,frame_000226.jpg,2260,226.0,True
S05,c028,frame_000227.jpg,2270,227.0,True
S05,c028,frame_000228.jpg,2280,228.0,True
S05,c028,frame_000229.jpg,2290,229.0,True
S05,c028,frame_000230.jpg,2300,230.0,True
S05,c028,frame_000231.jpg,2310,231.0,True
S05,c028,frame_000232.jpg,2320,232.0,True
S05,c028,frame_000233.jpg,2330,233.0,True
S05,c028,frame_000234.jpg,2340,234.0,True
S05,c028,frame_000235.jpg,2350,235.0,True
S05,c028,frame_000236.jpg,2360,236.0,True
S05,c028,frame_000237.jpg,2370,237.0,True
S05,c028,frame_000238.jpg,2380,238.0,True
S05,c028,frame_000239.jpg,2390,239.0,True
S05,c028,frame_000240.jpg,2400,240.0,True
S05,c028,frame_000241.jpg,2410,241.0,True
S05,c028,frame_000242.jpg,2420,242.0,True
S05,c028,frame_000243.jpg,2430,243.0,True
S05,c028,frame_000244.jpg,2440,244.0,True
S05,c028,frame_000245.jpg,2450,245.0,True
S05,c028,frame_000246.jpg,2460,246.0,True
S05,c028,frame_000247.jpg,2470,247.0,True
S05,c028,frame_000248.jpg,2480,248.0,True
S05,c028,frame_000249.jpg,2490,249.0,True
S05,c028,frame_000250.jpg,2500,250.0,True
S05,c028,frame_000251.jpg,2510,251.0,True
S05,c028,frame_000252.jpg,2520,252.0,True
S05,c028,frame_000253.jpg,2530,253.0,True
S05,c028,frame_000254.jpg,2540,254.0,True
S05,c028,frame_000255.jpg,2550,255.0,True
S05,c028,frame_000256.jpg,2560,256.0,True
S05,c028,frame_000257.jpg,2570,257.0,True
S05,c028,frame_000258.jpg,2580,258.0,True
S05,c028,frame_000259.jpg,2590,259.0,True
S05,c028,frame_000260.jpg,2600,260.0,True
S05,c028,frame_000261.jpg,2610,261.0,True
S05,c028,frame_000262.jpg,2620,262.0,True
S05,c028,frame_000263.jpg,2630,263.0,True
S05,c028,frame_000264.jpg,2640,264.0,True
S05,c028,frame_000265.jpg,2650,265.0,True
S05,c028,frame_000266.jpg,2660,266.0,True
S05,c028,frame_000267.jpg,2670,267.0,True
S05,c028,frame_000268.jpg,2680,268.0,True
S05,c028,frame_000269.jpg,2690,269.0,True
S05,c028,frame_000270.jpg,2700,270.0,True
S05,c028,frame_000271.jpg,2710,271.0,True
S05,c028,frame_000272.jpg,2720,272.0,True
S05,c028,frame_000273.jpg,2730,273.0,True
S05,c028,frame_000274.jpg,2740,274.0,True
S05,c028,frame_000275.jpg,2750,275.0,True
S05,c028,frame_000276.jpg,2760,276.0,True
S05,c028,frame_000277.jpg,2770,277.0,True
S05,c028,frame_000278.jpg,2780,278.0,True
S05,c028,frame_000279.jpg,2790,279.0,True
S05,c028,frame_000280.jpg,2800,280.0,True
S05,c028,frame_000281.jpg,2810,281.0,True
S05,c028,frame_000282.jpg,2820,282.0,True
S05,c028,frame_000283.jpg,2830,283.0,True
S05,c028,frame_000284.jpg,2840,284.0,True
S05,c028,frame_000285.jpg,2850,285.0,True
S05,c028,frame_000286.jpg,2860,286.0,True
S05,c028,frame_000287.jpg,2870,287.0,True
S05,c028,frame_000288.jpg,2880,288.0,True
S05,c028,frame_000289.jpg,2890,289.0,True
S05,c028,frame_000290.jpg,2900,290.0,True
S05,c028,frame_000291.jpg,2910,291.0,True
S05,c028,frame_000292.jpg,2920,292.0,True
S05,c028,frame_000293.jpg,2930,293.0,True
S05,c028,frame_000294.jpg,2940,294.0,True
S05,c028,frame_000295.jpg,2950,295.0,True
S05,c028,frame_000296.jpg,2960,296.0,True
S05,c028,frame_000297.jpg,2970,297.0,True
S05,c028,frame_000298.jpg,2980,298.0,True
S05,c028,frame_000299.jpg,2990,299.0,True
S05,c028,frame_000300.jpg,3000,300.0,True
S05,c028,frame_000301.jpg,3010,301.0,True
S05,c028,frame_000302.jpg,3020,302.0,True
S05,c028,frame_000303.jpg,3030,303.0,True
S05,c028,frame_000304.jpg,3040,304.0,True
S05,c028,frame_000305.jpg,3050,305.0,True
S05,c028,frame_000306.jpg,3060,306.0,True
S05,c028,frame_000307.jpg,3070,307.0,True
S05,c028,frame_000308.jpg,3080,308.0,True
S05,c028,frame_000309.jpg,3090,309.0,True
S05,c028,frame_000310.jpg,3100,310.0,True
S05,c028,frame_000311.jpg,3110,311.0,True
S05,c028,frame_000312.jpg,3120,312.0,True
S05,c028,frame_000313.jpg,3130,313.0,True
S05,c028,frame_000314.jpg,3140,314.0,True
S05,c028,frame_000315.jpg,3150,315.0,True
S05,c028,frame_000316.jpg,3160,316.0,True
S05,c028,frame_000317.jpg,3170,317.0,True
S05,c028,frame_000318.jpg,3180,318.0,True
S05,c028,frame_000319.jpg,3190,319.0,True
S05,c028,frame_000320.jpg,3200,320.0,True
S05,c028,frame_000321.jpg,3210,321.0,True
S05,c028,frame_000322.jpg,3220,322.0,True
S05,c028,frame_000323.jpg,3230,323.0,True
S05,c028,frame_000324.jpg,3240,324.0,True
S05,c028,frame_000325.jpg,3250,325.0,True
S05,c028,frame_000326.jpg,3260,326.0,True
S05,c028,frame_000327.jpg,3270,327.0,True
S05,c028,frame_000328.jpg,3280,328.0,True
S05,c028,frame_000329.jpg,3290,329.0,True
S05,c028,frame_000330.jpg,3300,330.0,True
S05,c028,frame_000331.jpg,3310,331.0,True
S05,c028,frame_000332.jpg,3320,332.0,True
S05,c028,frame_000333.jpg,3330,333.0,True
S05,c028,frame_000334.jpg,3340,334.0,True
S05,c028,frame_000335.jpg,3350,335.0,True
S05,c028,frame_000336.jpg,3360,336.0,True
S05,c028,frame_000337.jpg,3370,337.0,True
S05,c028,frame_000338.jpg,3380,338.0,True
S05,c028,frame_000339.jpg,3390,339.0,True
S05,c028,frame_000340.jpg,3400,340.0,True
S05,c028,frame_000341.jpg,3410,341.0,True
S05,c028,frame_000342.jpg,3420,342.0,True
S05,c028,frame_000343.jpg,3430,343.0,True
S05,c028,frame_000344.jpg,3440,344.0,True
S05,c028,frame_000345.jpg,3450,345.0,True
S05,c028,frame_000346.jpg,3460,346.0,True
S05,c028,frame_000347.jpg,3470,347.0,True
S05,c028,frame_000348.jpg,3480,348.0,True
S05,c028,frame_000349.jpg,3490,349.0,True
S05,c028,frame_000350.jpg,3500,350.0,True
S05,c028,frame_000351.jpg,3510,351.0,True
S05,c028,frame_000352.jpg,3520,352.0,True
S05,c028,frame_000353.jpg,3530,353.0,True
S05,c028,frame_000354.jpg,3540,354.0,True
S05,c028,frame_000355.jpg,3550,355.0,True
S05,c028,frame_000356.jpg,3560,356.0,True
S05,c028,frame_000357.jpg,3570,357.0,True
S05,c028,frame_000358.jpg,3580,358.0,True
S05,c028,frame_000359.jpg,3590,359.0,True
S05,c028,frame_000360.jpg,3600,360.0,True
S05,c028,frame_000361.jpg,3610,361.0,True
S05,c028,frame_000362.jpg,3620,362.0,True
S05,c028,frame_000363.jpg,3630,363.0,True
S05,c028,frame_000364.jpg,3640,364.0,True
S05,c028,frame_000365.jpg,3650,365.0,True
S05,c028,frame_000366.jpg,3660,366.0,True
S05,c028,frame_000367.jpg,3670,367.0,True
S05,c028,frame_000368.jpg,3680,368.0,True
S05,c028,frame_000369.jpg,3690,369.0,True
S05,c028,frame_000370.jpg,3700,370.0,True
S05,c028,frame_000371.jpg,3710,371.0,True
S05,c028,frame_000372.jpg,3720,372.0,True
S05,c028,frame_000373.jpg,3730,373.0,True
S05,c028,frame_000374.jpg,3740,374.0,True
S05,c028,frame_000375.jpg,3750,375.0,True
S05,c028,frame_000376.jpg,3760,376.0,True
S05,c028,frame_000377.jpg,3770,377.0,True
S05,c028,frame_000378.jpg,3780,378.0,True
S05,c028,frame_000379.jpg,3790,379.0,True
S05,c028,frame_000380.jpg,3800,380.0,True
S05,c028,frame_000381.jpg,3810,381.0,True
S05,c028,frame_000382.jpg,3820,382.0,True
S05,c029,frame_000000.jpg,0,0.0,True
S05,c029,frame_000001.jpg,10,1.0,True
S05,c029,frame_000002.jpg,20,2.0,True
S05,c029,frame_000003.jpg,30,3.0,True
S05,c029,frame_000004.jpg,40,4.0,True
S05,c029,frame_000005.jpg,50,5.0,True
S05,c029,frame_000006.jpg,60,6.0,True
S05,c029,frame_000007.jpg,70,7.0,True
S05,c029,frame_000008.jpg,80,8.0,True
S05,c029,frame_000009.jpg,90,9.0,True
S05,c029,frame_000010.jpg,100,10.0,True
S05,c029,frame_000011.jpg,110,11.0,True
S05,c029,frame_000012.jpg,120,12.0,True
S05,c029,frame_000013.jpg,130,13.0,True
S05,c029,frame_000014.jpg,140,14.0,True
S05,c029,frame_000015.jpg,150,15.0,True
S05,c029,frame_000016.jpg,160,16.0,True
S05,c029,frame_000017.jpg,170,17.0,True
S05,c029,frame_000018.jpg,180,18.0,True
S05,c029,frame_000019.jpg,190,19.0,True
S05,c029,frame_000020.jpg,200,20.0,True
S05,c029,frame_000021.jpg,210,21.0,True
S05,c029,frame_000022.jpg,220,22.0,True
S05,c029,frame_000023.jpg,230,23.0,True
S05,c029,frame_000024.jpg,240,24.0,True
S05,c029,frame_000025.jpg,250,25.0,True
S05,c029,frame_000026.jpg,260,26.0,True
S05,c029,frame_000027.jpg,270,27.0,True
S05,c029,frame_000028.jpg,280,28.0,True
S05,c029,frame_000029.jpg,290,29.0,True
S05,c029,frame_000030.jpg,300,30.0,True
S05,c029,frame_000031.jpg,310,31.0,True
S05,c029,frame_000032.jpg,320,32.0,True
S05,c029,frame_000033.jpg,330,33.0,True
S05,c029,frame_000034.jpg,340,34.0,True
S05,c029,frame_000035.jpg,350,35.0,True
S05,c029,frame_000036.jpg,360,36.0,True
S05,c029,frame_000037.jpg,370,37.0,True
S05,c029,frame_000038.jpg,380,38.0,True
S05,c029,frame_000039.jpg,390,39.0,True
S05,c029,frame_000040.jpg,400,40.0,True
S05,c029,frame_000041.jpg,410,41.0,True
S05,c029,frame_000042.jpg,420,42.0,True
S05,c029,frame_000043.jpg,430,43.0,True
S05,c029,frame_000044.jpg,440,44.0,True
S05,c029,frame_000045.jpg,450,45.0,True
S05,c029,frame_000046.jpg,460,46.0,True
S05,c029,frame_000047.jpg,470,47.0,True
S05,c029,frame_000048.jpg,480,48.0,True
S05,c029,frame_000049.jpg,490,49.0,True
S05,c029,frame_000050.jpg,500,50.0,True
S05,c029,frame_000051.jpg,510,51.0,True
S05,c029,frame_000052.jpg,520,52.0,True
S05,c029,frame_000053.jpg,530,53.0,True
S05,c029,frame_000054.jpg,540,54.0,True
S05,c029,frame_000055.jpg,550,55.0,True
S05,c029,frame_000056.jpg,560,56.0,True
S05,c029,frame_000057.jpg,570,57.0,True
S05,c029,frame_000058.jpg,580,58.0,True
S05,c029,frame_000059.jpg,590,59.0,True
S05,c029,frame_000060.jpg,600,60.0,True
S05,c029,frame_000061.jpg,610,61.0,True
S05,c029,frame_000062.jpg,620,62.0,True
S05,c029,frame_000063.jpg,630,63.0,True
S05,c029,frame_000064.jpg,640,64.0,True
S05,c029,frame_000065.jpg,650,65.0,True
S05,c029,frame_000066.jpg,660,66.0,True
S05,c029,frame_000067.jpg,670,67.0,True
S05,c029,frame_000068.jpg,680,68.0,True
S05,c029,frame_000069.jpg,690,69.0,True
S05,c029,frame_000070.jpg,700,70.0,True
S05,c029,frame_000071.jpg,710,71.0,True
S05,c029,frame_000072.jpg,720,72.0,True
S05,c029,frame_000073.jpg,730,73.0,True
S05,c029,frame_000074.jpg,740,74.0,True
S05,c029,frame_000075.jpg,750,75.0,True
S05,c029,frame_000076.jpg,760,76.0,True
S05,c029,frame_000077.jpg,770,77.0,True
S05,c029,frame_000078.jpg,780,78.0,True
S05,c029,frame_000079.jpg,790,79.0,True
S05,c029,frame_000080.jpg,800,80.0,True
S05,c029,frame_000081.jpg,810,81.0,True
S05,c029,frame_000082.jpg,820,82.0,True
S05,c029,frame_000083.jpg,830,83.0,True
S05,c029,frame_000084.jpg,840,84.0,True
S05,c029,frame_000085.jpg,850,85.0,True
S05,c029,frame_000086.jpg,860,86.0,True
S05,c029,frame_000087.jpg,870,87.0,True
S05,c029,frame_000088.jpg,880,88.0,True
S05,c029,frame_000089.jpg,890,89.0,True
S05,c029,frame_000090.jpg,900,90.0,True
S05,c029,frame_000091.jpg,910,91.0,True
S05,c029,frame_000092.jpg,920,92.0,True
S05,c029,frame_000093.jpg,930,93.0,True
S05,c029,frame_000094.jpg,940,94.0,True
S05,c029,frame_000095.jpg,950,95.0,True
S05,c029,frame_000096.jpg,960,96.0,True
S05,c029,frame_000097.jpg,970,97.0,True
S05,c029,frame_000098.jpg,980,98.0,True
S05,c029,frame_000099.jpg,990,99.0,True
S05,c029,frame_000100.jpg,1000,100.0,True
S05,c029,frame_000101.jpg,1010,101.0,True
S05,c029,frame_000102.jpg,1020,102.0,True
S05,c029,frame_000103.jpg,1030,103.0,True
S05,c029,frame_000104.jpg,1040,104.0,True
S05,c029,frame_000105.jpg,1050,105.0,True
S05,c029,frame_000106.jpg,1060,106.0,True
S05,c029,frame_000107.jpg,1070,107.0,True
S05,c029,frame_000108.jpg,1080,108.0,True
S05,c029,frame_000109.jpg,1090,109.0,True
S05,c029,frame_000110.jpg,1100,110.0,True
S05,c029,frame_000111.jpg,1110,111.0,True
S05,c029,frame_000112.jpg,1120,112.0,True
S05,c029,frame_000113.jpg,1130,113.0,True
S05,c029,frame_000114.jpg,1140,114.0,True
S05,c029,frame_000115.jpg,1150,115.0,True
S05,c029,frame_000116.jpg,1160,116.0,True
S05,c029,frame_000117.jpg,1170,117.0,True
S05,c029,frame_000118.jpg,1180,118.0,True
S05,c029,frame_000119.jpg,1190,119.0,True
S05,c029,frame_000120.jpg,1200,120.0,True
S05,c029,frame_000121.jpg,1210,121.0,True
S05,c029,frame_000122.jpg,1220,122.0,True
S05,c029,frame_000123.jpg,1230,123.0,True
S05,c029,frame_000124.jpg,1240,124.0,True
S05,c029,frame_000125.jpg,1250,125.0,True
S05,c029,frame_000126.jpg,1260,126.0,True
S05,c029,frame_000127.jpg,1270,127.0,True
S05,c029,frame_000128.jpg,1280,128.0,True
S05,c029,frame_000129.jpg,1290,129.0,True
S05,c029,frame_000130.jpg,1300,130.0,True
S05,c029,frame_000131.jpg,1310,131.0,True
S05,c029,frame_000132.jpg,1320,132.0,True
S05,c029,frame_000133.jpg,1330,133.0,True
S05,c029,frame_000134.jpg,1340,134.0,True
S05,c029,frame_000135.jpg,1350,135.0,True
S05,c029,frame_000136.jpg,1360,136.0,True
S05,c029,frame_000137.jpg,1370,137.0,True
S05,c029,frame_000138.jpg,1380,138.0,True
S05,c029,frame_000139.jpg,1390,139.0,True
S05,c029,frame_000140.jpg,1400,140.0,True
S05,c029,frame_000141.jpg,1410,141.0,True
S05,c029,frame_000142.jpg,1420,142.0,True
S05,c029,frame_000143.jpg,1430,143.0,True
S05,c029,frame_000144.jpg,1440,144.0,True
S05,c029,frame_000145.jpg,1450,145.0,True
S05,c029,frame_000146.jpg,1460,146.0,True
S05,c029,frame_000147.jpg,1470,147.0,True
S05,c029,frame_000148.jpg,1480,148.0,True
S05,c029,frame_000149.jpg,1490,149.0,True
S05,c029,frame_000150.jpg,1500,150.0,True
S05,c029,frame_000151.jpg,1510,151.0,True
S05,c029,frame_000152.jpg,1520,152.0,True
S05,c029,frame_000153.jpg,1530,153.0,True
S05,c029,frame_000154.jpg,1540,154.0,True
S05,c029,frame_000155.jpg,1550,155.0,True
S05,c029,frame_000156.jpg,1560,156.0,True
S05,c029,frame_000157.jpg,1570,157.0,True
S05,c029,frame_000158.jpg,1580,158.0,True
S05,c029,frame_000159.jpg,1590,159.0,True
S05,c029,frame_000160.jpg,1600,160.0,True
S05,c029,frame_000161.jpg,1610,161.0,True
S05,c029,frame_000162.jpg,1620,162.0,True
S05,c029,frame_000163.jpg,1630,163.0,True
S05,c029,frame_000164.jpg,1640,164.0,True
S05,c029,frame_000165.jpg,1650,165.0,True
S05,c029,frame_000166.jpg,1660,166.0,True
S05,c029,frame_000167.jpg,1670,167.0,True
S05,c029,frame_000168.jpg,1680,168.0,True
S05,c029,frame_000169.jpg,1690,169.0,True
S05,c029,frame_000170.jpg,1700,170.0,True
S05,c029,frame_000171.jpg,1710,171.0,True
S05,c029,frame_000172.jpg,1720,172.0,True
S05,c029,frame_000173.jpg,1730,173.0,True
S05,c029,frame_000174.jpg,1740,174.0,True
S05,c029,frame_000175.jpg,1750,175.0,True
S05,c029,frame_000176.jpg,1760,176.0,True
S05,c029,frame_000177.jpg,1770,177.0,True
S05,c029,frame_000178.jpg,1780,178.0,True
S05,c029,frame_000179.jpg,1790,179.0,True
S05,c029,frame_000180.jpg,1800,180.0,True
S05,c029,frame_000181.jpg,1810,181.0,True
S05,c029,frame_000182.jpg,1820,182.0,True
S05,c029,frame_000183.jpg,1830,183.0,True
S05,c029,frame_000184.jpg,1840,184.0,True
S05,c029,frame_000185.jpg,1850,185.0,True
S05,c029,frame_000186.jpg,1860,186.0,True
S05,c029,frame_000187.jpg,1870,187.0,True
S05,c029,frame_000188.jpg,1880,188.0,True
S05,c029,frame_000189.jpg,1890,189.0,True
S05,c029,frame_000190.jpg,1900,190.0,True
S05,c029,frame_000191.jpg,1910,191.0,True
S05,c029,frame_000192.jpg,1920,192.0,True
S05,c029,frame_000193.jpg,1930,193.0,True
S05,c029,frame_000194.jpg,1940,194.0,True
S05,c029,frame_000195.jpg,1950,195.0,True
S05,c029,frame_000196.jpg,1960,196.0,True
S05,c029,frame_000197.jpg,1970,197.0,True
S05,c029,frame_000198.jpg,1980,198.0,True
S05,c029,frame_000199.jpg,1990,199.0,True
S05,c029,frame_000200.jpg,2000,200.0,True
S05,c029,frame_000201.jpg,2010,201.0,True
S05,c029,frame_000202.jpg,2020,202.0,True
S05,c029,frame_000203.jpg,2030,203.0,True
S05,c029,frame_000204.jpg,2040,204.0,True
S05,c029,frame_000205.jpg,2050,205.0,True
S05,c029,frame_000206.jpg,2060,206.0,True
S05,c029,frame_000207.jpg,2070,207.0,True
S05,c029,frame_000208.jpg,2080,208.0,True
S05,c029,frame_000209.jpg,2090,209.0,True
S05,c029,frame_000210.jpg,2100,210.0,True
S05,c029,frame_000211.jpg,2110,211.0,True
S05,c029,frame_000212.jpg,2120,212.0,True
S05,c029,frame_000213.jpg,2130,213.0,True
S05,c029,frame_000214.jpg,2140,214.0,True
S05,c029,frame_000215.jpg,2150,215.0,True
S05,c029,frame_000216.jpg,2160,216.0,True
S05,c029,frame_000217.jpg,2170,217.0,True
S05,c029,frame_000218.jpg,2180,218.0,True
S05,c029,frame_000219.jpg,2190,219.0,True
S05,c029,frame_000220.jpg,2200,220.0,True
S05,c029,frame_000221.jpg,2210,221.0,True
S05,c029,frame_000222.jpg,2220,222.0,True
S05,c029,frame_000223.jpg,2230,223.0,True
S05,c029,frame_000224.jpg,2240,224.0,True
S05,c029,frame_000225.jpg,2250,225.0,True
S05,c029,frame_000226.jpg,2260,226.0,True
S05,c029,frame_000227.jpg,2270,227.0,True
S05,c029,frame_000228.jpg,2280,228.0,True
S05,c029,frame_000229.jpg,2290,229.0,True
S05,c029,frame_000230.jpg,2300,230.0,True
S05,c029,frame_000231.jpg,2310,231.0,True
S05,c029,frame_000232.jpg,2320,232.0,True
S05,c029,frame_000233.jpg,2330,233.0,True
S05,c029,frame_000234.jpg,2340,234.0,True
S05,c029,frame_000235.jpg,2350,235.0,True
S05,c029,frame_000236.jpg,2360,236.0,True
S05,c029,frame_000237.jpg,2370,237.0,True
S05,c029,frame_000238.jpg,2380,238.0,True
S05,c029,frame_000239.jpg,2390,239.0,True
S05,c029,frame_000240.jpg,2400,240.0,True
S05,c029,frame_000241.jpg,2410,241.0,True
S05,c029,frame_000242.jpg,2420,242.0,True
S05,c029,frame_000243.jpg,2430,243.0,True
S05,c029,frame_000244.jpg,2440,244.0,True
S05,c029,frame_000245.jpg,2450,245.0,True
S05,c029,frame_000246.jpg,2460,246.0,True
S05,c029,frame_000247.jpg,2470,247.0,True
S05,c029,frame_000248.jpg,2480,248.0,True
S05,c029,frame_000249.jpg,2490,249.0,True
S05,c029,frame_000250.jpg,2500,250.0,True
S05,c029,frame_000251.jpg,2510,251.0,True
S05,c029,frame_000252.jpg,2520,252.0,True
S05,c029,frame_000253.jpg,2530,253.0,True
S05,c029,frame_000254.jpg,2540,254.0,True
S05,c029,frame_000255.jpg,2550,255.0,True
S05,c029,frame_000256.jpg,2560,256.0,True
S05,c029,frame_000257.jpg,2570,257.0,True
S05,c029,frame_000258.jpg,2580,258.0,True
S05,c029,frame_000259.jpg,2590,259.0,True
S05,c029,frame_000260.jpg,2600,260.0,True
S05,c029,frame_000261.jpg,2610,261.0,True
S05,c029,frame_000262.jpg,2620,262.0,True
S05,c029,frame_000263.jpg,2630,263.0,True
S05,c029,frame_000264.jpg,2640,264.0,True
S05,c029,frame_000265.jpg,2650,265.0,True
S05,c029,frame_000266.jpg,2660,266.0,True
S05,c029,frame_000267.jpg,2670,267.0,True
S05,c029,frame_000268.jpg,2680,268.0,True
S05,c029,frame_000269.jpg,2690,269.0,True
S05,c029,frame_000270.jpg,2700,270.0,True
S05,c029,frame_000271.jpg,2710,271.0,True
S05,c029,frame_000272.jpg,2720,272.0,True
S05,c029,frame_000273.jpg,2730,273.0,True
S05,c029,frame_000274.jpg,2740,274.0,True
S05,c029,frame_000275.jpg,2750,275.0,True
S05,c029,frame_000276.jpg,2760,276.0,True
S05,c029,frame_000277.jpg,2770,277.0,True
S05,c029,frame_000278.jpg,2780,278.0,True
S05,c029,frame_000279.jpg,2790,279.0,True
S05,c029,frame_000280.jpg,2800,280.0,True
S05,c029,frame_000281.jpg,2810,281.0,True
S05,c029,frame_000282.jpg,2820,282.0,True
S05,c029,frame_000283.jpg,2830,283.0,True
S05,c029,frame_000284.jpg,2840,284.0,True
S05,c029,frame_000285.jpg,2850,285.0,True
S05,c029,frame_000286.jpg,2860,286.0,True
S05,c029,frame_000287.jpg,2870,287.0,True
S05,c029,frame_000288.jpg,2880,288.0,True
S05,c029,frame_000289.jpg,2890,289.0,True
S05,c029,frame_000290.jpg,2900,290.0,True
S05,c029,frame_000291.jpg,2910,291.0,True
S05,c029,frame_000292.jpg,2920,292.0,True
S05,c029,frame_000293.jpg,2930,293.0,True
S05,c029,frame_000294.jpg,2940,294.0,True
S05,c029,frame_000295.jpg,2950,295.0,True
S05,c029,frame_000296.jpg,2960,296.0,True
S05,c029,frame_000297.jpg,2970,297.0,True
S05,c029,frame_000298.jpg,2980,298.0,True
S05,c029,frame_000299.jpg,2990,299.0,True
S05,c029,frame_000300.jpg,3000,300.0,True
S05,c029,frame_000301.jpg,3010,301.0,True
S05,c029,frame_000302.jpg,3020,302.0,True
S05,c029,frame_000303.jpg,3030,303.0,True
S05,c029,frame_000304.jpg,3040,304.0,True
S05,c029,frame_000305.jpg,3050,305.0,True
S05,c029,frame_000306.jpg,3060,306.0,True
S05,c029,frame_000307.jpg,3070,307.0,True
S05,c029,frame_000308.jpg,3080,308.0,True
S05,c029,frame_000309.jpg,3090,309.0,True
S05,c029,frame_000310.jpg,3100,310.0,True
S05,c029,frame_000311.jpg,3110,311.0,True
S05,c029,frame_000312.jpg,3120,312.0,True
S05,c029,frame_000313.jpg,3130,313.0,True
S05,c029,frame_000314.jpg,3140,314.0,True
S05,c029,frame_000315.jpg,3150,315.0,True
S05,c029,frame_000316.jpg,3160,316.0,True
S05,c029,frame_000317.jpg,3170,317.0,True
S05,c029,frame_000318.jpg,3180,318.0,True
S05,c029,frame_000319.jpg,3190,319.0,True
S05,c029,frame_000320.jpg,3200,320.0,True
S05,c029,frame_000321.jpg,3210,321.0,True
S05,c029,frame_000322.jpg,3220,322.0,True
S05,c029,frame_000323.jpg,3230,323.0,True
S05,c029,frame_000324.jpg,3240,324.0,True
S05,c029,frame_000325.jpg,3250,325.0,True
S05,c029,frame_000326.jpg,3260,326.0,True
S05,c029,frame_000327.jpg,3270,327.0,True
S05,c029,frame_000328.jpg,3280,328.0,True
S05,c029,frame_000329.jpg,3290,329.0,True
S05,c029,frame_000330.jpg,3300,330.0,True
S05,c029,frame_000331.jpg,3310,331.0,True
S05,c029,frame_000332.jpg,3320,332.0,True
S05,c029,frame_000333.jpg,3330,333.0,True
S05,c029,frame_000334.jpg,3340,334.0,True
S05,c029,frame_000335.jpg,3350,335.0,True
S05,c029,frame_000336.jpg,3360,336.0,True
S05,c029,frame_000337.jpg,3370,337.0,True
S05,c029,frame_000338.jpg,3380,338.0,True
S05,c029,frame_000339.jpg,3390,339.0,True
S05,c029,frame_000340.jpg,3400,340.0,True
S05,c029,frame_000341.jpg,3410,341.0,True
S05,c029,frame_000342.jpg,3420,342.0,True
S05,c029,frame_000343.jpg,3430,343.0,True
S05,c029,frame_000344.jpg,3440,344.0,True
S05,c029,frame_000345.jpg,3450,345.0,True
S05,c029,frame_000346.jpg,3460,346.0,True
S05,c029,frame_000347.jpg,3470,347.0,True
S05,c029,frame_000348.jpg,3480,348.0,True
S05,c029,frame_000349.jpg,3490,349.0,True
S05,c029,frame_000350.jpg,3500,350.0,True
S05,c029,frame_000351.jpg,3510,351.0,True
S05,c029,frame_000352.jpg,3520,352.0,True
S05,c029,frame_000353.jpg,3530,353.0,True
S05,c029,frame_000354.jpg,3540,354.0,True
S05,c033,frame_000000.jpg,0,0.0,True
S05,c033,frame_000001.jpg,10,1.0,True
S05,c033,frame_000002.jpg,20,2.0,True
S05,c033,frame_000003.jpg,30,3.0,True
S05,c033,frame_000004.jpg,40,4.0,True
S05,c033,frame_000005.jpg,50,5.0,True
S05,c033,frame_000006.jpg,60,6.0,True
S05,c033,frame_000007.jpg,70,7.0,True
S05,c033,frame_000008.jpg,80,8.0,True
S05,c033,frame_000009.jpg,90,9.0,True
S05,c033,frame_000010.jpg,100,10.0,True
S05,c033,frame_000011.jpg,110,11.0,True
S05,c033,frame_000012.jpg,120,12.0,True
S05,c033,frame_000013.jpg,130,13.0,True
S05,c033,frame_000014.jpg,140,14.0,True
S05,c033,frame_000015.jpg,150,15.0,True
S05,c033,frame_000016.jpg,160,16.0,True
S05,c033,frame_000017.jpg,170,17.0,True
S05,c033,frame_000018.jpg,180,18.0,True
S05,c033,frame_000019.jpg,190,19.0,True
S05,c033,frame_000020.jpg,200,20.0,True
S05,c033,frame_000021.jpg,210,21.0,True
S05,c033,frame_000022.jpg,220,22.0,True
S05,c033,frame_000023.jpg,230,23.0,True
S05,c033,frame_000024.jpg,240,24.0,True
S05,c033,frame_000025.jpg,250,25.0,True
S05,c033,frame_000026.jpg,260,26.0,True
S05,c033,frame_000027.jpg,270,27.0,True
S05,c033,frame_000028.jpg,280,28.0,True
S05,c033,frame_000029.jpg,290,29.0,True
S05,c033,frame_000030.jpg,300,30.0,True
S05,c033,frame_000031.jpg,310,31.0,True
S05,c033,frame_000032.jpg,320,32.0,True
S05,c033,frame_000033.jpg,330,33.0,True
S05,c033,frame_000034.jpg,340,34.0,True
S05,c033,frame_000035.jpg,350,35.0,True
S05,c033,frame_000036.jpg,360,36.0,True
S05,c033,frame_000037.jpg,370,37.0,True
S05,c033,frame_000038.jpg,380,38.0,True
S05,c033,frame_000039.jpg,390,39.0,True
S05,c033,frame_000040.jpg,400,40.0,True
S05,c033,frame_000041.jpg,410,41.0,True
S05,c033,frame_000042.jpg,420,42.0,True
S05,c033,frame_000043.jpg,430,43.0,True
S05,c033,frame_000044.jpg,440,44.0,True
S05,c033,frame_000045.jpg,450,45.0,True
S05,c033,frame_000046.jpg,460,46.0,True
S05,c033,frame_000047.jpg,470,47.0,True
S05,c033,frame_000048.jpg,480,48.0,True
S05,c033,frame_000049.jpg,490,49.0,True
S05,c033,frame_000050.jpg,500,50.0,True
S05,c033,frame_000051.jpg,510,51.0,True
S05,c033,frame_000052.jpg,520,52.0,True
S05,c033,frame_000053.jpg,530,53.0,True
S05,c033,frame_000054.jpg,540,54.0,True
S05,c033,frame_000055.jpg,550,55.0,True
S05,c033,frame_000056.jpg,560,56.0,True
S05,c033,frame_000057.jpg,570,57.0,True
S05,c033,frame_000058.jpg,580,58.0,True
S05,c033,frame_000059.jpg,590,59.0,True
S05,c033,frame_000060.jpg,600,60.0,True
S05,c033,frame_000061.jpg,610,61.0,True
S05,c033,frame_000062.jpg,620,62.0,True
S05,c033,frame_000063.jpg,630,63.0,True
S05,c033,frame_000064.jpg,640,64.0,True
S05,c033,frame_000065.jpg,650,65.0,True
S05,c033,frame_000066.jpg,660,66.0,True
S05,c033,frame_000067.jpg,670,67.0,True
S05,c033,frame_000068.jpg,680,68.0,True
S05,c033,frame_000069.jpg,690,69.0,True
S05,c033,frame_000070.jpg,700,70.0,True
S05,c033,frame_000071.jpg,710,71.0,True
S05,c033,frame_000072.jpg,720,72.0,True
S05,c033,frame_000073.jpg,730,73.0,True
S05,c033,frame_000074.jpg,740,74.0,True
S05,c033,frame_000075.jpg,750,75.0,True
S05,c033,frame_000076.jpg,760,76.0,True
S05,c033,frame_000077.jpg,770,77.0,True
S05,c033,frame_000078.jpg,780,78.0,True
S05,c033,frame_000079.jpg,790,79.0,True
S05,c033,frame_000080.jpg,800,80.0,True
S05,c033,frame_000081.jpg,810,81.0,True
S05,c033,frame_000082.jpg,820,82.0,True
S05,c033,frame_000083.jpg,830,83.0,True
S05,c033,frame_000084.jpg,840,84.0,True
S05,c033,frame_000085.jpg,850,85.0,True
S05,c033,frame_000086.jpg,860,86.0,True
S05,c033,frame_000087.jpg,870,87.0,True
S05,c033,frame_000088.jpg,880,88.0,True
S05,c033,frame_000089.jpg,890,89.0,True
S05,c033,frame_000090.jpg,900,90.0,True
S05,c033,frame_000091.jpg,910,91.0,True
S05,c033,frame_000092.jpg,920,92.0,True
S05,c033,frame_000093.jpg,930,93.0,True
S05,c033,frame_000094.jpg,940,94.0,True
S05,c033,frame_000095.jpg,950,95.0,True
S05,c033,frame_000096.jpg,960,96.0,True
S05,c033,frame_000097.jpg,970,97.0,True
S05,c033,frame_000098.jpg,980,98.0,True
S05,c033,frame_000099.jpg,990,99.0,True
S05,c033,frame_000100.jpg,1000,100.0,True
S05,c033,frame_000101.jpg,1010,101.0,True
S05,c033,frame_000102.jpg,1020,102.0,True
S05,c033,frame_000103.jpg,1030,103.0,True
S05,c033,frame_000104.jpg,1040,104.0,True
S05,c033,frame_000105.jpg,1050,105.0,True
S05,c033,frame_000106.jpg,1060,106.0,True
S05,c033,frame_000107.jpg,1070,107.0,True
S05,c033,frame_000108.jpg,1080,108.0,True
S05,c033,frame_000109.jpg,1090,109.0,True
S05,c033,frame_000110.jpg,1100,110.0,True
S05,c033,frame_000111.jpg,1110,111.0,True
S05,c033,frame_000112.jpg,1120,112.0,True
S05,c033,frame_000113.jpg,1130,113.0,True
S05,c033,frame_000114.jpg,1140,114.0,True
S05,c033,frame_000115.jpg,1150,115.0,True
S05,c033,frame_000116.jpg,1160,116.0,True
S05,c033,frame_000117.jpg,1170,117.0,True
S05,c033,frame_000118.jpg,1180,118.0,True
S05,c033,frame_000119.jpg,1190,119.0,True
S05,c033,frame_000120.jpg,1200,120.0,True
S05,c033,frame_000121.jpg,1210,121.0,True
S05,c033,frame_000122.jpg,1220,122.0,True
S05,c033,frame_000123.jpg,1230,123.0,True
S05,c033,frame_000124.jpg,1240,124.0,True
S05,c033,frame_000125.jpg,1250,125.0,True
S05,c033,frame_000126.jpg,1260,126.0,True
S05,c033,frame_000127.jpg,1270,127.0,True
S05,c033,frame_000128.jpg,1280,128.0,True
S05,c033,frame_000129.jpg,1290,129.0,True
S05,c033,frame_000130.jpg,1300,130.0,True
S05,c033,frame_000131.jpg,1310,131.0,True
S05,c033,frame_000132.jpg,1320,132.0,True
S05,c033,frame_000133.jpg,1330,133.0,True
S05,c033,frame_000134.jpg,1340,134.0,True
S05,c033,frame_000135.jpg,1350,135.0,True
S05,c033,frame_000136.jpg,1360,136.0,True
S05,c033,frame_000137.jpg,1370,137.0,True
S05,c033,frame_000138.jpg,1380,138.0,True
S05,c033,frame_000139.jpg,1390,139.0,True
S05,c033,frame_000140.jpg,1400,140.0,True
S05,c033,frame_000141.jpg,1410,141.0,True
S05,c033,frame_000142.jpg,1420,142.0,True
S05,c033,frame_000143.jpg,1430,143.0,True
S05,c033,frame_000144.jpg,1440,144.0,True
S05,c033,frame_000145.jpg,1450,145.0,True
S05,c033,frame_000146.jpg,1460,146.0,True
S05,c033,frame_000147.jpg,1470,147.0,True
S05,c033,frame_000148.jpg,1480,148.0,True
S05,c033,frame_000149.jpg,1490,149.0,True
S05,c033,frame_000150.jpg,1500,150.0,True
S05,c033,frame_000151.jpg,1510,151.0,True
S05,c033,frame_000152.jpg,1520,152.0,True
S05,c033,frame_000153.jpg,1530,153.0,True
S05,c033,frame_000154.jpg,1540,154.0,True
S05,c033,frame_000155.jpg,1550,155.0,True
S05,c033,frame_000156.jpg,1560,156.0,True
S05,c033,frame_000157.jpg,1570,157.0,True
S05,c033,frame_000158.jpg,1580,158.0,True
S05,c033,frame_000159.jpg,1590,159.0,True
S05,c033,frame_000160.jpg,1600,160.0,True
S05,c033,frame_000161.jpg,1610,161.0,True
S05,c033,frame_000162.jpg,1620,162.0,True
S05,c033,frame_000163.jpg,1630,163.0,True
S05,c033,frame_000164.jpg,1640,164.0,True
S05,c033,frame_000165.jpg,1650,165.0,True
S05,c033,frame_000166.jpg,1660,166.0,True
S05,c033,frame_000167.jpg,1670,167.0,True
S05,c033,frame_000168.jpg,1680,168.0,True
S05,c033,frame_000169.jpg,1690,169.0,True
S05,c033,frame_000170.jpg,1700,170.0,True
S05,c033,frame_000171.jpg,1710,171.0,True
S05,c033,frame_000172.jpg,1720,172.0,True
S05,c033,frame_000173.jpg,1730,173.0,True
S05,c033,frame_000174.jpg,1740,174.0,True
S05,c033,frame_000175.jpg,1750,175.0,True
S05,c033,frame_000176.jpg,1760,176.0,True
S05,c033,frame_000177.jpg,1770,177.0,True
S05,c033,frame_000178.jpg,1780,178.0,True
S05,c033,frame_000179.jpg,1790,179.0,True
S05,c033,frame_000180.jpg,1800,180.0,True
S05,c033,frame_000181.jpg,1810,181.0,True
S05,c033,frame_000182.jpg,1820,182.0,True
S05,c033,frame_000183.jpg,1830,183.0,True
S05,c033,frame_000184.jpg,1840,184.0,True
S05,c033,frame_000185.jpg,1850,185.0,True
S05,c033,frame_000186.jpg,1860,186.0,True
S05,c033,frame_000187.jpg,1870,187.0,True
S05,c033,frame_000188.jpg,1880,188.0,True
S05,c033,frame_000189.jpg,1890,189.0,True
S05,c033,frame_000190.jpg,1900,190.0,True
S05,c033,frame_000191.jpg,1910,191.0,True
S05,c033,frame_000192.jpg,1920,192.0,True
S05,c033,frame_000193.jpg,1930,193.0,True
S05,c033,frame_000194.jpg,1940,194.0,True
S05,c033,frame_000195.jpg,1950,195.0,True
S05,c033,frame_000196.jpg,1960,196.0,True
S05,c033,frame_000197.jpg,1970,197.0,True
S05,c033,frame_000198.jpg,1980,198.0,True
S05,c033,frame_000199.jpg,1990,199.0,True
S05,c033,frame_000200.jpg,2000,200.0,True
S05,c033,frame_000201.jpg,2010,201.0,True
S05,c033,frame_000202.jpg,2020,202.0,True
S05,c033,frame_000203.jpg,2030,203.0,True
S05,c033,frame_000204.jpg,2040,204.0,True
S05,c033,frame_000205.jpg,2050,205.0,True
S05,c033,frame_000206.jpg,2060,206.0,True
S05,c033,frame_000207.jpg,2070,207.0,True
S05,c033,frame_000208.jpg,2080,208.0,True
S05,c033,frame_000209.jpg,2090,209.0,True
S05,c033,frame_000210.jpg,2100,210.0,True
S05,c033,frame_000211.jpg,2110,211.0,True
S05,c033,frame_000212.jpg,2120,212.0,True
S05,c033,frame_000213.jpg,2130,213.0,True
S05,c033,frame_000214.jpg,2140,214.0,True
S05,c033,frame_000215.jpg,2150,215.0,True
S05,c033,frame_000216.jpg,2160,216.0,True
S05,c033,frame_000217.jpg,2170,217.0,True
S05,c033,frame_000218.jpg,2180,218.0,True
S05,c033,frame_000219.jpg,2190,219.0,True
S05,c033,frame_000220.jpg,2200,220.0,True
S05,c033,frame_000221.jpg,2210,221.0,True
S05,c033,frame_000222.jpg,2220,222.0,True
S05,c033,frame_000223.jpg,2230,223.0,True
S05,c033,frame_000224.jpg,2240,224.0,True
S05,c033,frame_000225.jpg,2250,225.0,True
S05,c033,frame_000226.jpg,2260,226.0,True
S05,c033,frame_000227.jpg,2270,227.0,True
S05,c033,frame_000228.jpg,2280,228.0,True
S05,c033,frame_000229.jpg,2290,229.0,True
S05,c033,frame_000230.jpg,2300,230.0,True
S05,c033,frame_000231.jpg,2310,231.0,True
S05,c033,frame_000232.jpg,2320,232.0,True
S05,c033,frame_000233.jpg,2330,233.0,True
S05,c033,frame_000234.jpg,2340,234.0,True
S05,c033,frame_000235.jpg,2350,235.0,True
S05,c033,frame_000236.jpg,2360,236.0,True
S05,c033,frame_000237.jpg,2370,237.0,True
S05,c033,frame_000238.jpg,2380,238.0,True
S05,c033,frame_000239.jpg,2390,239.0,True
S05,c033,frame_000240.jpg,2400,240.0,True
S05,c033,frame_000241.jpg,2410,241.0,True
S05,c033,frame_000242.jpg,2420,242.0,True
S05,c033,frame_000243.jpg,2430,243.0,True
S05,c033,frame_000244.jpg,2440,244.0,True
S05,c033,frame_000245.jpg,2450,245.0,True
S05,c033,frame_000246.jpg,2460,246.0,True
S05,c033,frame_000247.jpg,2470,247.0,True
S05,c033,frame_000248.jpg,2480,248.0,True
S05,c033,frame_000249.jpg,2490,249.0,True
S05,c033,frame_000250.jpg,2500,250.0,True
S05,c033,frame_000251.jpg,2510,251.0,True
S05,c033,frame_000252.jpg,2520,252.0,True
S05,c033,frame_000253.jpg,2530,253.0,True
S05,c033,frame_000254.jpg,2540,254.0,True
S05,c033,frame_000255.jpg,2550,255.0,True
S05,c033,frame_000256.jpg,2560,256.0,True
S05,c033,frame_000257.jpg,2570,257.0,True
S05,c033,frame_000258.jpg,2580,258.0,True
S05,c033,frame_000259.jpg,2590,259.0,True
S05,c033,frame_000260.jpg,2600,260.0,True
S05,c033,frame_000261.jpg,2610,261.0,True
S05,c033,frame_000262.jpg,2620,262.0,True
S05,c033,frame_000263.jpg,2630,263.0,True
S05,c033,frame_000264.jpg,2640,264.0,True
S05,c033,frame_000265.jpg,2650,265.0,True
S05,c033,frame_000266.jpg,2660,266.0,True
S05,c033,frame_000267.jpg,2670,267.0,True
S05,c033,frame_000268.jpg,2680,268.0,True
S05,c033,frame_000269.jpg,2690,269.0,True
S05,c033,frame_000270.jpg,2700,270.0,True
S05,c033,frame_000271.jpg,2710,271.0,True
S05,c033,frame_000272.jpg,2720,272.0,True
S05,c033,frame_000273.jpg,2730,273.0,True
S05,c033,frame_000274.jpg,2740,274.0,True
S05,c033,frame_000275.jpg,2750,275.0,True
S05,c033,frame_000276.jpg,2760,276.0,True
S05,c033,frame_000277.jpg,2770,277.0,True
S05,c033,frame_000278.jpg,2780,278.0,True
S05,c033,frame_000279.jpg,2790,279.0,True
S05,c033,frame_000280.jpg,2800,280.0,True
S05,c033,frame_000281.jpg,2810,281.0,True
S05,c033,frame_000282.jpg,2820,282.0,True
S05,c033,frame_000283.jpg,2830,283.0,True
S05,c033,frame_000284.jpg,2840,284.0,True
S05,c033,frame_000285.jpg,2850,285.0,True
S05,c033,frame_000286.jpg,2860,286.0,True
S05,c033,frame_000287.jpg,2870,287.0,True
S05,c033,frame_000288.jpg,2880,288.0,True
S05,c033,frame_000289.jpg,2890,289.0,True
S05,c033,frame_000290.jpg,2900,290.0,True
S05,c033,frame_000291.jpg,2910,291.0,True
S05,c033,frame_000292.jpg,2920,292.0,True
S05,c033,frame_000293.jpg,2930,293.0,True
S05,c033,frame_000294.jpg,2940,294.0,True
S05,c033,frame_000295.jpg,2950,295.0,True
S05,c033,frame_000296.jpg,2960,296.0,True
S05,c033,frame_000297.jpg,2970,297.0,True
S05,c033,frame_000298.jpg,2980,298.0,True
S05,c033,frame_000299.jpg,2990,299.0,True
S05,c033,frame_000300.jpg,3000,300.0,True
S05,c033,frame_000301.jpg,3010,301.0,True
S05,c033,frame_000302.jpg,3020,302.0,True
S05,c033,frame_000303.jpg,3030,303.0,True
S05,c033,frame_000304.jpg,3040,304.0,True
S05,c033,frame_000305.jpg,3050,305.0,True
S05,c033,frame_000306.jpg,3060,306.0,True
S05,c033,frame_000307.jpg,3070,307.0,True
S05,c033,frame_000308.jpg,3080,308.0,True
S05,c033,frame_000309.jpg,3090,309.0,True
S05,c033,frame_000310.jpg,3100,310.0,True
S05,c033,frame_000311.jpg,3110,311.0,True
S05,c033,frame_000312.jpg,3120,312.0,True
S05,c033,frame_000313.jpg,3130,313.0,True
S05,c033,frame_000314.jpg,3140,314.0,True
S05,c033,frame_000315.jpg,3150,315.0,True
S05,c033,frame_000316.jpg,3160,316.0,True
S05,c033,frame_000317.jpg,3170,317.0,True
S05,c033,frame_000318.jpg,3180,318.0,True
S05,c033,frame_000319.jpg,3190,319.0,True
S05,c033,frame_000320.jpg,3200,320.0,True
S05,c033,frame_000321.jpg,3210,321.0,True
S05,c033,frame_000322.jpg,3220,322.0,True
S05,c033,frame_000323.jpg,3230,323.0,True
S05,c033,frame_000324.jpg,3240,324.0,True
S05,c033,frame_000325.jpg,3250,325.0,True
S05,c033,frame_000326.jpg,3260,326.0,True
S05,c033,frame_000327.jpg,3270,327.0,True
S05,c033,frame_000328.jpg,3280,328.0,True
S05,c033,frame_000329.jpg,3290,329.0,True
S05,c033,frame_000330.jpg,3300,330.0,True
S05,c033,frame_000331.jpg,3310,331.0,True
S05,c033,frame_000332.jpg,3320,332.0,True
S05,c033,frame_000333.jpg,3330,333.0,True
S05,c033,frame_000334.jpg,3340,334.0,True
S05,c033,frame_000335.jpg,3350,335.0,True
S05,c033,frame_000336.jpg,3360,336.0,True
S05,c033,frame_000337.jpg,3370,337.0,True
S05,c033,frame_000338.jpg,3380,338.0,True
S05,c033,frame_000339.jpg,3390,339.0,True
S05,c033,frame_000340.jpg,3400,340.0,True
S05,c034,frame_000000.jpg,0,0.0,True
S05,c034,frame_000001.jpg,10,1.0,True
S05,c034,frame_000002.jpg,20,2.0,True
S05,c034,frame_000003.jpg,30,3.0,True
S05,c034,frame_000004.jpg,40,4.0,True
S05,c034,frame_000005.jpg,50,5.0,True
S05,c034,frame_000006.jpg,60,6.0,True
S05,c034,frame_000007.jpg,70,7.0,True
S05,c034,frame_000008.jpg,80,8.0,True
S05,c034,frame_000009.jpg,90,9.0,True
S05,c034,frame_000010.jpg,100,10.0,True
S05,c034,frame_000011.jpg,110,11.0,True
S05,c034,frame_000012.jpg,120,12.0,True
S05,c034,frame_000013.jpg,130,13.0,True
S05,c034,frame_000014.jpg,140,14.0,True
S05,c034,frame_000015.jpg,150,15.0,True
S05,c034,frame_000016.jpg,160,16.0,True
S05,c034,frame_000017.jpg,170,17.0,True
S05,c034,frame_000018.jpg,180,18.0,True
S05,c034,frame_000019.jpg,190,19.0,True
S05,c034,frame_000020.jpg,200,20.0,True
S05,c034,frame_000021.jpg,210,21.0,True
S05,c034,frame_000022.jpg,220,22.0,True
S05,c034,frame_000023.jpg,230,23.0,True
S05,c034,frame_000024.jpg,240,24.0,True
S05,c034,frame_000025.jpg,250,25.0,True
S05,c034,frame_000026.jpg,260,26.0,True
S05,c034,frame_000027.jpg,270,27.0,True
S05,c034,frame_000028.jpg,280,28.0,True
S05,c034,frame_000029.jpg,290,29.0,True
S05,c034,frame_000030.jpg,300,30.0,True
S05,c034,frame_000031.jpg,310,31.0,True
S05,c034,frame_000032.jpg,320,32.0,True
S05,c034,frame_000033.jpg,330,33.0,True
S05,c034,frame_000034.jpg,340,34.0,True
S05,c034,frame_000035.jpg,350,35.0,True
S05,c034,frame_000036.jpg,360,36.0,True
S05,c034,frame_000037.jpg,370,37.0,True
S05,c034,frame_000038.jpg,380,38.0,True
S05,c034,frame_000039.jpg,390,39.0,True
S05,c034,frame_000040.jpg,400,40.0,True
S05,c034,frame_000041.jpg,410,41.0,True
S05,c034,frame_000042.jpg,420,42.0,True
S05,c034,frame_000043.jpg,430,43.0,True
S05,c034,frame_000044.jpg,440,44.0,True
S05,c034,frame_000045.jpg,450,45.0,True
S05,c034,frame_000046.jpg,460,46.0,True
S05,c034,frame_000047.jpg,470,47.0,True
S05,c034,frame_000048.jpg,480,48.0,True
S05,c034,frame_000049.jpg,490,49.0,True
S05,c034,frame_000050.jpg,500,50.0,True
S05,c034,frame_000051.jpg,510,51.0,True
S05,c034,frame_000052.jpg,520,52.0,True
S05,c034,frame_000053.jpg,530,53.0,True
S05,c034,frame_000054.jpg,540,54.0,True
S05,c034,frame_000055.jpg,550,55.0,True
S05,c034,frame_000056.jpg,560,56.0,True
S05,c034,frame_000057.jpg,570,57.0,True
S05,c034,frame_000058.jpg,580,58.0,True
S05,c034,frame_000059.jpg,590,59.0,True
S05,c034,frame_000060.jpg,600,60.0,True
S05,c034,frame_000061.jpg,610,61.0,True
S05,c034,frame_000062.jpg,620,62.0,True
S05,c034,frame_000063.jpg,630,63.0,True
S05,c034,frame_000064.jpg,640,64.0,True
S05,c034,frame_000065.jpg,650,65.0,True
S05,c034,frame_000066.jpg,660,66.0,True
S05,c034,frame_000067.jpg,670,67.0,True
S05,c034,frame_000068.jpg,680,68.0,True
S05,c034,frame_000069.jpg,690,69.0,True
S05,c034,frame_000070.jpg,700,70.0,True
S05,c034,frame_000071.jpg,710,71.0,True
S05,c034,frame_000072.jpg,720,72.0,True
S05,c034,frame_000073.jpg,730,73.0,True
S05,c034,frame_000074.jpg,740,74.0,True
S05,c034,frame_000075.jpg,750,75.0,True
S05,c034,frame_000076.jpg,760,76.0,True
S05,c034,frame_000077.jpg,770,77.0,True
S05,c034,frame_000078.jpg,780,78.0,True
S05,c034,frame_000079.jpg,790,79.0,True
S05,c034,frame_000080.jpg,800,80.0,True
S05,c034,frame_000081.jpg,810,81.0,True
S05,c034,frame_000082.jpg,820,82.0,True
S05,c034,frame_000083.jpg,830,83.0,True
S05,c034,frame_000084.jpg,840,84.0,True
S05,c034,frame_000085.jpg,850,85.0,True
S05,c034,frame_000086.jpg,860,86.0,True
S05,c034,frame_000087.jpg,870,87.0,True
S05,c034,frame_000088.jpg,880,88.0,True
S05,c034,frame_000089.jpg,890,89.0,True
S05,c034,frame_000090.jpg,900,90.0,True
S05,c034,frame_000091.jpg,910,91.0,True
S05,c034,frame_000092.jpg,920,92.0,True
S05,c034,frame_000093.jpg,930,93.0,True
S05,c034,frame_000094.jpg,940,94.0,True
S05,c034,frame_000095.jpg,950,95.0,True
S05,c034,frame_000096.jpg,960,96.0,True
S05,c034,frame_000097.jpg,970,97.0,True
S05,c034,frame_000098.jpg,980,98.0,True
S05,c034,frame_000099.jpg,990,99.0,True
S05,c034,frame_000100.jpg,1000,100.0,True
S05,c034,frame_000101.jpg,1010,101.0,True
S05,c034,frame_000102.jpg,1020,102.0,True
S05,c034,frame_000103.jpg,1030,103.0,True
S05,c034,frame_000104.jpg,1040,104.0,True
S05,c034,frame_000105.jpg,1050,105.0,True
S05,c034,frame_000106.jpg,1060,106.0,True
S05,c034,frame_000107.jpg,1070,107.0,True
S05,c034,frame_000108.jpg,1080,108.0,True
S05,c034,frame_000109.jpg,1090,109.0,True
S05,c034,frame_000110.jpg,1100,110.0,True
S05,c034,frame_000111.jpg,1110,111.0,True
S05,c034,frame_000112.jpg,1120,112.0,True
S05,c034,frame_000113.jpg,1130,113.0,True
S05,c034,frame_000114.jpg,1140,114.0,True
S05,c034,frame_000115.jpg,1150,115.0,True
S05,c034,frame_000116.jpg,1160,116.0,True
S05,c034,frame_000117.jpg,1170,117.0,True
S05,c034,frame_000118.jpg,1180,118.0,True
S05,c034,frame_000119.jpg,1190,119.0,True
S05,c034,frame_000120.jpg,1200,120.0,True
S05,c034,frame_000121.jpg,1210,121.0,True
S05,c034,frame_000122.jpg,1220,122.0,True
S05,c034,frame_000123.jpg,1230,123.0,True
S05,c034,frame_000124.jpg,1240,124.0,True
S05,c034,frame_000125.jpg,1250,125.0,True
S05,c034,frame_000126.jpg,1260,126.0,True
S05,c034,frame_000127.jpg,1270,127.0,True
S05,c034,frame_000128.jpg,1280,128.0,True
S05,c034,frame_000129.jpg,1290,129.0,True
S05,c034,frame_000130.jpg,1300,130.0,True
S05,c034,frame_000131.jpg,1310,131.0,True
S05,c034,frame_000132.jpg,1320,132.0,True
S05,c034,frame_000133.jpg,1330,133.0,True
S05,c034,frame_000134.jpg,1340,134.0,True
S05,c034,frame_000135.jpg,1350,135.0,True
S05,c034,frame_000136.jpg,1360,136.0,True
S05,c034,frame_000137.jpg,1370,137.0,True
S05,c034,frame_000138.jpg,1380,138.0,True
S05,c034,frame_000139.jpg,1390,139.0,True
S05,c034,frame_000140.jpg,1400,140.0,True
S05,c034,frame_000141.jpg,1410,141.0,True
S05,c034,frame_000142.jpg,1420,142.0,True
S05,c034,frame_000143.jpg,1430,143.0,True
S05,c034,frame_000144.jpg,1440,144.0,True
S05,c034,frame_000145.jpg,1450,145.0,True
S05,c034,frame_000146.jpg,1460,146.0,True
S05,c034,frame_000147.jpg,1470,147.0,True
S05,c034,frame_000148.jpg,1480,148.0,True
S05,c034,frame_000149.jpg,1490,149.0,True
S05,c034,frame_000150.jpg,1500,150.0,True
S05,c034,frame_000151.jpg,1510,151.0,True
S05,c034,frame_000152.jpg,1520,152.0,True
S05,c034,frame_000153.jpg,1530,153.0,True
S05,c034,frame_000154.jpg,1540,154.0,True
S05,c034,frame_000155.jpg,1550,155.0,True
S05,c034,frame_000156.jpg,1560,156.0,True
S05,c034,frame_000157.jpg,1570,157.0,True
S05,c034,frame_000158.jpg,1580,158.0,True
S05,c034,frame_000159.jpg,1590,159.0,True
S05,c034,frame_000160.jpg,1600,160.0,True
S05,c034,frame_000161.jpg,1610,161.0,True
S05,c034,frame_000162.jpg,1620,162.0,True
S05,c034,frame_000163.jpg,1630,163.0,True
S05,c034,frame_000164.jpg,1640,164.0,True
S05,c034,frame_000165.jpg,1650,165.0,True
S05,c034,frame_000166.jpg,1660,166.0,True
S05,c034,frame_000167.jpg,1670,167.0,True
S05,c034,frame_000168.jpg,1680,168.0,True
S05,c034,frame_000169.jpg,1690,169.0,True
S05,c034,frame_000170.jpg,1700,170.0,True
S05,c034,frame_000171.jpg,1710,171.0,True
S05,c034,frame_000172.jpg,1720,172.0,True
S05,c034,frame_000173.jpg,1730,173.0,True
S05,c034,frame_000174.jpg,1740,174.0,True
S05,c034,frame_000175.jpg,1750,175.0,True
S05,c034,frame_000176.jpg,1760,176.0,True
S05,c034,frame_000177.jpg,1770,177.0,True
S05,c034,frame_000178.jpg,1780,178.0,True
S05,c034,frame_000179.jpg,1790,179.0,True
S05,c034,frame_000180.jpg,1800,180.0,True
S05,c034,frame_000181.jpg,1810,181.0,True
S05,c034,frame_000182.jpg,1820,182.0,True
S05,c034,frame_000183.jpg,1830,183.0,True
S05,c034,frame_000184.jpg,1840,184.0,True
S05,c034,frame_000185.jpg,1850,185.0,True
S05,c034,frame_000186.jpg,1860,186.0,True
S05,c034,frame_000187.jpg,1870,187.0,True
S05,c034,frame_000188.jpg,1880,188.0,True
S05,c034,frame_000189.jpg,1890,189.0,True
S05,c034,frame_000190.jpg,1900,190.0,True
S05,c034,frame_000191.jpg,1910,191.0,True
S05,c034,frame_000192.jpg,1920,192.0,True
S05,c034,frame_000193.jpg,1930,193.0,True
S05,c034,frame_000194.jpg,1940,194.0,True
S05,c034,frame_000195.jpg,1950,195.0,True
S05,c034,frame_000196.jpg,1960,196.0,True
S05,c034,frame_000197.jpg,1970,197.0,True
S05,c034,frame_000198.jpg,1980,198.0,True
S05,c034,frame_000199.jpg,1990,199.0,True
S05,c034,frame_000200.jpg,2000,200.0,True
S05,c034,frame_000201.jpg,2010,201.0,True
S05,c034,frame_000202.jpg,2020,202.0,True
S05,c034,frame_000203.jpg,2030,203.0,True
S05,c034,frame_000204.jpg,2040,204.0,True
S05,c034,frame_000205.jpg,2050,205.0,True
S05,c034,frame_000206.jpg,2060,206.0,True
S05,c034,frame_000207.jpg,2070,207.0,True
S05,c034,frame_000208.jpg,2080,208.0,True
S05,c034,frame_000209.jpg,2090,209.0,True
S05,c034,frame_000210.jpg,2100,210.0,True
S05,c034,frame_000211.jpg,2110,211.0,True
S05,c034,frame_000212.jpg,2120,212.0,True
S05,c034,frame_000213.jpg,2130,213.0,True
S05,c034,frame_000214.jpg,2140,214.0,True
S05,c034,frame_000215.jpg,2150,215.0,True
S05,c034,frame_000216.jpg,2160,216.0,True
S05,c034,frame_000217.jpg,2170,217.0,True
S05,c034,frame_000218.jpg,2180,218.0,True
S05,c034,frame_000219.jpg,2190,219.0,True
S05,c034,frame_000220.jpg,2200,220.0,True
S05,c034,frame_000221.jpg,2210,221.0,True
S05,c034,frame_000222.jpg,2220,222.0,True
S05,c034,frame_000223.jpg,2230,223.0,True
S05,c034,frame_000224.jpg,2240,224.0,True
S05,c034,frame_000225.jpg,2250,225.0,True
S05,c034,frame_000226.jpg,2260,226.0,True
S05,c034,frame_000227.jpg,2270,227.0,True
S05,c034,frame_000228.jpg,2280,228.0,True
S05,c034,frame_000229.jpg,2290,229.0,True
S05,c034,frame_000230.jpg,2300,230.0,True
S05,c034,frame_000231.jpg,2310,231.0,True
S05,c034,frame_000232.jpg,2320,232.0,True
S05,c034,frame_000233.jpg,2330,233.0,True
S05,c034,frame_000234.jpg,2340,234.0,True
S05,c034,frame_000235.jpg,2350,235.0,True
S05,c034,frame_000236.jpg,2360,236.0,True
S05,c034,frame_000237.jpg,2370,237.0,True
S05,c034,frame_000238.jpg,2380,238.0,True
S05,c034,frame_000239.jpg,2390,239.0,True
S05,c034,frame_000240.jpg,2400,240.0,True
S05,c034,frame_000241.jpg,2410,241.0,True
S05,c034,frame_000242.jpg,2420,242.0,True
S05,c034,frame_000243.jpg,2430,243.0,True
S05,c034,frame_000244.jpg,2440,244.0,True
S05,c034,frame_000245.jpg,2450,245.0,True
S05,c034,frame_000246.jpg,2460,246.0,True
S05,c034,frame_000247.jpg,2470,247.0,True
S05,c034,frame_000248.jpg,2480,248.0,True
S05,c034,frame_000249.jpg,2490,249.0,True
S05,c034,frame_000250.jpg,2500,250.0,True
S05,c034,frame_000251.jpg,2510,251.0,True
S05,c034,frame_000252.jpg,2520,252.0,True
S05,c034,frame_000253.jpg,2530,253.0,True
S05,c034,frame_000254.jpg,2540,254.0,True
S05,c034,frame_000255.jpg,2550,255.0,True
S05,c034,frame_000256.jpg,2560,256.0,True
S05,c034,frame_000257.jpg,2570,257.0,True
S05,c034,frame_000258.jpg,2580,258.0,True
S05,c034,frame_000259.jpg,2590,259.0,True
S05,c034,frame_000260.jpg,2600,260.0,True
S05,c034,frame_000261.jpg,2610,261.0,True
S05,c034,frame_000262.jpg,2620,262.0,True
S05,c034,frame_000263.jpg,2630,263.0,True
S05,c034,frame_000264.jpg,2640,264.0,True
S05,c034,frame_000265.jpg,2650,265.0,True
S05,c034,frame_000266.jpg,2660,266.0,True
S05,c034,frame_000267.jpg,2670,267.0,True
S05,c034,frame_000268.jpg,2680,268.0,True
S05,c034,frame_000269.jpg,2690,269.0,True
S05,c034,frame_000270.jpg,2700,270.0,True
S05,c034,frame_000271.jpg,2710,271.0,True
S05,c034,frame_000272.jpg,2720,272.0,True
S05,c034,frame_000273.jpg,2730,273.0,True
S05,c034,frame_000274.jpg,2740,274.0,True
S05,c034,frame_000275.jpg,2750,275.0,True
S05,c034,frame_000276.jpg,2760,276.0,True
S05,c034,frame_000277.jpg,2770,277.0,True
S05,c034,frame_000278.jpg,2780,278.0,True
S05,c034,frame_000279.jpg,2790,279.0,True
S05,c034,frame_000280.jpg,2800,280.0,True
S05,c034,frame_000281.jpg,2810,281.0,True
S05,c034,frame_000282.jpg,2820,282.0,True
S05,c034,frame_000283.jpg,2830,283.0,True
S05,c034,frame_000284.jpg,2840,284.0,True
S05,c034,frame_000285.jpg,2850,285.0,True
S05,c034,frame_000286.jpg,2860,286.0,True
S05,c034,frame_000287.jpg,2870,287.0,True
S05,c034,frame_000288.jpg,2880,288.0,True
S05,c034,frame_000289.jpg,2890,289.0,True
S05,c034,frame_000290.jpg,2900,290.0,True
S05,c034,frame_000291.jpg,2910,291.0,True
S05,c034,frame_000292.jpg,2920,292.0,True
S05,c034,frame_000293.jpg,2930,293.0,True
S05,c034,frame_000294.jpg,2940,294.0,True
S05,c034,frame_000295.jpg,2950,295.0,True
S05,c034,frame_000296.jpg,2960,296.0,True
S05,c034,frame_000297.jpg,2970,297.0,True
S05,c034,frame_000298.jpg,2980,298.0,True
S05,c034,frame_000299.jpg,2990,299.0,True
S05,c034,frame_000300.jpg,3000,300.0,True
S05,c034,frame_000301.jpg,3010,301.0,True
S05,c034,frame_000302.jpg,3020,302.0,True
S05,c034,frame_000303.jpg,3030,303.0,True
S05,c034,frame_000304.jpg,3040,304.0,True
S05,c034,frame_000305.jpg,3050,305.0,True
S05,c034,frame_000306.jpg,3060,306.0,True
S05,c034,frame_000307.jpg,3070,307.0,True
S05,c034,frame_000308.jpg,3080,308.0,True
S05,c034,frame_000309.jpg,3090,309.0,True
S05,c034,frame_000310.jpg,3100,310.0,True
S05,c034,frame_000311.jpg,3110,311.0,True
S05,c034,frame_000312.jpg,3120,312.0,True
S05,c034,frame_000313.jpg,3130,313.0,True
S05,c034,frame_000314.jpg,3140,314.0,True
S05,c034,frame_000315.jpg,3150,315.0,True
S05,c034,frame_000316.jpg,3160,316.0,True
S05,c034,frame_000317.jpg,3170,317.0,True
S05,c034,frame_000318.jpg,3180,318.0,True
S05,c034,frame_000319.jpg,3190,319.0,True
S05,c034,frame_000320.jpg,3200,320.0,True
S05,c034,frame_000321.jpg,3210,321.0,True
S05,c034,frame_000322.jpg,3220,322.0,True
S05,c034,frame_000323.jpg,3230,323.0,True
S05,c034,frame_000324.jpg,3240,324.0,True
S05,c034,frame_000325.jpg,3250,325.0,True
S05,c034,frame_000326.jpg,3260,326.0,True
S05,c034,frame_000327.jpg,3270,327.0,True
S05,c034,frame_000328.jpg,3280,328.0,True
S05,c034,frame_000329.jpg,3290,329.0,True
S05,c034,frame_000330.jpg,3300,330.0,True
S05,c034,frame_000331.jpg,3310,331.0,True
S05,c034,frame_000332.jpg,3320,332.0,True
S05,c034,frame_000333.jpg,3330,333.0,True
S05,c034,frame_000334.jpg,3340,334.0,True
S05,c034,frame_000335.jpg,3350,335.0,True
S05,c034,frame_000336.jpg,3360,336.0,True
S05,c034,frame_000337.jpg,3370,337.0,True
S05,c034,frame_000338.jpg,3380,338.0,True
S05,c034,frame_000339.jpg,3390,339.0,True
S05,c034,frame_000340.jpg,3400,340.0,True
S05,c034,frame_000341.jpg,3410,341.0,True
S05,c034,frame_000342.jpg,3420,342.0,True
S05,c035,frame_000000.jpg,0,0.0,True
S05,c035,frame_000001.jpg,10,1.0,True
S05,c035,frame_000002.jpg,20,2.0,True
S05,c035,frame_000003.jpg,30,3.0,True
S05,c035,frame_000004.jpg,40,4.0,True
S05,c035,frame_000005.jpg,50,5.0,True
S05,c035,frame_000006.jpg,60,6.0,True
S05,c035,frame_000007.jpg,70,7.0,True
S05,c035,frame_000008.jpg,80,8.0,True
S05,c035,frame_000009.jpg,90,9.0,True
S05,c035,frame_000010.jpg,100,10.0,True
S05,c035,frame_000011.jpg,110,11.0,True
S05,c035,frame_000012.jpg,120,12.0,True
S05,c035,frame_000013.jpg,130,13.0,True
S05,c035,frame_000014.jpg,140,14.0,True
S05,c035,frame_000015.jpg,150,15.0,True
S05,c035,frame_000016.jpg,160,16.0,True
S05,c035,frame_000017.jpg,170,17.0,True
S05,c035,frame_000018.jpg,180,18.0,True
S05,c035,frame_000019.jpg,190,19.0,True
S05,c035,frame_000020.jpg,200,20.0,True
S05,c035,frame_000021.jpg,210,21.0,True
S05,c035,frame_000022.jpg,220,22.0,True
S05,c035,frame_000023.jpg,230,23.0,True
S05,c035,frame_000024.jpg,240,24.0,True
S05,c035,frame_000025.jpg,250,25.0,True
S05,c035,frame_000026.jpg,260,26.0,True
S05,c035,frame_000027.jpg,270,27.0,True
S05,c035,frame_000028.jpg,280,28.0,True
S05,c035,frame_000029.jpg,290,29.0,True
S05,c035,frame_000030.jpg,300,30.0,True
S05,c035,frame_000031.jpg,310,31.0,True
S05,c035,frame_000032.jpg,320,32.0,True
S05,c035,frame_000033.jpg,330,33.0,True
S05,c035,frame_000034.jpg,340,34.0,True
S05,c035,frame_000035.jpg,350,35.0,True
S05,c035,frame_000036.jpg,360,36.0,True
S05,c035,frame_000037.jpg,370,37.0,True
S05,c035,frame_000038.jpg,380,38.0,True
S05,c035,frame_000039.jpg,390,39.0,True
S05,c035,frame_000040.jpg,400,40.0,True
S05,c035,frame_000041.jpg,410,41.0,True
S05,c035,frame_000042.jpg,420,42.0,True
S05,c035,frame_000043.jpg,430,43.0,True
S05,c035,frame_000044.jpg,440,44.0,True
S05,c035,frame_000045.jpg,450,45.0,True
S05,c035,frame_000046.jpg,460,46.0,True
S05,c035,frame_000047.jpg,470,47.0,True
S05,c035,frame_000048.jpg,480,48.0,True
S05,c035,frame_000049.jpg,490,49.0,True
S05,c035,frame_000050.jpg,500,50.0,True
S05,c035,frame_000051.jpg,510,51.0,True
S05,c035,frame_000052.jpg,520,52.0,True
S05,c035,frame_000053.jpg,530,53.0,True
S05,c035,frame_000054.jpg,540,54.0,True
S05,c035,frame_000055.jpg,550,55.0,True
S05,c035,frame_000056.jpg,560,56.0,True
S05,c035,frame_000057.jpg,570,57.0,True
S05,c035,frame_000058.jpg,580,58.0,True
S05,c035,frame_000059.jpg,590,59.0,True
S05,c035,frame_000060.jpg,600,60.0,True
S05,c035,frame_000061.jpg,610,61.0,True
S05,c035,frame_000062.jpg,620,62.0,True
S05,c035,frame_000063.jpg,630,63.0,True
S05,c035,frame_000064.jpg,640,64.0,True
S05,c035,frame_000065.jpg,650,65.0,True
S05,c035,frame_000066.jpg,660,66.0,True
S05,c035,frame_000067.jpg,670,67.0,True
S05,c035,frame_000068.jpg,680,68.0,True
S05,c035,frame_000069.jpg,690,69.0,True
S05,c035,frame_000070.jpg,700,70.0,True
S05,c035,frame_000071.jpg,710,71.0,True
S05,c035,frame_000072.jpg,720,72.0,True
S05,c035,frame_000073.jpg,730,73.0,True
S05,c035,frame_000074.jpg,740,74.0,True
S05,c035,frame_000075.jpg,750,75.0,True
S05,c035,frame_000076.jpg,760,76.0,True
S05,c035,frame_000077.jpg,770,77.0,True
S05,c035,frame_000078.jpg,780,78.0,True
S05,c035,frame_000079.jpg,790,79.0,True
S05,c035,frame_000080.jpg,800,80.0,True
S05,c035,frame_000081.jpg,810,81.0,True
S05,c035,frame_000082.jpg,820,82.0,True
S05,c035,frame_000083.jpg,830,83.0,True
S05,c035,frame_000084.jpg,840,84.0,True
S05,c035,frame_000085.jpg,850,85.0,True
S05,c035,frame_000086.jpg,860,86.0,True
S05,c035,frame_000087.jpg,870,87.0,True
S05,c035,frame_000088.jpg,880,88.0,True
S05,c035,frame_000089.jpg,890,89.0,True
S05,c035,frame_000090.jpg,900,90.0,True
S05,c035,frame_000091.jpg,910,91.0,True
S05,c035,frame_000092.jpg,920,92.0,True
S05,c035,frame_000093.jpg,930,93.0,True
S05,c035,frame_000094.jpg,940,94.0,True
S05,c035,frame_000095.jpg,950,95.0,True
S05,c035,frame_000096.jpg,960,96.0,True
S05,c035,frame_000097.jpg,970,97.0,True
S05,c035,frame_000098.jpg,980,98.0,True
S05,c035,frame_000099.jpg,990,99.0,True
S05,c035,frame_000100.jpg,1000,100.0,True
S05,c035,frame_000101.jpg,1010,101.0,True
S05,c035,frame_000102.jpg,1020,102.0,True
S05,c035,frame_000103.jpg,1030,103.0,True
S05,c035,frame_000104.jpg,1040,104.0,True
S05,c035,frame_000105.jpg,1050,105.0,True
S05,c035,frame_000106.jpg,1060,106.0,True
S05,c035,frame_000107.jpg,1070,107.0,True
S05,c035,frame_000108.jpg,1080,108.0,True
S05,c035,frame_000109.jpg,1090,109.0,True
S05,c035,frame_000110.jpg,1100,110.0,True
S05,c035,frame_000111.jpg,1110,111.0,True
S05,c035,frame_000112.jpg,1120,112.0,True
S05,c035,frame_000113.jpg,1130,113.0,True
S05,c035,frame_000114.jpg,1140,114.0,True
S05,c035,frame_000115.jpg,1150,115.0,True
S05,c035,frame_000116.jpg,1160,116.0,True
S05,c035,frame_000117.jpg,1170,117.0,True
S05,c035,frame_000118.jpg,1180,118.0,True
S05,c035,frame_000119.jpg,1190,119.0,True
S05,c035,frame_000120.jpg,1200,120.0,True
S05,c035,frame_000121.jpg,1210,121.0,True
S05,c035,frame_000122.jpg,1220,122.0,True
S05,c035,frame_000123.jpg,1230,123.0,True
S05,c035,frame_000124.jpg,1240,124.0,True
S05,c035,frame_000125.jpg,1250,125.0,True
S05,c035,frame_000126.jpg,1260,126.0,True
S05,c035,frame_000127.jpg,1270,127.0,True
S05,c035,frame_000128.jpg,1280,128.0,True
S05,c035,frame_000129.jpg,1290,129.0,True
S05,c035,frame_000130.jpg,1300,130.0,True
S05,c035,frame_000131.jpg,1310,131.0,True
S05,c035,frame_000132.jpg,1320,132.0,True
S05,c035,frame_000133.jpg,1330,133.0,True
S05,c035,frame_000134.jpg,1340,134.0,True
S05,c035,frame_000135.jpg,1350,135.0,True
S05,c035,frame_000136.jpg,1360,136.0,True
S05,c035,frame_000137.jpg,1370,137.0,True
S05,c035,frame_000138.jpg,1380,138.0,True
S05,c035,frame_000139.jpg,1390,139.0,True
S05,c035,frame_000140.jpg,1400,140.0,True
S05,c035,frame_000141.jpg,1410,141.0,True
S05,c035,frame_000142.jpg,1420,142.0,True
S05,c035,frame_000143.jpg,1430,143.0,True
S05,c035,frame_000144.jpg,1440,144.0,True
S05,c035,frame_000145.jpg,1450,145.0,True
S05,c035,frame_000146.jpg,1460,146.0,True
S05,c035,frame_000147.jpg,1470,147.0,True
S05,c035,frame_000148.jpg,1480,148.0,True
S05,c035,frame_000149.jpg,1490,149.0,True
S05,c035,frame_000150.jpg,1500,150.0,True
S05,c035,frame_000151.jpg,1510,151.0,True
S05,c035,frame_000152.jpg,1520,152.0,True
S05,c035,frame_000153.jpg,1530,153.0,True
S05,c035,frame_000154.jpg,1540,154.0,True
S05,c035,frame_000155.jpg,1550,155.0,True
S05,c035,frame_000156.jpg,1560,156.0,True
S05,c035,frame_000157.jpg,1570,157.0,True
S05,c035,frame_000158.jpg,1580,158.0,True
S05,c035,frame_000159.jpg,1590,159.0,True
S05,c035,frame_000160.jpg,1600,160.0,True
S05,c035,frame_000161.jpg,1610,161.0,True
S05,c035,frame_000162.jpg,1620,162.0,True
S05,c035,frame_000163.jpg,1630,163.0,True
S05,c035,frame_000164.jpg,1640,164.0,True
S05,c035,frame_000165.jpg,1650,165.0,True
S05,c035,frame_000166.jpg,1660,166.0,True
S05,c035,frame_000167.jpg,1670,167.0,True
S05,c035,frame_000168.jpg,1680,168.0,True
S05,c035,frame_000169.jpg,1690,169.0,True
S05,c035,frame_000170.jpg,1700,170.0,True
S05,c035,frame_000171.jpg,1710,171.0,True
S05,c035,frame_000172.jpg,1720,172.0,True
S05,c035,frame_000173.jpg,1730,173.0,True
S05,c035,frame_000174.jpg,1740,174.0,True
S05,c035,frame_000175.jpg,1750,175.0,True
S05,c035,frame_000176.jpg,1760,176.0,True
S05,c035,frame_000177.jpg,1770,177.0,True
S05,c035,frame_000178.jpg,1780,178.0,True
S05,c035,frame_000179.jpg,1790,179.0,True
S05,c035,frame_000180.jpg,1800,180.0,True
S05,c035,frame_000181.jpg,1810,181.0,True
S05,c035,frame_000182.jpg,1820,182.0,True
S05,c035,frame_000183.jpg,1830,183.0,True
S05,c035,frame_000184.jpg,1840,184.0,True
S05,c035,frame_000185.jpg,1850,185.0,True
S05,c035,frame_000186.jpg,1860,186.0,True
S05,c035,frame_000187.jpg,1870,187.0,True
S05,c035,frame_000188.jpg,1880,188.0,True
S05,c035,frame_000189.jpg,1890,189.0,True
S05,c035,frame_000190.jpg,1900,190.0,True
S05,c035,frame_000191.jpg,1910,191.0,True
S05,c035,frame_000192.jpg,1920,192.0,True
S05,c035,frame_000193.jpg,1930,193.0,True
S05,c035,frame_000194.jpg,1940,194.0,True
S05,c035,frame_000195.jpg,1950,195.0,True
S05,c035,frame_000196.jpg,1960,196.0,True
S05,c035,frame_000197.jpg,1970,197.0,True
S05,c035,frame_000198.jpg,1980,198.0,True
S05,c035,frame_000199.jpg,1990,199.0,True
S05,c035,frame_000200.jpg,2000,200.0,True
S05,c035,frame_000201.jpg,2010,201.0,True
S05,c035,frame_000202.jpg,2020,202.0,True
S05,c035,frame_000203.jpg,2030,203.0,True
S05,c035,frame_000204.jpg,2040,204.0,True
S05,c035,frame_000205.jpg,2050,205.0,True
S05,c035,frame_000206.jpg,2060,206.0,True
S05,c035,frame_000207.jpg,2070,207.0,True
S05,c035,frame_000208.jpg,2080,208.0,True
S05,c035,frame_000209.jpg,2090,209.0,True
S05,c035,frame_000210.jpg,2100,210.0,True
S05,c035,frame_000211.jpg,2110,211.0,True
S05,c035,frame_000212.jpg,2120,212.0,True
S05,c035,frame_000213.jpg,2130,213.0,True
S05,c035,frame_000214.jpg,2140,214.0,True
S05,c035,frame_000215.jpg,2150,215.0,True
S05,c035,frame_000216.jpg,2160,216.0,True
S05,c035,frame_000217.jpg,2170,217.0,True
S05,c035,frame_000218.jpg,2180,218.0,True
S05,c035,frame_000219.jpg,2190,219.0,True
S05,c035,frame_000220.jpg,2200,220.0,True
S05,c035,frame_000221.jpg,2210,221.0,True
S05,c035,frame_000222.jpg,2220,222.0,True
S05,c035,frame_000223.jpg,2230,223.0,True
S05,c035,frame_000224.jpg,2240,224.0,True
S05,c035,frame_000225.jpg,2250,225.0,True
S05,c035,frame_000226.jpg,2260,226.0,True
S05,c035,frame_000227.jpg,2270,227.0,True
S05,c035,frame_000228.jpg,2280,228.0,True
S05,c035,frame_000229.jpg,2290,229.0,True
S05,c035,frame_000230.jpg,2300,230.0,True
S05,c035,frame_000231.jpg,2310,231.0,True
S05,c035,frame_000232.jpg,2320,232.0,True
S05,c035,frame_000233.jpg,2330,233.0,True
S05,c035,frame_000234.jpg,2340,234.0,True
S05,c035,frame_000235.jpg,2350,235.0,True
S05,c035,frame_000236.jpg,2360,236.0,True
S05,c035,frame_000237.jpg,2370,237.0,True
S05,c035,frame_000238.jpg,2380,238.0,True
S05,c035,frame_000239.jpg,2390,239.0,True
S05,c035,frame_000240.jpg,2400,240.0,True
S05,c035,frame_000241.jpg,2410,241.0,True
S05,c035,frame_000242.jpg,2420,242.0,True
S05,c035,frame_000243.jpg,2430,243.0,True
S05,c035,frame_000244.jpg,2440,244.0,True
S05,c035,frame_000245.jpg,2450,245.0,True
S05,c035,frame_000246.jpg,2460,246.0,True
S05,c035,frame_000247.jpg,2470,247.0,True
S05,c035,frame_000248.jpg,2480,248.0,True
S05,c035,frame_000249.jpg,2490,249.0,True
S05,c035,frame_000250.jpg,2500,250.0,True
S05,c035,frame_000251.jpg,2510,251.0,True
S05,c035,frame_000252.jpg,2520,252.0,True
S05,c035,frame_000253.jpg,2530,253.0,True
S05,c035,frame_000254.jpg,2540,254.0,True
S05,c035,frame_000255.jpg,2550,255.0,True
S05,c035,frame_000256.jpg,2560,256.0,True
S05,c035,frame_000257.jpg,2570,257.0,True
S05,c035,frame_000258.jpg,2580,258.0,True
S05,c035,frame_000259.jpg,2590,259.0,True
S05,c035,frame_000260.jpg,2600,260.0,True
S05,c035,frame_000261.jpg,2610,261.0,True
S05,c035,frame_000262.jpg,2620,262.0,True
S05,c035,frame_000263.jpg,2630,263.0,True
S05,c035,frame_000264.jpg,2640,264.0,True
S05,c035,frame_000265.jpg,2650,265.0,True
S05,c035,frame_000266.jpg,2660,266.0,True
S05,c035,frame_000267.jpg,2670,267.0,True
S05,c035,frame_000268.jpg,2680,268.0,True
S05,c035,frame_000269.jpg,2690,269.0,True
S05,c035,frame_000270.jpg,2700,270.0,True
S05,c035,frame_000271.jpg,2710,271.0,True
S05,c035,frame_000272.jpg,2720,272.0,True
S05,c035,frame_000273.jpg,2730,273.0,True
S05,c035,frame_000274.jpg,2740,274.0,True
S05,c035,frame_000275.jpg,2750,275.0,True
S05,c035,frame_000276.jpg,2760,276.0,True
S05,c035,frame_000277.jpg,2770,277.0,True
S05,c035,frame_000278.jpg,2780,278.0,True
S05,c035,frame_000279.jpg,2790,279.0,True
S05,c035,frame_000280.jpg,2800,280.0,True
S05,c035,frame_000281.jpg,2810,281.0,True
S05,c035,frame_000282.jpg,2820,282.0,True
S05,c035,frame_000283.jpg,2830,283.0,True
S05,c035,frame_000284.jpg,2840,284.0,True
S05,c035,frame_000285.jpg,2850,285.0,True
S05,c035,frame_000286.jpg,2860,286.0,True
S05,c035,frame_000287.jpg,2870,287.0,True
S05,c035,frame_000288.jpg,2880,288.0,True
S05,c035,frame_000289.jpg,2890,289.0,True
S05,c035,frame_000290.jpg,2900,290.0,True
S05,c035,frame_000291.jpg,2910,291.0,True
S05,c035,frame_000292.jpg,2920,292.0,True
S05,c035,frame_000293.jpg,2930,293.0,True
S05,c035,frame_000294.jpg,2940,294.0,True
S05,c035,frame_000295.jpg,2950,295.0,True
S05,c035,frame_000296.jpg,2960,296.0,True
S05,c035,frame_000297.jpg,2970,297.0,True
S05,c035,frame_000298.jpg,2980,298.0,True
S05,c035,frame_000299.jpg,2990,299.0,True
S05,c035,frame_000300.jpg,3000,300.0,True
S05,c035,frame_000301.jpg,3010,301.0,True
S05,c035,frame_000302.jpg,3020,302.0,True
S05,c035,frame_000303.jpg,3030,303.0,True
S05,c035,frame_000304.jpg,3040,304.0,True
S05,c035,frame_000305.jpg,3050,305.0,True
S05,c035,frame_000306.jpg,3060,306.0,True
S05,c035,frame_000307.jpg,3070,307.0,True
S05,c035,frame_000308.jpg,3080,308.0,True
S05,c035,frame_000309.jpg,3090,309.0,True
S05,c035,frame_000310.jpg,3100,310.0,True
S05,c035,frame_000311.jpg,3110,311.0,True
S05,c035,frame_000312.jpg,3120,312.0,True
S05,c035,frame_000313.jpg,3130,313.0,True
S05,c035,frame_000314.jpg,3140,314.0,True
S05,c035,frame_000315.jpg,3150,315.0,True
S05,c035,frame_000316.jpg,3160,316.0,True
S05,c035,frame_000317.jpg,3170,317.0,True
S05,c035,frame_000318.jpg,3180,318.0,True
S05,c035,frame_000319.jpg,3190,319.0,True
S05,c035,frame_000320.jpg,3200,320.0,True
S05,c035,frame_000321.jpg,3210,321.0,True
S05,c035,frame_000322.jpg,3220,322.0,True
S05,c035,frame_000323.jpg,3230,323.0,True
S05,c035,frame_000324.jpg,3240,324.0,True
S05,c035,frame_000325.jpg,3250,325.0,True
S05,c035,frame_000326.jpg,3260,326.0,True
S05,c035,frame_000327.jpg,3270,327.0,True
S05,c035,frame_000328.jpg,3280,328.0,True
S05,c035,frame_000329.jpg,3290,329.0,True
S05,c035,frame_000330.jpg,3300,330.0,True
S05,c035,frame_000331.jpg,3310,331.0,True
S05,c035,frame_000332.jpg,3320,332.0,True
S05,c035,frame_000333.jpg,3330,333.0,True
S05,c035,frame_000334.jpg,3340,334.0,True
S05,c035,frame_000335.jpg,3350,335.0,True
S05,c035,frame_000336.jpg,3360,336.0,True
S05,c035,frame_000337.jpg,3370,337.0,True
S05,c035,frame_000338.jpg,3380,338.0,True
S05,c035,frame_000339.jpg,3390,339.0,True
S05,c035,frame_000340.jpg,3400,340.0,True
S05,c035,frame_000341.jpg,3410,341.0,True
S05,c035,frame_000342.jpg,3420,342.0,True
S05,c035,frame_000343.jpg,3430,343.0,True
S05,c035,frame_000344.jpg,3440,344.0,True
S05,c035,frame_000345.jpg,3450,345.0,True
S05,c035,frame_000346.jpg,3460,346.0,True
S05,c035,frame_000347.jpg,3470,347.0,True
S05,c036,frame_000000.jpg,0,0.0,True
S05,c036,frame_000001.jpg,10,1.0,True
S05,c036,frame_000002.jpg,20,2.0,True
S05,c036,frame_000003.jpg,30,3.0,True
S05,c036,frame_000004.jpg,40,4.0,True
S05,c036,frame_000005.jpg,50,5.0,True
S05,c036,frame_000006.jpg,60,6.0,True
S05,c036,frame_000007.jpg,70,7.0,True
S05,c036,frame_000008.jpg,80,8.0,True
S05,c036,frame_000009.jpg,90,9.0,True
S05,c036,frame_000010.jpg,100,10.0,True
S05,c036,frame_000011.jpg,110,11.0,True
S05,c036,frame_000012.jpg,120,12.0,True
S05,c036,frame_000013.jpg,130,13.0,True
S05,c036,frame_000014.jpg,140,14.0,True
S05,c036,frame_000015.jpg,150,15.0,True
S05,c036,frame_000016.jpg,160,16.0,True
S05,c036,frame_000017.jpg,170,17.0,True
S05,c036,frame_000018.jpg,180,18.0,True
S05,c036,frame_000019.jpg,190,19.0,True
S05,c036,frame_000020.jpg,200,20.0,True
S05,c036,frame_000021.jpg,210,21.0,True
S05,c036,frame_000022.jpg,220,22.0,True
S05,c036,frame_000023.jpg,230,23.0,True
S05,c036,frame_000024.jpg,240,24.0,True
S05,c036,frame_000025.jpg,250,25.0,True
S05,c036,frame_000026.jpg,260,26.0,True
S05,c036,frame_000027.jpg,270,27.0,True
S05,c036,frame_000028.jpg,280,28.0,True
S05,c036,frame_000029.jpg,290,29.0,True
S05,c036,frame_000030.jpg,300,30.0,True
S05,c036,frame_000031.jpg,310,31.0,True
S05,c036,frame_000032.jpg,320,32.0,True
S05,c036,frame_000033.jpg,330,33.0,True
S05,c036,frame_000034.jpg,340,34.0,True
S05,c036,frame_000035.jpg,350,35.0,True
S05,c036,frame_000036.jpg,360,36.0,True
S05,c036,frame_000037.jpg,370,37.0,True
S05,c036,frame_000038.jpg,380,38.0,True
S05,c036,frame_000039.jpg,390,39.0,True
S05,c036,frame_000040.jpg,400,40.0,True
S05,c036,frame_000041.jpg,410,41.0,True
S05,c036,frame_000042.jpg,420,42.0,True
S05,c036,frame_000043.jpg,430,43.0,True
S05,c036,frame_000044.jpg,440,44.0,True
S05,c036,frame_000045.jpg,450,45.0,True
S05,c036,frame_000046.jpg,460,46.0,True
S05,c036,frame_000047.jpg,470,47.0,True
S05,c036,frame_000048.jpg,480,48.0,True
S05,c036,frame_000049.jpg,490,49.0,True
S05,c036,frame_000050.jpg,500,50.0,True
S05,c036,frame_000051.jpg,510,51.0,True
S05,c036,frame_000052.jpg,520,52.0,True
S05,c036,frame_000053.jpg,530,53.0,True
S05,c036,frame_000054.jpg,540,54.0,True
S05,c036,frame_000055.jpg,550,55.0,True
S05,c036,frame_000056.jpg,560,56.0,True
S05,c036,frame_000057.jpg,570,57.0,True
S05,c036,frame_000058.jpg,580,58.0,True
S05,c036,frame_000059.jpg,590,59.0,True
S05,c036,frame_000060.jpg,600,60.0,True
S05,c036,frame_000061.jpg,610,61.0,True
S05,c036,frame_000062.jpg,620,62.0,True
S05,c036,frame_000063.jpg,630,63.0,True
S05,c036,frame_000064.jpg,640,64.0,True
S05,c036,frame_000065.jpg,650,65.0,True
S05,c036,frame_000066.jpg,660,66.0,True
S05,c036,frame_000067.jpg,670,67.0,True
S05,c036,frame_000068.jpg,680,68.0,True
S05,c036,frame_000069.jpg,690,69.0,True
S05,c036,frame_000070.jpg,700,70.0,True
S05,c036,frame_000071.jpg,710,71.0,True
S05,c036,frame_000072.jpg,720,72.0,True
S05,c036,frame_000073.jpg,730,73.0,True
S05,c036,frame_000074.jpg,740,74.0,True
S05,c036,frame_000075.jpg,750,75.0,True
S05,c036,frame_000076.jpg,760,76.0,True
S05,c036,frame_000077.jpg,770,77.0,True
S05,c036,frame_000078.jpg,780,78.0,True
S05,c036,frame_000079.jpg,790,79.0,True
S05,c036,frame_000080.jpg,800,80.0,True
S05,c036,frame_000081.jpg,810,81.0,True
S05,c036,frame_000082.jpg,820,82.0,True
S05,c036,frame_000083.jpg,830,83.0,True
S05,c036,frame_000084.jpg,840,84.0,True
S05,c036,frame_000085.jpg,850,85.0,True
S05,c036,frame_000086.jpg,860,86.0,True
S05,c036,frame_000087.jpg,870,87.0,True
S05,c036,frame_000088.jpg,880,88.0,True
S05,c036,frame_000089.jpg,890,89.0,True
S05,c036,frame_000090.jpg,900,90.0,True
S05,c036,frame_000091.jpg,910,91.0,True
S05,c036,frame_000092.jpg,920,92.0,True
S05,c036,frame_000093.jpg,930,93.0,True
S05,c036,frame_000094.jpg,940,94.0,True
S05,c036,frame_000095.jpg,950,95.0,True
S05,c036,frame_000096.jpg,960,96.0,True
S05,c036,frame_000097.jpg,970,97.0,True
S05,c036,frame_000098.jpg,980,98.0,True
S05,c036,frame_000099.jpg,990,99.0,True
S05,c036,frame_000100.jpg,1000,100.0,True
S05,c036,frame_000101.jpg,1010,101.0,True
S05,c036,frame_000102.jpg,1020,102.0,True
S05,c036,frame_000103.jpg,1030,103.0,True
S05,c036,frame_000104.jpg,1040,104.0,True
S05,c036,frame_000105.jpg,1050,105.0,True
S05,c036,frame_000106.jpg,1060,106.0,True
S05,c036,frame_000107.jpg,1070,107.0,True
S05,c036,frame_000108.jpg,1080,108.0,True
S05,c036,frame_000109.jpg,1090,109.0,True
S05,c036,frame_000110.jpg,1100,110.0,True
S05,c036,frame_000111.jpg,1110,111.0,True
S05,c036,frame_000112.jpg,1120,112.0,True
S05,c036,frame_000113.jpg,1130,113.0,True
S05,c036,frame_000114.jpg,1140,114.0,True
S05,c036,frame_000115.jpg,1150,115.0,True
S05,c036,frame_000116.jpg,1160,116.0,True
S05,c036,frame_000117.jpg,1170,117.0,True
S05,c036,frame_000118.jpg,1180,118.0,True
S05,c036,frame_000119.jpg,1190,119.0,True
S05,c036,frame_000120.jpg,1200,120.0,True
S05,c036,frame_000121.jpg,1210,121.0,True
S05,c036,frame_000122.jpg,1220,122.0,True
S05,c036,frame_000123.jpg,1230,123.0,True
S05,c036,frame_000124.jpg,1240,124.0,True
S05,c036,frame_000125.jpg,1250,125.0,True
S05,c036,frame_000126.jpg,1260,126.0,True
S05,c036,frame_000127.jpg,1270,127.0,True
S05,c036,frame_000128.jpg,1280,128.0,True
S05,c036,frame_000129.jpg,1290,129.0,True
S05,c036,frame_000130.jpg,1300,130.0,True
S05,c036,frame_000131.jpg,1310,131.0,True
S05,c036,frame_000132.jpg,1320,132.0,True
S05,c036,frame_000133.jpg,1330,133.0,True
S05,c036,frame_000134.jpg,1340,134.0,True
S05,c036,frame_000135.jpg,1350,135.0,True
S05,c036,frame_000136.jpg,1360,136.0,True
S05,c036,frame_000137.jpg,1370,137.0,True
S05,c036,frame_000138.jpg,1380,138.0,True
S05,c036,frame_000139.jpg,1390,139.0,True
S05,c036,frame_000140.jpg,1400,140.0,True
S05,c036,frame_000141.jpg,1410,141.0,True
S05,c036,frame_000142.jpg,1420,142.0,True
S05,c036,frame_000143.jpg,1430,143.0,True
S05,c036,frame_000144.jpg,1440,144.0,True
S05,c036,frame_000145.jpg,1450,145.0,True
S05,c036,frame_000146.jpg,1460,146.0,True
S05,c036,frame_000147.jpg,1470,147.0,True
S05,c036,frame_000148.jpg,1480,148.0,True
S05,c036,frame_000149.jpg,1490,149.0,True
S05,c036,frame_000150.jpg,1500,150.0,True
S05,c036,frame_000151.jpg,1510,151.0,True
S05,c036,frame_000152.jpg,1520,152.0,True
S05,c036,frame_000153.jpg,1530,153.0,True
S05,c036,frame_000154.jpg,1540,154.0,True
S05,c036,frame_000155.jpg,1550,155.0,True
S05,c036,frame_000156.jpg,1560,156.0,True
S05,c036,frame_000157.jpg,1570,157.0,True
S05,c036,frame_000158.jpg,1580,158.0,True
S05,c036,frame_000159.jpg,1590,159.0,True
S05,c036,frame_000160.jpg,1600,160.0,True
S05,c036,frame_000161.jpg,1610,161.0,True
S05,c036,frame_000162.jpg,1620,162.0,True
S05,c036,frame_000163.jpg,1630,163.0,True
S05,c036,frame_000164.jpg,1640,164.0,True
S05,c036,frame_000165.jpg,1650,165.0,True
S05,c036,frame_000166.jpg,1660,166.0,True
S05,c036,frame_000167.jpg,1670,167.0,True
S05,c036,frame_000168.jpg,1680,168.0,True
S05,c036,frame_000169.jpg,1690,169.0,True
S05,c036,frame_000170.jpg,1700,170.0,True
S05,c036,frame_000171.jpg,1710,171.0,True
S05,c036,frame_000172.jpg,1720,172.0,True
S05,c036,frame_000173.jpg,1730,173.0,True
S05,c036,frame_000174.jpg,1740,174.0,True
S05,c036,frame_000175.jpg,1750,175.0,True
S05,c036,frame_000176.jpg,1760,176.0,True
S05,c036,frame_000177.jpg,1770,177.0,True
S05,c036,frame_000178.jpg,1780,178.0,True
S05,c036,frame_000179.jpg,1790,179.0,True
S05,c036,frame_000180.jpg,1800,180.0,True
S05,c036,frame_000181.jpg,1810,181.0,True
S05,c036,frame_000182.jpg,1820,182.0,True
S05,c036,frame_000183.jpg,1830,183.0,True
S05,c036,frame_000184.jpg,1840,184.0,True
S05,c036,frame_000185.jpg,1850,185.0,True
S05,c036,frame_000186.jpg,1860,186.0,True
S05,c036,frame_000187.jpg,1870,187.0,True
S05,c036,frame_000188.jpg,1880,188.0,True
S05,c036,frame_000189.jpg,1890,189.0,True
S05,c036,frame_000190.jpg,1900,190.0,True
S05,c036,frame_000191.jpg,1910,191.0,True
S05,c036,frame_000192.jpg,1920,192.0,True
S05,c036,frame_000193.jpg,1930,193.0,True
S05,c036,frame_000194.jpg,1940,194.0,True
S05,c036,frame_000195.jpg,1950,195.0,True
S05,c036,frame_000196.jpg,1960,196.0,True
S05,c036,frame_000197.jpg,1970,197.0,True
S05,c036,frame_000198.jpg,1980,198.0,True
S05,c036,frame_000199.jpg,1990,199.0,True
S05,c036,frame_000200.jpg,2000,200.0,True
S05,c036,frame_000201.jpg,2010,201.0,True
S05,c036,frame_000202.jpg,2020,202.0,True
S05,c036,frame_000203.jpg,2030,203.0,True
S05,c036,frame_000204.jpg,2040,204.0,True
S05,c036,frame_000205.jpg,2050,205.0,True
S05,c036,frame_000206.jpg,2060,206.0,True
S05,c036,frame_000207.jpg,2070,207.0,True
S05,c036,frame_000208.jpg,2080,208.0,True
S05,c036,frame_000209.jpg,2090,209.0,True
S05,c036,frame_000210.jpg,2100,210.0,True
S05,c036,frame_000211.jpg,2110,211.0,True
S05,c036,frame_000212.jpg,2120,212.0,True
S05,c036,frame_000213.jpg,2130,213.0,True
S05,c036,frame_000214.jpg,2140,214.0,True
S05,c036,frame_000215.jpg,2150,215.0,True
S05,c036,frame_000216.jpg,2160,216.0,True
S05,c036,frame_000217.jpg,2170,217.0,True
S05,c036,frame_000218.jpg,2180,218.0,True
S05,c036,frame_000219.jpg,2190,219.0,True
S05,c036,frame_000220.jpg,2200,220.0,True
S05,c036,frame_000221.jpg,2210,221.0,True
S05,c036,frame_000222.jpg,2220,222.0,True
S05,c036,frame_000223.jpg,2230,223.0,True
S05,c036,frame_000224.jpg,2240,224.0,True
S05,c036,frame_000225.jpg,2250,225.0,True
S05,c036,frame_000226.jpg,2260,226.0,True
S05,c036,frame_000227.jpg,2270,227.0,True
S05,c036,frame_000228.jpg,2280,228.0,True
S05,c036,frame_000229.jpg,2290,229.0,True
S05,c036,frame_000230.jpg,2300,230.0,True
S05,c036,frame_000231.jpg,2310,231.0,True
S05,c036,frame_000232.jpg,2320,232.0,True
S05,c036,frame_000233.jpg,2330,233.0,True
S05,c036,frame_000234.jpg,2340,234.0,True
S05,c036,frame_000235.jpg,2350,235.0,True
S05,c036,frame_000236.jpg,2360,236.0,True
S05,c036,frame_000237.jpg,2370,237.0,True
S05,c036,frame_000238.jpg,2380,238.0,True
S05,c036,frame_000239.jpg,2390,239.0,True
S05,c036,frame_000240.jpg,2400,240.0,True
S05,c036,frame_000241.jpg,2410,241.0,True
S05,c036,frame_000242.jpg,2420,242.0,True
S05,c036,frame_000243.jpg,2430,243.0,True
S05,c036,frame_000244.jpg,2440,244.0,True
S05,c036,frame_000245.jpg,2450,245.0,True
S05,c036,frame_000246.jpg,2460,246.0,True
S05,c036,frame_000247.jpg,2470,247.0,True
S05,c036,frame_000248.jpg,2480,248.0,True
S05,c036,frame_000249.jpg,2490,249.0,True
S05,c036,frame_000250.jpg,2500,250.0,True
S05,c036,frame_000251.jpg,2510,251.0,True
S05,c036,frame_000252.jpg,2520,252.0,True
S05,c036,frame_000253.jpg,2530,253.0,True
S05,c036,frame_000254.jpg,2540,254.0,True
S05,c036,frame_000255.jpg,2550,255.0,True
S05,c036,frame_000256.jpg,2560,256.0,True
S05,c036,frame_000257.jpg,2570,257.0,True
S05,c036,frame_000258.jpg,2580,258.0,True
S05,c036,frame_000259.jpg,2590,259.0,True
S05,c036,frame_000260.jpg,2600,260.0,True
S05,c036,frame_000261.jpg,2610,261.0,True
S05,c036,frame_000262.jpg,2620,262.0,True
S05,c036,frame_000263.jpg,2630,263.0,True
S05,c036,frame_000264.jpg,2640,264.0,True
S05,c036,frame_000265.jpg,2650,265.0,True
S05,c036,frame_000266.jpg,2660,266.0,True
S05,c036,frame_000267.jpg,2670,267.0,True
S05,c036,frame_000268.jpg,2680,268.0,True
S05,c036,frame_000269.jpg,2690,269.0,True
S05,c036,frame_000270.jpg,2700,270.0,True
S05,c036,frame_000271.jpg,2710,271.0,True
S05,c036,frame_000272.jpg,2720,272.0,True
S05,c036,frame_000273.jpg,2730,273.0,True
S05,c036,frame_000274.jpg,2740,274.0,True
S05,c036,frame_000275.jpg,2750,275.0,True
S05,c036,frame_000276.jpg,2760,276.0,True
S05,c036,frame_000277.jpg,2770,277.0,True
S05,c036,frame_000278.jpg,2780,278.0,True
S05,c036,frame_000279.jpg,2790,279.0,True
S05,c036,frame_000280.jpg,2800,280.0,True
S05,c036,frame_000281.jpg,2810,281.0,True
S05,c036,frame_000282.jpg,2820,282.0,True
S05,c036,frame_000283.jpg,2830,283.0,True
S05,c036,frame_000284.jpg,2840,284.0,True
S05,c036,frame_000285.jpg,2850,285.0,True
S05,c036,frame_000286.jpg,2860,286.0,True
S05,c036,frame_000287.jpg,2870,287.0,True
S05,c036,frame_000288.jpg,2880,288.0,True
S05,c036,frame_000289.jpg,2890,289.0,True
S05,c036,frame_000290.jpg,2900,290.0,True
S05,c036,frame_000291.jpg,2910,291.0,True
S05,c036,frame_000292.jpg,2920,292.0,True
S05,c036,frame_000293.jpg,2930,293.0,True
S05,c036,frame_000294.jpg,2940,294.0,True
S05,c036,frame_000295.jpg,2950,295.0,True
S05,c036,frame_000296.jpg,2960,296.0,True
S05,c036,frame_000297.jpg,2970,297.0,True
S05,c036,frame_000298.jpg,2980,298.0,True
S05,c036,frame_000299.jpg,2990,299.0,True
S05,c036,frame_000300.jpg,3000,300.0,True
S05,c036,frame_000301.jpg,3010,301.0,True
S05,c036,frame_000302.jpg,3020,302.0,True
S05,c036,frame_000303.jpg,3030,303.0,True
S05,c036,frame_000304.jpg,3040,304.0,True
S05,c036,frame_000305.jpg,3050,305.0,True
S05,c036,frame_000306.jpg,3060,306.0,True
S05,c036,frame_000307.jpg,3070,307.0,True
S05,c036,frame_000308.jpg,3080,308.0,True
S05,c036,frame_000309.jpg,3090,309.0,True
S05,c036,frame_000310.jpg,3100,310.0,True
S05,c036,frame_000311.jpg,3110,311.0,True
S05,c036,frame_000312.jpg,3120,312.0,True
S05,c036,frame_000313.jpg,3130,313.0,True
S05,c036,frame_000314.jpg,3140,314.0,True
S05,c036,frame_000315.jpg,3150,315.0,True
S05,c036,frame_000316.jpg,3160,316.0,True
S05,c036,frame_000317.jpg,3170,317.0,True
S05,c036,frame_000318.jpg,3180,318.0,True
S05,c036,frame_000319.jpg,3190,319.0,True
S05,c036,frame_000320.jpg,3200,320.0,True
S05,c036,frame_000321.jpg,3210,321.0,True
S05,c036,frame_000322.jpg,3220,322.0,True
S05,c036,frame_000323.jpg,3230,323.0,True
S05,c036,frame_000324.jpg,3240,324.0,True
S05,c036,frame_000325.jpg,3250,325.0,True
S05,c036,frame_000326.jpg,3260,326.0,True
S05,c036,frame_000327.jpg,3270,327.0,True
S05,c036,frame_000328.jpg,3280,328.0,True
S05,c036,frame_000329.jpg,3290,329.0,True
S05,c036,frame_000330.jpg,3300,330.0,True
S05,c036,frame_000331.jpg,3310,331.0,True
S05,c036,frame_000332.jpg,3320,332.0,True
S05,c036,frame_000333.jpg,3330,333.0,True
S05,c036,frame_000334.jpg,3340,334.0,True
S05,c036,frame_000335.jpg,3350,335.0,True
S05,c036,frame_000336.jpg,3360,336.0,True
S05,c036,frame_000337.jpg,3370,337.0,True
S05,c036,frame_000338.jpg,3380,338.0,True
S05,c036,frame_000339.jpg,3390,339.0,True
S05,c036,frame_000340.jpg,3400,340.0,True
S05,c036,frame_000341.jpg,3410,341.0,True
S05,c036,frame_000342.jpg,3420,342.0,True
S05,c036,frame_000343.jpg,3430,343.0,True
S01,c001,frame_000000.jpg,0,0.0,True
S01,c001,frame_000001.jpg,10,1.0,True
S01,c001,frame_000002.jpg,20,2.0,True
S01,c001,frame_000003.jpg,30,3.0,True
S01,c001,frame_000004.jpg,40,4.0,True
S01,c001,frame_000005.jpg,50,5.0,True
S01,c001,frame_000006.jpg,60,6.0,True
S01,c001,frame_000007.jpg,70,7.0,True
S01,c001,frame_000008.jpg,80,8.0,True
S01,c001,frame_000009.jpg,90,9.0,True
S01,c001,frame_000010.jpg,100,10.0,True
S01,c001,frame_000011.jpg,110,11.0,True
S01,c001,frame_000012.jpg,120,12.0,True
S01,c001,frame_000013.jpg,130,13.0,True
S01,c001,frame_000014.jpg,140,14.0,True
S01,c001,frame_000015.jpg,150,15.0,True
S01,c001,frame_000016.jpg,160,16.0,True
S01,c001,frame_000017.jpg,170,17.0,True
S01,c001,frame_000018.jpg,180,18.0,True
S01,c001,frame_000019.jpg,190,19.0,True
S01,c001,frame_000020.jpg,200,20.0,True
S01,c001,frame_000021.jpg,210,21.0,True
S01,c001,frame_000022.jpg,220,22.0,True
S01,c001,frame_000023.jpg,230,23.0,True
S01,c001,frame_000024.jpg,240,24.0,True
S01,c001,frame_000025.jpg,250,25.0,True
S01,c001,frame_000026.jpg,260,26.0,True
S01,c001,frame_000027.jpg,270,27.0,True
S01,c001,frame_000028.jpg,280,28.0,True
S01,c001,frame_000029.jpg,290,29.0,True
S01,c001,frame_000030.jpg,300,30.0,True
S01,c001,frame_000031.jpg,310,31.0,True
S01,c001,frame_000032.jpg,320,32.0,True
S01,c001,frame_000033.jpg,330,33.0,True
S01,c001,frame_000034.jpg,340,34.0,True
S01,c001,frame_000035.jpg,350,35.0,True
S01,c001,frame_000036.jpg,360,36.0,True
S01,c001,frame_000037.jpg,370,37.0,True
S01,c001,frame_000038.jpg,380,38.0,True
S01,c001,frame_000039.jpg,390,39.0,True
S01,c001,frame_000040.jpg,400,40.0,True
S01,c001,frame_000041.jpg,410,41.0,True
S01,c001,frame_000042.jpg,420,42.0,True
S01,c001,frame_000043.jpg,430,43.0,True
S01,c001,frame_000044.jpg,440,44.0,True
S01,c001,frame_000045.jpg,450,45.0,True
S01,c001,frame_000046.jpg,460,46.0,True
S01,c001,frame_000047.jpg,470,47.0,True
S01,c001,frame_000048.jpg,480,48.0,True
S01,c001,frame_000049.jpg,490,49.0,True
S01,c001,frame_000050.jpg,500,50.0,True
S01,c001,frame_000051.jpg,510,51.0,True
S01,c001,frame_000052.jpg,520,52.0,True
S01,c001,frame_000053.jpg,530,53.0,True
S01,c001,frame_000054.jpg,540,54.0,True
S01,c001,frame_000055.jpg,550,55.0,True
S01,c001,frame_000056.jpg,560,56.0,True
S01,c001,frame_000057.jpg,570,57.0,True
S01,c001,frame_000058.jpg,580,58.0,True
S01,c001,frame_000059.jpg,590,59.0,True
S01,c001,frame_000060.jpg,600,60.0,True
S01,c001,frame_000061.jpg,610,61.0,True
S01,c001,frame_000062.jpg,620,62.0,True
S01,c001,frame_000063.jpg,630,63.0,True
S01,c001,frame_000064.jpg,640,64.0,True
S01,c001,frame_000065.jpg,650,65.0,True
S01,c001,frame_000066.jpg,660,66.0,True
S01,c001,frame_000067.jpg,670,67.0,True
S01,c001,frame_000068.jpg,680,68.0,True
S01,c001,frame_000069.jpg,690,69.0,True
S01,c001,frame_000070.jpg,700,70.0,True
S01,c001,frame_000071.jpg,710,71.0,True
S01,c001,frame_000072.jpg,720,72.0,True
S01,c001,frame_000073.jpg,730,73.0,True
S01,c001,frame_000074.jpg,740,74.0,True
S01,c001,frame_000075.jpg,750,75.0,True
S01,c001,frame_000076.jpg,760,76.0,True
S01,c001,frame_000077.jpg,770,77.0,True
S01,c001,frame_000078.jpg,780,78.0,True
S01,c001,frame_000079.jpg,790,79.0,True
S01,c001,frame_000080.jpg,800,80.0,True
S01,c001,frame_000081.jpg,810,81.0,True
S01,c001,frame_000082.jpg,820,82.0,True
S01,c001,frame_000083.jpg,830,83.0,True
S01,c001,frame_000084.jpg,840,84.0,True
S01,c001,frame_000085.jpg,850,85.0,True
S01,c001,frame_000086.jpg,860,86.0,True
S01,c001,frame_000087.jpg,870,87.0,True
S01,c001,frame_000088.jpg,880,88.0,True
S01,c001,frame_000089.jpg,890,89.0,True
S01,c001,frame_000090.jpg,900,90.0,True
S01,c001,frame_000091.jpg,910,91.0,True
S01,c001,frame_000092.jpg,920,92.0,True
S01,c001,frame_000093.jpg,930,93.0,True
S01,c001,frame_000094.jpg,940,94.0,True
S01,c001,frame_000095.jpg,950,95.0,True
S01,c001,frame_000096.jpg,960,96.0,True
S01,c001,frame_000097.jpg,970,97.0,True
S01,c001,frame_000098.jpg,980,98.0,True
S01,c001,frame_000099.jpg,990,99.0,True
S01,c001,frame_000100.jpg,1000,100.0,True
S01,c001,frame_000101.jpg,1010,101.0,True
S01,c001,frame_000102.jpg,1020,102.0,True
S01,c001,frame_000103.jpg,1030,103.0,True
S01,c001,frame_000104.jpg,1040,104.0,True
S01,c001,frame_000105.jpg,1050,105.0,True
S01,c001,frame_000106.jpg,1060,106.0,True
S01,c001,frame_000107.jpg,1070,107.0,True
S01,c001,frame_000108.jpg,1080,108.0,True
S01,c001,frame_000109.jpg,1090,109.0,True
S01,c001,frame_000110.jpg,1100,110.0,True
S01,c001,frame_000111.jpg,1110,111.0,True
S01,c001,frame_000112.jpg,1120,112.0,True
S01,c001,frame_000113.jpg,1130,113.0,True
S01,c001,frame_000114.jpg,1140,114.0,True
S01,c001,frame_000115.jpg,1150,115.0,True
S01,c001,frame_000116.jpg,1160,116.0,True
S01,c001,frame_000117.jpg,1170,117.0,True
S01,c001,frame_000118.jpg,1180,118.0,True
S01,c001,frame_000119.jpg,1190,119.0,True
S01,c001,frame_000120.jpg,1200,120.0,True
S01,c001,frame_000121.jpg,1210,121.0,True
S01,c001,frame_000122.jpg,1220,122.0,True
S01,c001,frame_000123.jpg,1230,123.0,True
S01,c001,frame_000124.jpg,1240,124.0,True
S01,c001,frame_000125.jpg,1250,125.0,True
S01,c001,frame_000126.jpg,1260,126.0,True
S01,c001,frame_000127.jpg,1270,127.0,True
S01,c001,frame_000128.jpg,1280,128.0,True
S01,c001,frame_000129.jpg,1290,129.0,True
S01,c001,frame_000130.jpg,1300,130.0,True
S01,c001,frame_000131.jpg,1310,131.0,True
S01,c001,frame_000132.jpg,1320,132.0,True
S01,c001,frame_000133.jpg,1330,133.0,True
S01,c001,frame_000134.jpg,1340,134.0,True
S01,c001,frame_000135.jpg,1350,135.0,True
S01,c001,frame_000136.jpg,1360,136.0,True
S01,c001,frame_000137.jpg,1370,137.0,True
S01,c001,frame_000138.jpg,1380,138.0,True
S01,c001,frame_000139.jpg,1390,139.0,True
S01,c001,frame_000140.jpg,1400,140.0,True
S01,c001,frame_000141.jpg,1410,141.0,True
S01,c001,frame_000142.jpg,1420,142.0,True
S01,c001,frame_000143.jpg,1430,143.0,True
S01,c001,frame_000144.jpg,1440,144.0,True
S01,c001,frame_000145.jpg,1450,145.0,True
S01,c001,frame_000146.jpg,1460,146.0,True
S01,c001,frame_000147.jpg,1470,147.0,True
S01,c001,frame_000148.jpg,1480,148.0,True
S01,c001,frame_000149.jpg,1490,149.0,True
S01,c001,frame_000150.jpg,1500,150.0,True
S01,c001,frame_000151.jpg,1510,151.0,True
S01,c001,frame_000152.jpg,1520,152.0,True
S01,c001,frame_000153.jpg,1530,153.0,True
S01,c001,frame_000154.jpg,1540,154.0,True
S01,c001,frame_000155.jpg,1550,155.0,True
S01,c001,frame_000156.jpg,1560,156.0,True
S01,c001,frame_000157.jpg,1570,157.0,True
S01,c001,frame_000158.jpg,1580,158.0,True
S01,c001,frame_000159.jpg,1590,159.0,True
S01,c001,frame_000160.jpg,1600,160.0,True
S01,c001,frame_000161.jpg,1610,161.0,True
S01,c001,frame_000162.jpg,1620,162.0,True
S01,c001,frame_000163.jpg,1630,163.0,True
S01,c001,frame_000164.jpg,1640,164.0,True
S01,c001,frame_000165.jpg,1650,165.0,True
S01,c001,frame_000166.jpg,1660,166.0,True
S01,c001,frame_000167.jpg,1670,167.0,True
S01,c001,frame_000168.jpg,1680,168.0,True
S01,c001,frame_000169.jpg,1690,169.0,True
S01,c001,frame_000170.jpg,1700,170.0,True
S01,c001,frame_000171.jpg,1710,171.0,True
S01,c001,frame_000172.jpg,1720,172.0,True
S01,c001,frame_000173.jpg,1730,173.0,True
S01,c001,frame_000174.jpg,1740,174.0,True
S01,c001,frame_000175.jpg,1750,175.0,True
S01,c001,frame_000176.jpg,1760,176.0,True
S01,c001,frame_000177.jpg,1770,177.0,True
S01,c001,frame_000178.jpg,1780,178.0,True
S01,c001,frame_000179.jpg,1790,179.0,True
S01,c001,frame_000180.jpg,1800,180.0,True
S01,c001,frame_000181.jpg,1810,181.0,True
S01,c001,frame_000182.jpg,1820,182.0,True
S01,c001,frame_000183.jpg,1830,183.0,True
S01,c001,frame_000184.jpg,1840,184.0,True
S01,c001,frame_000185.jpg,1850,185.0,True
S01,c001,frame_000186.jpg,1860,186.0,True
S01,c001,frame_000187.jpg,1870,187.0,True
S01,c001,frame_000188.jpg,1880,188.0,True
S01,c001,frame_000189.jpg,1890,189.0,True
S01,c001,frame_000190.jpg,1900,190.0,True
S01,c001,frame_000191.jpg,1910,191.0,True
S01,c001,frame_000192.jpg,1920,192.0,True
S01,c001,frame_000193.jpg,1930,193.0,True
S01,c001,frame_000194.jpg,1940,194.0,True
S01,c001,frame_000195.jpg,1950,195.0,True
S01,c002,frame_000000.jpg,0,0.0,True
S01,c002,frame_000001.jpg,10,1.0,True
S01,c002,frame_000002.jpg,20,2.0,True
S01,c002,frame_000003.jpg,30,3.0,True
S01,c002,frame_000004.jpg,40,4.0,True
S01,c002,frame_000005.jpg,50,5.0,True
S01,c002,frame_000006.jpg,60,6.0,True
S01,c002,frame_000007.jpg,70,7.0,True
S01,c002,frame_000008.jpg,80,8.0,True
S01,c002,frame_000009.jpg,90,9.0,True
S01,c002,frame_000010.jpg,100,10.0,True
S01,c002,frame_000011.jpg,110,11.0,True
S01,c002,frame_000012.jpg,120,12.0,True
S01,c002,frame_000013.jpg,130,13.0,True
S01,c002,frame_000014.jpg,140,14.0,True
S01,c002,frame_000015.jpg,150,15.0,True
S01,c002,frame_000016.jpg,160,16.0,True
S01,c002,frame_000017.jpg,170,17.0,True
S01,c002,frame_000018.jpg,180,18.0,True
S01,c002,frame_000019.jpg,190,19.0,True
S01,c002,frame_000020.jpg,200,20.0,True
S01,c002,frame_000021.jpg,210,21.0,True
S01,c002,frame_000022.jpg,220,22.0,True
S01,c002,frame_000023.jpg,230,23.0,True
S01,c002,frame_000024.jpg,240,24.0,True
S01,c002,frame_000025.jpg,250,25.0,True
S01,c002,frame_000026.jpg,260,26.0,True
S01,c002,frame_000027.jpg,270,27.0,True
S01,c002,frame_000028.jpg,280,28.0,True
S01,c002,frame_000029.jpg,290,29.0,True
S01,c002,frame_000030.jpg,300,30.0,True
S01,c002,frame_000031.jpg,310,31.0,True
S01,c002,frame_000032.jpg,320,32.0,True
S01,c002,frame_000033.jpg,330,33.0,True
S01,c002,frame_000034.jpg,340,34.0,True
S01,c002,frame_000035.jpg,350,35.0,True
S01,c002,frame_000036.jpg,360,36.0,True
S01,c002,frame_000037.jpg,370,37.0,True
S01,c002,frame_000038.jpg,380,38.0,True
S01,c002,frame_000039.jpg,390,39.0,True
S01,c002,frame_000040.jpg,400,40.0,True
S01,c002,frame_000041.jpg,410,41.0,True
S01,c002,frame_000042.jpg,420,42.0,True
S01,c002,frame_000043.jpg,430,43.0,True
S01,c002,frame_000044.jpg,440,44.0,True
S01,c002,frame_000045.jpg,450,45.0,True
S01,c002,frame_000046.jpg,460,46.0,True
S01,c002,frame_000047.jpg,470,47.0,True
S01,c002,frame_000048.jpg,480,48.0,True
S01,c002,frame_000049.jpg,490,49.0,True
S01,c002,frame_000050.jpg,500,50.0,True
S01,c002,frame_000051.jpg,510,51.0,True
S01,c002,frame_000052.jpg,520,52.0,True
S01,c002,frame_000053.jpg,530,53.0,True
S01,c002,frame_000054.jpg,540,54.0,True
S01,c002,frame_000055.jpg,550,55.0,True
S01,c002,frame_000056.jpg,560,56.0,True
S01,c002,frame_000057.jpg,570,57.0,True
S01,c002,frame_000058.jpg,580,58.0,True
S01,c002,frame_000059.jpg,590,59.0,True
S01,c002,frame_000060.jpg,600,60.0,True
S01,c002,frame_000061.jpg,610,61.0,True
S01,c002,frame_000062.jpg,620,62.0,True
S01,c002,frame_000063.jpg,630,63.0,True
S01,c002,frame_000064.jpg,640,64.0,True
S01,c002,frame_000065.jpg,650,65.0,True
S01,c002,frame_000066.jpg,660,66.0,True
S01,c002,frame_000067.jpg,670,67.0,True
S01,c002,frame_000068.jpg,680,68.0,True
S01,c002,frame_000069.jpg,690,69.0,True
S01,c002,frame_000070.jpg,700,70.0,True
S01,c002,frame_000071.jpg,710,71.0,True
S01,c002,frame_000072.jpg,720,72.0,True
S01,c002,frame_000073.jpg,730,73.0,True
S01,c002,frame_000074.jpg,740,74.0,True
S01,c002,frame_000075.jpg,750,75.0,True
S01,c002,frame_000076.jpg,760,76.0,True
S01,c002,frame_000077.jpg,770,77.0,True
S01,c002,frame_000078.jpg,780,78.0,True
S01,c002,frame_000079.jpg,790,79.0,True
S01,c002,frame_000080.jpg,800,80.0,True
S01,c002,frame_000081.jpg,810,81.0,True
S01,c002,frame_000082.jpg,820,82.0,True
S01,c002,frame_000083.jpg,830,83.0,True
S01,c002,frame_000084.jpg,840,84.0,True
S01,c002,frame_000085.jpg,850,85.0,True
S01,c002,frame_000086.jpg,860,86.0,True
S01,c002,frame_000087.jpg,870,87.0,True
S01,c002,frame_000088.jpg,880,88.0,True
S01,c002,frame_000089.jpg,890,89.0,True
S01,c002,frame_000090.jpg,900,90.0,True
S01,c002,frame_000091.jpg,910,91.0,True
S01,c002,frame_000092.jpg,920,92.0,True
S01,c002,frame_000093.jpg,930,93.0,True
S01,c002,frame_000094.jpg,940,94.0,True
S01,c002,frame_000095.jpg,950,95.0,True
S01,c002,frame_000096.jpg,960,96.0,True
S01,c002,frame_000097.jpg,970,97.0,True
S01,c002,frame_000098.jpg,980,98.0,True
S01,c002,frame_000099.jpg,990,99.0,True
S01,c002,frame_000100.jpg,1000,100.0,True
S01,c002,frame_000101.jpg,1010,101.0,True
S01,c002,frame_000102.jpg,1020,102.0,True
S01,c002,frame_000103.jpg,1030,103.0,True
S01,c002,frame_000104.jpg,1040,104.0,True
S01,c002,frame_000105.jpg,1050,105.0,True
S01,c002,frame_000106.jpg,1060,106.0,True
S01,c002,frame_000107.jpg,1070,107.0,True
S01,c002,frame_000108.jpg,1080,108.0,True
S01,c002,frame_000109.jpg,1090,109.0,True
S01,c002,frame_000110.jpg,1100,110.0,True
S01,c002,frame_000111.jpg,1110,111.0,True
S01,c002,frame_000112.jpg,1120,112.0,True
S01,c002,frame_000113.jpg,1130,113.0,True
S01,c002,frame_000114.jpg,1140,114.0,True
S01,c002,frame_000115.jpg,1150,115.0,True
S01,c002,frame_000116.jpg,1160,116.0,True
S01,c002,frame_000117.jpg,1170,117.0,True
S01,c002,frame_000118.jpg,1180,118.0,True
S01,c002,frame_000119.jpg,1190,119.0,True
S01,c002,frame_000120.jpg,1200,120.0,True
S01,c002,frame_000121.jpg,1210,121.0,True
S01,c002,frame_000122.jpg,1220,122.0,True
S01,c002,frame_000123.jpg,1230,123.0,True
S01,c002,frame_000124.jpg,1240,124.0,True
S01,c002,frame_000125.jpg,1250,125.0,True
S01,c002,frame_000126.jpg,1260,126.0,True
S01,c002,frame_000127.jpg,1270,127.0,True
S01,c002,frame_000128.jpg,1280,128.0,True
S01,c002,frame_000129.jpg,1290,129.0,True
S01,c002,frame_000130.jpg,1300,130.0,True
S01,c002,frame_000131.jpg,1310,131.0,True
S01,c002,frame_000132.jpg,1320,132.0,True
S01,c002,frame_000133.jpg,1330,133.0,True
S01,c002,frame_000134.jpg,1340,134.0,True
S01,c002,frame_000135.jpg,1350,135.0,True
S01,c002,frame_000136.jpg,1360,136.0,True
S01,c002,frame_000137.jpg,1370,137.0,True
S01,c002,frame_000138.jpg,1380,138.0,True
S01,c002,frame_000139.jpg,1390,139.0,True
S01,c002,frame_000140.jpg,1400,140.0,True
S01,c002,frame_000141.jpg,1410,141.0,True
S01,c002,frame_000142.jpg,1420,142.0,True
S01,c002,frame_000143.jpg,1430,143.0,True
S01,c002,frame_000144.jpg,1440,144.0,True
S01,c002,frame_000145.jpg,1450,145.0,True
S01,c002,frame_000146.jpg,1460,146.0,True
S01,c002,frame_000147.jpg,1470,147.0,True
S01,c002,frame_000148.jpg,1480,148.0,True
S01,c002,frame_000149.jpg,1490,149.0,True
S01,c002,frame_000150.jpg,1500,150.0,True
S01,c002,frame_000151.jpg,1510,151.0,True
S01,c002,frame_000152.jpg,1520,152.0,True
S01,c002,frame_000153.jpg,1530,153.0,True
S01,c002,frame_000154.jpg,1540,154.0,True
S01,c002,frame_000155.jpg,1550,155.0,True
S01,c002,frame_000156.jpg,1560,156.0,True
S01,c002,frame_000157.jpg,1570,157.0,True
S01,c002,frame_000158.jpg,1580,158.0,True
S01,c002,frame_000159.jpg,1590,159.0,True
S01,c002,frame_000160.jpg,1600,160.0,True
S01,c002,frame_000161.jpg,1610,161.0,True
S01,c002,frame_000162.jpg,1620,162.0,True
S01,c002,frame_000163.jpg,1630,163.0,True
S01,c002,frame_000164.jpg,1640,164.0,True
S01,c002,frame_000165.jpg,1650,165.0,True
S01,c002,frame_000166.jpg,1660,166.0,True
S01,c002,frame_000167.jpg,1670,167.0,True
S01,c002,frame_000168.jpg,1680,168.0,True
S01,c002,frame_000169.jpg,1690,169.0,True
S01,c002,frame_000170.jpg,1700,170.0,True
S01,c002,frame_000171.jpg,1710,171.0,True
S01,c002,frame_000172.jpg,1720,172.0,True
S01,c002,frame_000173.jpg,1730,173.0,True
S01,c002,frame_000174.jpg,1740,174.0,True
S01,c002,frame_000175.jpg,1750,175.0,True
S01,c002,frame_000176.jpg,1760,176.0,True
S01,c002,frame_000177.jpg,1770,177.0,True
S01,c002,frame_000178.jpg,1780,178.0,True
S01,c002,frame_000179.jpg,1790,179.0,True
S01,c002,frame_000180.jpg,1800,180.0,True
S01,c002,frame_000181.jpg,1810,181.0,True
S01,c002,frame_000182.jpg,1820,182.0,True
S01,c002,frame_000183.jpg,1830,183.0,True
S01,c002,frame_000184.jpg,1840,184.0,True
S01,c002,frame_000185.jpg,1850,185.0,True
S01,c002,frame_000186.jpg,1860,186.0,True
S01,c002,frame_000187.jpg,1870,187.0,True
S01,c002,frame_000188.jpg,1880,188.0,True
S01,c002,frame_000189.jpg,1890,189.0,True
S01,c002,frame_000190.jpg,1900,190.0,True
S01,c002,frame_000191.jpg,1910,191.0,True
S01,c002,frame_000192.jpg,1920,192.0,True
S01,c002,frame_000193.jpg,1930,193.0,True
S01,c002,frame_000194.jpg,1940,194.0,True
S01,c002,frame_000195.jpg,1950,195.0,True
S01,c002,frame_000196.jpg,1960,196.0,True
S01,c002,frame_000197.jpg,1970,197.0,True
S01,c002,frame_000198.jpg,1980,198.0,True
S01,c002,frame_000199.jpg,1990,199.0,True
S01,c002,frame_000200.jpg,2000,200.0,True
S01,c002,frame_000201.jpg,2010,201.0,True
S01,c002,frame_000202.jpg,2020,202.0,True
S01,c002,frame_000203.jpg,2030,203.0,True
S01,c002,frame_000204.jpg,2040,204.0,True
S01,c002,frame_000205.jpg,2050,205.0,True
S01,c002,frame_000206.jpg,2060,206.0,True
S01,c002,frame_000207.jpg,2070,207.0,True
S01,c002,frame_000208.jpg,2080,208.0,True
S01,c002,frame_000209.jpg,2090,209.0,True
S01,c002,frame_000210.jpg,2100,210.0,True
S01,c003,frame_000000.jpg,0,0.0,True
S01,c003,frame_000001.jpg,10,1.0,True
S01,c003,frame_000002.jpg,20,2.0,True
S01,c003,frame_000003.jpg,30,3.0,True
S01,c003,frame_000004.jpg,40,4.0,True
S01,c003,frame_000005.jpg,50,5.0,True
S01,c003,frame_000006.jpg,60,6.0,True
S01,c003,frame_000007.jpg,70,7.0,True
S01,c003,frame_000008.jpg,80,8.0,True
S01,c003,frame_000009.jpg,90,9.0,True
S01,c003,frame_000010.jpg,100,10.0,True
S01,c003,frame_000011.jpg,110,11.0,True
S01,c003,frame_000012.jpg,120,12.0,True
S01,c003,frame_000013.jpg,130,13.0,True
S01,c003,frame_000014.jpg,140,14.0,True
S01,c003,frame_000015.jpg,150,15.0,True
S01,c003,frame_000016.jpg,160,16.0,True
S01,c003,frame_000017.jpg,170,17.0,True
S01,c003,frame_000018.jpg,180,18.0,True
S01,c003,frame_000019.jpg,190,19.0,True
S01,c003,frame_000020.jpg,200,20.0,True
S01,c003,frame_000021.jpg,210,21.0,True
S01,c003,frame_000022.jpg,220,22.0,True
S01,c003,frame_000023.jpg,230,23.0,True
S01,c003,frame_000024.jpg,240,24.0,True
S01,c003,frame_000025.jpg,250,25.0,True
S01,c003,frame_000026.jpg,260,26.0,True
S01,c003,frame_000027.jpg,270,27.0,True
S01,c003,frame_000028.jpg,280,28.0,True
S01,c003,frame_000029.jpg,290,29.0,True
S01,c003,frame_000030.jpg,300,30.0,True
S01,c003,frame_000031.jpg,310,31.0,True
S01,c003,frame_000032.jpg,320,32.0,True
S01,c003,frame_000033.jpg,330,33.0,True
S01,c003,frame_000034.jpg,340,34.0,True
S01,c003,frame_000035.jpg,350,35.0,True
S01,c003,frame_000036.jpg,360,36.0,True
S01,c003,frame_000037.jpg,370,37.0,True
S01,c003,frame_000038.jpg,380,38.0,True
S01,c003,frame_000039.jpg,390,39.0,True
S01,c003,frame_000040.jpg,400,40.0,True
S01,c003,frame_000041.jpg,410,41.0,True
S01,c003,frame_000042.jpg,420,42.0,True
S01,c003,frame_000043.jpg,430,43.0,True
S01,c003,frame_000044.jpg,440,44.0,True
S01,c003,frame_000045.jpg,450,45.0,True
S01,c003,frame_000046.jpg,460,46.0,True
S01,c003,frame_000047.jpg,470,47.0,True
S01,c003,frame_000048.jpg,480,48.0,True
S01,c003,frame_000049.jpg,490,49.0,True
S01,c003,frame_000050.jpg,500,50.0,True
S01,c003,frame_000051.jpg,510,51.0,True
S01,c003,frame_000052.jpg,520,52.0,True
S01,c003,frame_000053.jpg,530,53.0,True
S01,c003,frame_000054.jpg,540,54.0,True
S01,c003,frame_000055.jpg,550,55.0,True
S01,c003,frame_000056.jpg,560,56.0,True
S01,c003,frame_000057.jpg,570,57.0,True
S01,c003,frame_000058.jpg,580,58.0,True
S01,c003,frame_000059.jpg,590,59.0,True
S01,c003,frame_000060.jpg,600,60.0,True
S01,c003,frame_000061.jpg,610,61.0,True
S01,c003,frame_000062.jpg,620,62.0,True
S01,c003,frame_000063.jpg,630,63.0,True
S01,c003,frame_000064.jpg,640,64.0,True
S01,c003,frame_000065.jpg,650,65.0,True
S01,c003,frame_000066.jpg,660,66.0,True
S01,c003,frame_000067.jpg,670,67.0,True
S01,c003,frame_000068.jpg,680,68.0,True
S01,c003,frame_000069.jpg,690,69.0,True
S01,c003,frame_000070.jpg,700,70.0,True
S01,c003,frame_000071.jpg,710,71.0,True
S01,c003,frame_000072.jpg,720,72.0,True
S01,c003,frame_000073.jpg,730,73.0,True
S01,c003,frame_000074.jpg,740,74.0,True
S01,c003,frame_000075.jpg,750,75.0,True
S01,c003,frame_000076.jpg,760,76.0,True
S01,c003,frame_000077.jpg,770,77.0,True
S01,c003,frame_000078.jpg,780,78.0,True
S01,c003,frame_000079.jpg,790,79.0,True
S01,c003,frame_000080.jpg,800,80.0,True
S01,c003,frame_000081.jpg,810,81.0,True
S01,c003,frame_000082.jpg,820,82.0,True
S01,c003,frame_000083.jpg,830,83.0,True
S01,c003,frame_000084.jpg,840,84.0,True
S01,c003,frame_000085.jpg,850,85.0,True
S01,c003,frame_000086.jpg,860,86.0,True
S01,c003,frame_000087.jpg,870,87.0,True
S01,c003,frame_000088.jpg,880,88.0,True
S01,c003,frame_000089.jpg,890,89.0,True
S01,c003,frame_000090.jpg,900,90.0,True
S01,c003,frame_000091.jpg,910,91.0,True
S01,c003,frame_000092.jpg,920,92.0,True
S01,c003,frame_000093.jpg,930,93.0,True
S01,c003,frame_000094.jpg,940,94.0,True
S01,c003,frame_000095.jpg,950,95.0,True
S01,c003,frame_000096.jpg,960,96.0,True
S01,c003,frame_000097.jpg,970,97.0,True
S01,c003,frame_000098.jpg,980,98.0,True
S01,c003,frame_000099.jpg,990,99.0,True
S01,c003,frame_000100.jpg,1000,100.0,True
S01,c003,frame_000101.jpg,1010,101.0,True
S01,c003,frame_000102.jpg,1020,102.0,True
S01,c003,frame_000103.jpg,1030,103.0,True
S01,c003,frame_000104.jpg,1040,104.0,True
S01,c003,frame_000105.jpg,1050,105.0,True
S01,c003,frame_000106.jpg,1060,106.0,True
S01,c003,frame_000107.jpg,1070,107.0,True
S01,c003,frame_000108.jpg,1080,108.0,True
S01,c003,frame_000109.jpg,1090,109.0,True
S01,c003,frame_000110.jpg,1100,110.0,True
S01,c003,frame_000111.jpg,1110,111.0,True
S01,c003,frame_000112.jpg,1120,112.0,True
S01,c003,frame_000113.jpg,1130,113.0,True
S01,c003,frame_000114.jpg,1140,114.0,True
S01,c003,frame_000115.jpg,1150,115.0,True
S01,c003,frame_000116.jpg,1160,116.0,True
S01,c003,frame_000117.jpg,1170,117.0,True
S01,c003,frame_000118.jpg,1180,118.0,True
S01,c003,frame_000119.jpg,1190,119.0,True
S01,c003,frame_000120.jpg,1200,120.0,True
S01,c003,frame_000121.jpg,1210,121.0,True
S01,c003,frame_000122.jpg,1220,122.0,True
S01,c003,frame_000123.jpg,1230,123.0,True
S01,c003,frame_000124.jpg,1240,124.0,True
S01,c003,frame_000125.jpg,1250,125.0,True
S01,c003,frame_000126.jpg,1260,126.0,True
S01,c003,frame_000127.jpg,1270,127.0,True
S01,c003,frame_000128.jpg,1280,128.0,True
S01,c003,frame_000129.jpg,1290,129.0,True
S01,c003,frame_000130.jpg,1300,130.0,True
S01,c003,frame_000131.jpg,1310,131.0,True
S01,c003,frame_000132.jpg,1320,132.0,True
S01,c003,frame_000133.jpg,1330,133.0,True
S01,c003,frame_000134.jpg,1340,134.0,True
S01,c003,frame_000135.jpg,1350,135.0,True
S01,c003,frame_000136.jpg,1360,136.0,True
S01,c003,frame_000137.jpg,1370,137.0,True
S01,c003,frame_000138.jpg,1380,138.0,True
S01,c003,frame_000139.jpg,1390,139.0,True
S01,c003,frame_000140.jpg,1400,140.0,True
S01,c003,frame_000141.jpg,1410,141.0,True
S01,c003,frame_000142.jpg,1420,142.0,True
S01,c003,frame_000143.jpg,1430,143.0,True
S01,c003,frame_000144.jpg,1440,144.0,True
S01,c003,frame_000145.jpg,1450,145.0,True
S01,c003,frame_000146.jpg,1460,146.0,True
S01,c003,frame_000147.jpg,1470,147.0,True
S01,c003,frame_000148.jpg,1480,148.0,True
S01,c003,frame_000149.jpg,1490,149.0,True
S01,c003,frame_000150.jpg,1500,150.0,True
S01,c003,frame_000151.jpg,1510,151.0,True
S01,c003,frame_000152.jpg,1520,152.0,True
S01,c003,frame_000153.jpg,1530,153.0,True
S01,c003,frame_000154.jpg,1540,154.0,True
S01,c003,frame_000155.jpg,1550,155.0,True
S01,c003,frame_000156.jpg,1560,156.0,True
S01,c003,frame_000157.jpg,1570,157.0,True
S01,c003,frame_000158.jpg,1580,158.0,True
S01,c003,frame_000159.jpg,1590,159.0,True
S01,c003,frame_000160.jpg,1600,160.0,True
S01,c003,frame_000161.jpg,1610,161.0,True
S01,c003,frame_000162.jpg,1620,162.0,True
S01,c003,frame_000163.jpg,1630,163.0,True
S01,c003,frame_000164.jpg,1640,164.0,True
S01,c003,frame_000165.jpg,1650,165.0,True
S01,c003,frame_000166.jpg,1660,166.0,True
S01,c003,frame_000167.jpg,1670,167.0,True
S01,c003,frame_000168.jpg,1680,168.0,True
S01,c003,frame_000169.jpg,1690,169.0,True
S01,c003,frame_000170.jpg,1700,170.0,True
S01,c003,frame_000171.jpg,1710,171.0,True
S01,c003,frame_000172.jpg,1720,172.0,True
S01,c003,frame_000173.jpg,1730,173.0,True
S01,c003,frame_000174.jpg,1740,174.0,True
S01,c003,frame_000175.jpg,1750,175.0,True
S01,c003,frame_000176.jpg,1760,176.0,True
S01,c003,frame_000177.jpg,1770,177.0,True
S01,c003,frame_000178.jpg,1780,178.0,True
S01,c003,frame_000179.jpg,1790,179.0,True
S01,c003,frame_000180.jpg,1800,180.0,True
S01,c003,frame_000181.jpg,1810,181.0,True
S01,c003,frame_000182.jpg,1820,182.0,True
S01,c003,frame_000183.jpg,1830,183.0,True
S01,c003,frame_000184.jpg,1840,184.0,True
S01,c003,frame_000185.jpg,1850,185.0,True
S01,c003,frame_000186.jpg,1860,186.0,True
S01,c003,frame_000187.jpg,1870,187.0,True
S01,c003,frame_000188.jpg,1880,188.0,True
S01,c003,frame_000189.jpg,1890,189.0,True
S01,c003,frame_000190.jpg,1900,190.0,True
S01,c003,frame_000191.jpg,1910,191.0,True
S01,c003,frame_000192.jpg,1920,192.0,True
S01,c003,frame_000193.jpg,1930,193.0,True
S01,c003,frame_000194.jpg,1940,194.0,True
S01,c003,frame_000195.jpg,1950,195.0,True
S01,c003,frame_000196.jpg,1960,196.0,True
S01,c003,frame_000197.jpg,1970,197.0,True
S01,c003,frame_000198.jpg,1980,198.0,True
S01,c003,frame_000199.jpg,1990,199.0,True
S01,c004,frame_000000.jpg,0,0.0,True
S01,c004,frame_000001.jpg,10,1.0,True
S01,c004,frame_000002.jpg,20,2.0,True
S01,c004,frame_000003.jpg,30,3.0,True
S01,c004,frame_000004.jpg,40,4.0,True
S01,c004,frame_000005.jpg,50,5.0,True
S01,c004,frame_000006.jpg,60,6.0,True
S01,c004,frame_000007.jpg,70,7.0,True
S01,c004,frame_000008.jpg,80,8.0,True
S01,c004,frame_000009.jpg,90,9.0,True
S01,c004,frame_000010.jpg,100,10.0,True
S01,c004,frame_000011.jpg,110,11.0,True
S01,c004,frame_000012.jpg,120,12.0,True
S01,c004,frame_000013.jpg,130,13.0,True
S01,c004,frame_000014.jpg,140,14.0,True
S01,c004,frame_000015.jpg,150,15.0,True
S01,c004,frame_000016.jpg,160,16.0,True
S01,c004,frame_000017.jpg,170,17.0,True
S01,c004,frame_000018.jpg,180,18.0,True
S01,c004,frame_000019.jpg,190,19.0,True
S01,c004,frame_000020.jpg,200,20.0,True
S01,c004,frame_000021.jpg,210,21.0,True
S01,c004,frame_000022.jpg,220,22.0,True
S01,c004,frame_000023.jpg,230,23.0,True
S01,c004,frame_000024.jpg,240,24.0,True
S01,c004,frame_000025.jpg,250,25.0,True
S01,c004,frame_000026.jpg,260,26.0,True
S01,c004,frame_000027.jpg,270,27.0,True
S01,c004,frame_000028.jpg,280,28.0,True
S01,c004,frame_000029.jpg,290,29.0,True
S01,c004,frame_000030.jpg,300,30.0,True
S01,c004,frame_000031.jpg,310,31.0,True
S01,c004,frame_000032.jpg,320,32.0,True
S01,c004,frame_000033.jpg,330,33.0,True
S01,c004,frame_000034.jpg,340,34.0,True
S01,c004,frame_000035.jpg,350,35.0,True
S01,c004,frame_000036.jpg,360,36.0,True
S01,c004,frame_000037.jpg,370,37.0,True
S01,c004,frame_000038.jpg,380,38.0,True
S01,c004,frame_000039.jpg,390,39.0,True
S01,c004,frame_000040.jpg,400,40.0,True
S01,c004,frame_000041.jpg,410,41.0,True
S01,c004,frame_000042.jpg,420,42.0,True
S01,c004,frame_000043.jpg,430,43.0,True
S01,c004,frame_000044.jpg,440,44.0,True
S01,c004,frame_000045.jpg,450,45.0,True
S01,c004,frame_000046.jpg,460,46.0,True
S01,c004,frame_000047.jpg,470,47.0,True
S01,c004,frame_000048.jpg,480,48.0,True
S01,c004,frame_000049.jpg,490,49.0,True
S01,c004,frame_000050.jpg,500,50.0,True
S01,c004,frame_000051.jpg,510,51.0,True
S01,c004,frame_000052.jpg,520,52.0,True
S01,c004,frame_000053.jpg,530,53.0,True
S01,c004,frame_000054.jpg,540,54.0,True
S01,c004,frame_000055.jpg,550,55.0,True
S01,c004,frame_000056.jpg,560,56.0,True
S01,c004,frame_000057.jpg,570,57.0,True
S01,c004,frame_000058.jpg,580,58.0,True
S01,c004,frame_000059.jpg,590,59.0,True
S01,c004,frame_000060.jpg,600,60.0,True
S01,c004,frame_000061.jpg,610,61.0,True
S01,c004,frame_000062.jpg,620,62.0,True
S01,c004,frame_000063.jpg,630,63.0,True
S01,c004,frame_000064.jpg,640,64.0,True
S01,c004,frame_000065.jpg,650,65.0,True
S01,c004,frame_000066.jpg,660,66.0,True
S01,c004,frame_000067.jpg,670,67.0,True
S01,c004,frame_000068.jpg,680,68.0,True
S01,c004,frame_000069.jpg,690,69.0,True
S01,c004,frame_000070.jpg,700,70.0,True
S01,c004,frame_000071.jpg,710,71.0,True
S01,c004,frame_000072.jpg,720,72.0,True
S01,c004,frame_000073.jpg,730,73.0,True
S01,c004,frame_000074.jpg,740,74.0,True
S01,c004,frame_000075.jpg,750,75.0,True
S01,c004,frame_000076.jpg,760,76.0,True
S01,c004,frame_000077.jpg,770,77.0,True
S01,c004,frame_000078.jpg,780,78.0,True
S01,c004,frame_000079.jpg,790,79.0,True
S01,c004,frame_000080.jpg,800,80.0,True
S01,c004,frame_000081.jpg,810,81.0,True
S01,c004,frame_000082.jpg,820,82.0,True
S01,c004,frame_000083.jpg,830,83.0,True
S01,c004,frame_000084.jpg,840,84.0,True
S01,c004,frame_000085.jpg,850,85.0,True
S01,c004,frame_000086.jpg,860,86.0,True
S01,c004,frame_000087.jpg,870,87.0,True
S01,c004,frame_000088.jpg,880,88.0,True
S01,c004,frame_000089.jpg,890,89.0,True
S01,c004,frame_000090.jpg,900,90.0,True
S01,c004,frame_000091.jpg,910,91.0,True
S01,c004,frame_000092.jpg,920,92.0,True
S01,c004,frame_000093.jpg,930,93.0,True
S01,c004,frame_000094.jpg,940,94.0,True
S01,c004,frame_000095.jpg,950,95.0,True
S01,c004,frame_000096.jpg,960,96.0,True
S01,c004,frame_000097.jpg,970,97.0,True
S01,c004,frame_000098.jpg,980,98.0,True
S01,c004,frame_000099.jpg,990,99.0,True
S01,c004,frame_000100.jpg,1000,100.0,True
S01,c004,frame_000101.jpg,1010,101.0,True
S01,c004,frame_000102.jpg,1020,102.0,True
S01,c004,frame_000103.jpg,1030,103.0,True
S01,c004,frame_000104.jpg,1040,104.0,True
S01,c004,frame_000105.jpg,1050,105.0,True
S01,c004,frame_000106.jpg,1060,106.0,True
S01,c004,frame_000107.jpg,1070,107.0,True
S01,c004,frame_000108.jpg,1080,108.0,True
S01,c004,frame_000109.jpg,1090,109.0,True
S01,c004,frame_000110.jpg,1100,110.0,True
S01,c004,frame_000111.jpg,1110,111.0,True
S01,c004,frame_000112.jpg,1120,112.0,True
S01,c004,frame_000113.jpg,1130,113.0,True
S01,c004,frame_000114.jpg,1140,114.0,True
S01,c004,frame_000115.jpg,1150,115.0,True
S01,c004,frame_000116.jpg,1160,116.0,True
S01,c004,frame_000117.jpg,1170,117.0,True
S01,c004,frame_000118.jpg,1180,118.0,True
S01,c004,frame_000119.jpg,1190,119.0,True
S01,c004,frame_000120.jpg,1200,120.0,True
S01,c004,frame_000121.jpg,1210,121.0,True
S01,c004,frame_000122.jpg,1220,122.0,True
S01,c004,frame_000123.jpg,1230,123.0,True
S01,c004,frame_000124.jpg,1240,124.0,True
S01,c004,frame_000125.jpg,1250,125.0,True
S01,c004,frame_000126.jpg,1260,126.0,True
S01,c004,frame_000127.jpg,1270,127.0,True
S01,c004,frame_000128.jpg,1280,128.0,True
S01,c004,frame_000129.jpg,1290,129.0,True
S01,c004,frame_000130.jpg,1300,130.0,True
S01,c004,frame_000131.jpg,1310,131.0,True
S01,c004,frame_000132.jpg,1320,132.0,True
S01,c004,frame_000133.jpg,1330,133.0,True
S01,c004,frame_000134.jpg,1340,134.0,True
S01,c004,frame_000135.jpg,1350,135.0,True
S01,c004,frame_000136.jpg,1360,136.0,True
S01,c004,frame_000137.jpg,1370,137.0,True
S01,c004,frame_000138.jpg,1380,138.0,True
S01,c004,frame_000139.jpg,1390,139.0,True
S01,c004,frame_000140.jpg,1400,140.0,True
S01,c004,frame_000141.jpg,1410,141.0,True
S01,c004,frame_000142.jpg,1420,142.0,True
S01,c004,frame_000143.jpg,1430,143.0,True
S01,c004,frame_000144.jpg,1440,144.0,True
S01,c004,frame_000145.jpg,1450,145.0,True
S01,c004,frame_000146.jpg,1460,146.0,True
S01,c004,frame_000147.jpg,1470,147.0,True
S01,c004,frame_000148.jpg,1480,148.0,True
S01,c004,frame_000149.jpg,1490,149.0,True
S01,c004,frame_000150.jpg,1500,150.0,True
S01,c004,frame_000151.jpg,1510,151.0,True
S01,c004,frame_000152.jpg,1520,152.0,True
S01,c004,frame_000153.jpg,1530,153.0,True
S01,c004,frame_000154.jpg,1540,154.0,True
S01,c004,frame_000155.jpg,1550,155.0,True
S01,c004,frame_000156.jpg,1560,156.0,True
S01,c004,frame_000157.jpg,1570,157.0,True
S01,c004,frame_000158.jpg,1580,158.0,True
S01,c004,frame_000159.jpg,1590,159.0,True
S01,c004,frame_000160.jpg,1600,160.0,True
S01,c004,frame_000161.jpg,1610,161.0,True
S01,c004,frame_000162.jpg,1620,162.0,True
S01,c004,frame_000163.jpg,1630,163.0,True
S01,c004,frame_000164.jpg,1640,164.0,True
S01,c004,frame_000165.jpg,1650,165.0,True
S01,c004,frame_000166.jpg,1660,166.0,True
S01,c004,frame_000167.jpg,1670,167.0,True
S01,c004,frame_000168.jpg,1680,168.0,True
S01,c004,frame_000169.jpg,1690,169.0,True
S01,c004,frame_000170.jpg,1700,170.0,True
S01,c004,frame_000171.jpg,1710,171.0,True
S01,c004,frame_000172.jpg,1720,172.0,True
S01,c004,frame_000173.jpg,1730,173.0,True
S01,c004,frame_000174.jpg,1740,174.0,True
S01,c004,frame_000175.jpg,1750,175.0,True
S01,c004,frame_000176.jpg,1760,176.0,True
S01,c004,frame_000177.jpg,1770,177.0,True
S01,c004,frame_000178.jpg,1780,178.0,True
S01,c004,frame_000179.jpg,1790,179.0,True
S01,c004,frame_000180.jpg,1800,180.0,True
S01,c004,frame_000181.jpg,1810,181.0,True
S01,c004,frame_000182.jpg,1820,182.0,True
S01,c004,frame_000183.jpg,1830,183.0,True
S01,c004,frame_000184.jpg,1840,184.0,True
S01,c004,frame_000185.jpg,1850,185.0,True
S01,c004,frame_000186.jpg,1860,186.0,True
S01,c004,frame_000187.jpg,1870,187.0,True
S01,c004,frame_000188.jpg,1880,188.0,True
S01,c004,frame_000189.jpg,1890,189.0,True
S01,c004,frame_000190.jpg,1900,190.0,True
S01,c004,frame_000191.jpg,1910,191.0,True
S01,c004,frame_000192.jpg,1920,192.0,True
S01,c004,frame_000193.jpg,1930,193.0,True
S01,c004,frame_000194.jpg,1940,194.0,True
S01,c004,frame_000195.jpg,1950,195.0,True
S01,c004,frame_000196.jpg,1960,196.0,True
S01,c004,frame_000197.jpg,1970,197.0,True
S01,c004,frame_000198.jpg,1980,198.0,True
S01,c004,frame_000199.jpg,1990,199.0,True
S01,c004,frame_000200.jpg,2000,200.0,True
S01,c004,frame_000201.jpg,2010,201.0,True
S01,c004,frame_000202.jpg,2020,202.0,True
S01,c004,frame_000203.jpg,2030,203.0,True
S01,c004,frame_000204.jpg,2040,204.0,True
S01,c004,frame_000205.jpg,2050,205.0,True
S01,c004,frame_000206.jpg,2060,206.0,True
S01,c004,frame_000207.jpg,2070,207.0,True
S01,c004,frame_000208.jpg,2080,208.0,True
S01,c004,frame_000209.jpg,2090,209.0,True
S01,c004,frame_000210.jpg,2100,210.0,True
S01,c005,frame_000000.jpg,0,0.0,True
S01,c005,frame_000001.jpg,10,1.0,True
S01,c005,frame_000002.jpg,20,2.0,True
S01,c005,frame_000003.jpg,30,3.0,True
S01,c005,frame_000004.jpg,40,4.0,True
S01,c005,frame_000005.jpg,50,5.0,True
S01,c005,frame_000006.jpg,60,6.0,True
S01,c005,frame_000007.jpg,70,7.0,True
S01,c005,frame_000008.jpg,80,8.0,True
S01,c005,frame_000009.jpg,90,9.0,True
S01,c005,frame_000010.jpg,100,10.0,True
S01,c005,frame_000011.jpg,110,11.0,True
S01,c005,frame_000012.jpg,120,12.0,True
S01,c005,frame_000013.jpg,130,13.0,True
S01,c005,frame_000014.jpg,140,14.0,True
S01,c005,frame_000015.jpg,150,15.0,True
S01,c005,frame_000016.jpg,160,16.0,True
S01,c005,frame_000017.jpg,170,17.0,True
S01,c005,frame_000018.jpg,180,18.0,True
S01,c005,frame_000019.jpg,190,19.0,True
S01,c005,frame_000020.jpg,200,20.0,True
S01,c005,frame_000021.jpg,210,21.0,True
S01,c005,frame_000022.jpg,220,22.0,True
S01,c005,frame_000023.jpg,230,23.0,True
S01,c005,frame_000024.jpg,240,24.0,True
S01,c005,frame_000025.jpg,250,25.0,True
S01,c005,frame_000026.jpg,260,26.0,True
S01,c005,frame_000027.jpg,270,27.0,True
S01,c005,frame_000028.jpg,280,28.0,True
S01,c005,frame_000029.jpg,290,29.0,True
S01,c005,frame_000030.jpg,300,30.0,True
S01,c005,frame_000031.jpg,310,31.0,True
S01,c005,frame_000032.jpg,320,32.0,True
S01,c005,frame_000033.jpg,330,33.0,True
S01,c005,frame_000034.jpg,340,34.0,True
S01,c005,frame_000035.jpg,350,35.0,True
S01,c005,frame_000036.jpg,360,36.0,True
S01,c005,frame_000037.jpg,370,37.0,True
S01,c005,frame_000038.jpg,380,38.0,True
S01,c005,frame_000039.jpg,390,39.0,True
S01,c005,frame_000040.jpg,400,40.0,True
S01,c005,frame_000041.jpg,410,41.0,True
S01,c005,frame_000042.jpg,420,42.0,True
S01,c005,frame_000043.jpg,430,43.0,True
S01,c005,frame_000044.jpg,440,44.0,True
S01,c005,frame_000045.jpg,450,45.0,True
S01,c005,frame_000046.jpg,460,46.0,True
S01,c005,frame_000047.jpg,470,47.0,True
S01,c005,frame_000048.jpg,480,48.0,True
S01,c005,frame_000049.jpg,490,49.0,True
S01,c005,frame_000050.jpg,500,50.0,True
S01,c005,frame_000051.jpg,510,51.0,True
S01,c005,frame_000052.jpg,520,52.0,True
S01,c005,frame_000053.jpg,530,53.0,True
S01,c005,frame_000054.jpg,540,54.0,True
S01,c005,frame_000055.jpg,550,55.0,True
S01,c005,frame_000056.jpg,560,56.0,True
S01,c005,frame_000057.jpg,570,57.0,True
S01,c005,frame_000058.jpg,580,58.0,True
S01,c005,frame_000059.jpg,590,59.0,True
S01,c005,frame_000060.jpg,600,60.0,True
S01,c005,frame_000061.jpg,610,61.0,True
S01,c005,frame_000062.jpg,620,62.0,True
S01,c005,frame_000063.jpg,630,63.0,True
S01,c005,frame_000064.jpg,640,64.0,True
S01,c005,frame_000065.jpg,650,65.0,True
S01,c005,frame_000066.jpg,660,66.0,True
S01,c005,frame_000067.jpg,670,67.0,True
S01,c005,frame_000068.jpg,680,68.0,True
S01,c005,frame_000069.jpg,690,69.0,True
S01,c005,frame_000070.jpg,700,70.0,True
S01,c005,frame_000071.jpg,710,71.0,True
S01,c005,frame_000072.jpg,720,72.0,True
S01,c005,frame_000073.jpg,730,73.0,True
S01,c005,frame_000074.jpg,740,74.0,True
S01,c005,frame_000075.jpg,750,75.0,True
S01,c005,frame_000076.jpg,760,76.0,True
S01,c005,frame_000077.jpg,770,77.0,True
S01,c005,frame_000078.jpg,780,78.0,True
S01,c005,frame_000079.jpg,790,79.0,True
S01,c005,frame_000080.jpg,800,80.0,True
S01,c005,frame_000081.jpg,810,81.0,True
S01,c005,frame_000082.jpg,820,82.0,True
S01,c005,frame_000083.jpg,830,83.0,True
S01,c005,frame_000084.jpg,840,84.0,True
S01,c005,frame_000085.jpg,850,85.0,True
S01,c005,frame_000086.jpg,860,86.0,True
S01,c005,frame_000087.jpg,870,87.0,True
S01,c005,frame_000088.jpg,880,88.0,True
S01,c005,frame_000089.jpg,890,89.0,True
S01,c005,frame_000090.jpg,900,90.0,True
S01,c005,frame_000091.jpg,910,91.0,True
S01,c005,frame_000092.jpg,920,92.0,True
S01,c005,frame_000093.jpg,930,93.0,True
S01,c005,frame_000094.jpg,940,94.0,True
S01,c005,frame_000095.jpg,950,95.0,True
S01,c005,frame_000096.jpg,960,96.0,True
S01,c005,frame_000097.jpg,970,97.0,True
S01,c005,frame_000098.jpg,980,98.0,True
S01,c005,frame_000099.jpg,990,99.0,True
S01,c005,frame_000100.jpg,1000,100.0,True
S01,c005,frame_000101.jpg,1010,101.0,True
S01,c005,frame_000102.jpg,1020,102.0,True
S01,c005,frame_000103.jpg,1030,103.0,True
S01,c005,frame_000104.jpg,1040,104.0,True
S01,c005,frame_000105.jpg,1050,105.0,True
S01,c005,frame_000106.jpg,1060,106.0,True
S01,c005,frame_000107.jpg,1070,107.0,True
S01,c005,frame_000108.jpg,1080,108.0,True
S01,c005,frame_000109.jpg,1090,109.0,True
S01,c005,frame_000110.jpg,1100,110.0,True
S01,c005,frame_000111.jpg,1110,111.0,True
S01,c005,frame_000112.jpg,1120,112.0,True
S01,c005,frame_000113.jpg,1130,113.0,True
S01,c005,frame_000114.jpg,1140,114.0,True
S01,c005,frame_000115.jpg,1150,115.0,True
S01,c005,frame_000116.jpg,1160,116.0,True
S01,c005,frame_000117.jpg,1170,117.0,True
S01,c005,frame_000118.jpg,1180,118.0,True
S01,c005,frame_000119.jpg,1190,119.0,True
S01,c005,frame_000120.jpg,1200,120.0,True
S01,c005,frame_000121.jpg,1210,121.0,True
S01,c005,frame_000122.jpg,1220,122.0,True
S01,c005,frame_000123.jpg,1230,123.0,True
S01,c005,frame_000124.jpg,1240,124.0,True
S01,c005,frame_000125.jpg,1250,125.0,True
S01,c005,frame_000126.jpg,1260,126.0,True
S01,c005,frame_000127.jpg,1270,127.0,True
S01,c005,frame_000128.jpg,1280,128.0,True
S01,c005,frame_000129.jpg,1290,129.0,True
S01,c005,frame_000130.jpg,1300,130.0,True
S01,c005,frame_000131.jpg,1310,131.0,True
S01,c005,frame_000132.jpg,1320,132.0,True
S01,c005,frame_000133.jpg,1330,133.0,True
S01,c005,frame_000134.jpg,1340,134.0,True
S01,c005,frame_000135.jpg,1350,135.0,True
S01,c005,frame_000136.jpg,1360,136.0,True
S01,c005,frame_000137.jpg,1370,137.0,True
S01,c005,frame_000138.jpg,1380,138.0,True
S01,c005,frame_000139.jpg,1390,139.0,True
S01,c005,frame_000140.jpg,1400,140.0,True
S01,c005,frame_000141.jpg,1410,141.0,True
S01,c005,frame_000142.jpg,1420,142.0,True
S01,c005,frame_000143.jpg,1430,143.0,True
S01,c005,frame_000144.jpg,1440,144.0,True
S01,c005,frame_000145.jpg,1450,145.0,True
S01,c005,frame_000146.jpg,1460,146.0,True
S01,c005,frame_000147.jpg,1470,147.0,True
S01,c005,frame_000148.jpg,1480,148.0,True
S01,c005,frame_000149.jpg,1490,149.0,True
S01,c005,frame_000150.jpg,1500,150.0,True
S01,c005,frame_000151.jpg,1510,151.0,True
S01,c005,frame_000152.jpg,1520,152.0,True
S01,c005,frame_000153.jpg,1530,153.0,True
S01,c005,frame_000154.jpg,1540,154.0,True
S01,c005,frame_000155.jpg,1550,155.0,True
S01,c005,frame_000156.jpg,1560,156.0,True
S01,c005,frame_000157.jpg,1570,157.0,True
S01,c005,frame_000158.jpg,1580,158.0,True
S01,c005,frame_000159.jpg,1590,159.0,True
S01,c005,frame_000160.jpg,1600,160.0,True
S01,c005,frame_000161.jpg,1610,161.0,True
S01,c005,frame_000162.jpg,1620,162.0,True
S01,c005,frame_000163.jpg,1630,163.0,True
S01,c005,frame_000164.jpg,1640,164.0,True
S01,c005,frame_000165.jpg,1650,165.0,True
S01,c005,frame_000166.jpg,1660,166.0,True
S01,c005,frame_000167.jpg,1670,167.0,True
S01,c005,frame_000168.jpg,1680,168.0,True
S01,c005,frame_000169.jpg,1690,169.0,True
S01,c005,frame_000170.jpg,1700,170.0,True
S01,c005,frame_000171.jpg,1710,171.0,True
S01,c005,frame_000172.jpg,1720,172.0,True
S01,c005,frame_000173.jpg,1730,173.0,True
S01,c005,frame_000174.jpg,1740,174.0,True
S01,c005,frame_000175.jpg,1750,175.0,True
S01,c005,frame_000176.jpg,1760,176.0,True
S01,c005,frame_000177.jpg,1770,177.0,True
S01,c005,frame_000178.jpg,1780,178.0,True
S01,c005,frame_000179.jpg,1790,179.0,True
S01,c005,frame_000180.jpg,1800,180.0,True
S01,c005,frame_000181.jpg,1810,181.0,True
S01,c005,frame_000182.jpg,1820,182.0,True
S01,c005,frame_000183.jpg,1830,183.0,True
S01,c005,frame_000184.jpg,1840,184.0,True
S01,c005,frame_000185.jpg,1850,185.0,True
S01,c005,frame_000186.jpg,1860,186.0,True
S01,c005,frame_000187.jpg,1870,187.0,True
S01,c005,frame_000188.jpg,1880,188.0,True
S01,c005,frame_000189.jpg,1890,189.0,True
S01,c005,frame_000190.jpg,1900,190.0,True
S01,c005,frame_000191.jpg,1910,191.0,True
S01,c005,frame_000192.jpg,1920,192.0,True
S01,c005,frame_000193.jpg,1930,193.0,True
S01,c005,frame_000194.jpg,1940,194.0,True
S01,c005,frame_000195.jpg,1950,195.0,True
S01,c005,frame_000196.jpg,1960,196.0,True
S01,c005,frame_000197.jpg,1970,197.0,True
S01,c005,frame_000198.jpg,1980,198.0,True
S01,c005,frame_000199.jpg,1990,199.0,True
S01,c005,frame_000200.jpg,2000,200.0,True
S01,c005,frame_000201.jpg,2010,201.0,True
S01,c005,frame_000202.jpg,2020,202.0,True
S01,c005,frame_000203.jpg,2030,203.0,True
S01,c005,frame_000204.jpg,2040,204.0,True
S01,c005,frame_000205.jpg,2050,205.0,True
S01,c005,frame_000206.jpg,2060,206.0,True
S01,c005,frame_000207.jpg,2070,207.0,True
S01,c005,frame_000208.jpg,2080,208.0,True
S01,c005,frame_000209.jpg,2090,209.0,True
S01,c005,frame_000210.jpg,2100,210.0,True
S03,c010,frame_000000.jpg,0,0.0,True
S03,c010,frame_000001.jpg,10,1.0,True
S03,c010,frame_000002.jpg,20,2.0,True
S03,c010,frame_000003.jpg,30,3.0,True
S03,c010,frame_000004.jpg,40,4.0,True
S03,c010,frame_000005.jpg,50,5.0,True
S03,c010,frame_000006.jpg,60,6.0,True
S03,c010,frame_000007.jpg,70,7.0,True
S03,c010,frame_000008.jpg,80,8.0,True
S03,c010,frame_000009.jpg,90,9.0,True
S03,c010,frame_000010.jpg,100,10.0,True
S03,c010,frame_000011.jpg,110,11.0,True
S03,c010,frame_000012.jpg,120,12.0,True
S03,c010,frame_000013.jpg,130,13.0,True
S03,c010,frame_000014.jpg,140,14.0,True
S03,c010,frame_000015.jpg,150,15.0,True
S03,c010,frame_000016.jpg,160,16.0,True
S03,c010,frame_000017.jpg,170,17.0,True
S03,c010,frame_000018.jpg,180,18.0,True
S03,c010,frame_000019.jpg,190,19.0,True
S03,c010,frame_000020.jpg,200,20.0,True
S03,c010,frame_000021.jpg,210,21.0,True
S03,c010,frame_000022.jpg,220,22.0,True
S03,c010,frame_000023.jpg,230,23.0,True
S03,c010,frame_000024.jpg,240,24.0,True
S03,c010,frame_000025.jpg,250,25.0,True
S03,c010,frame_000026.jpg,260,26.0,True
S03,c010,frame_000027.jpg,270,27.0,True
S03,c010,frame_000028.jpg,280,28.0,True
S03,c010,frame_000029.jpg,290,29.0,True
S03,c010,frame_000030.jpg,300,30.0,True
S03,c010,frame_000031.jpg,310,31.0,True
S03,c010,frame_000032.jpg,320,32.0,True
S03,c010,frame_000033.jpg,330,33.0,True
S03,c010,frame_000034.jpg,340,34.0,True
S03,c010,frame_000035.jpg,350,35.0,True
S03,c010,frame_000036.jpg,360,36.0,True
S03,c010,frame_000037.jpg,370,37.0,True
S03,c010,frame_000038.jpg,380,38.0,True
S03,c010,frame_000039.jpg,390,39.0,True
S03,c010,frame_000040.jpg,400,40.0,True
S03,c010,frame_000041.jpg,410,41.0,True
S03,c010,frame_000042.jpg,420,42.0,True
S03,c010,frame_000043.jpg,430,43.0,True
S03,c010,frame_000044.jpg,440,44.0,True
S03,c010,frame_000045.jpg,450,45.0,True
S03,c010,frame_000046.jpg,460,46.0,True
S03,c010,frame_000047.jpg,470,47.0,True
S03,c010,frame_000048.jpg,480,48.0,True
S03,c010,frame_000049.jpg,490,49.0,True
S03,c010,frame_000050.jpg,500,50.0,True
S03,c010,frame_000051.jpg,510,51.0,True
S03,c010,frame_000052.jpg,520,52.0,True
S03,c010,frame_000053.jpg,530,53.0,True
S03,c010,frame_000054.jpg,540,54.0,True
S03,c010,frame_000055.jpg,550,55.0,True
S03,c010,frame_000056.jpg,560,56.0,True
S03,c010,frame_000057.jpg,570,57.0,True
S03,c010,frame_000058.jpg,580,58.0,True
S03,c010,frame_000059.jpg,590,59.0,True
S03,c010,frame_000060.jpg,600,60.0,True
S03,c010,frame_000061.jpg,610,61.0,True
S03,c010,frame_000062.jpg,620,62.0,True
S03,c010,frame_000063.jpg,630,63.0,True
S03,c010,frame_000064.jpg,640,64.0,True
S03,c010,frame_000065.jpg,650,65.0,True
S03,c010,frame_000066.jpg,660,66.0,True
S03,c010,frame_000067.jpg,670,67.0,True
S03,c010,frame_000068.jpg,680,68.0,True
S03,c010,frame_000069.jpg,690,69.0,True
S03,c010,frame_000070.jpg,700,70.0,True
S03,c010,frame_000071.jpg,710,71.0,True
S03,c010,frame_000072.jpg,720,72.0,True
S03,c010,frame_000073.jpg,730,73.0,True
S03,c010,frame_000074.jpg,740,74.0,True
S03,c010,frame_000075.jpg,750,75.0,True
S03,c010,frame_000076.jpg,760,76.0,True
S03,c010,frame_000077.jpg,770,77.0,True
S03,c010,frame_000078.jpg,780,78.0,True
S03,c010,frame_000079.jpg,790,79.0,True
S03,c010,frame_000080.jpg,800,80.0,True
S03,c010,frame_000081.jpg,810,81.0,True
S03,c010,frame_000082.jpg,820,82.0,True
S03,c010,frame_000083.jpg,830,83.0,True
S03,c010,frame_000084.jpg,840,84.0,True
S03,c010,frame_000085.jpg,850,85.0,True
S03,c010,frame_000086.jpg,860,86.0,True
S03,c010,frame_000087.jpg,870,87.0,True
S03,c010,frame_000088.jpg,880,88.0,True
S03,c010,frame_000089.jpg,890,89.0,True
S03,c010,frame_000090.jpg,900,90.0,True
S03,c010,frame_000091.jpg,910,91.0,True
S03,c010,frame_000092.jpg,920,92.0,True
S03,c010,frame_000093.jpg,930,93.0,True
S03,c010,frame_000094.jpg,940,94.0,True
S03,c010,frame_000095.jpg,950,95.0,True
S03,c010,frame_000096.jpg,960,96.0,True
S03,c010,frame_000097.jpg,970,97.0,True
S03,c010,frame_000098.jpg,980,98.0,True
S03,c010,frame_000099.jpg,990,99.0,True
S03,c010,frame_000100.jpg,1000,100.0,True
S03,c010,frame_000101.jpg,1010,101.0,True
S03,c010,frame_000102.jpg,1020,102.0,True
S03,c010,frame_000103.jpg,1030,103.0,True
S03,c010,frame_000104.jpg,1040,104.0,True
S03,c010,frame_000105.jpg,1050,105.0,True
S03,c010,frame_000106.jpg,1060,106.0,True
S03,c010,frame_000107.jpg,1070,107.0,True
S03,c010,frame_000108.jpg,1080,108.0,True
S03,c010,frame_000109.jpg,1090,109.0,True
S03,c010,frame_000110.jpg,1100,110.0,True
S03,c010,frame_000111.jpg,1110,111.0,True
S03,c010,frame_000112.jpg,1120,112.0,True
S03,c010,frame_000113.jpg,1130,113.0,True
S03,c010,frame_000114.jpg,1140,114.0,True
S03,c010,frame_000115.jpg,1150,115.0,True
S03,c010,frame_000116.jpg,1160,116.0,True
S03,c010,frame_000117.jpg,1170,117.0,True
S03,c010,frame_000118.jpg,1180,118.0,True
S03,c010,frame_000119.jpg,1190,119.0,True
S03,c010,frame_000120.jpg,1200,120.0,True
S03,c010,frame_000121.jpg,1210,121.0,True
S03,c010,frame_000122.jpg,1220,122.0,True
S03,c010,frame_000123.jpg,1230,123.0,True
S03,c010,frame_000124.jpg,1240,124.0,True
S03,c010,frame_000125.jpg,1250,125.0,True
S03,c010,frame_000126.jpg,1260,126.0,True
S03,c010,frame_000127.jpg,1270,127.0,True
S03,c010,frame_000128.jpg,1280,128.0,True
S03,c010,frame_000129.jpg,1290,129.0,True
S03,c010,frame_000130.jpg,1300,130.0,True
S03,c010,frame_000131.jpg,1310,131.0,True
S03,c010,frame_000132.jpg,1320,132.0,True
S03,c010,frame_000133.jpg,1330,133.0,True
S03,c010,frame_000134.jpg,1340,134.0,True
S03,c010,frame_000135.jpg,1350,135.0,True
S03,c010,frame_000136.jpg,1360,136.0,True
S03,c010,frame_000137.jpg,1370,137.0,True
S03,c010,frame_000138.jpg,1380,138.0,True
S03,c010,frame_000139.jpg,1390,139.0,True
S03,c010,frame_000140.jpg,1400,140.0,True
S03,c010,frame_000141.jpg,1410,141.0,True
S03,c010,frame_000142.jpg,1420,142.0,True
S03,c010,frame_000143.jpg,1430,143.0,True
S03,c010,frame_000144.jpg,1440,144.0,True
S03,c010,frame_000145.jpg,1450,145.0,True
S03,c010,frame_000146.jpg,1460,146.0,True
S03,c010,frame_000147.jpg,1470,147.0,True
S03,c010,frame_000148.jpg,1480,148.0,True
S03,c010,frame_000149.jpg,1490,149.0,True
S03,c010,frame_000150.jpg,1500,150.0,True
S03,c010,frame_000151.jpg,1510,151.0,True
S03,c010,frame_000152.jpg,1520,152.0,True
S03,c010,frame_000153.jpg,1530,153.0,True
S03,c010,frame_000154.jpg,1540,154.0,True
S03,c010,frame_000155.jpg,1550,155.0,True
S03,c010,frame_000156.jpg,1560,156.0,True
S03,c010,frame_000157.jpg,1570,157.0,True
S03,c010,frame_000158.jpg,1580,158.0,True
S03,c010,frame_000159.jpg,1590,159.0,True
S03,c010,frame_000160.jpg,1600,160.0,True
S03,c010,frame_000161.jpg,1610,161.0,True
S03,c010,frame_000162.jpg,1620,162.0,True
S03,c010,frame_000163.jpg,1630,163.0,True
S03,c010,frame_000164.jpg,1640,164.0,True
S03,c010,frame_000165.jpg,1650,165.0,True
S03,c010,frame_000166.jpg,1660,166.0,True
S03,c010,frame_000167.jpg,1670,167.0,True
S03,c010,frame_000168.jpg,1680,168.0,True
S03,c010,frame_000169.jpg,1690,169.0,True
S03,c010,frame_000170.jpg,1700,170.0,True
S03,c010,frame_000171.jpg,1710,171.0,True
S03,c010,frame_000172.jpg,1720,172.0,True
S03,c010,frame_000173.jpg,1730,173.0,True
S03,c010,frame_000174.jpg,1740,174.0,True
S03,c010,frame_000175.jpg,1750,175.0,True
S03,c010,frame_000176.jpg,1760,176.0,True
S03,c010,frame_000177.jpg,1770,177.0,True
S03,c010,frame_000178.jpg,1780,178.0,True
S03,c010,frame_000179.jpg,1790,179.0,True
S03,c010,frame_000180.jpg,1800,180.0,True
S03,c010,frame_000181.jpg,1810,181.0,True
S03,c010,frame_000182.jpg,1820,182.0,True
S03,c010,frame_000183.jpg,1830,183.0,True
S03,c010,frame_000184.jpg,1840,184.0,True
S03,c010,frame_000185.jpg,1850,185.0,True
S03,c010,frame_000186.jpg,1860,186.0,True
S03,c010,frame_000187.jpg,1870,187.0,True
S03,c010,frame_000188.jpg,1880,188.0,True
S03,c010,frame_000189.jpg,1890,189.0,True
S03,c010,frame_000190.jpg,1900,190.0,True
S03,c010,frame_000191.jpg,1910,191.0,True
S03,c010,frame_000192.jpg,1920,192.0,True
S03,c010,frame_000193.jpg,1930,193.0,True
S03,c010,frame_000194.jpg,1940,194.0,True
S03,c010,frame_000195.jpg,1950,195.0,True
S03,c010,frame_000196.jpg,1960,196.0,True
S03,c010,frame_000197.jpg,1970,197.0,True
S03,c010,frame_000198.jpg,1980,198.0,True
S03,c010,frame_000199.jpg,1990,199.0,True
S03,c010,frame_000200.jpg,2000,200.0,True
S03,c010,frame_000201.jpg,2010,201.0,True
S03,c010,frame_000202.jpg,2020,202.0,True
S03,c010,frame_000203.jpg,2030,203.0,True
S03,c010,frame_000204.jpg,2040,204.0,True
S03,c010,frame_000205.jpg,2050,205.0,True
S03,c010,frame_000206.jpg,2060,206.0,True
S03,c010,frame_000207.jpg,2070,207.0,True
S03,c010,frame_000208.jpg,2080,208.0,True
S03,c010,frame_000209.jpg,2090,209.0,True
S03,c010,frame_000210.jpg,2100,210.0,True
S03,c010,frame_000211.jpg,2110,211.0,True
S03,c010,frame_000212.jpg,2120,212.0,True
S03,c010,frame_000213.jpg,2130,213.0,True
S03,c010,frame_000214.jpg,2140,214.0,True
S03,c011,frame_000000.jpg,0,0.0,True
S03,c011,frame_000001.jpg,10,1.0,True
S03,c011,frame_000002.jpg,20,2.0,True
S03,c011,frame_000003.jpg,30,3.0,True
S03,c011,frame_000004.jpg,40,4.0,True
S03,c011,frame_000005.jpg,50,5.0,True
S03,c011,frame_000006.jpg,60,6.0,True
S03,c011,frame_000007.jpg,70,7.0,True
S03,c011,frame_000008.jpg,80,8.0,True
S03,c011,frame_000009.jpg,90,9.0,True
S03,c011,frame_000010.jpg,100,10.0,True
S03,c011,frame_000011.jpg,110,11.0,True
S03,c011,frame_000012.jpg,120,12.0,True
S03,c011,frame_000013.jpg,130,13.0,True
S03,c011,frame_000014.jpg,140,14.0,True
S03,c011,frame_000015.jpg,150,15.0,True
S03,c011,frame_000016.jpg,160,16.0,True
S03,c011,frame_000017.jpg,170,17.0,True
S03,c011,frame_000018.jpg,180,18.0,True
S03,c011,frame_000019.jpg,190,19.0,True
S03,c011,frame_000020.jpg,200,20.0,True
S03,c011,frame_000021.jpg,210,21.0,True
S03,c011,frame_000022.jpg,220,22.0,True
S03,c011,frame_000023.jpg,230,23.0,True
S03,c011,frame_000024.jpg,240,24.0,True
S03,c011,frame_000025.jpg,250,25.0,True
S03,c011,frame_000026.jpg,260,26.0,True
S03,c011,frame_000027.jpg,270,27.0,True
S03,c011,frame_000028.jpg,280,28.0,True
S03,c011,frame_000029.jpg,290,29.0,True
S03,c011,frame_000030.jpg,300,30.0,True
S03,c011,frame_000031.jpg,310,31.0,True
S03,c011,frame_000032.jpg,320,32.0,True
S03,c011,frame_000033.jpg,330,33.0,True
S03,c011,frame_000034.jpg,340,34.0,True
S03,c011,frame_000035.jpg,350,35.0,True
S03,c011,frame_000036.jpg,360,36.0,True
S03,c011,frame_000037.jpg,370,37.0,True
S03,c011,frame_000038.jpg,380,38.0,True
S03,c011,frame_000039.jpg,390,39.0,True
S03,c011,frame_000040.jpg,400,40.0,True
S03,c011,frame_000041.jpg,410,41.0,True
S03,c011,frame_000042.jpg,420,42.0,True
S03,c011,frame_000043.jpg,430,43.0,True
S03,c011,frame_000044.jpg,440,44.0,True
S03,c011,frame_000045.jpg,450,45.0,True
S03,c011,frame_000046.jpg,460,46.0,True
S03,c011,frame_000047.jpg,470,47.0,True
S03,c011,frame_000048.jpg,480,48.0,True
S03,c011,frame_000049.jpg,490,49.0,True
S03,c011,frame_000050.jpg,500,50.0,True
S03,c011,frame_000051.jpg,510,51.0,True
S03,c011,frame_000052.jpg,520,52.0,True
S03,c011,frame_000053.jpg,530,53.0,True
S03,c011,frame_000054.jpg,540,54.0,True
S03,c011,frame_000055.jpg,550,55.0,True
S03,c011,frame_000056.jpg,560,56.0,True
S03,c011,frame_000057.jpg,570,57.0,True
S03,c011,frame_000058.jpg,580,58.0,True
S03,c011,frame_000059.jpg,590,59.0,True
S03,c011,frame_000060.jpg,600,60.0,True
S03,c011,frame_000061.jpg,610,61.0,True
S03,c011,frame_000062.jpg,620,62.0,True
S03,c011,frame_000063.jpg,630,63.0,True
S03,c011,frame_000064.jpg,640,64.0,True
S03,c011,frame_000065.jpg,650,65.0,True
S03,c011,frame_000066.jpg,660,66.0,True
S03,c011,frame_000067.jpg,670,67.0,True
S03,c011,frame_000068.jpg,680,68.0,True
S03,c011,frame_000069.jpg,690,69.0,True
S03,c011,frame_000070.jpg,700,70.0,True
S03,c011,frame_000071.jpg,710,71.0,True
S03,c011,frame_000072.jpg,720,72.0,True
S03,c011,frame_000073.jpg,730,73.0,True
S03,c011,frame_000074.jpg,740,74.0,True
S03,c011,frame_000075.jpg,750,75.0,True
S03,c011,frame_000076.jpg,760,76.0,True
S03,c011,frame_000077.jpg,770,77.0,True
S03,c011,frame_000078.jpg,780,78.0,True
S03,c011,frame_000079.jpg,790,79.0,True
S03,c011,frame_000080.jpg,800,80.0,True
S03,c011,frame_000081.jpg,810,81.0,True
S03,c011,frame_000082.jpg,820,82.0,True
S03,c011,frame_000083.jpg,830,83.0,True
S03,c011,frame_000084.jpg,840,84.0,True
S03,c011,frame_000085.jpg,850,85.0,True
S03,c011,frame_000086.jpg,860,86.0,True
S03,c011,frame_000087.jpg,870,87.0,True
S03,c011,frame_000088.jpg,880,88.0,True
S03,c011,frame_000089.jpg,890,89.0,True
S03,c011,frame_000090.jpg,900,90.0,True
S03,c011,frame_000091.jpg,910,91.0,True
S03,c011,frame_000092.jpg,920,92.0,True
S03,c011,frame_000093.jpg,930,93.0,True
S03,c011,frame_000094.jpg,940,94.0,True
S03,c011,frame_000095.jpg,950,95.0,True
S03,c011,frame_000096.jpg,960,96.0,True
S03,c011,frame_000097.jpg,970,97.0,True
S03,c011,frame_000098.jpg,980,98.0,True
S03,c011,frame_000099.jpg,990,99.0,True
S03,c011,frame_000100.jpg,1000,100.0,True
S03,c011,frame_000101.jpg,1010,101.0,True
S03,c011,frame_000102.jpg,1020,102.0,True
S03,c011,frame_000103.jpg,1030,103.0,True
S03,c011,frame_000104.jpg,1040,104.0,True
S03,c011,frame_000105.jpg,1050,105.0,True
S03,c011,frame_000106.jpg,1060,106.0,True
S03,c011,frame_000107.jpg,1070,107.0,True
S03,c011,frame_000108.jpg,1080,108.0,True
S03,c011,frame_000109.jpg,1090,109.0,True
S03,c011,frame_000110.jpg,1100,110.0,True
S03,c011,frame_000111.jpg,1110,111.0,True
S03,c011,frame_000112.jpg,1120,112.0,True
S03,c011,frame_000113.jpg,1130,113.0,True
S03,c011,frame_000114.jpg,1140,114.0,True
S03,c011,frame_000115.jpg,1150,115.0,True
S03,c011,frame_000116.jpg,1160,116.0,True
S03,c011,frame_000117.jpg,1170,117.0,True
S03,c011,frame_000118.jpg,1180,118.0,True
S03,c011,frame_000119.jpg,1190,119.0,True
S03,c011,frame_000120.jpg,1200,120.0,True
S03,c011,frame_000121.jpg,1210,121.0,True
S03,c011,frame_000122.jpg,1220,122.0,True
S03,c011,frame_000123.jpg,1230,123.0,True
S03,c011,frame_000124.jpg,1240,124.0,True
S03,c011,frame_000125.jpg,1250,125.0,True
S03,c011,frame_000126.jpg,1260,126.0,True
S03,c011,frame_000127.jpg,1270,127.0,True
S03,c011,frame_000128.jpg,1280,128.0,True
S03,c011,frame_000129.jpg,1290,129.0,True
S03,c011,frame_000130.jpg,1300,130.0,True
S03,c011,frame_000131.jpg,1310,131.0,True
S03,c011,frame_000132.jpg,1320,132.0,True
S03,c011,frame_000133.jpg,1330,133.0,True
S03,c011,frame_000134.jpg,1340,134.0,True
S03,c011,frame_000135.jpg,1350,135.0,True
S03,c011,frame_000136.jpg,1360,136.0,True
S03,c011,frame_000137.jpg,1370,137.0,True
S03,c011,frame_000138.jpg,1380,138.0,True
S03,c011,frame_000139.jpg,1390,139.0,True
S03,c011,frame_000140.jpg,1400,140.0,True
S03,c011,frame_000141.jpg,1410,141.0,True
S03,c011,frame_000142.jpg,1420,142.0,True
S03,c011,frame_000143.jpg,1430,143.0,True
S03,c011,frame_000144.jpg,1440,144.0,True
S03,c011,frame_000145.jpg,1450,145.0,True
S03,c011,frame_000146.jpg,1460,146.0,True
S03,c011,frame_000147.jpg,1470,147.0,True
S03,c011,frame_000148.jpg,1480,148.0,True
S03,c011,frame_000149.jpg,1490,149.0,True
S03,c011,frame_000150.jpg,1500,150.0,True
S03,c011,frame_000151.jpg,1510,151.0,True
S03,c011,frame_000152.jpg,1520,152.0,True
S03,c011,frame_000153.jpg,1530,153.0,True
S03,c011,frame_000154.jpg,1540,154.0,True
S03,c011,frame_000155.jpg,1550,155.0,True
S03,c011,frame_000156.jpg,1560,156.0,True
S03,c011,frame_000157.jpg,1570,157.0,True
S03,c011,frame_000158.jpg,1580,158.0,True
S03,c011,frame_000159.jpg,1590,159.0,True
S03,c011,frame_000160.jpg,1600,160.0,True
S03,c011,frame_000161.jpg,1610,161.0,True
S03,c011,frame_000162.jpg,1620,162.0,True
S03,c011,frame_000163.jpg,1630,163.0,True
S03,c011,frame_000164.jpg,1640,164.0,True
S03,c011,frame_000165.jpg,1650,165.0,True
S03,c011,frame_000166.jpg,1660,166.0,True
S03,c011,frame_000167.jpg,1670,167.0,True
S03,c011,frame_000168.jpg,1680,168.0,True
S03,c011,frame_000169.jpg,1690,169.0,True
S03,c011,frame_000170.jpg,1700,170.0,True
S03,c011,frame_000171.jpg,1710,171.0,True
S03,c011,frame_000172.jpg,1720,172.0,True
S03,c011,frame_000173.jpg,1730,173.0,True
S03,c011,frame_000174.jpg,1740,174.0,True
S03,c011,frame_000175.jpg,1750,175.0,True
S03,c011,frame_000176.jpg,1760,176.0,True
S03,c011,frame_000177.jpg,1770,177.0,True
S03,c011,frame_000178.jpg,1780,178.0,True
S03,c011,frame_000179.jpg,1790,179.0,True
S03,c011,frame_000180.jpg,1800,180.0,True
S03,c011,frame_000181.jpg,1810,181.0,True
S03,c011,frame_000182.jpg,1820,182.0,True
S03,c011,frame_000183.jpg,1830,183.0,True
S03,c011,frame_000184.jpg,1840,184.0,True
S03,c011,frame_000185.jpg,1850,185.0,True
S03,c011,frame_000186.jpg,1860,186.0,True
S03,c011,frame_000187.jpg,1870,187.0,True
S03,c011,frame_000188.jpg,1880,188.0,True
S03,c011,frame_000189.jpg,1890,189.0,True
S03,c011,frame_000190.jpg,1900,190.0,True
S03,c011,frame_000191.jpg,1910,191.0,True
S03,c011,frame_000192.jpg,1920,192.0,True
S03,c011,frame_000193.jpg,1930,193.0,True
S03,c011,frame_000194.jpg,1940,194.0,True
S03,c011,frame_000195.jpg,1950,195.0,True
S03,c011,frame_000196.jpg,1960,196.0,True
S03,c011,frame_000197.jpg,1970,197.0,True
S03,c011,frame_000198.jpg,1980,198.0,True
S03,c011,frame_000199.jpg,1990,199.0,True
S03,c011,frame_000200.jpg,2000,200.0,True
S03,c011,frame_000201.jpg,2010,201.0,True
S03,c011,frame_000202.jpg,2020,202.0,True
S03,c011,frame_000203.jpg,2030,203.0,True
S03,c011,frame_000204.jpg,2040,204.0,True
S03,c011,frame_000205.jpg,2050,205.0,True
S03,c011,frame_000206.jpg,2060,206.0,True
S03,c011,frame_000207.jpg,2070,207.0,True
S03,c011,frame_000208.jpg,2080,208.0,True
S03,c011,frame_000209.jpg,2090,209.0,True
S03,c011,frame_000210.jpg,2100,210.0,True
S03,c011,frame_000211.jpg,2110,211.0,True
S03,c011,frame_000212.jpg,2120,212.0,True
S03,c011,frame_000213.jpg,2130,213.0,True
S03,c011,frame_000214.jpg,2140,214.0,True
S03,c011,frame_000215.jpg,2150,215.0,True
S03,c011,frame_000216.jpg,2160,216.0,True
S03,c011,frame_000217.jpg,2170,217.0,True
S03,c011,frame_000218.jpg,2180,218.0,True
S03,c011,frame_000219.jpg,2190,219.0,True
S03,c011,frame_000220.jpg,2200,220.0,True
S03,c011,frame_000221.jpg,2210,221.0,True
S03,c011,frame_000222.jpg,2220,222.0,True
S03,c011,frame_000223.jpg,2230,223.0,True
S03,c011,frame_000224.jpg,2240,224.0,True
S03,c011,frame_000225.jpg,2250,225.0,True
S03,c011,frame_000226.jpg,2260,226.0,True
S03,c011,frame_000227.jpg,2270,227.0,True
S03,c012,frame_000000.jpg,0,0.0,True
S03,c012,frame_000001.jpg,10,1.0,True
S03,c012,frame_000002.jpg,20,2.0,True
S03,c012,frame_000003.jpg,30,3.0,True
S03,c012,frame_000004.jpg,40,4.0,True
S03,c012,frame_000005.jpg,50,5.0,True
S03,c012,frame_000006.jpg,60,6.0,True
S03,c012,frame_000007.jpg,70,7.0,True
S03,c012,frame_000008.jpg,80,8.0,True
S03,c012,frame_000009.jpg,90,9.0,True
S03,c012,frame_000010.jpg,100,10.0,True
S03,c012,frame_000011.jpg,110,11.0,True
S03,c012,frame_000012.jpg,120,12.0,True
S03,c012,frame_000013.jpg,130,13.0,True
S03,c012,frame_000014.jpg,140,14.0,True
S03,c012,frame_000015.jpg,150,15.0,True
S03,c012,frame_000016.jpg,160,16.0,True
S03,c012,frame_000017.jpg,170,17.0,True
S03,c012,frame_000018.jpg,180,18.0,True
S03,c012,frame_000019.jpg,190,19.0,True
S03,c012,frame_000020.jpg,200,20.0,True
S03,c012,frame_000021.jpg,210,21.0,True
S03,c012,frame_000022.jpg,220,22.0,True
S03,c012,frame_000023.jpg,230,23.0,True
S03,c012,frame_000024.jpg,240,24.0,True
S03,c012,frame_000025.jpg,250,25.0,True
S03,c012,frame_000026.jpg,260,26.0,True
S03,c012,frame_000027.jpg,270,27.0,True
S03,c012,frame_000028.jpg,280,28.0,True
S03,c012,frame_000029.jpg,290,29.0,True
S03,c012,frame_000030.jpg,300,30.0,True
S03,c012,frame_000031.jpg,310,31.0,True
S03,c012,frame_000032.jpg,320,32.0,True
S03,c012,frame_000033.jpg,330,33.0,True
S03,c012,frame_000034.jpg,340,34.0,True
S03,c012,frame_000035.jpg,350,35.0,True
S03,c012,frame_000036.jpg,360,36.0,True
S03,c012,frame_000037.jpg,370,37.0,True
S03,c012,frame_000038.jpg,380,38.0,True
S03,c012,frame_000039.jpg,390,39.0,True
S03,c012,frame_000040.jpg,400,40.0,True
S03,c012,frame_000041.jpg,410,41.0,True
S03,c012,frame_000042.jpg,420,42.0,True
S03,c012,frame_000043.jpg,430,43.0,True
S03,c012,frame_000044.jpg,440,44.0,True
S03,c012,frame_000045.jpg,450,45.0,True
S03,c012,frame_000046.jpg,460,46.0,True
S03,c012,frame_000047.jpg,470,47.0,True
S03,c012,frame_000048.jpg,480,48.0,True
S03,c012,frame_000049.jpg,490,49.0,True
S03,c012,frame_000050.jpg,500,50.0,True
S03,c012,frame_000051.jpg,510,51.0,True
S03,c012,frame_000052.jpg,520,52.0,True
S03,c012,frame_000053.jpg,530,53.0,True
S03,c012,frame_000054.jpg,540,54.0,True
S03,c012,frame_000055.jpg,550,55.0,True
S03,c012,frame_000056.jpg,560,56.0,True
S03,c012,frame_000057.jpg,570,57.0,True
S03,c012,frame_000058.jpg,580,58.0,True
S03,c012,frame_000059.jpg,590,59.0,True
S03,c012,frame_000060.jpg,600,60.0,True
S03,c012,frame_000061.jpg,610,61.0,True
S03,c012,frame_000062.jpg,620,62.0,True
S03,c012,frame_000063.jpg,630,63.0,True
S03,c012,frame_000064.jpg,640,64.0,True
S03,c012,frame_000065.jpg,650,65.0,True
S03,c012,frame_000066.jpg,660,66.0,True
S03,c012,frame_000067.jpg,670,67.0,True
S03,c012,frame_000068.jpg,680,68.0,True
S03,c012,frame_000069.jpg,690,69.0,True
S03,c012,frame_000070.jpg,700,70.0,True
S03,c012,frame_000071.jpg,710,71.0,True
S03,c012,frame_000072.jpg,720,72.0,True
S03,c012,frame_000073.jpg,730,73.0,True
S03,c012,frame_000074.jpg,740,74.0,True
S03,c012,frame_000075.jpg,750,75.0,True
S03,c012,frame_000076.jpg,760,76.0,True
S03,c012,frame_000077.jpg,770,77.0,True
S03,c012,frame_000078.jpg,780,78.0,True
S03,c012,frame_000079.jpg,790,79.0,True
S03,c012,frame_000080.jpg,800,80.0,True
S03,c012,frame_000081.jpg,810,81.0,True
S03,c012,frame_000082.jpg,820,82.0,True
S03,c012,frame_000083.jpg,830,83.0,True
S03,c012,frame_000084.jpg,840,84.0,True
S03,c012,frame_000085.jpg,850,85.0,True
S03,c012,frame_000086.jpg,860,86.0,True
S03,c012,frame_000087.jpg,870,87.0,True
S03,c012,frame_000088.jpg,880,88.0,True
S03,c012,frame_000089.jpg,890,89.0,True
S03,c012,frame_000090.jpg,900,90.0,True
S03,c012,frame_000091.jpg,910,91.0,True
S03,c012,frame_000092.jpg,920,92.0,True
S03,c012,frame_000093.jpg,930,93.0,True
S03,c012,frame_000094.jpg,940,94.0,True
S03,c012,frame_000095.jpg,950,95.0,True
S03,c012,frame_000096.jpg,960,96.0,True
S03,c012,frame_000097.jpg,970,97.0,True
S03,c012,frame_000098.jpg,980,98.0,True
S03,c012,frame_000099.jpg,990,99.0,True
S03,c012,frame_000100.jpg,1000,100.0,True
S03,c012,frame_000101.jpg,1010,101.0,True
S03,c012,frame_000102.jpg,1020,102.0,True
S03,c012,frame_000103.jpg,1030,103.0,True
S03,c012,frame_000104.jpg,1040,104.0,True
S03,c012,frame_000105.jpg,1050,105.0,True
S03,c012,frame_000106.jpg,1060,106.0,True
S03,c012,frame_000107.jpg,1070,107.0,True
S03,c012,frame_000108.jpg,1080,108.0,True
S03,c012,frame_000109.jpg,1090,109.0,True
S03,c012,frame_000110.jpg,1100,110.0,True
S03,c012,frame_000111.jpg,1110,111.0,True
S03,c012,frame_000112.jpg,1120,112.0,True
S03,c012,frame_000113.jpg,1130,113.0,True
S03,c012,frame_000114.jpg,1140,114.0,True
S03,c012,frame_000115.jpg,1150,115.0,True
S03,c012,frame_000116.jpg,1160,116.0,True
S03,c012,frame_000117.jpg,1170,117.0,True
S03,c012,frame_000118.jpg,1180,118.0,True
S03,c012,frame_000119.jpg,1190,119.0,True
S03,c012,frame_000120.jpg,1200,120.0,True
S03,c012,frame_000121.jpg,1210,121.0,True
S03,c012,frame_000122.jpg,1220,122.0,True
S03,c012,frame_000123.jpg,1230,123.0,True
S03,c012,frame_000124.jpg,1240,124.0,True
S03,c012,frame_000125.jpg,1250,125.0,True
S03,c012,frame_000126.jpg,1260,126.0,True
S03,c012,frame_000127.jpg,1270,127.0,True
S03,c012,frame_000128.jpg,1280,128.0,True
S03,c012,frame_000129.jpg,1290,129.0,True
S03,c012,frame_000130.jpg,1300,130.0,True
S03,c012,frame_000131.jpg,1310,131.0,True
S03,c012,frame_000132.jpg,1320,132.0,True
S03,c012,frame_000133.jpg,1330,133.0,True
S03,c012,frame_000134.jpg,1340,134.0,True
S03,c012,frame_000135.jpg,1350,135.0,True
S03,c012,frame_000136.jpg,1360,136.0,True
S03,c012,frame_000137.jpg,1370,137.0,True
S03,c012,frame_000138.jpg,1380,138.0,True
S03,c012,frame_000139.jpg,1390,139.0,True
S03,c012,frame_000140.jpg,1400,140.0,True
S03,c012,frame_000141.jpg,1410,141.0,True
S03,c012,frame_000142.jpg,1420,142.0,True
S03,c012,frame_000143.jpg,1430,143.0,True
S03,c012,frame_000144.jpg,1440,144.0,True
S03,c012,frame_000145.jpg,1450,145.0,True
S03,c012,frame_000146.jpg,1460,146.0,True
S03,c012,frame_000147.jpg,1470,147.0,True
S03,c012,frame_000148.jpg,1480,148.0,True
S03,c012,frame_000149.jpg,1490,149.0,True
S03,c012,frame_000150.jpg,1500,150.0,True
S03,c012,frame_000151.jpg,1510,151.0,True
S03,c012,frame_000152.jpg,1520,152.0,True
S03,c012,frame_000153.jpg,1530,153.0,True
S03,c012,frame_000154.jpg,1540,154.0,True
S03,c012,frame_000155.jpg,1550,155.0,True
S03,c012,frame_000156.jpg,1560,156.0,True
S03,c012,frame_000157.jpg,1570,157.0,True
S03,c012,frame_000158.jpg,1580,158.0,True
S03,c012,frame_000159.jpg,1590,159.0,True
S03,c012,frame_000160.jpg,1600,160.0,True
S03,c012,frame_000161.jpg,1610,161.0,True
S03,c012,frame_000162.jpg,1620,162.0,True
S03,c012,frame_000163.jpg,1630,163.0,True
S03,c012,frame_000164.jpg,1640,164.0,True
S03,c012,frame_000165.jpg,1650,165.0,True
S03,c012,frame_000166.jpg,1660,166.0,True
S03,c012,frame_000167.jpg,1670,167.0,True
S03,c012,frame_000168.jpg,1680,168.0,True
S03,c012,frame_000169.jpg,1690,169.0,True
S03,c012,frame_000170.jpg,1700,170.0,True
S03,c012,frame_000171.jpg,1710,171.0,True
S03,c012,frame_000172.jpg,1720,172.0,True
S03,c012,frame_000173.jpg,1730,173.0,True
S03,c012,frame_000174.jpg,1740,174.0,True
S03,c012,frame_000175.jpg,1750,175.0,True
S03,c012,frame_000176.jpg,1760,176.0,True
S03,c012,frame_000177.jpg,1770,177.0,True
S03,c012,frame_000178.jpg,1780,178.0,True
S03,c012,frame_000179.jpg,1790,179.0,True
S03,c012,frame_000180.jpg,1800,180.0,True
S03,c012,frame_000181.jpg,1810,181.0,True
S03,c012,frame_000182.jpg,1820,182.0,True
S03,c012,frame_000183.jpg,1830,183.0,True
S03,c012,frame_000184.jpg,1840,184.0,True
S03,c012,frame_000185.jpg,1850,185.0,True
S03,c012,frame_000186.jpg,1860,186.0,True
S03,c012,frame_000187.jpg,1870,187.0,True
S03,c012,frame_000188.jpg,1880,188.0,True
S03,c012,frame_000189.jpg,1890,189.0,True
S03,c012,frame_000190.jpg,1900,190.0,True
S03,c012,frame_000191.jpg,1910,191.0,True
S03,c012,frame_000192.jpg,1920,192.0,True
S03,c012,frame_000193.jpg,1930,193.0,True
S03,c012,frame_000194.jpg,1940,194.0,True
S03,c012,frame_000195.jpg,1950,195.0,True
S03,c012,frame_000196.jpg,1960,196.0,True
S03,c012,frame_000197.jpg,1970,197.0,True
S03,c012,frame_000198.jpg,1980,198.0,True
S03,c012,frame_000199.jpg,1990,199.0,True
S03,c012,frame_000200.jpg,2000,200.0,True
S03,c012,frame_000201.jpg,2010,201.0,True
S03,c012,frame_000202.jpg,2020,202.0,True
S03,c012,frame_000203.jpg,2030,203.0,True
S03,c012,frame_000204.jpg,2040,204.0,True
S03,c012,frame_000205.jpg,2050,205.0,True
S03,c012,frame_000206.jpg,2060,206.0,True
S03,c012,frame_000207.jpg,2070,207.0,True
S03,c012,frame_000208.jpg,2080,208.0,True
S03,c012,frame_000209.jpg,2090,209.0,True
S03,c012,frame_000210.jpg,2100,210.0,True
S03,c012,frame_000211.jpg,2110,211.0,True
S03,c012,frame_000212.jpg,2120,212.0,True
S03,c012,frame_000213.jpg,2130,213.0,True
S03,c012,frame_000214.jpg,2140,214.0,True
S03,c012,frame_000215.jpg,2150,215.0,True
S03,c012,frame_000216.jpg,2160,216.0,True
S03,c012,frame_000217.jpg,2170,217.0,True
S03,c012,frame_000218.jpg,2180,218.0,True
S03,c012,frame_000219.jpg,2190,219.0,True
S03,c012,frame_000220.jpg,2200,220.0,True
S03,c012,frame_000221.jpg,2210,221.0,True
S03,c012,frame_000222.jpg,2220,222.0,True
S03,c012,frame_000223.jpg,2230,223.0,True
S03,c012,frame_000224.jpg,2240,224.0,True
S03,c012,frame_000225.jpg,2250,225.0,True
S03,c012,frame_000226.jpg,2260,226.0,True
S03,c012,frame_000227.jpg,2270,227.0,True
S03,c012,frame_000228.jpg,2280,228.0,True
S03,c012,frame_000229.jpg,2290,229.0,True
S03,c012,frame_000230.jpg,2300,230.0,True
S03,c012,frame_000231.jpg,2310,231.0,True
S03,c012,frame_000232.jpg,2320,232.0,True
S03,c012,frame_000233.jpg,2330,233.0,True
S03,c012,frame_000234.jpg,2340,234.0,True
S03,c012,frame_000235.jpg,2350,235.0,True
S03,c012,frame_000236.jpg,2360,236.0,True
S03,c012,frame_000237.jpg,2370,237.0,True
S03,c012,frame_000238.jpg,2380,238.0,True
S03,c012,frame_000239.jpg,2390,239.0,True
S03,c012,frame_000240.jpg,2400,240.0,True
S03,c012,frame_000241.jpg,2410,241.0,True
S03,c012,frame_000242.jpg,2420,242.0,True
S03,c013,frame_000000.jpg,0,0.0,True
S03,c013,frame_000001.jpg,10,1.0,True
S03,c013,frame_000002.jpg,20,2.0,True
S03,c013,frame_000003.jpg,30,3.0,True
S03,c013,frame_000004.jpg,40,4.0,True
S03,c013,frame_000005.jpg,50,5.0,True
S03,c013,frame_000006.jpg,60,6.0,True
S03,c013,frame_000007.jpg,70,7.0,True
S03,c013,frame_000008.jpg,80,8.0,True
S03,c013,frame_000009.jpg,90,9.0,True
S03,c013,frame_000010.jpg,100,10.0,True
S03,c013,frame_000011.jpg,110,11.0,True
S03,c013,frame_000012.jpg,120,12.0,True
S03,c013,frame_000013.jpg,130,13.0,True
S03,c013,frame_000014.jpg,140,14.0,True
S03,c013,frame_000015.jpg,150,15.0,True
S03,c013,frame_000016.jpg,160,16.0,True
S03,c013,frame_000017.jpg,170,17.0,True
S03,c013,frame_000018.jpg,180,18.0,True
S03,c013,frame_000019.jpg,190,19.0,True
S03,c013,frame_000020.jpg,200,20.0,True
S03,c013,frame_000021.jpg,210,21.0,True
S03,c013,frame_000022.jpg,220,22.0,True
S03,c013,frame_000023.jpg,230,23.0,True
S03,c013,frame_000024.jpg,240,24.0,True
S03,c013,frame_000025.jpg,250,25.0,True
S03,c013,frame_000026.jpg,260,26.0,True
S03,c013,frame_000027.jpg,270,27.0,True
S03,c013,frame_000028.jpg,280,28.0,True
S03,c013,frame_000029.jpg,290,29.0,True
S03,c013,frame_000030.jpg,300,30.0,True
S03,c013,frame_000031.jpg,310,31.0,True
S03,c013,frame_000032.jpg,320,32.0,True
S03,c013,frame_000033.jpg,330,33.0,True
S03,c013,frame_000034.jpg,340,34.0,True
S03,c013,frame_000035.jpg,350,35.0,True
S03,c013,frame_000036.jpg,360,36.0,True
S03,c013,frame_000037.jpg,370,37.0,True
S03,c013,frame_000038.jpg,380,38.0,True
S03,c013,frame_000039.jpg,390,39.0,True
S03,c013,frame_000040.jpg,400,40.0,True
S03,c013,frame_000041.jpg,410,41.0,True
S03,c013,frame_000042.jpg,420,42.0,True
S03,c013,frame_000043.jpg,430,43.0,True
S03,c013,frame_000044.jpg,440,44.0,True
S03,c013,frame_000045.jpg,450,45.0,True
S03,c013,frame_000046.jpg,460,46.0,True
S03,c013,frame_000047.jpg,470,47.0,True
S03,c013,frame_000048.jpg,480,48.0,True
S03,c013,frame_000049.jpg,490,49.0,True
S03,c013,frame_000050.jpg,500,50.0,True
S03,c013,frame_000051.jpg,510,51.0,True
S03,c013,frame_000052.jpg,520,52.0,True
S03,c013,frame_000053.jpg,530,53.0,True
S03,c013,frame_000054.jpg,540,54.0,True
S03,c013,frame_000055.jpg,550,55.0,True
S03,c013,frame_000056.jpg,560,56.0,True
S03,c013,frame_000057.jpg,570,57.0,True
S03,c013,frame_000058.jpg,580,58.0,True
S03,c013,frame_000059.jpg,590,59.0,True
S03,c013,frame_000060.jpg,600,60.0,True
S03,c013,frame_000061.jpg,610,61.0,True
S03,c013,frame_000062.jpg,620,62.0,True
S03,c013,frame_000063.jpg,630,63.0,True
S03,c013,frame_000064.jpg,640,64.0,True
S03,c013,frame_000065.jpg,650,65.0,True
S03,c013,frame_000066.jpg,660,66.0,True
S03,c013,frame_000067.jpg,670,67.0,True
S03,c013,frame_000068.jpg,680,68.0,True
S03,c013,frame_000069.jpg,690,69.0,True
S03,c013,frame_000070.jpg,700,70.0,True
S03,c013,frame_000071.jpg,710,71.0,True
S03,c013,frame_000072.jpg,720,72.0,True
S03,c013,frame_000073.jpg,730,73.0,True
S03,c013,frame_000074.jpg,740,74.0,True
S03,c013,frame_000075.jpg,750,75.0,True
S03,c013,frame_000076.jpg,760,76.0,True
S03,c013,frame_000077.jpg,770,77.0,True
S03,c013,frame_000078.jpg,780,78.0,True
S03,c013,frame_000079.jpg,790,79.0,True
S03,c013,frame_000080.jpg,800,80.0,True
S03,c013,frame_000081.jpg,810,81.0,True
S03,c013,frame_000082.jpg,820,82.0,True
S03,c013,frame_000083.jpg,830,83.0,True
S03,c013,frame_000084.jpg,840,84.0,True
S03,c013,frame_000085.jpg,850,85.0,True
S03,c013,frame_000086.jpg,860,86.0,True
S03,c013,frame_000087.jpg,870,87.0,True
S03,c013,frame_000088.jpg,880,88.0,True
S03,c013,frame_000089.jpg,890,89.0,True
S03,c013,frame_000090.jpg,900,90.0,True
S03,c013,frame_000091.jpg,910,91.0,True
S03,c013,frame_000092.jpg,920,92.0,True
S03,c013,frame_000093.jpg,930,93.0,True
S03,c013,frame_000094.jpg,940,94.0,True
S03,c013,frame_000095.jpg,950,95.0,True
S03,c013,frame_000096.jpg,960,96.0,True
S03,c013,frame_000097.jpg,970,97.0,True
S03,c013,frame_000098.jpg,980,98.0,True
S03,c013,frame_000099.jpg,990,99.0,True
S03,c013,frame_000100.jpg,1000,100.0,True
S03,c013,frame_000101.jpg,1010,101.0,True
S03,c013,frame_000102.jpg,1020,102.0,True
S03,c013,frame_000103.jpg,1030,103.0,True
S03,c013,frame_000104.jpg,1040,104.0,True
S03,c013,frame_000105.jpg,1050,105.0,True
S03,c013,frame_000106.jpg,1060,106.0,True
S03,c013,frame_000107.jpg,1070,107.0,True
S03,c013,frame_000108.jpg,1080,108.0,True
S03,c013,frame_000109.jpg,1090,109.0,True
S03,c013,frame_000110.jpg,1100,110.0,True
S03,c013,frame_000111.jpg,1110,111.0,True
S03,c013,frame_000112.jpg,1120,112.0,True
S03,c013,frame_000113.jpg,1130,113.0,True
S03,c013,frame_000114.jpg,1140,114.0,True
S03,c013,frame_000115.jpg,1150,115.0,True
S03,c013,frame_000116.jpg,1160,116.0,True
S03,c013,frame_000117.jpg,1170,117.0,True
S03,c013,frame_000118.jpg,1180,118.0,True
S03,c013,frame_000119.jpg,1190,119.0,True
S03,c013,frame_000120.jpg,1200,120.0,True
S03,c013,frame_000121.jpg,1210,121.0,True
S03,c013,frame_000122.jpg,1220,122.0,True
S03,c013,frame_000123.jpg,1230,123.0,True
S03,c013,frame_000124.jpg,1240,124.0,True
S03,c013,frame_000125.jpg,1250,125.0,True
S03,c013,frame_000126.jpg,1260,126.0,True
S03,c013,frame_000127.jpg,1270,127.0,True
S03,c013,frame_000128.jpg,1280,128.0,True
S03,c013,frame_000129.jpg,1290,129.0,True
S03,c013,frame_000130.jpg,1300,130.0,True
S03,c013,frame_000131.jpg,1310,131.0,True
S03,c013,frame_000132.jpg,1320,132.0,True
S03,c013,frame_000133.jpg,1330,133.0,True
S03,c013,frame_000134.jpg,1340,134.0,True
S03,c013,frame_000135.jpg,1350,135.0,True
S03,c013,frame_000136.jpg,1360,136.0,True
S03,c013,frame_000137.jpg,1370,137.0,True
S03,c013,frame_000138.jpg,1380,138.0,True
S03,c013,frame_000139.jpg,1390,139.0,True
S03,c013,frame_000140.jpg,1400,140.0,True
S03,c013,frame_000141.jpg,1410,141.0,True
S03,c013,frame_000142.jpg,1420,142.0,True
S03,c013,frame_000143.jpg,1430,143.0,True
S03,c013,frame_000144.jpg,1440,144.0,True
S03,c013,frame_000145.jpg,1450,145.0,True
S03,c013,frame_000146.jpg,1460,146.0,True
S03,c013,frame_000147.jpg,1470,147.0,True
S03,c013,frame_000148.jpg,1480,148.0,True
S03,c013,frame_000149.jpg,1490,149.0,True
S03,c013,frame_000150.jpg,1500,150.0,True
S03,c013,frame_000151.jpg,1510,151.0,True
S03,c013,frame_000152.jpg,1520,152.0,True
S03,c013,frame_000153.jpg,1530,153.0,True
S03,c013,frame_000154.jpg,1540,154.0,True
S03,c013,frame_000155.jpg,1550,155.0,True
S03,c013,frame_000156.jpg,1560,156.0,True
S03,c013,frame_000157.jpg,1570,157.0,True
S03,c013,frame_000158.jpg,1580,158.0,True
S03,c013,frame_000159.jpg,1590,159.0,True
S03,c013,frame_000160.jpg,1600,160.0,True
S03,c013,frame_000161.jpg,1610,161.0,True
S03,c013,frame_000162.jpg,1620,162.0,True
S03,c013,frame_000163.jpg,1630,163.0,True
S03,c013,frame_000164.jpg,1640,164.0,True
S03,c013,frame_000165.jpg,1650,165.0,True
S03,c013,frame_000166.jpg,1660,166.0,True
S03,c013,frame_000167.jpg,1670,167.0,True
S03,c013,frame_000168.jpg,1680,168.0,True
S03,c013,frame_000169.jpg,1690,169.0,True
S03,c013,frame_000170.jpg,1700,170.0,True
S03,c013,frame_000171.jpg,1710,171.0,True
S03,c013,frame_000172.jpg,1720,172.0,True
S03,c013,frame_000173.jpg,1730,173.0,True
S03,c013,frame_000174.jpg,1740,174.0,True
S03,c013,frame_000175.jpg,1750,175.0,True
S03,c013,frame_000176.jpg,1760,176.0,True
S03,c013,frame_000177.jpg,1770,177.0,True
S03,c013,frame_000178.jpg,1780,178.0,True
S03,c013,frame_000179.jpg,1790,179.0,True
S03,c013,frame_000180.jpg,1800,180.0,True
S03,c013,frame_000181.jpg,1810,181.0,True
S03,c013,frame_000182.jpg,1820,182.0,True
S03,c013,frame_000183.jpg,1830,183.0,True
S03,c013,frame_000184.jpg,1840,184.0,True
S03,c013,frame_000185.jpg,1850,185.0,True
S03,c013,frame_000186.jpg,1860,186.0,True
S03,c013,frame_000187.jpg,1870,187.0,True
S03,c013,frame_000188.jpg,1880,188.0,True
S03,c013,frame_000189.jpg,1890,189.0,True
S03,c013,frame_000190.jpg,1900,190.0,True
S03,c013,frame_000191.jpg,1910,191.0,True
S03,c013,frame_000192.jpg,1920,192.0,True
S03,c013,frame_000193.jpg,1930,193.0,True
S03,c013,frame_000194.jpg,1940,194.0,True
S03,c013,frame_000195.jpg,1950,195.0,True
S03,c013,frame_000196.jpg,1960,196.0,True
S03,c013,frame_000197.jpg,1970,197.0,True
S03,c013,frame_000198.jpg,1980,198.0,True
S03,c013,frame_000199.jpg,1990,199.0,True
S03,c013,frame_000200.jpg,2000,200.0,True
S03,c013,frame_000201.jpg,2010,201.0,True
S03,c013,frame_000202.jpg,2020,202.0,True
S03,c013,frame_000203.jpg,2030,203.0,True
S03,c013,frame_000204.jpg,2040,204.0,True
S03,c013,frame_000205.jpg,2050,205.0,True
S03,c013,frame_000206.jpg,2060,206.0,True
S03,c013,frame_000207.jpg,2070,207.0,True
S03,c013,frame_000208.jpg,2080,208.0,True
S03,c013,frame_000209.jpg,2090,209.0,True
S03,c013,frame_000210.jpg,2100,210.0,True
S03,c013,frame_000211.jpg,2110,211.0,True
S03,c013,frame_000212.jpg,2120,212.0,True
S03,c013,frame_000213.jpg,2130,213.0,True
S03,c013,frame_000214.jpg,2140,214.0,True
S03,c013,frame_000215.jpg,2150,215.0,True
S03,c013,frame_000216.jpg,2160,216.0,True
S03,c013,frame_000217.jpg,2170,217.0,True
S03,c013,frame_000218.jpg,2180,218.0,True
S03,c013,frame_000219.jpg,2190,219.0,True
S03,c013,frame_000220.jpg,2200,220.0,True
S03,c013,frame_000221.jpg,2210,221.0,True
S03,c013,frame_000222.jpg,2220,222.0,True
S03,c013,frame_000223.jpg,2230,223.0,True
S03,c013,frame_000224.jpg,2240,224.0,True
S03,c013,frame_000225.jpg,2250,225.0,True
S03,c013,frame_000226.jpg,2260,226.0,True
S03,c013,frame_000227.jpg,2270,227.0,True
S03,c013,frame_000228.jpg,2280,228.0,True
S03,c013,frame_000229.jpg,2290,229.0,True
S03,c013,frame_000230.jpg,2300,230.0,True
S03,c013,frame_000231.jpg,2310,231.0,True
S03,c013,frame_000232.jpg,2320,232.0,True
S03,c013,frame_000233.jpg,2330,233.0,True
S03,c013,frame_000234.jpg,2340,234.0,True
S03,c013,frame_000235.jpg,2350,235.0,True
S03,c013,frame_000236.jpg,2360,236.0,True
S03,c013,frame_000237.jpg,2370,237.0,True
S03,c013,frame_000238.jpg,2380,238.0,True
S03,c013,frame_000239.jpg,2390,239.0,True
S03,c013,frame_000240.jpg,2400,240.0,True
S03,c013,frame_000241.jpg,2410,241.0,True
S03,c014,frame_000000.jpg,0,0.0,True
S03,c014,frame_000001.jpg,10,1.0,True
S03,c014,frame_000002.jpg,20,2.0,True
S03,c014,frame_000003.jpg,30,3.0,True
S03,c014,frame_000004.jpg,40,4.0,True
S03,c014,frame_000005.jpg,50,5.0,True
S03,c014,frame_000006.jpg,60,6.0,True
S03,c014,frame_000007.jpg,70,7.0,True
S03,c014,frame_000008.jpg,80,8.0,True
S03,c014,frame_000009.jpg,90,9.0,True
S03,c014,frame_000010.jpg,100,10.0,True
S03,c014,frame_000011.jpg,110,11.0,True
S03,c014,frame_000012.jpg,120,12.0,True
S03,c014,frame_000013.jpg,130,13.0,True
S03,c014,frame_000014.jpg,140,14.0,True
S03,c014,frame_000015.jpg,150,15.0,True
S03,c014,frame_000016.jpg,160,16.0,True
S03,c014,frame_000017.jpg,170,17.0,True
S03,c014,frame_000018.jpg,180,18.0,True
S03,c014,frame_000019.jpg,190,19.0,True
S03,c014,frame_000020.jpg,200,20.0,True
S03,c014,frame_000021.jpg,210,21.0,True
S03,c014,frame_000022.jpg,220,22.0,True
S03,c014,frame_000023.jpg,230,23.0,True
S03,c014,frame_000024.jpg,240,24.0,True
S03,c014,frame_000025.jpg,250,25.0,True
S03,c014,frame_000026.jpg,260,26.0,True
S03,c014,frame_000027.jpg,270,27.0,True
S03,c014,frame_000028.jpg,280,28.0,True
S03,c014,frame_000029.jpg,290,29.0,True
S03,c014,frame_000030.jpg,300,30.0,True
S03,c014,frame_000031.jpg,310,31.0,True
S03,c014,frame_000032.jpg,320,32.0,True
S03,c014,frame_000033.jpg,330,33.0,True
S03,c014,frame_000034.jpg,340,34.0,True
S03,c014,frame_000035.jpg,350,35.0,True
S03,c014,frame_000036.jpg,360,36.0,True
S03,c014,frame_000037.jpg,370,37.0,True
S03,c014,frame_000038.jpg,380,38.0,True
S03,c014,frame_000039.jpg,390,39.0,True
S03,c014,frame_000040.jpg,400,40.0,True
S03,c014,frame_000041.jpg,410,41.0,True
S03,c014,frame_000042.jpg,420,42.0,True
S03,c014,frame_000043.jpg,430,43.0,True
S03,c014,frame_000044.jpg,440,44.0,True
S03,c014,frame_000045.jpg,450,45.0,True
S03,c014,frame_000046.jpg,460,46.0,True
S03,c014,frame_000047.jpg,470,47.0,True
S03,c014,frame_000048.jpg,480,48.0,True
S03,c014,frame_000049.jpg,490,49.0,True
S03,c014,frame_000050.jpg,500,50.0,True
S03,c014,frame_000051.jpg,510,51.0,True
S03,c014,frame_000052.jpg,520,52.0,True
S03,c014,frame_000053.jpg,530,53.0,True
S03,c014,frame_000054.jpg,540,54.0,True
S03,c014,frame_000055.jpg,550,55.0,True
S03,c014,frame_000056.jpg,560,56.0,True
S03,c014,frame_000057.jpg,570,57.0,True
S03,c014,frame_000058.jpg,580,58.0,True
S03,c014,frame_000059.jpg,590,59.0,True
S03,c014,frame_000060.jpg,600,60.0,True
S03,c014,frame_000061.jpg,610,61.0,True
S03,c014,frame_000062.jpg,620,62.0,True
S03,c014,frame_000063.jpg,630,63.0,True
S03,c014,frame_000064.jpg,640,64.0,True
S03,c014,frame_000065.jpg,650,65.0,True
S03,c014,frame_000066.jpg,660,66.0,True
S03,c014,frame_000067.jpg,670,67.0,True
S03,c014,frame_000068.jpg,680,68.0,True
S03,c014,frame_000069.jpg,690,69.0,True
S03,c014,frame_000070.jpg,700,70.0,True
S03,c014,frame_000071.jpg,710,71.0,True
S03,c014,frame_000072.jpg,720,72.0,True
S03,c014,frame_000073.jpg,730,73.0,True
S03,c014,frame_000074.jpg,740,74.0,True
S03,c014,frame_000075.jpg,750,75.0,True
S03,c014,frame_000076.jpg,760,76.0,True
S03,c014,frame_000077.jpg,770,77.0,True
S03,c014,frame_000078.jpg,780,78.0,True
S03,c014,frame_000079.jpg,790,79.0,True
S03,c014,frame_000080.jpg,800,80.0,True
S03,c014,frame_000081.jpg,810,81.0,True
S03,c014,frame_000082.jpg,820,82.0,True
S03,c014,frame_000083.jpg,830,83.0,True
S03,c014,frame_000084.jpg,840,84.0,True
S03,c014,frame_000085.jpg,850,85.0,True
S03,c014,frame_000086.jpg,860,86.0,True
S03,c014,frame_000087.jpg,870,87.0,True
S03,c014,frame_000088.jpg,880,88.0,True
S03,c014,frame_000089.jpg,890,89.0,True
S03,c014,frame_000090.jpg,900,90.0,True
S03,c014,frame_000091.jpg,910,91.0,True
S03,c014,frame_000092.jpg,920,92.0,True
S03,c014,frame_000093.jpg,930,93.0,True
S03,c014,frame_000094.jpg,940,94.0,True
S03,c014,frame_000095.jpg,950,95.0,True
S03,c014,frame_000096.jpg,960,96.0,True
S03,c014,frame_000097.jpg,970,97.0,True
S03,c014,frame_000098.jpg,980,98.0,True
S03,c014,frame_000099.jpg,990,99.0,True
S03,c014,frame_000100.jpg,1000,100.0,True
S03,c014,frame_000101.jpg,1010,101.0,True
S03,c014,frame_000102.jpg,1020,102.0,True
S03,c014,frame_000103.jpg,1030,103.0,True
S03,c014,frame_000104.jpg,1040,104.0,True
S03,c014,frame_000105.jpg,1050,105.0,True
S03,c014,frame_000106.jpg,1060,106.0,True
S03,c014,frame_000107.jpg,1070,107.0,True
S03,c014,frame_000108.jpg,1080,108.0,True
S03,c014,frame_000109.jpg,1090,109.0,True
S03,c014,frame_000110.jpg,1100,110.0,True
S03,c014,frame_000111.jpg,1110,111.0,True
S03,c014,frame_000112.jpg,1120,112.0,True
S03,c014,frame_000113.jpg,1130,113.0,True
S03,c014,frame_000114.jpg,1140,114.0,True
S03,c014,frame_000115.jpg,1150,115.0,True
S03,c014,frame_000116.jpg,1160,116.0,True
S03,c014,frame_000117.jpg,1170,117.0,True
S03,c014,frame_000118.jpg,1180,118.0,True
S03,c014,frame_000119.jpg,1190,119.0,True
S03,c014,frame_000120.jpg,1200,120.0,True
S03,c014,frame_000121.jpg,1210,121.0,True
S03,c014,frame_000122.jpg,1220,122.0,True
S03,c014,frame_000123.jpg,1230,123.0,True
S03,c014,frame_000124.jpg,1240,124.0,True
S03,c014,frame_000125.jpg,1250,125.0,True
S03,c014,frame_000126.jpg,1260,126.0,True
S03,c014,frame_000127.jpg,1270,127.0,True
S03,c014,frame_000128.jpg,1280,128.0,True
S03,c014,frame_000129.jpg,1290,129.0,True
S03,c014,frame_000130.jpg,1300,130.0,True
S03,c014,frame_000131.jpg,1310,131.0,True
S03,c014,frame_000132.jpg,1320,132.0,True
S03,c014,frame_000133.jpg,1330,133.0,True
S03,c014,frame_000134.jpg,1340,134.0,True
S03,c014,frame_000135.jpg,1350,135.0,True
S03,c014,frame_000136.jpg,1360,136.0,True
S03,c014,frame_000137.jpg,1370,137.0,True
S03,c014,frame_000138.jpg,1380,138.0,True
S03,c014,frame_000139.jpg,1390,139.0,True
S03,c014,frame_000140.jpg,1400,140.0,True
S03,c014,frame_000141.jpg,1410,141.0,True
S03,c014,frame_000142.jpg,1420,142.0,True
S03,c014,frame_000143.jpg,1430,143.0,True
S03,c014,frame_000144.jpg,1440,144.0,True
S03,c014,frame_000145.jpg,1450,145.0,True
S03,c014,frame_000146.jpg,1460,146.0,True
S03,c014,frame_000147.jpg,1470,147.0,True
S03,c014,frame_000148.jpg,1480,148.0,True
S03,c014,frame_000149.jpg,1490,149.0,True
S03,c014,frame_000150.jpg,1500,150.0,True
S03,c014,frame_000151.jpg,1510,151.0,True
S03,c014,frame_000152.jpg,1520,152.0,True
S03,c014,frame_000153.jpg,1530,153.0,True
S03,c014,frame_000154.jpg,1540,154.0,True
S03,c014,frame_000155.jpg,1550,155.0,True
S03,c014,frame_000156.jpg,1560,156.0,True
S03,c014,frame_000157.jpg,1570,157.0,True
S03,c014,frame_000158.jpg,1580,158.0,True
S03,c014,frame_000159.jpg,1590,159.0,True
S03,c014,frame_000160.jpg,1600,160.0,True
S03,c014,frame_000161.jpg,1610,161.0,True
S03,c014,frame_000162.jpg,1620,162.0,True
S03,c014,frame_000163.jpg,1630,163.0,True
S03,c014,frame_000164.jpg,1640,164.0,True
S03,c014,frame_000165.jpg,1650,165.0,True
S03,c014,frame_000166.jpg,1660,166.0,True
S03,c014,frame_000167.jpg,1670,167.0,True
S03,c014,frame_000168.jpg,1680,168.0,True
S03,c014,frame_000169.jpg,1690,169.0,True
S03,c014,frame_000170.jpg,1700,170.0,True
S03,c014,frame_000171.jpg,1710,171.0,True
S03,c014,frame_000172.jpg,1720,172.0,True
S03,c014,frame_000173.jpg,1730,173.0,True
S03,c014,frame_000174.jpg,1740,174.0,True
S03,c014,frame_000175.jpg,1750,175.0,True
S03,c014,frame_000176.jpg,1760,176.0,True
S03,c014,frame_000177.jpg,1770,177.0,True
S03,c014,frame_000178.jpg,1780,178.0,True
S03,c014,frame_000179.jpg,1790,179.0,True
S03,c014,frame_000180.jpg,1800,180.0,True
S03,c014,frame_000181.jpg,1810,181.0,True
S03,c014,frame_000182.jpg,1820,182.0,True
S03,c014,frame_000183.jpg,1830,183.0,True
S03,c014,frame_000184.jpg,1840,184.0,True
S03,c014,frame_000185.jpg,1850,185.0,True
S03,c014,frame_000186.jpg,1860,186.0,True
S03,c014,frame_000187.jpg,1870,187.0,True
S03,c014,frame_000188.jpg,1880,188.0,True
S03,c014,frame_000189.jpg,1890,189.0,True
S03,c014,frame_000190.jpg,1900,190.0,True
S03,c014,frame_000191.jpg,1910,191.0,True
S03,c014,frame_000192.jpg,1920,192.0,True
S03,c014,frame_000193.jpg,1930,193.0,True
S03,c014,frame_000194.jpg,1940,194.0,True
S03,c014,frame_000195.jpg,1950,195.0,True
S03,c014,frame_000196.jpg,1960,196.0,True
S03,c014,frame_000197.jpg,1970,197.0,True
S03,c014,frame_000198.jpg,1980,198.0,True
S03,c014,frame_000199.jpg,1990,199.0,True
S03,c014,frame_000200.jpg,2000,200.0,True
S03,c014,frame_000201.jpg,2010,201.0,True
S03,c014,frame_000202.jpg,2020,202.0,True
S03,c014,frame_000203.jpg,2030,203.0,True
S03,c014,frame_000204.jpg,2040,204.0,True
S03,c014,frame_000205.jpg,2050,205.0,True
S03,c014,frame_000206.jpg,2060,206.0,True
S03,c014,frame_000207.jpg,2070,207.0,True
S03,c014,frame_000208.jpg,2080,208.0,True
S03,c014,frame_000209.jpg,2090,209.0,True
S03,c014,frame_000210.jpg,2100,210.0,True
S03,c014,frame_000211.jpg,2110,211.0,True
S03,c014,frame_000212.jpg,2120,212.0,True
S03,c014,frame_000213.jpg,2130,213.0,True
S03,c014,frame_000214.jpg,2140,214.0,True
S03,c014,frame_000215.jpg,2150,215.0,True
S03,c014,frame_000216.jpg,2160,216.0,True
S03,c014,frame_000217.jpg,2170,217.0,True
S03,c014,frame_000218.jpg,2180,218.0,True
S03,c014,frame_000219.jpg,2190,219.0,True
S03,c014,frame_000220.jpg,2200,220.0,True
S03,c014,frame_000221.jpg,2210,221.0,True
S03,c014,frame_000222.jpg,2220,222.0,True
S03,c014,frame_000223.jpg,2230,223.0,True
S03,c014,frame_000224.jpg,2240,224.0,True
S03,c014,frame_000225.jpg,2250,225.0,True
S03,c014,frame_000226.jpg,2260,226.0,True
S03,c014,frame_000227.jpg,2270,227.0,True
S03,c014,frame_000228.jpg,2280,228.0,True
S03,c014,frame_000229.jpg,2290,229.0,True
S03,c014,frame_000230.jpg,2300,230.0,True
S03,c014,frame_000231.jpg,2310,231.0,True
S03,c014,frame_000232.jpg,2320,232.0,True
S03,c014,frame_000233.jpg,2330,233.0,True
S03,c015,frame_000000.jpg,0,0.0,True
S03,c015,frame_000001.jpg,8,1.0,True
S03,c015,frame_000002.jpg,16,2.0,True
S03,c015,frame_000003.jpg,24,3.0,True
S03,c015,frame_000004.jpg,32,4.0,True
S03,c015,frame_000005.jpg,40,5.0,True
S03,c015,frame_000006.jpg,48,6.0,True
S03,c015,frame_000007.jpg,56,7.0,True
S03,c015,frame_000008.jpg,64,8.0,True
S03,c015,frame_000009.jpg,72,9.0,True
S03,c015,frame_000010.jpg,80,10.0,True
S03,c015,frame_000011.jpg,88,11.0,True
S03,c015,frame_000012.jpg,96,12.0,True
S03,c015,frame_000013.jpg,104,13.0,True
S03,c015,frame_000014.jpg,112,14.0,True
S03,c015,frame_000015.jpg,120,15.0,True
S03,c015,frame_000016.jpg,128,16.0,True
S03,c015,frame_000017.jpg,136,17.0,True
S03,c015,frame_000018.jpg,144,18.0,True
S03,c015,frame_000019.jpg,152,19.0,True
S03,c015,frame_000020.jpg,160,20.0,True
S03,c015,frame_000021.jpg,168,21.0,True
S03,c015,frame_000022.jpg,176,22.0,True
S03,c015,frame_000023.jpg,184,23.0,True
S03,c015,frame_000024.jpg,192,24.0,True
S03,c015,frame_000025.jpg,200,25.0,True
S03,c015,frame_000026.jpg,208,26.0,True
S03,c015,frame_000027.jpg,216,27.0,True
S03,c015,frame_000028.jpg,224,28.0,True
S03,c015,frame_000029.jpg,232,29.0,True
S03,c015,frame_000030.jpg,240,30.0,True
S03,c015,frame_000031.jpg,248,31.0,True
S03,c015,frame_000032.jpg,256,32.0,True
S03,c015,frame_000033.jpg,264,33.0,True
S03,c015,frame_000034.jpg,272,34.0,True
S03,c015,frame_000035.jpg,280,35.0,True
S03,c015,frame_000036.jpg,288,36.0,True
S03,c015,frame_000037.jpg,296,37.0,True
S03,c015,frame_000038.jpg,304,38.0,True
S03,c015,frame_000039.jpg,312,39.0,True
S03,c015,frame_000040.jpg,320,40.0,True
S03,c015,frame_000041.jpg,328,41.0,True
S03,c015,frame_000042.jpg,336,42.0,True
S03,c015,frame_000043.jpg,344,43.0,True
S03,c015,frame_000044.jpg,352,44.0,True
S03,c015,frame_000045.jpg,360,45.0,True
S03,c015,frame_000046.jpg,368,46.0,True
S03,c015,frame_000047.jpg,376,47.0,True
S03,c015,frame_000048.jpg,384,48.0,True
S03,c015,frame_000049.jpg,392,49.0,True
S03,c015,frame_000050.jpg,400,50.0,True
S03,c015,frame_000051.jpg,408,51.0,True
S03,c015,frame_000052.jpg,416,52.0,True
S03,c015,frame_000053.jpg,424,53.0,True
S03,c015,frame_000054.jpg,432,54.0,True
S03,c015,frame_000055.jpg,440,55.0,True
S03,c015,frame_000056.jpg,448,56.0,True
S03,c015,frame_000057.jpg,456,57.0,True
S03,c015,frame_000058.jpg,464,58.0,True
S03,c015,frame_000059.jpg,472,59.0,True
S03,c015,frame_000060.jpg,480,60.0,True
S03,c015,frame_000061.jpg,488,61.0,True
S03,c015,frame_000062.jpg,496,62.0,True
S03,c015,frame_000063.jpg,504,63.0,True
S03,c015,frame_000064.jpg,512,64.0,True
S03,c015,frame_000065.jpg,520,65.0,True
S03,c015,frame_000066.jpg,528,66.0,True
S03,c015,frame_000067.jpg,536,67.0,True
S03,c015,frame_000068.jpg,544,68.0,True
S03,c015,frame_000069.jpg,552,69.0,True
S03,c015,frame_000070.jpg,560,70.0,True
S03,c015,frame_000071.jpg,568,71.0,True
S03,c015,frame_000072.jpg,576,72.0,True
S03,c015,frame_000073.jpg,584,73.0,True
S03,c015,frame_000074.jpg,592,74.0,True
S03,c015,frame_000075.jpg,600,75.0,True
S03,c015,frame_000076.jpg,608,76.0,True
S03,c015,frame_000077.jpg,616,77.0,True
S03,c015,frame_000078.jpg,624,78.0,True
S03,c015,frame_000079.jpg,632,79.0,True
S03,c015,frame_000080.jpg,640,80.0,True
S03,c015,frame_000081.jpg,648,81.0,True
S03,c015,frame_000082.jpg,656,82.0,True
S03,c015,frame_000083.jpg,664,83.0,True
S03,c015,frame_000084.jpg,672,84.0,True
S03,c015,frame_000085.jpg,680,85.0,True
S03,c015,frame_000086.jpg,688,86.0,True
S03,c015,frame_000087.jpg,696,87.0,True
S03,c015,frame_000088.jpg,704,88.0,True
S03,c015,frame_000089.jpg,712,89.0,True
S03,c015,frame_000090.jpg,720,90.0,True
S03,c015,frame_000091.jpg,728,91.0,True
S03,c015,frame_000092.jpg,736,92.0,True
S03,c015,frame_000093.jpg,744,93.0,True
S03,c015,frame_000094.jpg,752,94.0,True
S03,c015,frame_000095.jpg,760,95.0,True
S03,c015,frame_000096.jpg,768,96.0,True
S03,c015,frame_000097.jpg,776,97.0,True
S03,c015,frame_000098.jpg,784,98.0,True
S03,c015,frame_000099.jpg,792,99.0,True
S03,c015,frame_000100.jpg,800,100.0,True
S03,c015,frame_000101.jpg,808,101.0,True
S03,c015,frame_000102.jpg,816,102.0,True
S03,c015,frame_000103.jpg,824,103.0,True
S03,c015,frame_000104.jpg,832,104.0,True
S03,c015,frame_000105.jpg,840,105.0,True
S03,c015,frame_000106.jpg,848,106.0,True
S03,c015,frame_000107.jpg,856,107.0,True
S03,c015,frame_000108.jpg,864,108.0,True
S03,c015,frame_000109.jpg,872,109.0,True
S03,c015,frame_000110.jpg,880,110.0,True
S03,c015,frame_000111.jpg,888,111.0,True
S03,c015,frame_000112.jpg,896,112.0,True
S03,c015,frame_000113.jpg,904,113.0,True
S03,c015,frame_000114.jpg,912,114.0,True
S03,c015,frame_000115.jpg,920,115.0,True
S03,c015,frame_000116.jpg,928,116.0,True
S03,c015,frame_000117.jpg,936,117.0,True
S03,c015,frame_000118.jpg,944,118.0,True
S03,c015,frame_000119.jpg,952,119.0,True
S03,c015,frame_000120.jpg,960,120.0,True
S03,c015,frame_000121.jpg,968,121.0,True
S03,c015,frame_000122.jpg,976,122.0,True
S03,c015,frame_000123.jpg,984,123.0,True
S03,c015,frame_000124.jpg,992,124.0,True
S03,c015,frame_000125.jpg,1000,125.0,True
S03,c015,frame_000126.jpg,1008,126.0,True
S03,c015,frame_000127.jpg,1016,127.0,True
S03,c015,frame_000128.jpg,1024,128.0,True
S03,c015,frame_000129.jpg,1032,129.0,True
S03,c015,frame_000130.jpg,1040,130.0,True
S03,c015,frame_000131.jpg,1048,131.0,True
S03,c015,frame_000132.jpg,1056,132.0,True
S03,c015,frame_000133.jpg,1064,133.0,True
S03,c015,frame_000134.jpg,1072,134.0,True
S03,c015,frame_000135.jpg,1080,135.0,True
S03,c015,frame_000136.jpg,1088,136.0,True
S03,c015,frame_000137.jpg,1096,137.0,True
S03,c015,frame_000138.jpg,1104,138.0,True
S03,c015,frame_000139.jpg,1112,139.0,True
S03,c015,frame_000140.jpg,1120,140.0,True
S03,c015,frame_000141.jpg,1128,141.0,True
S03,c015,frame_000142.jpg,1136,142.0,True
S03,c015,frame_000143.jpg,1144,143.0,True
S03,c015,frame_000144.jpg,1152,144.0,True
S03,c015,frame_000145.jpg,1160,145.0,True
S03,c015,frame_000146.jpg,1168,146.0,True
S03,c015,frame_000147.jpg,1176,147.0,True
S03,c015,frame_000148.jpg,1184,148.0,True
S03,c015,frame_000149.jpg,1192,149.0,True
S03,c015,frame_000150.jpg,1200,150.0,True
S03,c015,frame_000151.jpg,1208,151.0,True
S03,c015,frame_000152.jpg,1216,152.0,True
S03,c015,frame_000153.jpg,1224,153.0,True
S03,c015,frame_000154.jpg,1232,154.0,True
S03,c015,frame_000155.jpg,1240,155.0,True
S03,c015,frame_000156.jpg,1248,156.0,True
S03,c015,frame_000157.jpg,1256,157.0,True
S03,c015,frame_000158.jpg,1264,158.0,True
S03,c015,frame_000159.jpg,1272,159.0,True
S03,c015,frame_000160.jpg,1280,160.0,True
S03,c015,frame_000161.jpg,1288,161.0,True
S03,c015,frame_000162.jpg,1296,162.0,True
S03,c015,frame_000163.jpg,1304,163.0,True
S03,c015,frame_000164.jpg,1312,164.0,True
S03,c015,frame_000165.jpg,1320,165.0,True
S03,c015,frame_000166.jpg,1328,166.0,True
S03,c015,frame_000167.jpg,1336,167.0,True
S03,c015,frame_000168.jpg,1344,168.0,True
S03,c015,frame_000169.jpg,1352,169.0,True
S03,c015,frame_000170.jpg,1360,170.0,True
S03,c015,frame_000171.jpg,1368,171.0,True
S03,c015,frame_000172.jpg,1376,172.0,True
S03,c015,frame_000173.jpg,1384,173.0,True
S03,c015,frame_000174.jpg,1392,174.0,True
S03,c015,frame_000175.jpg,1400,175.0,True
S03,c015,frame_000176.jpg,1408,176.0,True
S03,c015,frame_000177.jpg,1416,177.0,True
S03,c015,frame_000178.jpg,1424,178.0,True
S03,c015,frame_000179.jpg,1432,179.0,True
S03,c015,frame_000180.jpg,1440,180.0,True
S03,c015,frame_000181.jpg,1448,181.0,True
S03,c015,frame_000182.jpg,1456,182.0,True
S03,c015,frame_000183.jpg,1464,183.0,True
S03,c015,frame_000184.jpg,1472,184.0,True
S03,c015,frame_000185.jpg,1480,185.0,True
S03,c015,frame_000186.jpg,1488,186.0,True
S03,c015,frame_000187.jpg,1496,187.0,True
S03,c015,frame_000188.jpg,1504,188.0,True
S03,c015,frame_000189.jpg,1512,189.0,True
S03,c015,frame_000190.jpg,1520,190.0,True
S03,c015,frame_000191.jpg,1528,191.0,True
S03,c015,frame_000192.jpg,1536,192.0,True
S03,c015,frame_000193.jpg,1544,193.0,True
S03,c015,frame_000194.jpg,1552,194.0,True
S03,c015,frame_000195.jpg,1560,195.0,True
S03,c015,frame_000196.jpg,1568,196.0,True
S03,c015,frame_000197.jpg,1576,197.0,True
S03,c015,frame_000198.jpg,1584,198.0,True
S03,c015,frame_000199.jpg,1592,199.0,True
S03,c015,frame_000200.jpg,1600,200.0,True
S03,c015,frame_000201.jpg,1608,201.0,True
S03,c015,frame_000202.jpg,1616,202.0,True
S03,c015,frame_000203.jpg,1624,203.0,True
S03,c015,frame_000204.jpg,1632,204.0,True
S03,c015,frame_000205.jpg,1640,205.0,True
S03,c015,frame_000206.jpg,1648,206.0,True
S03,c015,frame_000207.jpg,1656,207.0,True
S03,c015,frame_000208.jpg,1664,208.0,True
S03,c015,frame_000209.jpg,1672,209.0,True
S03,c015,frame_000210.jpg,1680,210.0,True
S03,c015,frame_000211.jpg,1688,211.0,True
S03,c015,frame_000212.jpg,1696,212.0,True
S03,c015,frame_000213.jpg,1704,213.0,True
S03,c015,frame_000214.jpg,1712,214.0,True
S03,c015,frame_000215.jpg,1720,215.0,True
S03,c015,frame_000216.jpg,1728,216.0,True
S03,c015,frame_000217.jpg,1736,217.0,True
S03,c015,frame_000218.jpg,1744,218.0,True
S03,c015,frame_000219.jpg,1752,219.0,True
S03,c015,frame_000220.jpg,1760,220.0,True
S03,c015,frame_000221.jpg,1768,221.0,True
S03,c015,frame_000222.jpg,1776,222.0,True
S03,c015,frame_000223.jpg,1784,223.0,True
S03,c015,frame_000224.jpg,1792,224.0,True
S03,c015,frame_000225.jpg,1800,225.0,True
S03,c015,frame_000226.jpg,1808,226.0,True
S03,c015,frame_000227.jpg,1816,227.0,True
S03,c015,frame_000228.jpg,1824,228.0,True
S03,c015,frame_000229.jpg,1832,229.0,True
S03,c015,frame_000230.jpg,1840,230.0,True
S03,c015,frame_000231.jpg,1848,231.0,True
S03,c015,frame_000232.jpg,1856,232.0,True
S03,c015,frame_000233.jpg,1864,233.0,True
S03,c015,frame_000234.jpg,1872,234.0,True
S03,c015,frame_000235.jpg,1880,235.0,True
S03,c015,frame_000236.jpg,1888,236.0,True
S03,c015,frame_000237.jpg,1896,237.0,True
S03,c015,frame_000238.jpg,1904,238.0,True
S03,c015,frame_000239.jpg,1912,239.0,True
S03,c015,frame_000240.jpg,1920,240.0,True
S04,c016,frame_000000.jpg,0,0.0,True
S04,c016,frame_000001.jpg,10,1.0,True
S04,c016,frame_000002.jpg,20,2.0,True
S04,c016,frame_000003.jpg,30,3.0,True
S04,c016,frame_000004.jpg,40,4.0,True
S04,c016,frame_000005.jpg,50,5.0,True
S04,c016,frame_000006.jpg,60,6.0,True
S04,c016,frame_000007.jpg,70,7.0,True
S04,c016,frame_000008.jpg,80,8.0,True
S04,c016,frame_000009.jpg,90,9.0,True
S04,c016,frame_000010.jpg,100,10.0,True
S04,c016,frame_000011.jpg,110,11.0,True
S04,c016,frame_000012.jpg,120,12.0,True
S04,c016,frame_000013.jpg,130,13.0,True
S04,c016,frame_000014.jpg,140,14.0,True
S04,c016,frame_000015.jpg,150,15.0,True
S04,c016,frame_000016.jpg,160,16.0,True
S04,c016,frame_000017.jpg,170,17.0,True
S04,c016,frame_000018.jpg,180,18.0,True
S04,c016,frame_000019.jpg,190,19.0,True
S04,c016,frame_000020.jpg,200,20.0,True
S04,c016,frame_000021.jpg,210,21.0,True
S04,c016,frame_000022.jpg,220,22.0,True
S04,c016,frame_000023.jpg,230,23.0,True
S04,c016,frame_000024.jpg,240,24.0,True
S04,c016,frame_000025.jpg,250,25.0,True
S04,c016,frame_000026.jpg,260,26.0,True
S04,c016,frame_000027.jpg,270,27.0,True
S04,c016,frame_000028.jpg,280,28.0,True
S04,c016,frame_000029.jpg,290,29.0,True
S04,c016,frame_000030.jpg,300,30.0,True
S04,c017,frame_000000.jpg,0,0.0,True
S04,c017,frame_000001.jpg,10,1.0,True
S04,c017,frame_000002.jpg,20,2.0,True
S04,c017,frame_000003.jpg,30,3.0,True
S04,c017,frame_000004.jpg,40,4.0,True
S04,c017,frame_000005.jpg,50,5.0,True
S04,c017,frame_000006.jpg,60,6.0,True
S04,c017,frame_000007.jpg,70,7.0,True
S04,c017,frame_000008.jpg,80,8.0,True
S04,c017,frame_000009.jpg,90,9.0,True
S04,c017,frame_000010.jpg,100,10.0,True
S04,c017,frame_000011.jpg,110,11.0,True
S04,c017,frame_000012.jpg,120,12.0,True
S04,c017,frame_000013.jpg,130,13.0,True
S04,c017,frame_000014.jpg,140,14.0,True
S04,c017,frame_000015.jpg,150,15.0,True
S04,c017,frame_000016.jpg,160,16.0,True
S04,c017,frame_000017.jpg,170,17.0,True
S04,c017,frame_000018.jpg,180,18.0,True
S04,c017,frame_000019.jpg,190,19.0,True
S04,c017,frame_000020.jpg,200,20.0,True
S04,c017,frame_000021.jpg,210,21.0,True
S04,c017,frame_000022.jpg,220,22.0,True
S04,c017,frame_000023.jpg,230,23.0,True
S04,c017,frame_000024.jpg,240,24.0,True
S04,c017,frame_000025.jpg,250,25.0,True
S04,c017,frame_000026.jpg,260,26.0,True
S04,c017,frame_000027.jpg,270,27.0,True
S04,c017,frame_000028.jpg,280,28.0,True
S04,c018,frame_000000.jpg,0,0.0,True
S04,c018,frame_000001.jpg,10,1.0,True
S04,c018,frame_000002.jpg,20,2.0,True
S04,c018,frame_000003.jpg,30,3.0,True
S04,c018,frame_000004.jpg,40,4.0,True
S04,c018,frame_000005.jpg,50,5.0,True
S04,c018,frame_000006.jpg,60,6.0,True
S04,c018,frame_000007.jpg,70,7.0,True
S04,c018,frame_000008.jpg,80,8.0,True
S04,c018,frame_000009.jpg,90,9.0,True
S04,c018,frame_000010.jpg,100,10.0,True
S04,c018,frame_000011.jpg,110,11.0,True
S04,c018,frame_000012.jpg,120,12.0,True
S04,c018,frame_000013.jpg,130,13.0,True
S04,c018,frame_000014.jpg,140,14.0,True
S04,c018,frame_000015.jpg,150,15.0,True
S04,c018,frame_000016.jpg,160,16.0,True
S04,c018,frame_000017.jpg,170,17.0,True
S04,c018,frame_000018.jpg,180,18.0,True
S04,c018,frame_000019.jpg,190,19.0,True
S04,c018,frame_000020.jpg,200,20.0,True
S04,c018,frame_000021.jpg,210,21.0,True
S04,c018,frame_000022.jpg,220,22.0,True
S04,c018,frame_000023.jpg,230,23.0,True
S04,c018,frame_000024.jpg,240,24.0,True
S04,c018,frame_000025.jpg,250,25.0,True
S04,c018,frame_000026.jpg,260,26.0,True
S04,c018,frame_000027.jpg,270,27.0,True
S04,c018,frame_000028.jpg,280,28.0,True
S04,c018,frame_000029.jpg,290,29.0,True
S04,c018,frame_000030.jpg,300,30.0,True
S04,c018,frame_000031.jpg,310,31.0,True
S04,c018,frame_000032.jpg,320,32.0,True
S04,c018,frame_000033.jpg,330,33.0,True
S04,c018,frame_000034.jpg,340,34.0,True
S04,c018,frame_000035.jpg,350,35.0,True
S04,c018,frame_000036.jpg,360,36.0,True
S04,c018,frame_000037.jpg,370,37.0,True
S04,c018,frame_000038.jpg,380,38.0,True
S04,c018,frame_000039.jpg,390,39.0,True
S04,c018,frame_000040.jpg,400,40.0,True
S04,c018,frame_000041.jpg,410,41.0,True
S04,c019,frame_000000.jpg,0,0.0,True
S04,c019,frame_000001.jpg,10,1.0,True
S04,c019,frame_000002.jpg,20,2.0,True
S04,c019,frame_000003.jpg,30,3.0,True
S04,c019,frame_000004.jpg,40,4.0,True
S04,c019,frame_000005.jpg,50,5.0,True
S04,c019,frame_000006.jpg,60,6.0,True
S04,c019,frame_000007.jpg,70,7.0,True
S04,c019,frame_000008.jpg,80,8.0,True
S04,c019,frame_000009.jpg,90,9.0,True
S04,c019,frame_000010.jpg,100,10.0,True
S04,c019,frame_000011.jpg,110,11.0,True
S04,c019,frame_000012.jpg,120,12.0,True
S04,c019,frame_000013.jpg,130,13.0,True
S04,c019,frame_000014.jpg,140,14.0,True
S04,c019,frame_000015.jpg,150,15.0,True
S04,c019,frame_000016.jpg,160,16.0,True
S04,c019,frame_000017.jpg,170,17.0,True
S04,c019,frame_000018.jpg,180,18.0,True
S04,c019,frame_000019.jpg,190,19.0,True
S04,c019,frame_000020.jpg,200,20.0,True
S04,c019,frame_000021.jpg,210,21.0,True
S04,c019,frame_000022.jpg,220,22.0,True
S04,c019,frame_000023.jpg,230,23.0,True
S04,c019,frame_000024.jpg,240,24.0,True
S04,c019,frame_000025.jpg,250,25.0,True
S04,c019,frame_000026.jpg,260,26.0,True
S04,c019,frame_000027.jpg,270,27.0,True
S04,c019,frame_000028.jpg,280,28.0,True
S04,c019,frame_000029.jpg,290,29.0,True
S04,c019,frame_000030.jpg,300,30.0,True
S04,c019,frame_000031.jpg,310,31.0,True
S04,c019,frame_000032.jpg,320,32.0,True
S04,c019,frame_000033.jpg,330,33.0,True
S04,c019,frame_000034.jpg,340,34.0,True
S04,c019,frame_000035.jpg,350,35.0,True
S04,c019,frame_000036.jpg,360,36.0,True
S04,c019,frame_000037.jpg,370,37.0,True
S04,c019,frame_000038.jpg,380,38.0,True
S04,c019,frame_000039.jpg,390,39.0,True
S04,c019,frame_000040.jpg,400,40.0,True
S04,c019,frame_000041.jpg,410,41.0,True
S04,c019,frame_000042.jpg,420,42.0,True
S04,c019,frame_000043.jpg,430,43.0,True
S04,c019,frame_000044.jpg,440,44.0,True
S04,c019,frame_000045.jpg,450,45.0,True
S04,c020,frame_000000.jpg,0,0.0,True
S04,c020,frame_000001.jpg,10,1.0,True
S04,c020,frame_000002.jpg,20,2.0,True
S04,c020,frame_000003.jpg,30,3.0,True
S04,c020,frame_000004.jpg,40,4.0,True
S04,c020,frame_000005.jpg,50,5.0,True
S04,c020,frame_000006.jpg,60,6.0,True
S04,c020,frame_000007.jpg,70,7.0,True
S04,c020,frame_000008.jpg,80,8.0,True
S04,c020,frame_000009.jpg,90,9.0,True
S04,c020,frame_000010.jpg,100,10.0,True
S04,c020,frame_000011.jpg,110,11.0,True
S04,c020,frame_000012.jpg,120,12.0,True
S04,c020,frame_000013.jpg,130,13.0,True
S04,c020,frame_000014.jpg,140,14.0,True
S04,c020,frame_000015.jpg,150,15.0,True
S04,c020,frame_000016.jpg,160,16.0,True
S04,c020,frame_000017.jpg,170,17.0,True
S04,c020,frame_000018.jpg,180,18.0,True
S04,c020,frame_000019.jpg,190,19.0,True
S04,c020,frame_000020.jpg,200,20.0,True
S04,c020,frame_000021.jpg,210,21.0,True
S04,c020,frame_000022.jpg,220,22.0,True
S04,c020,frame_000023.jpg,230,23.0,True
S04,c020,frame_000024.jpg,240,24.0,True
S04,c020,frame_000025.jpg,250,25.0,True
S04,c020,frame_000026.jpg,260,26.0,True
S04,c020,frame_000027.jpg,270,27.0,True
S04,c020,frame_000028.jpg,280,28.0,True
S04,c020,frame_000029.jpg,290,29.0,True
S04,c020,frame_000030.jpg,300,30.0,True
S04,c020,frame_000031.jpg,310,31.0,True
S04,c020,frame_000032.jpg,320,32.0,True
S04,c020,frame_000033.jpg,330,33.0,True
S04,c020,frame_000034.jpg,340,34.0,True
S04,c020,frame_000035.jpg,350,35.0,True
S04,c020,frame_000036.jpg,360,36.0,True
S04,c020,frame_000037.jpg,370,37.0,True
S04,c020,frame_000038.jpg,380,38.0,True
S04,c020,frame_000039.jpg,390,39.0,True
S04,c020,frame_000040.jpg,400,40.0,True
S04,c020,frame_000041.jpg,410,41.0,True
S04,c020,frame_000042.jpg,420,42.0,True
S04,c020,frame_000043.jpg,430,43.0,True
S04,c020,frame_000044.jpg,440,44.0,True
S04,c020,frame_000045.jpg,450,45.0,True
S04,c020,frame_000046.jpg,460,46.0,True
S04,c020,frame_000047.jpg,470,47.0,True
S04,c021,frame_000000.jpg,0,0.0,True
S04,c021,frame_000001.jpg,10,1.0,True
S04,c021,frame_000002.jpg,20,2.0,True
S04,c021,frame_000003.jpg,30,3.0,True
S04,c021,frame_000004.jpg,40,4.0,True
S04,c021,frame_000005.jpg,50,5.0,True
S04,c021,frame_000006.jpg,60,6.0,True
S04,c021,frame_000007.jpg,70,7.0,True
S04,c021,frame_000008.jpg,80,8.0,True
S04,c021,frame_000009.jpg,90,9.0,True
S04,c021,frame_000010.jpg,100,10.0,True
S04,c021,frame_000011.jpg,110,11.0,True
S04,c021,frame_000012.jpg,120,12.0,True
S04,c021,frame_000013.jpg,130,13.0,True
S04,c021,frame_000014.jpg,140,14.0,True
S04,c021,frame_000015.jpg,150,15.0,True
S04,c021,frame_000016.jpg,160,16.0,True
S04,c021,frame_000017.jpg,170,17.0,True
S04,c021,frame_000018.jpg,180,18.0,True
S04,c021,frame_000019.jpg,190,19.0,True
S04,c021,frame_000020.jpg,200,20.0,True
S04,c021,frame_000021.jpg,210,21.0,True
S04,c021,frame_000022.jpg,220,22.0,True
S04,c021,frame_000023.jpg,230,23.0,True
S04,c021,frame_000024.jpg,240,24.0,True
S04,c021,frame_000025.jpg,250,25.0,True
S04,c021,frame_000026.jpg,260,26.0,True
S04,c021,frame_000027.jpg,270,27.0,True
S04,c021,frame_000028.jpg,280,28.0,True
S04,c021,frame_000029.jpg,290,29.0,True
S04,c021,frame_000030.jpg,300,30.0,True
S04,c022,frame_000000.jpg,0,0.0,True
S04,c022,frame_000001.jpg,10,1.0,True
S04,c022,frame_000002.jpg,20,2.0,True
S04,c022,frame_000003.jpg,30,3.0,True
S04,c022,frame_000004.jpg,40,4.0,True
S04,c022,frame_000005.jpg,50,5.0,True
S04,c022,frame_000006.jpg,60,6.0,True
S04,c022,frame_000007.jpg,70,7.0,True
S04,c022,frame_000008.jpg,80,8.0,True
S04,c022,frame_000009.jpg,90,9.0,True
S04,c022,frame_000010.jpg,100,10.0,True
S04,c022,frame_000011.jpg,110,11.0,True
S04,c022,frame_000012.jpg,120,12.0,True
S04,c022,frame_000013.jpg,130,13.0,True
S04,c022,frame_000014.jpg,140,14.0,True
S04,c022,frame_000015.jpg,150,15.0,True
S04,c022,frame_000016.jpg,160,16.0,True
S04,c022,frame_000017.jpg,170,17.0,True
S04,c022,frame_000018.jpg,180,18.0,True
S04,c022,frame_000019.jpg,190,19.0,True
S04,c022,frame_000020.jpg,200,20.0,True
S04,c022,frame_000021.jpg,210,21.0,True
S04,c022,frame_000022.jpg,220,22.0,True
S04,c022,frame_000023.jpg,230,23.0,True
S04,c022,frame_000024.jpg,240,24.0,True
S04,c022,frame_000025.jpg,250,25.0,True
S04,c022,frame_000026.jpg,260,26.0,True
S04,c022,frame_000027.jpg,270,27.0,True
S04,c022,frame_000028.jpg,280,28.0,True
S04,c022,frame_000029.jpg,290,29.0,True
S04,c022,frame_000030.jpg,300,30.0,True
S04,c023,frame_000000.jpg,0,0.0,True
S04,c023,frame_000001.jpg,10,1.0,True
S04,c023,frame_000002.jpg,20,2.0,True
S04,c023,frame_000003.jpg,30,3.0,True
S04,c023,frame_000004.jpg,40,4.0,True
S04,c023,frame_000005.jpg,50,5.0,True
S04,c023,frame_000006.jpg,60,6.0,True
S04,c023,frame_000007.jpg,70,7.0,True
S04,c023,frame_000008.jpg,80,8.0,True
S04,c023,frame_000009.jpg,90,9.0,True
S04,c023,frame_000010.jpg,100,10.0,True
S04,c023,frame_000011.jpg,110,11.0,True
S04,c023,frame_000012.jpg,120,12.0,True
S04,c023,frame_000013.jpg,130,13.0,True
S04,c023,frame_000014.jpg,140,14.0,True
S04,c023,frame_000015.jpg,150,15.0,True
S04,c023,frame_000016.jpg,160,16.0,True
S04,c023,frame_000017.jpg,170,17.0,True
S04,c023,frame_000018.jpg,180,18.0,True
S04,c023,frame_000019.jpg,190,19.0,True
S04,c023,frame_000020.jpg,200,20.0,True
S04,c023,frame_000021.jpg,210,21.0,True
S04,c023,frame_000022.jpg,220,22.0,True
S04,c023,frame_000023.jpg,230,23.0,True
S04,c023,frame_000024.jpg,240,24.0,True
S04,c023,frame_000025.jpg,250,25.0,True
S04,c023,frame_000026.jpg,260,26.0,True
S04,c023,frame_000027.jpg,270,27.0,True
S04,c023,frame_000028.jpg,280,28.0,True
S04,c023,frame_000029.jpg,290,29.0,True
S04,c023,frame_000030.jpg,300,30.0,True
S04,c023,frame_000031.jpg,310,31.0,True
S04,c023,frame_000032.jpg,320,32.0,True
S04,c023,frame_000033.jpg,330,33.0,True
S04,c023,frame_000034.jpg,340,34.0,True
S04,c023,frame_000035.jpg,350,35.0,True
S04,c023,frame_000036.jpg,360,36.0,True
S04,c023,frame_000037.jpg,370,37.0,True
S04,c023,frame_000038.jpg,380,38.0,True
S04,c023,frame_000039.jpg,390,39.0,True
S04,c023,frame_000040.jpg,400,40.0,True
S04,c023,frame_000041.jpg,410,41.0,True
S04,c023,frame_000042.jpg,420,42.0,True
S04,c023,frame_000043.jpg,430,43.0,True
S04,c023,frame_000044.jpg,440,44.0,True
S04,c023,frame_000045.jpg,450,45.0,True
S04,c023,frame_000046.jpg,460,46.0,True
S04,c023,frame_000047.jpg,470,47.0,True
S04,c023,frame_000048.jpg,480,48.0,True
S04,c023,frame_000049.jpg,490,49.0,True
S04,c023,frame_000050.jpg,500,50.0,True
S04,c023,frame_000051.jpg,510,51.0,True
S04,c023,frame_000052.jpg,520,52.0,True
S04,c023,frame_000053.jpg,530,53.0,True
S04,c023,frame_000054.jpg,540,54.0,True
S04,c023,frame_000055.jpg,550,55.0,True
S04,c023,frame_000056.jpg,560,56.0,True
S04,c023,frame_000057.jpg,570,57.0,True
S04,c023,frame_000058.jpg,580,58.0,True
S04,c023,frame_000059.jpg,590,59.0,True
S04,c023,frame_000060.jpg,600,60.0,True
S04,c024,frame_000000.jpg,0,0.0,True
S04,c024,frame_000001.jpg,10,1.0,True
S04,c024,frame_000002.jpg,20,2.0,True
S04,c024,frame_000003.jpg,30,3.0,True
S04,c024,frame_000004.jpg,40,4.0,True
S04,c024,frame_000005.jpg,50,5.0,True
S04,c024,frame_000006.jpg,60,6.0,True
S04,c024,frame_000007.jpg,70,7.0,True
S04,c024,frame_000008.jpg,80,8.0,True
S04,c024,frame_000009.jpg,90,9.0,True
S04,c024,frame_000010.jpg,100,10.0,True
S04,c024,frame_000011.jpg,110,11.0,True
S04,c024,frame_000012.jpg,120,12.0,True
S04,c024,frame_000013.jpg,130,13.0,True
S04,c024,frame_000014.jpg,140,14.0,True
S04,c024,frame_000015.jpg,150,15.0,True
S04,c024,frame_000016.jpg,160,16.0,True
S04,c024,frame_000017.jpg,170,17.0,True
S04,c024,frame_000018.jpg,180,18.0,True
S04,c024,frame_000019.jpg,190,19.0,True
S04,c024,frame_000020.jpg,200,20.0,True
S04,c024,frame_000021.jpg,210,21.0,True
S04,c024,frame_000022.jpg,220,22.0,True
S04,c024,frame_000023.jpg,230,23.0,True
S04,c024,frame_000024.jpg,240,24.0,True
S04,c024,frame_000025.jpg,250,25.0,True
S04,c024,frame_000026.jpg,260,26.0,True
S04,c024,frame_000027.jpg,270,27.0,True
S04,c024,frame_000028.jpg,280,28.0,True
S04,c024,frame_000029.jpg,290,29.0,True
S04,c024,frame_000030.jpg,300,30.0,True
S04,c024,frame_000031.jpg,310,31.0,True
S04,c024,frame_000032.jpg,320,32.0,True
S04,c024,frame_000033.jpg,330,33.0,True
S04,c024,frame_000034.jpg,340,34.0,True
S04,c024,frame_000035.jpg,350,35.0,True
S04,c024,frame_000036.jpg,360,36.0,True
S04,c024,frame_000037.jpg,370,37.0,True
S04,c024,frame_000038.jpg,380,38.0,True
S04,c024,frame_000039.jpg,390,39.0,True
S04,c024,frame_000040.jpg,400,40.0,True
S04,c024,frame_000041.jpg,410,41.0,True
S04,c024,frame_000042.jpg,420,42.0,True
S04,c024,frame_000043.jpg,430,43.0,True
S04,c024,frame_000044.jpg,440,44.0,True
S04,c024,frame_000045.jpg,450,45.0,True
S04,c024,frame_000046.jpg,460,46.0,True
S04,c024,frame_000047.jpg,470,47.0,True
S04,c024,frame_000048.jpg,480,48.0,True
S04,c024,frame_000049.jpg,490,49.0,True
S04,c024,frame_000050.jpg,500,50.0,True
S04,c024,frame_000051.jpg,510,51.0,True
S04,c024,frame_000052.jpg,520,52.0,True
S04,c024,frame_000053.jpg,530,53.0,True
S04,c024,frame_000054.jpg,540,54.0,True
S04,c025,frame_000000.jpg,0,0.0,True
S04,c025,frame_000001.jpg,10,1.0,True
S04,c025,frame_000002.jpg,20,2.0,True
S04,c025,frame_000003.jpg,30,3.0,True
S04,c025,frame_000004.jpg,40,4.0,True
S04,c025,frame_000005.jpg,50,5.0,True
S04,c025,frame_000006.jpg,60,6.0,True
S04,c025,frame_000007.jpg,70,7.0,True
S04,c025,frame_000008.jpg,80,8.0,True
S04,c025,frame_000009.jpg,90,9.0,True
S04,c025,frame_000010.jpg,100,10.0,True
S04,c025,frame_000011.jpg,110,11.0,True
S04,c025,frame_000012.jpg,120,12.0,True
S04,c025,frame_000013.jpg,130,13.0,True
S04,c025,frame_000014.jpg,140,14.0,True
S04,c025,frame_000015.jpg,150,15.0,True
S04,c025,frame_000016.jpg,160,16.0,True
S04,c025,frame_000017.jpg,170,17.0,True
S04,c025,frame_000018.jpg,180,18.0,True
S04,c025,frame_000019.jpg,190,19.0,True
S04,c025,frame_000020.jpg,200,20.0,True
S04,c025,frame_000021.jpg,210,21.0,True
S04,c025,frame_000022.jpg,220,22.0,True
S04,c025,frame_000023.jpg,230,23.0,True
S04,c025,frame_000024.jpg,240,24.0,True
S04,c025,frame_000025.jpg,250,25.0,True
S04,c025,frame_000026.jpg,260,26.0,True
S04,c025,frame_000027.jpg,270,27.0,True
S04,c025,frame_000028.jpg,280,28.0,True
S04,c025,frame_000029.jpg,290,29.0,True
S04,c025,frame_000030.jpg,300,30.0,True
S04,c025,frame_000031.jpg,310,31.0,True
S04,c025,frame_000032.jpg,320,32.0,True
S04,c025,frame_000033.jpg,330,33.0,True
S04,c025,frame_000034.jpg,340,34.0,True
S04,c025,frame_000035.jpg,350,35.0,True
S04,c025,frame_000036.jpg,360,36.0,True
S04,c025,frame_000037.jpg,370,37.0,True
S04,c025,frame_000038.jpg,380,38.0,True
S04,c025,frame_000039.jpg,390,39.0,True
S04,c025,frame_000040.jpg,400,40.0,True
S04,c025,frame_000041.jpg,410,41.0,True
S04,c025,frame_000042.jpg,420,42.0,True
S04,c025,frame_000043.jpg,430,43.0,True
S04,c025,frame_000044.jpg,440,44.0,True
S04,c025,frame_000045.jpg,450,45.0,True
S04,c025,frame_000046.jpg,460,46.0,True
S04,c025,frame_000047.jpg,470,47.0,True
S04,c025,frame_000048.jpg,480,48.0,True
S04,c025,frame_000049.jpg,490,49.0,True
S04,c025,frame_000050.jpg,500,50.0,True
S04,c025,frame_000051.jpg,510,51.0,True
S04,c025,frame_000052.jpg,520,52.0,True
S04,c025,frame_000053.jpg,530,53.0,True
S04,c025,frame_000054.jpg,540,54.0,True
S04,c025,frame_000055.jpg,550,55.0,True
S04,c026,frame_000000.jpg,0,0.0,True
S04,c026,frame_000001.jpg,10,1.0,True
S04,c026,frame_000002.jpg,20,2.0,True
S04,c026,frame_000003.jpg,30,3.0,True
S04,c026,frame_000004.jpg,40,4.0,True
S04,c026,frame_000005.jpg,50,5.0,True
S04,c026,frame_000006.jpg,60,6.0,True
S04,c026,frame_000007.jpg,70,7.0,True
S04,c026,frame_000008.jpg,80,8.0,True
S04,c026,frame_000009.jpg,90,9.0,True
S04,c026,frame_000010.jpg,100,10.0,True
S04,c026,frame_000011.jpg,110,11.0,True
S04,c026,frame_000012.jpg,120,12.0,True
S04,c026,frame_000013.jpg,130,13.0,True
S04,c026,frame_000014.jpg,140,14.0,True
S04,c026,frame_000015.jpg,150,15.0,True
S04,c026,frame_000016.jpg,160,16.0,True
S04,c026,frame_000017.jpg,170,17.0,True
S04,c026,frame_000018.jpg,180,18.0,True
S04,c026,frame_000019.jpg,190,19.0,True
S04,c026,frame_000020.jpg,200,20.0,True
S04,c026,frame_000021.jpg,210,21.0,True
S04,c026,frame_000022.jpg,220,22.0,True
S04,c026,frame_000023.jpg,230,23.0,True
S04,c026,frame_000024.jpg,240,24.0,True
S04,c026,frame_000025.jpg,250,25.0,True
S04,c026,frame_000026.jpg,260,26.0,True
S04,c026,frame_000027.jpg,270,27.0,True
S04,c026,frame_000028.jpg,280,28.0,True
S04,c026,frame_000029.jpg,290,29.0,True
S04,c026,frame_000030.jpg,300,30.0,True
S04,c026,frame_000031.jpg,310,31.0,True
S04,c026,frame_000032.jpg,320,32.0,True
S04,c026,frame_000033.jpg,330,33.0,True
S04,c026,frame_000034.jpg,340,34.0,True
S04,c026,frame_000035.jpg,350,35.0,True
S04,c026,frame_000036.jpg,360,36.0,True
S04,c026,frame_000037.jpg,370,37.0,True
S04,c026,frame_000038.jpg,380,38.0,True
S04,c026,frame_000039.jpg,390,39.0,True
S04,c026,frame_000040.jpg,400,40.0,True
S04,c026,frame_000041.jpg,410,41.0,True
S04,c026,frame_000042.jpg,420,42.0,True
S04,c026,frame_000043.jpg,430,43.0,True
S04,c026,frame_000044.jpg,440,44.0,True
S04,c026,frame_000045.jpg,450,45.0,True
S04,c026,frame_000046.jpg,460,46.0,True
S04,c026,frame_000047.jpg,470,47.0,True
S04,c026,frame_000048.jpg,480,48.0,True
S04,c026,frame_000049.jpg,490,49.0,True
S04,c026,frame_000050.jpg,500,50.0,True
S04,c026,frame_000051.jpg,510,51.0,True
S04,c026,frame_000052.jpg,520,52.0,True
S04,c026,frame_000053.jpg,530,53.0,True
S04,c026,frame_000054.jpg,540,54.0,True
S04,c026,frame_000055.jpg,550,55.0,True
S04,c026,frame_000056.jpg,560,56.0,True
S04,c026,frame_000057.jpg,570,57.0,True
S04,c026,frame_000058.jpg,580,58.0,True
S04,c026,frame_000059.jpg,590,59.0,True
S04,c026,frame_000060.jpg,600,60.0,True
S04,c026,frame_000061.jpg,610,61.0,True
S04,c026,frame_000062.jpg,620,62.0,True
S04,c026,frame_000063.jpg,630,63.0,True
S04,c026,frame_000064.jpg,640,64.0,True
S04,c026,frame_000065.jpg,650,65.0,True
S04,c026,frame_000066.jpg,660,66.0,True
S04,c026,frame_000067.jpg,670,67.0,True
S04,c026,frame_000068.jpg,680,68.0,True
S04,c026,frame_000069.jpg,690,69.0,True
S04,c026,frame_000070.jpg,700,70.0,True
S04,c027,frame_000000.jpg,0,0.0,True
S04,c027,frame_000001.jpg,10,1.0,True
S04,c027,frame_000002.jpg,20,2.0,True
S04,c027,frame_000003.jpg,30,3.0,True
S04,c027,frame_000004.jpg,40,4.0,True
S04,c027,frame_000005.jpg,50,5.0,True
S04,c027,frame_000006.jpg,60,6.0,True
S04,c027,frame_000007.jpg,70,7.0,True
S04,c027,frame_000008.jpg,80,8.0,True
S04,c027,frame_000009.jpg,90,9.0,True
S04,c027,frame_000010.jpg,100,10.0,True
S04,c027,frame_000011.jpg,110,11.0,True
S04,c027,frame_000012.jpg,120,12.0,True
S04,c027,frame_000013.jpg,130,13.0,True
S04,c027,frame_000014.jpg,140,14.0,True
S04,c027,frame_000015.jpg,150,15.0,True
S04,c027,frame_000016.jpg,160,16.0,True
S04,c027,frame_000017.jpg,170,17.0,True
S04,c027,frame_000018.jpg,180,18.0,True
S04,c027,frame_000019.jpg,190,19.0,True
S04,c027,frame_000020.jpg,200,20.0,True
S04,c027,frame_000021.jpg,210,21.0,True
S04,c027,frame_000022.jpg,220,22.0,True
S04,c027,frame_000023.jpg,230,23.0,True
S04,c027,frame_000024.jpg,240,24.0,True
S04,c027,frame_000025.jpg,250,25.0,True
S04,c027,frame_000026.jpg,260,26.0,True
S04,c027,frame_000027.jpg,270,27.0,True
S04,c027,frame_000028.jpg,280,28.0,True
S04,c027,frame_000029.jpg,290,29.0,True
S04,c027,frame_000030.jpg,300,30.0,True
S04,c027,frame_000031.jpg,310,31.0,True
S04,c027,frame_000032.jpg,320,32.0,True
S04,c027,frame_000033.jpg,330,33.0,True
S04,c027,frame_000034.jpg,340,34.0,True
S04,c027,frame_000035.jpg,350,35.0,True
S04,c027,frame_000036.jpg,360,36.0,True
S04,c028,frame_000000.jpg,0,0.0,True
S04,c028,frame_000001.jpg,10,1.0,True
S04,c028,frame_000002.jpg,20,2.0,True
S04,c028,frame_000003.jpg,30,3.0,True
S04,c028,frame_000004.jpg,40,4.0,True
S04,c028,frame_000005.jpg,50,5.0,True
S04,c028,frame_000006.jpg,60,6.0,True
S04,c028,frame_000007.jpg,70,7.0,True
S04,c028,frame_000008.jpg,80,8.0,True
S04,c028,frame_000009.jpg,90,9.0,True
S04,c028,frame_000010.jpg,100,10.0,True
S04,c028,frame_000011.jpg,110,11.0,True
S04,c028,frame_000012.jpg,120,12.0,True
S04,c028,frame_000013.jpg,130,13.0,True
S04,c028,frame_000014.jpg,140,14.0,True
S04,c028,frame_000015.jpg,150,15.0,True
S04,c028,frame_000016.jpg,160,16.0,True
S04,c028,frame_000017.jpg,170,17.0,True
S04,c028,frame_000018.jpg,180,18.0,True
S04,c028,frame_000019.jpg,190,19.0,True
S04,c028,frame_000020.jpg,200,20.0,True
S04,c028,frame_000021.jpg,210,21.0,True
S04,c028,frame_000022.jpg,220,22.0,True
S04,c028,frame_000023.jpg,230,23.0,True
S04,c028,frame_000024.jpg,240,24.0,True
S04,c028,frame_000025.jpg,250,25.0,True
S04,c029,frame_000000.jpg,0,0.0,True
S04,c029,frame_000001.jpg,10,1.0,True
S04,c029,frame_000002.jpg,20,2.0,True
S04,c029,frame_000003.jpg,30,3.0,True
S04,c029,frame_000004.jpg,40,4.0,True
S04,c029,frame_000005.jpg,50,5.0,True
S04,c029,frame_000006.jpg,60,6.0,True
S04,c029,frame_000007.jpg,70,7.0,True
S04,c029,frame_000008.jpg,80,8.0,True
S04,c029,frame_000009.jpg,90,9.0,True
S04,c029,frame_000010.jpg,100,10.0,True
S04,c029,frame_000011.jpg,110,11.0,True
S04,c029,frame_000012.jpg,120,12.0,True
S04,c029,frame_000013.jpg,130,13.0,True
S04,c029,frame_000014.jpg,140,14.0,True
S04,c029,frame_000015.jpg,150,15.0,True
S04,c029,frame_000016.jpg,160,16.0,True
S04,c029,frame_000017.jpg,170,17.0,True
S04,c029,frame_000018.jpg,180,18.0,True
S04,c029,frame_000019.jpg,190,19.0,True
S04,c029,frame_000020.jpg,200,20.0,True
S04,c029,frame_000021.jpg,210,21.0,True
S04,c029,frame_000022.jpg,220,22.0,True
S04,c029,frame_000023.jpg,230,23.0,True
S04,c029,frame_000024.jpg,240,24.0,True
S04,c029,frame_000025.jpg,250,25.0,True
S04,c030,frame_000000.jpg,0,0.0,True
S04,c030,frame_000001.jpg,10,1.0,True
S04,c030,frame_000002.jpg,20,2.0,True
S04,c030,frame_000003.jpg,30,3.0,True
S04,c030,frame_000004.jpg,40,4.0,True
S04,c030,frame_000005.jpg,50,5.0,True
S04,c030,frame_000006.jpg,60,6.0,True
S04,c030,frame_000007.jpg,70,7.0,True
S04,c030,frame_000008.jpg,80,8.0,True
S04,c030,frame_000009.jpg,90,9.0,True
S04,c030,frame_000010.jpg,100,10.0,True
S04,c030,frame_000011.jpg,110,11.0,True
S04,c030,frame_000012.jpg,120,12.0,True
S04,c030,frame_000013.jpg,130,13.0,True
S04,c030,frame_000014.jpg,140,14.0,True
S04,c030,frame_000015.jpg,150,15.0,True
S04,c030,frame_000016.jpg,160,16.0,True
S04,c030,frame_000017.jpg,170,17.0,True
S04,c030,frame_000018.jpg,180,18.0,True
S04,c030,frame_000019.jpg,190,19.0,True
S04,c030,frame_000020.jpg,200,20.0,True
S04,c030,frame_000021.jpg,210,21.0,True
S04,c030,frame_000022.jpg,220,22.0,True
S04,c030,frame_000023.jpg,230,23.0,True
S04,c030,frame_000024.jpg,240,24.0,True
S04,c030,frame_000025.jpg,250,25.0,True
S04,c030,frame_000026.jpg,260,26.0,True
S04,c030,frame_000027.jpg,270,27.0,True
S04,c030,frame_000028.jpg,280,28.0,True
S04,c030,frame_000029.jpg,290,29.0,True
S04,c030,frame_000030.jpg,300,30.0,True
S04,c030,frame_000031.jpg,310,31.0,True
S04,c030,frame_000032.jpg,320,32.0,True
S04,c030,frame_000033.jpg,330,33.0,True
S04,c030,frame_000034.jpg,340,34.0,True
S04,c030,frame_000035.jpg,350,35.0,True
S04,c030,frame_000036.jpg,360,36.0,True
S04,c030,frame_000037.jpg,370,37.0,True
S04,c030,frame_000038.jpg,380,38.0,True
S04,c030,frame_000039.jpg,390,39.0,True
S04,c030,frame_000040.jpg,400,40.0,True
S04,c030,frame_000041.jpg,410,41.0,True
S04,c030,frame_000042.jpg,420,42.0,True
S04,c030,frame_000043.jpg,430,43.0,True
S04,c030,frame_000044.jpg,440,44.0,True
S04,c030,frame_000045.jpg,450,45.0,True
S04,c030,frame_000046.jpg,460,46.0,True
S04,c030,frame_000047.jpg,470,47.0,True
S04,c030,frame_000048.jpg,480,48.0,True
S04,c030,frame_000049.jpg,490,49.0,True
S04,c030,frame_000050.jpg,500,50.0,True
S04,c030,frame_000051.jpg,510,51.0,True
S04,c030,frame_000052.jpg,520,52.0,True
S04,c030,frame_000053.jpg,530,53.0,True
S04,c030,frame_000054.jpg,540,54.0,True
S04,c030,frame_000055.jpg,550,55.0,True
S04,c030,frame_000056.jpg,560,56.0,True
S04,c030,frame_000057.jpg,570,57.0,True
S04,c030,frame_000058.jpg,580,58.0,True
S04,c030,frame_000059.jpg,590,59.0,True
S04,c030,frame_000060.jpg,600,60.0,True
S04,c030,frame_000061.jpg,610,61.0,True
S04,c030,frame_000062.jpg,620,62.0,True
S04,c030,frame_000063.jpg,630,63.0,True
S04,c031,frame_000000.jpg,0,0.0,True
S04,c031,frame_000001.jpg,10,1.0,True
S04,c031,frame_000002.jpg,20,2.0,True
S04,c031,frame_000003.jpg,30,3.0,True
S04,c031,frame_000004.jpg,40,4.0,True
S04,c031,frame_000005.jpg,50,5.0,True
S04,c031,frame_000006.jpg,60,6.0,True
S04,c031,frame_000007.jpg,70,7.0,True
S04,c031,frame_000008.jpg,80,8.0,True
S04,c031,frame_000009.jpg,90,9.0,True
S04,c031,frame_000010.jpg,100,10.0,True
S04,c031,frame_000011.jpg,110,11.0,True
S04,c031,frame_000012.jpg,120,12.0,True
S04,c031,frame_000013.jpg,130,13.0,True
S04,c031,frame_000014.jpg,140,14.0,True
S04,c031,frame_000015.jpg,150,15.0,True
S04,c031,frame_000016.jpg,160,16.0,True
S04,c031,frame_000017.jpg,170,17.0,True
S04,c031,frame_000018.jpg,180,18.0,True
S04,c031,frame_000019.jpg,190,19.0,True
S04,c031,frame_000020.jpg,200,20.0,True
S04,c031,frame_000021.jpg,210,21.0,True
S04,c031,frame_000022.jpg,220,22.0,True
S04,c031,frame_000023.jpg,230,23.0,True
S04,c031,frame_000024.jpg,240,24.0,True
S04,c031,frame_000025.jpg,250,25.0,True
S04,c031,frame_000026.jpg,260,26.0,True
S04,c031,frame_000027.jpg,270,27.0,True
S04,c031,frame_000028.jpg,280,28.0,True
S04,c031,frame_000029.jpg,290,29.0,True
S04,c031,frame_000030.jpg,300,30.0,True
S04,c031,frame_000031.jpg,310,31.0,True
S04,c031,frame_000032.jpg,320,32.0,True
S04,c031,frame_000033.jpg,330,33.0,True
S04,c031,frame_000034.jpg,340,34.0,True
S04,c031,frame_000035.jpg,350,35.0,True
S04,c031,frame_000036.jpg,360,36.0,True
S04,c031,frame_000037.jpg,370,37.0,True
S04,c031,frame_000038.jpg,380,38.0,True
S04,c031,frame_000039.jpg,390,39.0,True
S04,c031,frame_000040.jpg,400,40.0,True
S04,c031,frame_000041.jpg,410,41.0,True
S04,c031,frame_000042.jpg,420,42.0,True
S04,c031,frame_000043.jpg,430,43.0,True
S04,c031,frame_000044.jpg,440,44.0,True
S04,c031,frame_000045.jpg,450,45.0,True
S04,c031,frame_000046.jpg,460,46.0,True
S04,c031,frame_000047.jpg,470,47.0,True
S04,c031,frame_000048.jpg,480,48.0,True
S04,c031,frame_000049.jpg,490,49.0,True
S04,c031,frame_000050.jpg,500,50.0,True
S04,c031,frame_000051.jpg,510,51.0,True
S04,c031,frame_000052.jpg,520,52.0,True
S04,c031,frame_000053.jpg,530,53.0,True
S04,c031,frame_000054.jpg,540,54.0,True
S04,c031,frame_000055.jpg,550,55.0,True
S04,c031,frame_000056.jpg,560,56.0,True
S04,c031,frame_000057.jpg,570,57.0,True
S04,c031,frame_000058.jpg,580,58.0,True
S04,c031,frame_000059.jpg,590,59.0,True
S04,c031,frame_000060.jpg,600,60.0,True
S04,c031,frame_000061.jpg,610,61.0,True
S04,c031,frame_000062.jpg,620,62.0,True
S04,c031,frame_000063.jpg,630,63.0,True
S04,c031,frame_000064.jpg,640,64.0,True
S04,c031,frame_000065.jpg,650,65.0,True
S04,c032,frame_000000.jpg,0,0.0,True
S04,c032,frame_000001.jpg,10,1.0,True
S04,c032,frame_000002.jpg,20,2.0,True
S04,c032,frame_000003.jpg,30,3.0,True
S04,c032,frame_000004.jpg,40,4.0,True
S04,c032,frame_000005.jpg,50,5.0,True
S04,c032,frame_000006.jpg,60,6.0,True
S04,c032,frame_000007.jpg,70,7.0,True
S04,c032,frame_000008.jpg,80,8.0,True
S04,c032,frame_000009.jpg,90,9.0,True
S04,c032,frame_000010.jpg,100,10.0,True
S04,c032,frame_000011.jpg,110,11.0,True
S04,c032,frame_000012.jpg,120,12.0,True
S04,c032,frame_000013.jpg,130,13.0,True
S04,c032,frame_000014.jpg,140,14.0,True
S04,c032,frame_000015.jpg,150,15.0,True
S04,c032,frame_000016.jpg,160,16.0,True
S04,c032,frame_000017.jpg,170,17.0,True
S04,c032,frame_000018.jpg,180,18.0,True
S04,c032,frame_000019.jpg,190,19.0,True
S04,c032,frame_000020.jpg,200,20.0,True
S04,c032,frame_000021.jpg,210,21.0,True
S04,c032,frame_000022.jpg,220,22.0,True
S04,c032,frame_000023.jpg,230,23.0,True
S04,c032,frame_000024.jpg,240,24.0,True
S04,c032,frame_000025.jpg,250,25.0,True
S04,c032,frame_000026.jpg,260,26.0,True
S04,c032,frame_000027.jpg,270,27.0,True
S04,c032,frame_000028.jpg,280,28.0,True
S04,c032,frame_000029.jpg,290,29.0,True
S04,c032,frame_000030.jpg,300,30.0,True
S04,c032,frame_000031.jpg,310,31.0,True
S04,c032,frame_000032.jpg,320,32.0,True
S04,c032,frame_000033.jpg,330,33.0,True
S04,c032,frame_000034.jpg,340,34.0,True
S04,c032,frame_000035.jpg,350,35.0,True
S04,c032,frame_000036.jpg,360,36.0,True
S04,c032,frame_000037.jpg,370,37.0,True
S04,c032,frame_000038.jpg,380,38.0,True
S04,c032,frame_000039.jpg,390,39.0,True
S04,c032,frame_000040.jpg,400,40.0,True
S04,c032,frame_000041.jpg,410,41.0,True
S04,c032,frame_000042.jpg,420,42.0,True
S04,c032,frame_000043.jpg,430,43.0,True
S04,c032,frame_000044.jpg,440,44.0,True
S04,c032,frame_000045.jpg,450,45.0,True
S04,c032,frame_000046.jpg,460,46.0,True
S04,c032,frame_000047.jpg,470,47.0,True
S04,c032,frame_000048.jpg,480,48.0,True
S04,c032,frame_000049.jpg,490,49.0,True
S04,c032,frame_000050.jpg,500,50.0,True
S04,c032,frame_000051.jpg,510,51.0,True
S04,c032,frame_000052.jpg,520,52.0,True
S04,c032,frame_000053.jpg,530,53.0,True
S04,c032,frame_000054.jpg,540,54.0,True
S04,c032,frame_000055.jpg,550,55.0,True
S04,c032,frame_000056.jpg,560,56.0,True
S04,c032,frame_000057.jpg,570,57.0,True
S04,c032,frame_000058.jpg,580,58.0,True
S04,c032,frame_000059.jpg,590,59.0,True
S04,c032,frame_000060.jpg,600,60.0,True
S04,c032,frame_000061.jpg,610,61.0,True
S04,c032,frame_000062.jpg,620,62.0,True
S04,c033,frame_000000.jpg,0,0.0,True
S04,c033,frame_000001.jpg,10,1.0,True
S04,c033,frame_000002.jpg,20,2.0,True
S04,c033,frame_000003.jpg,30,3.0,True
S04,c033,frame_000004.jpg,40,4.0,True
S04,c033,frame_000005.jpg,50,5.0,True
S04,c033,frame_000006.jpg,60,6.0,True
S04,c033,frame_000007.jpg,70,7.0,True
S04,c033,frame_000008.jpg,80,8.0,True
S04,c033,frame_000009.jpg,90,9.0,True
S04,c033,frame_000010.jpg,100,10.0,True
S04,c033,frame_000011.jpg,110,11.0,True
S04,c033,frame_000012.jpg,120,12.0,True
S04,c033,frame_000013.jpg,130,13.0,True
S04,c033,frame_000014.jpg,140,14.0,True
S04,c033,frame_000015.jpg,150,15.0,True
S04,c033,frame_000016.jpg,160,16.0,True
S04,c033,frame_000017.jpg,170,17.0,True
S04,c033,frame_000018.jpg,180,18.0,True
S04,c033,frame_000019.jpg,190,19.0,True
S04,c033,frame_000020.jpg,200,20.0,True
S04,c033,frame_000021.jpg,210,21.0,True
S04,c033,frame_000022.jpg,220,22.0,True
S04,c033,frame_000023.jpg,230,23.0,True
S04,c033,frame_000024.jpg,240,24.0,True
S04,c033,frame_000025.jpg,250,25.0,True
S04,c033,frame_000026.jpg,260,26.0,True
S04,c033,frame_000027.jpg,270,27.0,True
S04,c033,frame_000028.jpg,280,28.0,True
S04,c033,frame_000029.jpg,290,29.0,True
S04,c033,frame_000030.jpg,300,30.0,True
S04,c033,frame_000031.jpg,310,31.0,True
S04,c033,frame_000032.jpg,320,32.0,True
S04,c033,frame_000033.jpg,330,33.0,True
S04,c033,frame_000034.jpg,340,34.0,True
S04,c034,frame_000000.jpg,0,0.0,True
S04,c034,frame_000001.jpg,10,1.0,True
S04,c034,frame_000002.jpg,20,2.0,True
S04,c034,frame_000003.jpg,30,3.0,True
S04,c034,frame_000004.jpg,40,4.0,True
S04,c034,frame_000005.jpg,50,5.0,True
S04,c034,frame_000006.jpg,60,6.0,True
S04,c034,frame_000007.jpg,70,7.0,True
S04,c034,frame_000008.jpg,80,8.0,True
S04,c034,frame_000009.jpg,90,9.0,True
S04,c034,frame_000010.jpg,100,10.0,True
S04,c034,frame_000011.jpg,110,11.0,True
S04,c034,frame_000012.jpg,120,12.0,True
S04,c034,frame_000013.jpg,130,13.0,True
S04,c034,frame_000014.jpg,140,14.0,True
S04,c034,frame_000015.jpg,150,15.0,True
S04,c034,frame_000016.jpg,160,16.0,True
S04,c034,frame_000017.jpg,170,17.0,True
S04,c034,frame_000018.jpg,180,18.0,True
S04,c034,frame_000019.jpg,190,19.0,True
S04,c034,frame_000020.jpg,200,20.0,True
S04,c034,frame_000021.jpg,210,21.0,True
S04,c034,frame_000022.jpg,220,22.0,True
S04,c034,frame_000023.jpg,230,23.0,True
S04,c034,frame_000024.jpg,240,24.0,True
S04,c034,frame_000025.jpg,250,25.0,True
S04,c034,frame_000026.jpg,260,26.0,True
S04,c034,frame_000027.jpg,270,27.0,True
S04,c034,frame_000028.jpg,280,28.0,True
S04,c034,frame_000029.jpg,290,29.0,True
S04,c034,frame_000030.jpg,300,30.0,True
S04,c034,frame_000031.jpg,310,31.0,True
S04,c034,frame_000032.jpg,320,32.0,True
S04,c034,frame_000033.jpg,330,33.0,True
S04,c034,frame_000034.jpg,340,34.0,True
S04,c034,frame_000035.jpg,350,35.0,True
S04,c034,frame_000036.jpg,360,36.0,True
S04,c034,frame_000037.jpg,370,37.0,True
S04,c034,frame_000038.jpg,380,38.0,True
S04,c034,frame_000039.jpg,390,39.0,True
S04,c034,frame_000040.jpg,400,40.0,True
S04,c035,frame_000000.jpg,0,0.0,True
S04,c035,frame_000001.jpg,10,1.0,True
S04,c035,frame_000002.jpg,20,2.0,True
S04,c035,frame_000003.jpg,30,3.0,True
S04,c035,frame_000004.jpg,40,4.0,True
S04,c035,frame_000005.jpg,50,5.0,True
S04,c035,frame_000006.jpg,60,6.0,True
S04,c035,frame_000007.jpg,70,7.0,True
S04,c035,frame_000008.jpg,80,8.0,True
S04,c035,frame_000009.jpg,90,9.0,True
S04,c035,frame_000010.jpg,100,10.0,True
S04,c035,frame_000011.jpg,110,11.0,True
S04,c035,frame_000012.jpg,120,12.0,True
S04,c035,frame_000013.jpg,130,13.0,True
S04,c035,frame_000014.jpg,140,14.0,True
S04,c035,frame_000015.jpg,150,15.0,True
S04,c035,frame_000016.jpg,160,16.0,True
S04,c035,frame_000017.jpg,170,17.0,True
S04,c035,frame_000018.jpg,180,18.0,True
S04,c035,frame_000019.jpg,190,19.0,True
S04,c035,frame_000020.jpg,200,20.0,True
S04,c036,frame_000000.jpg,0,0.0,True
S04,c036,frame_000001.jpg,10,1.0,True
S04,c036,frame_000002.jpg,20,2.0,True
S04,c036,frame_000003.jpg,30,3.0,True
S04,c036,frame_000004.jpg,40,4.0,True
S04,c036,frame_000005.jpg,50,5.0,True
S04,c036,frame_000006.jpg,60,6.0,True
S04,c036,frame_000007.jpg,70,7.0,True
S04,c036,frame_000008.jpg,80,8.0,True
S04,c036,frame_000009.jpg,90,9.0,True
S04,c036,frame_000010.jpg,100,10.0,True
S04,c036,frame_000011.jpg,110,11.0,True
S04,c036,frame_000012.jpg,120,12.0,True
S04,c036,frame_000013.jpg,130,13.0,True
S04,c036,frame_000014.jpg,140,14.0,True
S04,c036,frame_000015.jpg,150,15.0,True
S04,c036,frame_000016.jpg,160,16.0,True
S04,c036,frame_000017.jpg,170,17.0,True
S04,c036,frame_000018.jpg,180,18.0,True
S04,c036,frame_000019.jpg,190,19.0,True
S04,c036,frame_000020.jpg,200,20.0,True
S04,c036,frame_000021.jpg,210,21.0,True
S04,c036,frame_000022.jpg,220,22.0,True
S04,c036,frame_000023.jpg,230,23.0,True
S04,c036,frame_000024.jpg,240,24.0,True
S04,c036,frame_000025.jpg,250,25.0,True
S04,c036,frame_000026.jpg,260,26.0,True
S04,c036,frame_000027.jpg,270,27.0,True
S04,c036,frame_000028.jpg,280,28.0,True
S04,c036,frame_000029.jpg,290,29.0,True
S04,c036,frame_000030.jpg,300,30.0,True
S04,c036,frame_000031.jpg,310,31.0,True
S04,c036,frame_000032.jpg,320,32.0,True
S04,c036,frame_000033.jpg,330,33.0,True
S04,c036,frame_000034.jpg,340,34.0,True
S04,c036,frame_000035.jpg,350,35.0,True
S04,c037,frame_000000.jpg,0,0.0,True
S04,c037,frame_000001.jpg,10,1.0,True
S04,c037,frame_000002.jpg,20,2.0,True
S04,c037,frame_000003.jpg,30,3.0,True
S04,c037,frame_000004.jpg,40,4.0,True
S04,c037,frame_000005.jpg,50,5.0,True
S04,c037,frame_000006.jpg,60,6.0,True
S04,c037,frame_000007.jpg,70,7.0,True
S04,c037,frame_000008.jpg,80,8.0,True
S04,c037,frame_000009.jpg,90,9.0,True
S04,c037,frame_000010.jpg,100,10.0,True
S04,c037,frame_000011.jpg,110,11.0,True
S04,c037,frame_000012.jpg,120,12.0,True
S04,c037,frame_000013.jpg,130,13.0,True
S04,c037,frame_000014.jpg,140,14.0,True
S04,c037,frame_000015.jpg,150,15.0,True
S04,c037,frame_000016.jpg,160,16.0,True
S04,c037,frame_000017.jpg,170,17.0,True
S04,c037,frame_000018.jpg,180,18.0,True
S04,c037,frame_000019.jpg,190,19.0,True
S04,c037,frame_000020.jpg,200,20.0,True
S04,c037,frame_000021.jpg,210,21.0,True
S04,c037,frame_000022.jpg,220,22.0,True
S04,c037,frame_000023.jpg,230,23.0,True
S04,c037,frame_000024.jpg,240,24.0,True
S04,c037,frame_000025.jpg,250,25.0,True
S04,c037,frame_000026.jpg,260,26.0,True
S04,c037,frame_000027.jpg,270,27.0,True
S04,c037,frame_000028.jpg,280,28.0,True
S04,c037,frame_000029.jpg,290,29.0,True
S04,c038,frame_000000.jpg,0,0.0,True
S04,c038,frame_000001.jpg,10,1.0,True
S04,c038,frame_000002.jpg,20,2.0,True
S04,c038,frame_000003.jpg,30,3.0,True
S04,c038,frame_000004.jpg,40,4.0,True
S04,c038,frame_000005.jpg,50,5.0,True
S04,c038,frame_000006.jpg,60,6.0,True
S04,c038,frame_000007.jpg,70,7.0,True
S04,c038,frame_000008.jpg,80,8.0,True
S04,c038,frame_000009.jpg,90,9.0,True
S04,c038,frame_000010.jpg,100,10.0,True
S04,c038,frame_000011.jpg,110,11.0,True
S04,c038,frame_000012.jpg,120,12.0,True
S04,c038,frame_000013.jpg,130,13.0,True
S04,c038,frame_000014.jpg,140,14.0,True
S04,c038,frame_000015.jpg,150,15.0,True
S04,c038,frame_000016.jpg,160,16.0,True
S04,c038,frame_000017.jpg,170,17.0,True
S04,c038,frame_000018.jpg,180,18.0,True
S04,c038,frame_000019.jpg,190,19.0,True
S04,c038,frame_000020.jpg,200,20.0,True
S04,c038,frame_000021.jpg,210,21.0,True
S04,c038,frame_000022.jpg,220,22.0,True
S04,c038,frame_000023.jpg,230,23.0,True
S04,c038,frame_000024.jpg,240,24.0,True
S04,c038,frame_000025.jpg,250,25.0,True
S04,c038,frame_000026.jpg,260,26.0,True
S04,c038,frame_000027.jpg,270,27.0,True
S04,c038,frame_000028.jpg,280,28.0,True
S04,c038,frame_000029.jpg,290,29.0,True
S04,c038,frame_000030.jpg,300,30.0,True
S04,c038,frame_000031.jpg,310,31.0,True
S04,c038,frame_000032.jpg,320,32.0,True
S04,c038,frame_000033.jpg,330,33.0,True
S04,c038,frame_000034.jpg,340,34.0,True
S04,c038,frame_000035.jpg,350,35.0,True
S04,c038,frame_000036.jpg,360,36.0,True
S04,c038,frame_000037.jpg,370,37.0,True
S04,c038,frame_000038.jpg,380,38.0,True
S04,c038,frame_000039.jpg,390,39.0,True
S04,c038,frame_000040.jpg,400,40.0,True
S04,c038,frame_000041.jpg,410,41.0,True
S04,c038,frame_000042.jpg,420,42.0,True
S04,c038,frame_000043.jpg,430,43.0,True
S04,c038,frame_000044.jpg,440,44.0,True
S04,c038,frame_000045.jpg,450,45.0,True
S04,c039,frame_000000.jpg,0,0.0,True
S04,c039,frame_000001.jpg,10,1.0,True
S04,c039,frame_000002.jpg,20,2.0,True
S04,c039,frame_000003.jpg,30,3.0,True
S04,c039,frame_000004.jpg,40,4.0,True
S04,c039,frame_000005.jpg,50,5.0,True
S04,c039,frame_000006.jpg,60,6.0,True
S04,c039,frame_000007.jpg,70,7.0,True
S04,c039,frame_000008.jpg,80,8.0,True
S04,c039,frame_000009.jpg,90,9.0,True
S04,c039,frame_000010.jpg,100,10.0,True
S04,c039,frame_000011.jpg,110,11.0,True
S04,c039,frame_000012.jpg,120,12.0,True
S04,c039,frame_000013.jpg,130,13.0,True
S04,c039,frame_000014.jpg,140,14.0,True
S04,c039,frame_000015.jpg,150,15.0,True
S04,c039,frame_000016.jpg,160,16.0,True
S04,c039,frame_000017.jpg,170,17.0,True
S04,c039,frame_000018.jpg,180,18.0,True
S04,c039,frame_000019.jpg,190,19.0,True
S04,c039,frame_000020.jpg,200,20.0,True
S04,c039,frame_000021.jpg,210,21.0,True
S04,c039,frame_000022.jpg,220,22.0,True
S04,c039,frame_000023.jpg,230,23.0,True
S04,c039,frame_000024.jpg,240,24.0,True
S04,c039,frame_000025.jpg,250,25.0,True
S04,c039,frame_000026.jpg,260,26.0,True
S04,c039,frame_000027.jpg,270,27.0,True
S04,c039,frame_000028.jpg,280,28.0,True
S04,c039,frame_000029.jpg,290,29.0,True
S04,c039,frame_000030.jpg,300,30.0,True
S04,c039,frame_000031.jpg,310,31.0,True
S04,c039,frame_000032.jpg,320,32.0,True
S04,c039,frame_000033.jpg,330,33.0,True
S04,c039,frame_000034.jpg,340,34.0,True
S04,c039,frame_000035.jpg,350,35.0,True
S04,c039,frame_000036.jpg,360,36.0,True
S04,c039,frame_000037.jpg,370,37.0,True
S04,c039,frame_000038.jpg,380,38.0,True
S04,c039,frame_000039.jpg,390,39.0,True
S04,c039,frame_000040.jpg,400,40.0,True
S04,c039,frame_000041.jpg,410,41.0,True
S04,c039,frame_000042.jpg,420,42.0,True
S04,c039,frame_000043.jpg,430,43.0,True
S04,c039,frame_000044.jpg,440,44.0,True
S04,c039,frame_000045.jpg,450,45.0,True
S04,c040,frame_000000.jpg,0,0.0,True
S04,c040,frame_000001.jpg,10,1.0,True
S04,c040,frame_000002.jpg,20,2.0,True
S04,c040,frame_000003.jpg,30,3.0,True
S04,c040,frame_000004.jpg,40,4.0,True
S04,c040,frame_000005.jpg,50,5.0,True
S04,c040,frame_000006.jpg,60,6.0,True
S04,c040,frame_000007.jpg,70,7.0,True
S04,c040,frame_000008.jpg,80,8.0,True
S04,c040,frame_000009.jpg,90,9.0,True
S04,c040,frame_000010.jpg,100,10.0,True
S04,c040,frame_000011.jpg,110,11.0,True
S04,c040,frame_000012.jpg,120,12.0,True
S04,c040,frame_000013.jpg,130,13.0,True
S04,c040,frame_000014.jpg,140,14.0,True
S04,c040,frame_000015.jpg,150,15.0,True
S04,c040,frame_000016.jpg,160,16.0,True
S04,c040,frame_000017.jpg,170,17.0,True
S04,c040,frame_000018.jpg,180,18.0,True
S04,c040,frame_000019.jpg,190,19.0,True
S04,c040,frame_000020.jpg,200,20.0,True
S04,c040,frame_000021.jpg,210,21.0,True
S04,c040,frame_000022.jpg,220,22.0,True
S04,c040,frame_000023.jpg,230,23.0,True
S04,c040,frame_000024.jpg,240,24.0,True
S04,c040,frame_000025.jpg,250,25.0,True
S04,c040,frame_000026.jpg,260,26.0,True
S04,c040,frame_000027.jpg,270,27.0,True
S04,c040,frame_000028.jpg,280,28.0,True
S04,c040,frame_000029.jpg,290,29.0,True
S04,c040,frame_000030.jpg,300,30.0,True
S04,c040,frame_000031.jpg,310,31.0,True
S04,c040,frame_000032.jpg,320,32.0,True
S04,c040,frame_000033.jpg,330,33.0,True
S04,c040,frame_000034.jpg,340,34.0,True
S04,c040,frame_000035.jpg,350,35.0,True
S04,c040,frame_000036.jpg,360,36.0,True
S04,c040,frame_000037.jpg,370,37.0,True
S04,c040,frame_000038.jpg,380,38.0,True
S04,c040,frame_000039.jpg,390,39.0,True
S04,c040,frame_000040.jpg,400,40.0,True
S04,c040,frame_000041.jpg,410,41.0,True
S04,c040,frame_000042.jpg,420,42.0,True
S04,c040,frame_000043.jpg,430,43.0,True
S04,c040,frame_000044.jpg,440,44.0,True
S04,c040,frame_000045.jpg,450,45.0,True
S06,c041,frame_000000.jpg,0,0.0,True
S06,c041,frame_000001.jpg,10,1.0,True
S06,c041,frame_000002.jpg,20,2.0,True
S06,c041,frame_000003.jpg,30,3.0,True
S06,c041,frame_000004.jpg,40,4.0,True
S06,c041,frame_000005.jpg,50,5.0,True
S06,c041,frame_000006.jpg,60,6.0,True
S06,c041,frame_000007.jpg,70,7.0,True
S06,c041,frame_000008.jpg,80,8.0,True
S06,c041,frame_000009.jpg,90,9.0,True
S06,c041,frame_000010.jpg,100,10.0,True
S06,c041,frame_000011.jpg,110,11.0,True
S06,c041,frame_000012.jpg,120,12.0,True
S06,c041,frame_000013.jpg,130,13.0,True
S06,c041,frame_000014.jpg,140,14.0,True
S06,c041,frame_000015.jpg,150,15.0,True
S06,c041,frame_000016.jpg,160,16.0,True
S06,c041,frame_000017.jpg,170,17.0,True
S06,c041,frame_000018.jpg,180,18.0,True
S06,c041,frame_000019.jpg,190,19.0,True
S06,c041,frame_000020.jpg,200,20.0,True
S06,c041,frame_000021.jpg,210,21.0,True
S06,c041,frame_000022.jpg,220,22.0,True
S06,c041,frame_000023.jpg,230,23.0,True
S06,c041,frame_000024.jpg,240,24.0,True
S06,c041,frame_000025.jpg,250,25.0,True
S06,c041,frame_000026.jpg,260,26.0,True
S06,c041,frame_000027.jpg,270,27.0,True
S06,c041,frame_000028.jpg,280,28.0,True
S06,c041,frame_000029.jpg,290,29.0,True
S06,c041,frame_000030.jpg,300,30.0,True
S06,c041,frame_000031.jpg,310,31.0,True
S06,c041,frame_000032.jpg,320,32.0,True
S06,c041,frame_000033.jpg,330,33.0,True
S06,c041,frame_000034.jpg,340,34.0,True
S06,c041,frame_000035.jpg,350,35.0,True
S06,c041,frame_000036.jpg,360,36.0,True
S06,c041,frame_000037.jpg,370,37.0,True
S06,c041,frame_000038.jpg,380,38.0,True
S06,c041,frame_000039.jpg,390,39.0,True
S06,c041,frame_000040.jpg,400,40.0,True
S06,c041,frame_000041.jpg,410,41.0,True
S06,c041,frame_000042.jpg,420,42.0,True
S06,c041,frame_000043.jpg,430,43.0,True
S06,c041,frame_000044.jpg,440,44.0,True
S06,c041,frame_000045.jpg,450,45.0,True
S06,c041,frame_000046.jpg,460,46.0,True
S06,c041,frame_000047.jpg,470,47.0,True
S06,c041,frame_000048.jpg,480,48.0,True
S06,c041,frame_000049.jpg,490,49.0,True
S06,c041,frame_000050.jpg,500,50.0,True
S06,c041,frame_000051.jpg,510,51.0,True
S06,c041,frame_000052.jpg,520,52.0,True
S06,c041,frame_000053.jpg,530,53.0,True
S06,c041,frame_000054.jpg,540,54.0,True
S06,c041,frame_000055.jpg,550,55.0,True
S06,c041,frame_000056.jpg,560,56.0,True
S06,c041,frame_000057.jpg,570,57.0,True
S06,c041,frame_000058.jpg,580,58.0,True
S06,c041,frame_000059.jpg,590,59.0,True
S06,c041,frame_000060.jpg,600,60.0,True
S06,c041,frame_000061.jpg,610,61.0,True
S06,c041,frame_000062.jpg,620,62.0,True
S06,c041,frame_000063.jpg,630,63.0,True
S06,c041,frame_000064.jpg,640,64.0,True
S06,c041,frame_000065.jpg,650,65.0,True
S06,c041,frame_000066.jpg,660,66.0,True
S06,c041,frame_000067.jpg,670,67.0,True
S06,c041,frame_000068.jpg,680,68.0,True
S06,c041,frame_000069.jpg,690,69.0,True
S06,c041,frame_000070.jpg,700,70.0,True
S06,c041,frame_000071.jpg,710,71.0,True
S06,c041,frame_000072.jpg,720,72.0,True
S06,c041,frame_000073.jpg,730,73.0,True
S06,c041,frame_000074.jpg,740,74.0,True
S06,c041,frame_000075.jpg,750,75.0,True
S06,c041,frame_000076.jpg,760,76.0,True
S06,c041,frame_000077.jpg,770,77.0,True
S06,c041,frame_000078.jpg,780,78.0,True
S06,c041,frame_000079.jpg,790,79.0,True
S06,c041,frame_000080.jpg,800,80.0,True
S06,c041,frame_000081.jpg,810,81.0,True
S06,c041,frame_000082.jpg,820,82.0,True
S06,c041,frame_000083.jpg,830,83.0,True
S06,c041,frame_000084.jpg,840,84.0,True
S06,c041,frame_000085.jpg,850,85.0,True
S06,c041,frame_000086.jpg,860,86.0,True
S06,c041,frame_000087.jpg,870,87.0,True
S06,c041,frame_000088.jpg,880,88.0,True
S06,c041,frame_000089.jpg,890,89.0,True
S06,c041,frame_000090.jpg,900,90.0,True
S06,c041,frame_000091.jpg,910,91.0,True
S06,c041,frame_000092.jpg,920,92.0,True
S06,c041,frame_000093.jpg,930,93.0,True
S06,c041,frame_000094.jpg,940,94.0,True
S06,c041,frame_000095.jpg,950,95.0,True
S06,c041,frame_000096.jpg,960,96.0,True
S06,c041,frame_000097.jpg,970,97.0,True
S06,c041,frame_000098.jpg,980,98.0,True
S06,c041,frame_000099.jpg,990,99.0,True
S06,c041,frame_000100.jpg,1000,100.0,True
S06,c041,frame_000101.jpg,1010,101.0,True
S06,c041,frame_000102.jpg,1020,102.0,True
S06,c041,frame_000103.jpg,1030,103.0,True
S06,c041,frame_000104.jpg,1040,104.0,True
S06,c041,frame_000105.jpg,1050,105.0,True
S06,c041,frame_000106.jpg,1060,106.0,True
S06,c041,frame_000107.jpg,1070,107.0,True
S06,c041,frame_000108.jpg,1080,108.0,True
S06,c041,frame_000109.jpg,1090,109.0,True
S06,c041,frame_000110.jpg,1100,110.0,True
S06,c041,frame_000111.jpg,1110,111.0,True
S06,c041,frame_000112.jpg,1120,112.0,True
S06,c041,frame_000113.jpg,1130,113.0,True
S06,c041,frame_000114.jpg,1140,114.0,True
S06,c041,frame_000115.jpg,1150,115.0,True
S06,c041,frame_000116.jpg,1160,116.0,True
S06,c041,frame_000117.jpg,1170,117.0,True
S06,c041,frame_000118.jpg,1180,118.0,True
S06,c041,frame_000119.jpg,1190,119.0,True
S06,c041,frame_000120.jpg,1200,120.0,True
S06,c041,frame_000121.jpg,1210,121.0,True
S06,c041,frame_000122.jpg,1220,122.0,True
S06,c041,frame_000123.jpg,1230,123.0,True
S06,c041,frame_000124.jpg,1240,124.0,True
S06,c041,frame_000125.jpg,1250,125.0,True
S06,c041,frame_000126.jpg,1260,126.0,True
S06,c041,frame_000127.jpg,1270,127.0,True
S06,c041,frame_000128.jpg,1280,128.0,True
S06,c041,frame_000129.jpg,1290,129.0,True
S06,c041,frame_000130.jpg,1300,130.0,True
S06,c041,frame_000131.jpg,1310,131.0,True
S06,c041,frame_000132.jpg,1320,132.0,True
S06,c041,frame_000133.jpg,1330,133.0,True
S06,c041,frame_000134.jpg,1340,134.0,True
S06,c041,frame_000135.jpg,1350,135.0,True
S06,c041,frame_000136.jpg,1360,136.0,True
S06,c041,frame_000137.jpg,1370,137.0,True
S06,c041,frame_000138.jpg,1380,138.0,True
S06,c041,frame_000139.jpg,1390,139.0,True
S06,c041,frame_000140.jpg,1400,140.0,True
S06,c041,frame_000141.jpg,1410,141.0,True
S06,c041,frame_000142.jpg,1420,142.0,True
S06,c041,frame_000143.jpg,1430,143.0,True
S06,c041,frame_000144.jpg,1440,144.0,True
S06,c041,frame_000145.jpg,1450,145.0,True
S06,c041,frame_000146.jpg,1460,146.0,True
S06,c041,frame_000147.jpg,1470,147.0,True
S06,c041,frame_000148.jpg,1480,148.0,True
S06,c041,frame_000149.jpg,1490,149.0,True
S06,c041,frame_000150.jpg,1500,150.0,True
S06,c041,frame_000151.jpg,1510,151.0,True
S06,c041,frame_000152.jpg,1520,152.0,True
S06,c041,frame_000153.jpg,1530,153.0,True
S06,c041,frame_000154.jpg,1540,154.0,True
S06,c041,frame_000155.jpg,1550,155.0,True
S06,c041,frame_000156.jpg,1560,156.0,True
S06,c041,frame_000157.jpg,1570,157.0,True
S06,c041,frame_000158.jpg,1580,158.0,True
S06,c041,frame_000159.jpg,1590,159.0,True
S06,c041,frame_000160.jpg,1600,160.0,True
S06,c041,frame_000161.jpg,1610,161.0,True
S06,c041,frame_000162.jpg,1620,162.0,True
S06,c041,frame_000163.jpg,1630,163.0,True
S06,c041,frame_000164.jpg,1640,164.0,True
S06,c041,frame_000165.jpg,1650,165.0,True
S06,c041,frame_000166.jpg,1660,166.0,True
S06,c041,frame_000167.jpg,1670,167.0,True
S06,c041,frame_000168.jpg,1680,168.0,True
S06,c041,frame_000169.jpg,1690,169.0,True
S06,c041,frame_000170.jpg,1700,170.0,True
S06,c041,frame_000171.jpg,1710,171.0,True
S06,c041,frame_000172.jpg,1720,172.0,True
S06,c041,frame_000173.jpg,1730,173.0,True
S06,c041,frame_000174.jpg,1740,174.0,True
S06,c041,frame_000175.jpg,1750,175.0,True
S06,c041,frame_000176.jpg,1760,176.0,True
S06,c041,frame_000177.jpg,1770,177.0,True
S06,c041,frame_000178.jpg,1780,178.0,True
S06,c041,frame_000179.jpg,1790,179.0,True
S06,c041,frame_000180.jpg,1800,180.0,True
S06,c041,frame_000181.jpg,1810,181.0,True
S06,c041,frame_000182.jpg,1820,182.0,True
S06,c041,frame_000183.jpg,1830,183.0,True
S06,c041,frame_000184.jpg,1840,184.0,True
S06,c041,frame_000185.jpg,1850,185.0,True
S06,c041,frame_000186.jpg,1860,186.0,True
S06,c041,frame_000187.jpg,1870,187.0,True
S06,c041,frame_000188.jpg,1880,188.0,True
S06,c041,frame_000189.jpg,1890,189.0,True
S06,c041,frame_000190.jpg,1900,190.0,True
S06,c041,frame_000191.jpg,1910,191.0,True
S06,c041,frame_000192.jpg,1920,192.0,True
S06,c041,frame_000193.jpg,1930,193.0,True
S06,c041,frame_000194.jpg,1940,194.0,True
S06,c041,frame_000195.jpg,1950,195.0,True
S06,c041,frame_000196.jpg,1960,196.0,True
S06,c041,frame_000197.jpg,1970,197.0,True
S06,c041,frame_000198.jpg,1980,198.0,True
S06,c041,frame_000199.jpg,1990,199.0,True
S06,c041,frame_000200.jpg,2000,200.0,True
S06,c042,frame_000000.jpg,0,0.0,True
S06,c042,frame_000001.jpg,10,1.0,True
S06,c042,frame_000002.jpg,20,2.0,True
S06,c042,frame_000003.jpg,30,3.0,True
S06,c042,frame_000004.jpg,40,4.0,True
S06,c042,frame_000005.jpg,50,5.0,True
S06,c042,frame_000006.jpg,60,6.0,True
S06,c042,frame_000007.jpg,70,7.0,True
S06,c042,frame_000008.jpg,80,8.0,True
S06,c042,frame_000009.jpg,90,9.0,True
S06,c042,frame_000010.jpg,100,10.0,True
S06,c042,frame_000011.jpg,110,11.0,True
S06,c042,frame_000012.jpg,120,12.0,True
S06,c042,frame_000013.jpg,130,13.0,True
S06,c042,frame_000014.jpg,140,14.0,True
S06,c042,frame_000015.jpg,150,15.0,True
S06,c042,frame_000016.jpg,160,16.0,True
S06,c042,frame_000017.jpg,170,17.0,True
S06,c042,frame_000018.jpg,180,18.0,True
S06,c042,frame_000019.jpg,190,19.0,True
S06,c042,frame_000020.jpg,200,20.0,True
S06,c042,frame_000021.jpg,210,21.0,True
S06,c042,frame_000022.jpg,220,22.0,True
S06,c042,frame_000023.jpg,230,23.0,True
S06,c042,frame_000024.jpg,240,24.0,True
S06,c042,frame_000025.jpg,250,25.0,True
S06,c042,frame_000026.jpg,260,26.0,True
S06,c042,frame_000027.jpg,270,27.0,True
S06,c042,frame_000028.jpg,280,28.0,True
S06,c042,frame_000029.jpg,290,29.0,True
S06,c042,frame_000030.jpg,300,30.0,True
S06,c042,frame_000031.jpg,310,31.0,True
S06,c042,frame_000032.jpg,320,32.0,True
S06,c042,frame_000033.jpg,330,33.0,True
S06,c042,frame_000034.jpg,340,34.0,True
S06,c042,frame_000035.jpg,350,35.0,True
S06,c042,frame_000036.jpg,360,36.0,True
S06,c042,frame_000037.jpg,370,37.0,True
S06,c042,frame_000038.jpg,380,38.0,True
S06,c042,frame_000039.jpg,390,39.0,True
S06,c042,frame_000040.jpg,400,40.0,True
S06,c042,frame_000041.jpg,410,41.0,True
S06,c042,frame_000042.jpg,420,42.0,True
S06,c042,frame_000043.jpg,430,43.0,True
S06,c042,frame_000044.jpg,440,44.0,True
S06,c042,frame_000045.jpg,450,45.0,True
S06,c042,frame_000046.jpg,460,46.0,True
S06,c042,frame_000047.jpg,470,47.0,True
S06,c042,frame_000048.jpg,480,48.0,True
S06,c042,frame_000049.jpg,490,49.0,True
S06,c042,frame_000050.jpg,500,50.0,True
S06,c042,frame_000051.jpg,510,51.0,True
S06,c042,frame_000052.jpg,520,52.0,True
S06,c042,frame_000053.jpg,530,53.0,True
S06,c042,frame_000054.jpg,540,54.0,True
S06,c042,frame_000055.jpg,550,55.0,True
S06,c042,frame_000056.jpg,560,56.0,True
S06,c042,frame_000057.jpg,570,57.0,True
S06,c042,frame_000058.jpg,580,58.0,True
S06,c042,frame_000059.jpg,590,59.0,True
S06,c042,frame_000060.jpg,600,60.0,True
S06,c042,frame_000061.jpg,610,61.0,True
S06,c042,frame_000062.jpg,620,62.0,True
S06,c042,frame_000063.jpg,630,63.0,True
S06,c042,frame_000064.jpg,640,64.0,True
S06,c042,frame_000065.jpg,650,65.0,True
S06,c042,frame_000066.jpg,660,66.0,True
S06,c042,frame_000067.jpg,670,67.0,True
S06,c042,frame_000068.jpg,680,68.0,True
S06,c042,frame_000069.jpg,690,69.0,True
S06,c042,frame_000070.jpg,700,70.0,True
S06,c042,frame_000071.jpg,710,71.0,True
S06,c042,frame_000072.jpg,720,72.0,True
S06,c042,frame_000073.jpg,730,73.0,True
S06,c042,frame_000074.jpg,740,74.0,True
S06,c042,frame_000075.jpg,750,75.0,True
S06,c042,frame_000076.jpg,760,76.0,True
S06,c042,frame_000077.jpg,770,77.0,True
S06,c042,frame_000078.jpg,780,78.0,True
S06,c042,frame_000079.jpg,790,79.0,True
S06,c042,frame_000080.jpg,800,80.0,True
S06,c042,frame_000081.jpg,810,81.0,True
S06,c042,frame_000082.jpg,820,82.0,True
S06,c042,frame_000083.jpg,830,83.0,True
S06,c042,frame_000084.jpg,840,84.0,True
S06,c042,frame_000085.jpg,850,85.0,True
S06,c042,frame_000086.jpg,860,86.0,True
S06,c042,frame_000087.jpg,870,87.0,True
S06,c042,frame_000088.jpg,880,88.0,True
S06,c042,frame_000089.jpg,890,89.0,True
S06,c042,frame_000090.jpg,900,90.0,True
S06,c042,frame_000091.jpg,910,91.0,True
S06,c042,frame_000092.jpg,920,92.0,True
S06,c042,frame_000093.jpg,930,93.0,True
S06,c042,frame_000094.jpg,940,94.0,True
S06,c042,frame_000095.jpg,950,95.0,True
S06,c042,frame_000096.jpg,960,96.0,True
S06,c042,frame_000097.jpg,970,97.0,True
S06,c042,frame_000098.jpg,980,98.0,True
S06,c042,frame_000099.jpg,990,99.0,True
S06,c042,frame_000100.jpg,1000,100.0,True
S06,c042,frame_000101.jpg,1010,101.0,True
S06,c042,frame_000102.jpg,1020,102.0,True
S06,c042,frame_000103.jpg,1030,103.0,True
S06,c042,frame_000104.jpg,1040,104.0,True
S06,c042,frame_000105.jpg,1050,105.0,True
S06,c042,frame_000106.jpg,1060,106.0,True
S06,c042,frame_000107.jpg,1070,107.0,True
S06,c042,frame_000108.jpg,1080,108.0,True
S06,c042,frame_000109.jpg,1090,109.0,True
S06,c042,frame_000110.jpg,1100,110.0,True
S06,c042,frame_000111.jpg,1110,111.0,True
S06,c042,frame_000112.jpg,1120,112.0,True
S06,c042,frame_000113.jpg,1130,113.0,True
S06,c042,frame_000114.jpg,1140,114.0,True
S06,c042,frame_000115.jpg,1150,115.0,True
S06,c042,frame_000116.jpg,1160,116.0,True
S06,c042,frame_000117.jpg,1170,117.0,True
S06,c042,frame_000118.jpg,1180,118.0,True
S06,c042,frame_000119.jpg,1190,119.0,True
S06,c042,frame_000120.jpg,1200,120.0,True
S06,c042,frame_000121.jpg,1210,121.0,True
S06,c042,frame_000122.jpg,1220,122.0,True
S06,c042,frame_000123.jpg,1230,123.0,True
S06,c042,frame_000124.jpg,1240,124.0,True
S06,c042,frame_000125.jpg,1250,125.0,True
S06,c042,frame_000126.jpg,1260,126.0,True
S06,c042,frame_000127.jpg,1270,127.0,True
S06,c042,frame_000128.jpg,1280,128.0,True
S06,c042,frame_000129.jpg,1290,129.0,True
S06,c042,frame_000130.jpg,1300,130.0,True
S06,c042,frame_000131.jpg,1310,131.0,True
S06,c042,frame_000132.jpg,1320,132.0,True
S06,c042,frame_000133.jpg,1330,133.0,True
S06,c042,frame_000134.jpg,1340,134.0,True
S06,c042,frame_000135.jpg,1350,135.0,True
S06,c042,frame_000136.jpg,1360,136.0,True
S06,c042,frame_000137.jpg,1370,137.0,True
S06,c042,frame_000138.jpg,1380,138.0,True
S06,c042,frame_000139.jpg,1390,139.0,True
S06,c042,frame_000140.jpg,1400,140.0,True
S06,c042,frame_000141.jpg,1410,141.0,True
S06,c042,frame_000142.jpg,1420,142.0,True
S06,c042,frame_000143.jpg,1430,143.0,True
S06,c042,frame_000144.jpg,1440,144.0,True
S06,c042,frame_000145.jpg,1450,145.0,True
S06,c042,frame_000146.jpg,1460,146.0,True
S06,c042,frame_000147.jpg,1470,147.0,True
S06,c042,frame_000148.jpg,1480,148.0,True
S06,c042,frame_000149.jpg,1490,149.0,True
S06,c042,frame_000150.jpg,1500,150.0,True
S06,c042,frame_000151.jpg,1510,151.0,True
S06,c042,frame_000152.jpg,1520,152.0,True
S06,c042,frame_000153.jpg,1530,153.0,True
S06,c042,frame_000154.jpg,1540,154.0,True
S06,c042,frame_000155.jpg,1550,155.0,True
S06,c042,frame_000156.jpg,1560,156.0,True
S06,c042,frame_000157.jpg,1570,157.0,True
S06,c042,frame_000158.jpg,1580,158.0,True
S06,c042,frame_000159.jpg,1590,159.0,True
S06,c042,frame_000160.jpg,1600,160.0,True
S06,c042,frame_000161.jpg,1610,161.0,True
S06,c042,frame_000162.jpg,1620,162.0,True
S06,c042,frame_000163.jpg,1630,163.0,True
S06,c042,frame_000164.jpg,1640,164.0,True
S06,c042,frame_000165.jpg,1650,165.0,True
S06,c042,frame_000166.jpg,1660,166.0,True
S06,c042,frame_000167.jpg,1670,167.0,True
S06,c042,frame_000168.jpg,1680,168.0,True
S06,c042,frame_000169.jpg,1690,169.0,True
S06,c042,frame_000170.jpg,1700,170.0,True
S06,c042,frame_000171.jpg,1710,171.0,True
S06,c042,frame_000172.jpg,1720,172.0,True
S06,c042,frame_000173.jpg,1730,173.0,True
S06,c042,frame_000174.jpg,1740,174.0,True
S06,c042,frame_000175.jpg,1750,175.0,True
S06,c042,frame_000176.jpg,1760,176.0,True
S06,c042,frame_000177.jpg,1770,177.0,True
S06,c042,frame_000178.jpg,1780,178.0,True
S06,c042,frame_000179.jpg,1790,179.0,True
S06,c042,frame_000180.jpg,1800,180.0,True
S06,c042,frame_000181.jpg,1810,181.0,True
S06,c042,frame_000182.jpg,1820,182.0,True
S06,c042,frame_000183.jpg,1830,183.0,True
S06,c042,frame_000184.jpg,1840,184.0,True
S06,c042,frame_000185.jpg,1850,185.0,True
S06,c042,frame_000186.jpg,1860,186.0,True
S06,c042,frame_000187.jpg,1870,187.0,True
S06,c042,frame_000188.jpg,1880,188.0,True
S06,c042,frame_000189.jpg,1890,189.0,True
S06,c042,frame_000190.jpg,1900,190.0,True
S06,c042,frame_000191.jpg,1910,191.0,True
S06,c042,frame_000192.jpg,1920,192.0,True
S06,c042,frame_000193.jpg,1930,193.0,True
S06,c042,frame_000194.jpg,1940,194.0,True
S06,c042,frame_000195.jpg,1950,195.0,True
S06,c042,frame_000196.jpg,1960,196.0,True
S06,c042,frame_000197.jpg,1970,197.0,True
S06,c042,frame_000198.jpg,1980,198.0,True
S06,c042,frame_000199.jpg,1990,199.0,True
S06,c042,frame_000200.jpg,2000,200.0,True
S06,c043,frame_000000.jpg,0,0.0,True
S06,c043,frame_000001.jpg,10,1.0,True
S06,c043,frame_000002.jpg,20,2.0,True
S06,c043,frame_000003.jpg,30,3.0,True
S06,c043,frame_000004.jpg,40,4.0,True
S06,c043,frame_000005.jpg,50,5.0,True
S06,c043,frame_000006.jpg,60,6.0,True
S06,c043,frame_000007.jpg,70,7.0,True
S06,c043,frame_000008.jpg,80,8.0,True
S06,c043,frame_000009.jpg,90,9.0,True
S06,c043,frame_000010.jpg,100,10.0,True
S06,c043,frame_000011.jpg,110,11.0,True
S06,c043,frame_000012.jpg,120,12.0,True
S06,c043,frame_000013.jpg,130,13.0,True
S06,c043,frame_000014.jpg,140,14.0,True
S06,c043,frame_000015.jpg,150,15.0,True
S06,c043,frame_000016.jpg,160,16.0,True
S06,c043,frame_000017.jpg,170,17.0,True
S06,c043,frame_000018.jpg,180,18.0,True
S06,c043,frame_000019.jpg,190,19.0,True
S06,c043,frame_000020.jpg,200,20.0,True
S06,c043,frame_000021.jpg,210,21.0,True
S06,c043,frame_000022.jpg,220,22.0,True
S06,c043,frame_000023.jpg,230,23.0,True
S06,c043,frame_000024.jpg,240,24.0,True
S06,c043,frame_000025.jpg,250,25.0,True
S06,c043,frame_000026.jpg,260,26.0,True
S06,c043,frame_000027.jpg,270,27.0,True
S06,c043,frame_000028.jpg,280,28.0,True
S06,c043,frame_000029.jpg,290,29.0,True
S06,c043,frame_000030.jpg,300,30.0,True
S06,c043,frame_000031.jpg,310,31.0,True
S06,c043,frame_000032.jpg,320,32.0,True
S06,c043,frame_000033.jpg,330,33.0,True
S06,c043,frame_000034.jpg,340,34.0,True
S06,c043,frame_000035.jpg,350,35.0,True
S06,c043,frame_000036.jpg,360,36.0,True
S06,c043,frame_000037.jpg,370,37.0,True
S06,c043,frame_000038.jpg,380,38.0,True
S06,c043,frame_000039.jpg,390,39.0,True
S06,c043,frame_000040.jpg,400,40.0,True
S06,c043,frame_000041.jpg,410,41.0,True
S06,c043,frame_000042.jpg,420,42.0,True
S06,c043,frame_000043.jpg,430,43.0,True
S06,c043,frame_000044.jpg,440,44.0,True
S06,c043,frame_000045.jpg,450,45.0,True
S06,c043,frame_000046.jpg,460,46.0,True
S06,c043,frame_000047.jpg,470,47.0,True
S06,c043,frame_000048.jpg,480,48.0,True
S06,c043,frame_000049.jpg,490,49.0,True
S06,c043,frame_000050.jpg,500,50.0,True
S06,c043,frame_000051.jpg,510,51.0,True
S06,c043,frame_000052.jpg,520,52.0,True
S06,c043,frame_000053.jpg,530,53.0,True
S06,c043,frame_000054.jpg,540,54.0,True
S06,c043,frame_000055.jpg,550,55.0,True
S06,c043,frame_000056.jpg,560,56.0,True
S06,c043,frame_000057.jpg,570,57.0,True
S06,c043,frame_000058.jpg,580,58.0,True
S06,c043,frame_000059.jpg,590,59.0,True
S06,c043,frame_000060.jpg,600,60.0,True
S06,c043,frame_000061.jpg,610,61.0,True
S06,c043,frame_000062.jpg,620,62.0,True
S06,c043,frame_000063.jpg,630,63.0,True
S06,c043,frame_000064.jpg,640,64.0,True
S06,c043,frame_000065.jpg,650,65.0,True
S06,c043,frame_000066.jpg,660,66.0,True
S06,c043,frame_000067.jpg,670,67.0,True
S06,c043,frame_000068.jpg,680,68.0,True
S06,c043,frame_000069.jpg,690,69.0,True
S06,c043,frame_000070.jpg,700,70.0,True
S06,c043,frame_000071.jpg,710,71.0,True
S06,c043,frame_000072.jpg,720,72.0,True
S06,c043,frame_000073.jpg,730,73.0,True
S06,c043,frame_000074.jpg,740,74.0,True
S06,c043,frame_000075.jpg,750,75.0,True
S06,c043,frame_000076.jpg,760,76.0,True
S06,c043,frame_000077.jpg,770,77.0,True
S06,c043,frame_000078.jpg,780,78.0,True
S06,c043,frame_000079.jpg,790,79.0,True
S06,c043,frame_000080.jpg,800,80.0,True
S06,c043,frame_000081.jpg,810,81.0,True
S06,c043,frame_000082.jpg,820,82.0,True
S06,c043,frame_000083.jpg,830,83.0,True
S06,c043,frame_000084.jpg,840,84.0,True
S06,c043,frame_000085.jpg,850,85.0,True
S06,c043,frame_000086.jpg,860,86.0,True
S06,c043,frame_000087.jpg,870,87.0,True
S06,c043,frame_000088.jpg,880,88.0,True
S06,c043,frame_000089.jpg,890,89.0,True
S06,c043,frame_000090.jpg,900,90.0,True
S06,c043,frame_000091.jpg,910,91.0,True
S06,c043,frame_000092.jpg,920,92.0,True
S06,c043,frame_000093.jpg,930,93.0,True
S06,c043,frame_000094.jpg,940,94.0,True
S06,c043,frame_000095.jpg,950,95.0,True
S06,c043,frame_000096.jpg,960,96.0,True
S06,c043,frame_000097.jpg,970,97.0,True
S06,c043,frame_000098.jpg,980,98.0,True
S06,c043,frame_000099.jpg,990,99.0,True
S06,c043,frame_000100.jpg,1000,100.0,True
S06,c043,frame_000101.jpg,1010,101.0,True
S06,c043,frame_000102.jpg,1020,102.0,True
S06,c043,frame_000103.jpg,1030,103.0,True
S06,c043,frame_000104.jpg,1040,104.0,True
S06,c043,frame_000105.jpg,1050,105.0,True
S06,c043,frame_000106.jpg,1060,106.0,True
S06,c043,frame_000107.jpg,1070,107.0,True
S06,c043,frame_000108.jpg,1080,108.0,True
S06,c043,frame_000109.jpg,1090,109.0,True
S06,c043,frame_000110.jpg,1100,110.0,True
S06,c043,frame_000111.jpg,1110,111.0,True
S06,c043,frame_000112.jpg,1120,112.0,True
S06,c043,frame_000113.jpg,1130,113.0,True
S06,c043,frame_000114.jpg,1140,114.0,True
S06,c043,frame_000115.jpg,1150,115.0,True
S06,c043,frame_000116.jpg,1160,116.0,True
S06,c043,frame_000117.jpg,1170,117.0,True
S06,c043,frame_000118.jpg,1180,118.0,True
S06,c043,frame_000119.jpg,1190,119.0,True
S06,c043,frame_000120.jpg,1200,120.0,True
S06,c043,frame_000121.jpg,1210,121.0,True
S06,c043,frame_000122.jpg,1220,122.0,True
S06,c043,frame_000123.jpg,1230,123.0,True
S06,c043,frame_000124.jpg,1240,124.0,True
S06,c043,frame_000125.jpg,1250,125.0,True
S06,c043,frame_000126.jpg,1260,126.0,True
S06,c043,frame_000127.jpg,1270,127.0,True
S06,c043,frame_000128.jpg,1280,128.0,True
S06,c043,frame_000129.jpg,1290,129.0,True
S06,c043,frame_000130.jpg,1300,130.0,True
S06,c043,frame_000131.jpg,1310,131.0,True
S06,c043,frame_000132.jpg,1320,132.0,True
S06,c043,frame_000133.jpg,1330,133.0,True
S06,c043,frame_000134.jpg,1340,134.0,True
S06,c043,frame_000135.jpg,1350,135.0,True
S06,c043,frame_000136.jpg,1360,136.0,True
S06,c043,frame_000137.jpg,1370,137.0,True
S06,c043,frame_000138.jpg,1380,138.0,True
S06,c043,frame_000139.jpg,1390,139.0,True
S06,c043,frame_000140.jpg,1400,140.0,True
S06,c043,frame_000141.jpg,1410,141.0,True
S06,c043,frame_000142.jpg,1420,142.0,True
S06,c043,frame_000143.jpg,1430,143.0,True
S06,c043,frame_000144.jpg,1440,144.0,True
S06,c043,frame_000145.jpg,1450,145.0,True
S06,c043,frame_000146.jpg,1460,146.0,True
S06,c043,frame_000147.jpg,1470,147.0,True
S06,c043,frame_000148.jpg,1480,148.0,True
S06,c043,frame_000149.jpg,1490,149.0,True
S06,c043,frame_000150.jpg,1500,150.0,True
S06,c043,frame_000151.jpg,1510,151.0,True
S06,c043,frame_000152.jpg,1520,152.0,True
S06,c043,frame_000153.jpg,1530,153.0,True
S06,c043,frame_000154.jpg,1540,154.0,True
S06,c043,frame_000155.jpg,1550,155.0,True
S06,c043,frame_000156.jpg,1560,156.0,True
S06,c043,frame_000157.jpg,1570,157.0,True
S06,c043,frame_000158.jpg,1580,158.0,True
S06,c043,frame_000159.jpg,1590,159.0,True
S06,c043,frame_000160.jpg,1600,160.0,True
S06,c043,frame_000161.jpg,1610,161.0,True
S06,c043,frame_000162.jpg,1620,162.0,True
S06,c043,frame_000163.jpg,1630,163.0,True
S06,c043,frame_000164.jpg,1640,164.0,True
S06,c043,frame_000165.jpg,1650,165.0,True
S06,c043,frame_000166.jpg,1660,166.0,True
S06,c043,frame_000167.jpg,1670,167.0,True
S06,c043,frame_000168.jpg,1680,168.0,True
S06,c043,frame_000169.jpg,1690,169.0,True
S06,c043,frame_000170.jpg,1700,170.0,True
S06,c043,frame_000171.jpg,1710,171.0,True
S06,c043,frame_000172.jpg,1720,172.0,True
S06,c043,frame_000173.jpg,1730,173.0,True
S06,c043,frame_000174.jpg,1740,174.0,True
S06,c043,frame_000175.jpg,1750,175.0,True
S06,c043,frame_000176.jpg,1760,176.0,True
S06,c043,frame_000177.jpg,1770,177.0,True
S06,c043,frame_000178.jpg,1780,178.0,True
S06,c043,frame_000179.jpg,1790,179.0,True
S06,c043,frame_000180.jpg,1800,180.0,True
S06,c043,frame_000181.jpg,1810,181.0,True
S06,c043,frame_000182.jpg,1820,182.0,True
S06,c043,frame_000183.jpg,1830,183.0,True
S06,c043,frame_000184.jpg,1840,184.0,True
S06,c043,frame_000185.jpg,1850,185.0,True
S06,c043,frame_000186.jpg,1860,186.0,True
S06,c043,frame_000187.jpg,1870,187.0,True
S06,c043,frame_000188.jpg,1880,188.0,True
S06,c043,frame_000189.jpg,1890,189.0,True
S06,c043,frame_000190.jpg,1900,190.0,True
S06,c043,frame_000191.jpg,1910,191.0,True
S06,c043,frame_000192.jpg,1920,192.0,True
S06,c043,frame_000193.jpg,1930,193.0,True
S06,c043,frame_000194.jpg,1940,194.0,True
S06,c043,frame_000195.jpg,1950,195.0,True
S06,c043,frame_000196.jpg,1960,196.0,True
S06,c043,frame_000197.jpg,1970,197.0,True
S06,c043,frame_000198.jpg,1980,198.0,True
S06,c043,frame_000199.jpg,1990,199.0,True
S06,c043,frame_000200.jpg,2000,200.0,True
S06,c044,frame_000000.jpg,0,0.0,True
S06,c044,frame_000001.jpg,10,1.0,True
S06,c044,frame_000002.jpg,20,2.0,True
S06,c044,frame_000003.jpg,30,3.0,True
S06,c044,frame_000004.jpg,40,4.0,True
S06,c044,frame_000005.jpg,50,5.0,True
S06,c044,frame_000006.jpg,60,6.0,True
S06,c044,frame_000007.jpg,70,7.0,True
S06,c044,frame_000008.jpg,80,8.0,True
S06,c044,frame_000009.jpg,90,9.0,True
S06,c044,frame_000010.jpg,100,10.0,True
S06,c044,frame_000011.jpg,110,11.0,True
S06,c044,frame_000012.jpg,120,12.0,True
S06,c044,frame_000013.jpg,130,13.0,True
S06,c044,frame_000014.jpg,140,14.0,True
S06,c044,frame_000015.jpg,150,15.0,True
S06,c044,frame_000016.jpg,160,16.0,True
S06,c044,frame_000017.jpg,170,17.0,True
S06,c044,frame_000018.jpg,180,18.0,True
S06,c044,frame_000019.jpg,190,19.0,True
S06,c044,frame_000020.jpg,200,20.0,True
S06,c044,frame_000021.jpg,210,21.0,True
S06,c044,frame_000022.jpg,220,22.0,True
S06,c044,frame_000023.jpg,230,23.0,True
S06,c044,frame_000024.jpg,240,24.0,True
S06,c044,frame_000025.jpg,250,25.0,True
S06,c044,frame_000026.jpg,260,26.0,True
S06,c044,frame_000027.jpg,270,27.0,True
S06,c044,frame_000028.jpg,280,28.0,True
S06,c044,frame_000029.jpg,290,29.0,True
S06,c044,frame_000030.jpg,300,30.0,True
S06,c044,frame_000031.jpg,310,31.0,True
S06,c044,frame_000032.jpg,320,32.0,True
S06,c044,frame_000033.jpg,330,33.0,True
S06,c044,frame_000034.jpg,340,34.0,True
S06,c044,frame_000035.jpg,350,35.0,True
S06,c044,frame_000036.jpg,360,36.0,True
S06,c044,frame_000037.jpg,370,37.0,True
S06,c044,frame_000038.jpg,380,38.0,True
S06,c044,frame_000039.jpg,390,39.0,True
S06,c044,frame_000040.jpg,400,40.0,True
S06,c044,frame_000041.jpg,410,41.0,True
S06,c044,frame_000042.jpg,420,42.0,True
S06,c044,frame_000043.jpg,430,43.0,True
S06,c044,frame_000044.jpg,440,44.0,True
S06,c044,frame_000045.jpg,450,45.0,True
S06,c044,frame_000046.jpg,460,46.0,True
S06,c044,frame_000047.jpg,470,47.0,True
S06,c044,frame_000048.jpg,480,48.0,True
S06,c044,frame_000049.jpg,490,49.0,True
S06,c044,frame_000050.jpg,500,50.0,True
S06,c044,frame_000051.jpg,510,51.0,True
S06,c044,frame_000052.jpg,520,52.0,True
S06,c044,frame_000053.jpg,530,53.0,True
S06,c044,frame_000054.jpg,540,54.0,True
S06,c044,frame_000055.jpg,550,55.0,True
S06,c044,frame_000056.jpg,560,56.0,True
S06,c044,frame_000057.jpg,570,57.0,True
S06,c044,frame_000058.jpg,580,58.0,True
S06,c044,frame_000059.jpg,590,59.0,True
S06,c044,frame_000060.jpg,600,60.0,True
S06,c044,frame_000061.jpg,610,61.0,True
S06,c044,frame_000062.jpg,620,62.0,True
S06,c044,frame_000063.jpg,630,63.0,True
S06,c044,frame_000064.jpg,640,64.0,True
S06,c044,frame_000065.jpg,650,65.0,True
S06,c044,frame_000066.jpg,660,66.0,True
S06,c044,frame_000067.jpg,670,67.0,True
S06,c044,frame_000068.jpg,680,68.0,True
S06,c044,frame_000069.jpg,690,69.0,True
S06,c044,frame_000070.jpg,700,70.0,True
S06,c044,frame_000071.jpg,710,71.0,True
S06,c044,frame_000072.jpg,720,72.0,True
S06,c044,frame_000073.jpg,730,73.0,True
S06,c044,frame_000074.jpg,740,74.0,True
S06,c044,frame_000075.jpg,750,75.0,True
S06,c044,frame_000076.jpg,760,76.0,True
S06,c044,frame_000077.jpg,770,77.0,True
S06,c044,frame_000078.jpg,780,78.0,True
S06,c044,frame_000079.jpg,790,79.0,True
S06,c044,frame_000080.jpg,800,80.0,True
S06,c044,frame_000081.jpg,810,81.0,True
S06,c044,frame_000082.jpg,820,82.0,True
S06,c044,frame_000083.jpg,830,83.0,True
S06,c044,frame_000084.jpg,840,84.0,True
S06,c044,frame_000085.jpg,850,85.0,True
S06,c044,frame_000086.jpg,860,86.0,True
S06,c044,frame_000087.jpg,870,87.0,True
S06,c044,frame_000088.jpg,880,88.0,True
S06,c044,frame_000089.jpg,890,89.0,True
S06,c044,frame_000090.jpg,900,90.0,True
S06,c044,frame_000091.jpg,910,91.0,True
S06,c044,frame_000092.jpg,920,92.0,True
S06,c044,frame_000093.jpg,930,93.0,True
S06,c044,frame_000094.jpg,940,94.0,True
S06,c044,frame_000095.jpg,950,95.0,True
S06,c044,frame_000096.jpg,960,96.0,True
S06,c044,frame_000097.jpg,970,97.0,True
S06,c044,frame_000098.jpg,980,98.0,True
S06,c044,frame_000099.jpg,990,99.0,True
S06,c044,frame_000100.jpg,1000,100.0,True
S06,c044,frame_000101.jpg,1010,101.0,True
S06,c044,frame_000102.jpg,1020,102.0,True
S06,c044,frame_000103.jpg,1030,103.0,True
S06,c044,frame_000104.jpg,1040,104.0,True
S06,c044,frame_000105.jpg,1050,105.0,True
S06,c044,frame_000106.jpg,1060,106.0,True
S06,c044,frame_000107.jpg,1070,107.0,True
S06,c044,frame_000108.jpg,1080,108.0,True
S06,c044,frame_000109.jpg,1090,109.0,True
S06,c044,frame_000110.jpg,1100,110.0,True
S06,c044,frame_000111.jpg,1110,111.0,True
S06,c044,frame_000112.jpg,1120,112.0,True
S06,c044,frame_000113.jpg,1130,113.0,True
S06,c044,frame_000114.jpg,1140,114.0,True
S06,c044,frame_000115.jpg,1150,115.0,True
S06,c044,frame_000116.jpg,1160,116.0,True
S06,c044,frame_000117.jpg,1170,117.0,True
S06,c044,frame_000118.jpg,1180,118.0,True
S06,c044,frame_000119.jpg,1190,119.0,True
S06,c044,frame_000120.jpg,1200,120.0,True
S06,c044,frame_000121.jpg,1210,121.0,True
S06,c044,frame_000122.jpg,1220,122.0,True
S06,c044,frame_000123.jpg,1230,123.0,True
S06,c044,frame_000124.jpg,1240,124.0,True
S06,c044,frame_000125.jpg,1250,125.0,True
S06,c044,frame_000126.jpg,1260,126.0,True
S06,c044,frame_000127.jpg,1270,127.0,True
S06,c044,frame_000128.jpg,1280,128.0,True
S06,c044,frame_000129.jpg,1290,129.0,True
S06,c044,frame_000130.jpg,1300,130.0,True
S06,c044,frame_000131.jpg,1310,131.0,True
S06,c044,frame_000132.jpg,1320,132.0,True
S06,c044,frame_000133.jpg,1330,133.0,True
S06,c044,frame_000134.jpg,1340,134.0,True
S06,c044,frame_000135.jpg,1350,135.0,True
S06,c044,frame_000136.jpg,1360,136.0,True
S06,c044,frame_000137.jpg,1370,137.0,True
S06,c044,frame_000138.jpg,1380,138.0,True
S06,c044,frame_000139.jpg,1390,139.0,True
S06,c044,frame_000140.jpg,1400,140.0,True
S06,c044,frame_000141.jpg,1410,141.0,True
S06,c044,frame_000142.jpg,1420,142.0,True
S06,c044,frame_000143.jpg,1430,143.0,True
S06,c044,frame_000144.jpg,1440,144.0,True
S06,c044,frame_000145.jpg,1450,145.0,True
S06,c044,frame_000146.jpg,1460,146.0,True
S06,c044,frame_000147.jpg,1470,147.0,True
S06,c044,frame_000148.jpg,1480,148.0,True
S06,c044,frame_000149.jpg,1490,149.0,True
S06,c044,frame_000150.jpg,1500,150.0,True
S06,c044,frame_000151.jpg,1510,151.0,True
S06,c044,frame_000152.jpg,1520,152.0,True
S06,c044,frame_000153.jpg,1530,153.0,True
S06,c044,frame_000154.jpg,1540,154.0,True
S06,c044,frame_000155.jpg,1550,155.0,True
S06,c044,frame_000156.jpg,1560,156.0,True
S06,c044,frame_000157.jpg,1570,157.0,True
S06,c044,frame_000158.jpg,1580,158.0,True
S06,c044,frame_000159.jpg,1590,159.0,True
S06,c044,frame_000160.jpg,1600,160.0,True
S06,c044,frame_000161.jpg,1610,161.0,True
S06,c044,frame_000162.jpg,1620,162.0,True
S06,c044,frame_000163.jpg,1630,163.0,True
S06,c044,frame_000164.jpg,1640,164.0,True
S06,c044,frame_000165.jpg,1650,165.0,True
S06,c044,frame_000166.jpg,1660,166.0,True
S06,c044,frame_000167.jpg,1670,167.0,True
S06,c044,frame_000168.jpg,1680,168.0,True
S06,c044,frame_000169.jpg,1690,169.0,True
S06,c044,frame_000170.jpg,1700,170.0,True
S06,c044,frame_000171.jpg,1710,171.0,True
S06,c044,frame_000172.jpg,1720,172.0,True
S06,c044,frame_000173.jpg,1730,173.0,True
S06,c044,frame_000174.jpg,1740,174.0,True
S06,c044,frame_000175.jpg,1750,175.0,True
S06,c044,frame_000176.jpg,1760,176.0,True
S06,c044,frame_000177.jpg,1770,177.0,True
S06,c044,frame_000178.jpg,1780,178.0,True
S06,c044,frame_000179.jpg,1790,179.0,True
S06,c044,frame_000180.jpg,1800,180.0,True
S06,c044,frame_000181.jpg,1810,181.0,True
S06,c044,frame_000182.jpg,1820,182.0,True
S06,c044,frame_000183.jpg,1830,183.0,True
S06,c044,frame_000184.jpg,1840,184.0,True
S06,c044,frame_000185.jpg,1850,185.0,True
S06,c044,frame_000186.jpg,1860,186.0,True
S06,c044,frame_000187.jpg,1870,187.0,True
S06,c044,frame_000188.jpg,1880,188.0,True
S06,c044,frame_000189.jpg,1890,189.0,True
S06,c044,frame_000190.jpg,1900,190.0,True
S06,c044,frame_000191.jpg,1910,191.0,True
S06,c044,frame_000192.jpg,1920,192.0,True
S06,c044,frame_000193.jpg,1930,193.0,True
S06,c044,frame_000194.jpg,1940,194.0,True
S06,c044,frame_000195.jpg,1950,195.0,True
S06,c044,frame_000196.jpg,1960,196.0,True
S06,c044,frame_000197.jpg,1970,197.0,True
S06,c044,frame_000198.jpg,1980,198.0,True
S06,c044,frame_000199.jpg,1990,199.0,True
S06,c044,frame_000200.jpg,2000,200.0,True
S06,c045,frame_000000.jpg,0,0.0,True
S06,c045,frame_000001.jpg,10,1.0,True
S06,c045,frame_000002.jpg,20,2.0,True
S06,c045,frame_000003.jpg,30,3.0,True
S06,c045,frame_000004.jpg,40,4.0,True
S06,c045,frame_000005.jpg,50,5.0,True
S06,c045,frame_000006.jpg,60,6.0,True
S06,c045,frame_000007.jpg,70,7.0,True
S06,c045,frame_000008.jpg,80,8.0,True
S06,c045,frame_000009.jpg,90,9.0,True
S06,c045,frame_000010.jpg,100,10.0,True
S06,c045,frame_000011.jpg,110,11.0,True
S06,c045,frame_000012.jpg,120,12.0,True
S06,c045,frame_000013.jpg,130,13.0,True
S06,c045,frame_000014.jpg,140,14.0,True
S06,c045,frame_000015.jpg,150,15.0,True
S06,c045,frame_000016.jpg,160,16.0,True
S06,c045,frame_000017.jpg,170,17.0,True
S06,c045,frame_000018.jpg,180,18.0,True
S06,c045,frame_000019.jpg,190,19.0,True
S06,c045,frame_000020.jpg,200,20.0,True
S06,c045,frame_000021.jpg,210,21.0,True
S06,c045,frame_000022.jpg,220,22.0,True
S06,c045,frame_000023.jpg,230,23.0,True
S06,c045,frame_000024.jpg,240,24.0,True
S06,c045,frame_000025.jpg,250,25.0,True
S06,c045,frame_000026.jpg,260,26.0,True
S06,c045,frame_000027.jpg,270,27.0,True
S06,c045,frame_000028.jpg,280,28.0,True
S06,c045,frame_000029.jpg,290,29.0,True
S06,c045,frame_000030.jpg,300,30.0,True
S06,c045,frame_000031.jpg,310,31.0,True
S06,c045,frame_000032.jpg,320,32.0,True
S06,c045,frame_000033.jpg,330,33.0,True
S06,c045,frame_000034.jpg,340,34.0,True
S06,c045,frame_000035.jpg,350,35.0,True
S06,c045,frame_000036.jpg,360,36.0,True
S06,c045,frame_000037.jpg,370,37.0,True
S06,c045,frame_000038.jpg,380,38.0,True
S06,c045,frame_000039.jpg,390,39.0,True
S06,c045,frame_000040.jpg,400,40.0,True
S06,c045,frame_000041.jpg,410,41.0,True
S06,c045,frame_000042.jpg,420,42.0,True
S06,c045,frame_000043.jpg,430,43.0,True
S06,c045,frame_000044.jpg,440,44.0,True
S06,c045,frame_000045.jpg,450,45.0,True
S06,c045,frame_000046.jpg,460,46.0,True
S06,c045,frame_000047.jpg,470,47.0,True
S06,c045,frame_000048.jpg,480,48.0,True
S06,c045,frame_000049.jpg,490,49.0,True
S06,c045,frame_000050.jpg,500,50.0,True
S06,c045,frame_000051.jpg,510,51.0,True
S06,c045,frame_000052.jpg,520,52.0,True
S06,c045,frame_000053.jpg,530,53.0,True
S06,c045,frame_000054.jpg,540,54.0,True
S06,c045,frame_000055.jpg,550,55.0,True
S06,c045,frame_000056.jpg,560,56.0,True
S06,c045,frame_000057.jpg,570,57.0,True
S06,c045,frame_000058.jpg,580,58.0,True
S06,c045,frame_000059.jpg,590,59.0,True
S06,c045,frame_000060.jpg,600,60.0,True
S06,c045,frame_000061.jpg,610,61.0,True
S06,c045,frame_000062.jpg,620,62.0,True
S06,c045,frame_000063.jpg,630,63.0,True
S06,c045,frame_000064.jpg,640,64.0,True
S06,c045,frame_000065.jpg,650,65.0,True
S06,c045,frame_000066.jpg,660,66.0,True
S06,c045,frame_000067.jpg,670,67.0,True
S06,c045,frame_000068.jpg,680,68.0,True
S06,c045,frame_000069.jpg,690,69.0,True
S06,c045,frame_000070.jpg,700,70.0,True
S06,c045,frame_000071.jpg,710,71.0,True
S06,c045,frame_000072.jpg,720,72.0,True
S06,c045,frame_000073.jpg,730,73.0,True
S06,c045,frame_000074.jpg,740,74.0,True
S06,c045,frame_000075.jpg,750,75.0,True
S06,c045,frame_000076.jpg,760,76.0,True
S06,c045,frame_000077.jpg,770,77.0,True
S06,c045,frame_000078.jpg,780,78.0,True
S06,c045,frame_000079.jpg,790,79.0,True
S06,c045,frame_000080.jpg,800,80.0,True
S06,c045,frame_000081.jpg,810,81.0,True
S06,c045,frame_000082.jpg,820,82.0,True
S06,c045,frame_000083.jpg,830,83.0,True
S06,c045,frame_000084.jpg,840,84.0,True
S06,c045,frame_000085.jpg,850,85.0,True
S06,c045,frame_000086.jpg,860,86.0,True
S06,c045,frame_000087.jpg,870,87.0,True
S06,c045,frame_000088.jpg,880,88.0,True
S06,c045,frame_000089.jpg,890,89.0,True
S06,c045,frame_000090.jpg,900,90.0,True
S06,c045,frame_000091.jpg,910,91.0,True
S06,c045,frame_000092.jpg,920,92.0,True
S06,c045,frame_000093.jpg,930,93.0,True
S06,c045,frame_000094.jpg,940,94.0,True
S06,c045,frame_000095.jpg,950,95.0,True
S06,c045,frame_000096.jpg,960,96.0,True
S06,c045,frame_000097.jpg,970,97.0,True
S06,c045,frame_000098.jpg,980,98.0,True
S06,c045,frame_000099.jpg,990,99.0,True
S06,c045,frame_000100.jpg,1000,100.0,True
S06,c045,frame_000101.jpg,1010,101.0,True
S06,c045,frame_000102.jpg,1020,102.0,True
S06,c045,frame_000103.jpg,1030,103.0,True
S06,c045,frame_000104.jpg,1040,104.0,True
S06,c045,frame_000105.jpg,1050,105.0,True
S06,c045,frame_000106.jpg,1060,106.0,True
S06,c045,frame_000107.jpg,1070,107.0,True
S06,c045,frame_000108.jpg,1080,108.0,True
S06,c045,frame_000109.jpg,1090,109.0,True
S06,c045,frame_000110.jpg,1100,110.0,True
S06,c045,frame_000111.jpg,1110,111.0,True
S06,c045,frame_000112.jpg,1120,112.0,True
S06,c045,frame_000113.jpg,1130,113.0,True
S06,c045,frame_000114.jpg,1140,114.0,True
S06,c045,frame_000115.jpg,1150,115.0,True
S06,c045,frame_000116.jpg,1160,116.0,True
S06,c045,frame_000117.jpg,1170,117.0,True
S06,c045,frame_000118.jpg,1180,118.0,True
S06,c045,frame_000119.jpg,1190,119.0,True
S06,c045,frame_000120.jpg,1200,120.0,True
S06,c045,frame_000121.jpg,1210,121.0,True
S06,c045,frame_000122.jpg,1220,122.0,True
S06,c045,frame_000123.jpg,1230,123.0,True
S06,c045,frame_000124.jpg,1240,124.0,True
S06,c045,frame_000125.jpg,1250,125.0,True
S06,c045,frame_000126.jpg,1260,126.0,True
S06,c045,frame_000127.jpg,1270,127.0,True
S06,c045,frame_000128.jpg,1280,128.0,True
S06,c045,frame_000129.jpg,1290,129.0,True
S06,c045,frame_000130.jpg,1300,130.0,True
S06,c045,frame_000131.jpg,1310,131.0,True
S06,c045,frame_000132.jpg,1320,132.0,True
S06,c045,frame_000133.jpg,1330,133.0,True
S06,c045,frame_000134.jpg,1340,134.0,True
S06,c045,frame_000135.jpg,1350,135.0,True
S06,c045,frame_000136.jpg,1360,136.0,True
S06,c045,frame_000137.jpg,1370,137.0,True
S06,c045,frame_000138.jpg,1380,138.0,True
S06,c045,frame_000139.jpg,1390,139.0,True
S06,c045,frame_000140.jpg,1400,140.0,True
S06,c045,frame_000141.jpg,1410,141.0,True
S06,c045,frame_000142.jpg,1420,142.0,True
S06,c045,frame_000143.jpg,1430,143.0,True
S06,c045,frame_000144.jpg,1440,144.0,True
S06,c045,frame_000145.jpg,1450,145.0,True
S06,c045,frame_000146.jpg,1460,146.0,True
S06,c045,frame_000147.jpg,1470,147.0,True
S06,c045,frame_000148.jpg,1480,148.0,True
S06,c045,frame_000149.jpg,1490,149.0,True
S06,c045,frame_000150.jpg,1500,150.0,True
S06,c045,frame_000151.jpg,1510,151.0,True
S06,c045,frame_000152.jpg,1520,152.0,True
S06,c045,frame_000153.jpg,1530,153.0,True
S06,c045,frame_000154.jpg,1540,154.0,True
S06,c045,frame_000155.jpg,1550,155.0,True
S06,c045,frame_000156.jpg,1560,156.0,True
S06,c045,frame_000157.jpg,1570,157.0,True
S06,c045,frame_000158.jpg,1580,158.0,True
S06,c045,frame_000159.jpg,1590,159.0,True
S06,c045,frame_000160.jpg,1600,160.0,True
S06,c045,frame_000161.jpg,1610,161.0,True
S06,c045,frame_000162.jpg,1620,162.0,True
S06,c045,frame_000163.jpg,1630,163.0,True
S06,c045,frame_000164.jpg,1640,164.0,True
S06,c045,frame_000165.jpg,1650,165.0,True
S06,c045,frame_000166.jpg,1660,166.0,True
S06,c045,frame_000167.jpg,1670,167.0,True
S06,c045,frame_000168.jpg,1680,168.0,True
S06,c045,frame_000169.jpg,1690,169.0,True
S06,c045,frame_000170.jpg,1700,170.0,True
S06,c045,frame_000171.jpg,1710,171.0,True
S06,c045,frame_000172.jpg,1720,172.0,True
S06,c045,frame_000173.jpg,1730,173.0,True
S06,c045,frame_000174.jpg,1740,174.0,True
S06,c045,frame_000175.jpg,1750,175.0,True
S06,c045,frame_000176.jpg,1760,176.0,True
S06,c045,frame_000177.jpg,1770,177.0,True
S06,c045,frame_000178.jpg,1780,178.0,True
S06,c045,frame_000179.jpg,1790,179.0,True
S06,c045,frame_000180.jpg,1800,180.0,True
S06,c045,frame_000181.jpg,1810,181.0,True
S06,c045,frame_000182.jpg,1820,182.0,True
S06,c045,frame_000183.jpg,1830,183.0,True
S06,c045,frame_000184.jpg,1840,184.0,True
S06,c045,frame_000185.jpg,1850,185.0,True
S06,c045,frame_000186.jpg,1860,186.0,True
S06,c045,frame_000187.jpg,1870,187.0,True
S06,c045,frame_000188.jpg,1880,188.0,True
S06,c045,frame_000189.jpg,1890,189.0,True
S06,c045,frame_000190.jpg,1900,190.0,True
S06,c045,frame_000191.jpg,1910,191.0,True
S06,c045,frame_000192.jpg,1920,192.0,True
S06,c045,frame_000193.jpg,1930,193.0,True
S06,c045,frame_000194.jpg,1940,194.0,True
S06,c045,frame_000195.jpg,1950,195.0,True
S06,c045,frame_000196.jpg,1960,196.0,True
S06,c045,frame_000197.jpg,1970,197.0,True
S06,c045,frame_000198.jpg,1980,198.0,True
S06,c045,frame_000199.jpg,1990,199.0,True
S06,c045,frame_000200.jpg,2000,200.0,True
S06,c046,frame_000000.jpg,0,0.0,True
S06,c046,frame_000001.jpg,10,1.0,True
S06,c046,frame_000002.jpg,20,2.0,True
S06,c046,frame_000003.jpg,30,3.0,True
S06,c046,frame_000004.jpg,40,4.0,True
S06,c046,frame_000005.jpg,50,5.0,True
S06,c046,frame_000006.jpg,60,6.0,True
S06,c046,frame_000007.jpg,70,7.0,True
S06,c046,frame_000008.jpg,80,8.0,True
S06,c046,frame_000009.jpg,90,9.0,True
S06,c046,frame_000010.jpg,100,10.0,True
S06,c046,frame_000011.jpg,110,11.0,True
S06,c046,frame_000012.jpg,120,12.0,True
S06,c046,frame_000013.jpg,130,13.0,True
S06,c046,frame_000014.jpg,140,14.0,True
S06,c046,frame_000015.jpg,150,15.0,True
S06,c046,frame_000016.jpg,160,16.0,True
S06,c046,frame_000017.jpg,170,17.0,True
S06,c046,frame_000018.jpg,180,18.0,True
S06,c046,frame_000019.jpg,190,19.0,True
S06,c046,frame_000020.jpg,200,20.0,True
S06,c046,frame_000021.jpg,210,21.0,True
S06,c046,frame_000022.jpg,220,22.0,True
S06,c046,frame_000023.jpg,230,23.0,True
S06,c046,frame_000024.jpg,240,24.0,True
S06,c046,frame_000025.jpg,250,25.0,True
S06,c046,frame_000026.jpg,260,26.0,True
S06,c046,frame_000027.jpg,270,27.0,True
S06,c046,frame_000028.jpg,280,28.0,True
S06,c046,frame_000029.jpg,290,29.0,True
S06,c046,frame_000030.jpg,300,30.0,True
S06,c046,frame_000031.jpg,310,31.0,True
S06,c046,frame_000032.jpg,320,32.0,True
S06,c046,frame_000033.jpg,330,33.0,True
S06,c046,frame_000034.jpg,340,34.0,True
S06,c046,frame_000035.jpg,350,35.0,True
S06,c046,frame_000036.jpg,360,36.0,True
S06,c046,frame_000037.jpg,370,37.0,True
S06,c046,frame_000038.jpg,380,38.0,True
S06,c046,frame_000039.jpg,390,39.0,True
S06,c046,frame_000040.jpg,400,40.0,True
S06,c046,frame_000041.jpg,410,41.0,True
S06,c046,frame_000042.jpg,420,42.0,True
S06,c046,frame_000043.jpg,430,43.0,True
S06,c046,frame_000044.jpg,440,44.0,True
S06,c046,frame_000045.jpg,450,45.0,True
S06,c046,frame_000046.jpg,460,46.0,True
S06,c046,frame_000047.jpg,470,47.0,True
S06,c046,frame_000048.jpg,480,48.0,True
S06,c046,frame_000049.jpg,490,49.0,True
S06,c046,frame_000050.jpg,500,50.0,True
S06,c046,frame_000051.jpg,510,51.0,True
S06,c046,frame_000052.jpg,520,52.0,True
S06,c046,frame_000053.jpg,530,53.0,True
S06,c046,frame_000054.jpg,540,54.0,True
S06,c046,frame_000055.jpg,550,55.0,True
S06,c046,frame_000056.jpg,560,56.0,True
S06,c046,frame_000057.jpg,570,57.0,True
S06,c046,frame_000058.jpg,580,58.0,True
S06,c046,frame_000059.jpg,590,59.0,True
S06,c046,frame_000060.jpg,600,60.0,True
S06,c046,frame_000061.jpg,610,61.0,True
S06,c046,frame_000062.jpg,620,62.0,True
S06,c046,frame_000063.jpg,630,63.0,True
S06,c046,frame_000064.jpg,640,64.0,True
S06,c046,frame_000065.jpg,650,65.0,True
S06,c046,frame_000066.jpg,660,66.0,True
S06,c046,frame_000067.jpg,670,67.0,True
S06,c046,frame_000068.jpg,680,68.0,True
S06,c046,frame_000069.jpg,690,69.0,True
S06,c046,frame_000070.jpg,700,70.0,True
S06,c046,frame_000071.jpg,710,71.0,True
S06,c046,frame_000072.jpg,720,72.0,True
S06,c046,frame_000073.jpg,730,73.0,True
S06,c046,frame_000074.jpg,740,74.0,True
S06,c046,frame_000075.jpg,750,75.0,True
S06,c046,frame_000076.jpg,760,76.0,True
S06,c046,frame_000077.jpg,770,77.0,True
S06,c046,frame_000078.jpg,780,78.0,True
S06,c046,frame_000079.jpg,790,79.0,True
S06,c046,frame_000080.jpg,800,80.0,True
S06,c046,frame_000081.jpg,810,81.0,True
S06,c046,frame_000082.jpg,820,82.0,True
S06,c046,frame_000083.jpg,830,83.0,True
S06,c046,frame_000084.jpg,840,84.0,True
S06,c046,frame_000085.jpg,850,85.0,True
S06,c046,frame_000086.jpg,860,86.0,True
S06,c046,frame_000087.jpg,870,87.0,True
S06,c046,frame_000088.jpg,880,88.0,True
S06,c046,frame_000089.jpg,890,89.0,True
S06,c046,frame_000090.jpg,900,90.0,True
S06,c046,frame_000091.jpg,910,91.0,True
S06,c046,frame_000092.jpg,920,92.0,True
S06,c046,frame_000093.jpg,930,93.0,True
S06,c046,frame_000094.jpg,940,94.0,True
S06,c046,frame_000095.jpg,950,95.0,True
S06,c046,frame_000096.jpg,960,96.0,True
S06,c046,frame_000097.jpg,970,97.0,True
S06,c046,frame_000098.jpg,980,98.0,True
S06,c046,frame_000099.jpg,990,99.0,True
S06,c046,frame_000100.jpg,1000,100.0,True
S06,c046,frame_000101.jpg,1010,101.0,True
S06,c046,frame_000102.jpg,1020,102.0,True
S06,c046,frame_000103.jpg,1030,103.0,True
S06,c046,frame_000104.jpg,1040,104.0,True
S06,c046,frame_000105.jpg,1050,105.0,True
S06,c046,frame_000106.jpg,1060,106.0,True
S06,c046,frame_000107.jpg,1070,107.0,True
S06,c046,frame_000108.jpg,1080,108.0,True
S06,c046,frame_000109.jpg,1090,109.0,True
S06,c046,frame_000110.jpg,1100,110.0,True
S06,c046,frame_000111.jpg,1110,111.0,True
S06,c046,frame_000112.jpg,1120,112.0,True
S06,c046,frame_000113.jpg,1130,113.0,True
S06,c046,frame_000114.jpg,1140,114.0,True
S06,c046,frame_000115.jpg,1150,115.0,True
S06,c046,frame_000116.jpg,1160,116.0,True
S06,c046,frame_000117.jpg,1170,117.0,True
S06,c046,frame_000118.jpg,1180,118.0,True
S06,c046,frame_000119.jpg,1190,119.0,True
S06,c046,frame_000120.jpg,1200,120.0,True
S06,c046,frame_000121.jpg,1210,121.0,True
S06,c046,frame_000122.jpg,1220,122.0,True
S06,c046,frame_000123.jpg,1230,123.0,True
S06,c046,frame_000124.jpg,1240,124.0,True
S06,c046,frame_000125.jpg,1250,125.0,True
S06,c046,frame_000126.jpg,1260,126.0,True
S06,c046,frame_000127.jpg,1270,127.0,True
S06,c046,frame_000128.jpg,1280,128.0,True
S06,c046,frame_000129.jpg,1290,129.0,True
S06,c046,frame_000130.jpg,1300,130.0,True
S06,c046,frame_000131.jpg,1310,131.0,True
S06,c046,frame_000132.jpg,1320,132.0,True
S06,c046,frame_000133.jpg,1330,133.0,True
S06,c046,frame_000134.jpg,1340,134.0,True
S06,c046,frame_000135.jpg,1350,135.0,True
S06,c046,frame_000136.jpg,1360,136.0,True
S06,c046,frame_000137.jpg,1370,137.0,True
S06,c046,frame_000138.jpg,1380,138.0,True
S06,c046,frame_000139.jpg,1390,139.0,True
S06,c046,frame_000140.jpg,1400,140.0,True
S06,c046,frame_000141.jpg,1410,141.0,True
S06,c046,frame_000142.jpg,1420,142.0,True
S06,c046,frame_000143.jpg,1430,143.0,True
S06,c046,frame_000144.jpg,1440,144.0,True
S06,c046,frame_000145.jpg,1450,145.0,True
S06,c046,frame_000146.jpg,1460,146.0,True
S06,c046,frame_000147.jpg,1470,147.0,True
S06,c046,frame_000148.jpg,1480,148.0,True
S06,c046,frame_000149.jpg,1490,149.0,True
S06,c046,frame_000150.jpg,1500,150.0,True
S06,c046,frame_000151.jpg,1510,151.0,True
S06,c046,frame_000152.jpg,1520,152.0,True
S06,c046,frame_000153.jpg,1530,153.0,True
S06,c046,frame_000154.jpg,1540,154.0,True
S06,c046,frame_000155.jpg,1550,155.0,True
S06,c046,frame_000156.jpg,1560,156.0,True
S06,c046,frame_000157.jpg,1570,157.0,True
S06,c046,frame_000158.jpg,1580,158.0,True
S06,c046,frame_000159.jpg,1590,159.0,True
S06,c046,frame_000160.jpg,1600,160.0,True
S06,c046,frame_000161.jpg,1610,161.0,True
S06,c046,frame_000162.jpg,1620,162.0,True
S06,c046,frame_000163.jpg,1630,163.0,True
S06,c046,frame_000164.jpg,1640,164.0,True
S06,c046,frame_000165.jpg,1650,165.0,True
S06,c046,frame_000166.jpg,1660,166.0,True
S06,c046,frame_000167.jpg,1670,167.0,True
S06,c046,frame_000168.jpg,1680,168.0,True
S06,c046,frame_000169.jpg,1690,169.0,True
S06,c046,frame_000170.jpg,1700,170.0,True
S06,c046,frame_000171.jpg,1710,171.0,True
S06,c046,frame_000172.jpg,1720,172.0,True
S06,c046,frame_000173.jpg,1730,173.0,True
S06,c046,frame_000174.jpg,1740,174.0,True
S06,c046,frame_000175.jpg,1750,175.0,True
S06,c046,frame_000176.jpg,1760,176.0,True
S06,c046,frame_000177.jpg,1770,177.0,True
S06,c046,frame_000178.jpg,1780,178.0,True
S06,c046,frame_000179.jpg,1790,179.0,True
S06,c046,frame_000180.jpg,1800,180.0,True
S06,c046,frame_000181.jpg,1810,181.0,True
S06,c046,frame_000182.jpg,1820,182.0,True
S06,c046,frame_000183.jpg,1830,183.0,True
S06,c046,frame_000184.jpg,1840,184.0,True
S06,c046,frame_000185.jpg,1850,185.0,True
S06,c046,frame_000186.jpg,1860,186.0,True
S06,c046,frame_000187.jpg,1870,187.0,True
S06,c046,frame_000188.jpg,1880,188.0,True
S06,c046,frame_000189.jpg,1890,189.0,True
S06,c046,frame_000190.jpg,1900,190.0,True
S06,c046,frame_000191.jpg,1910,191.0,True
S06,c046,frame_000192.jpg,1920,192.0,True
S06,c046,frame_000193.jpg,1930,193.0,True
S06,c046,frame_000194.jpg,1940,194.0,True
S06,c046,frame_000195.jpg,1950,195.0,True
S06,c046,frame_000196.jpg,1960,196.0,True
S06,c046,frame_000197.jpg,1970,197.0,True
S06,c046,frame_000198.jpg,1980,198.0,True
S06,c046,frame_000199.jpg,1990,199.0,True
S06,c046,frame_000200.jpg,2000,200.0,True
